0000000001,0000000000,036231,034719,060422,048162,098147,-50222,-38216
0000000002,0000000833,036657,033970,060454,048162,095209,-23011,-62489
0000000003,0000001667,037254,033275,060464,048162,083243,006671,-80205
0000000004,0000002500,037962,032704,060450,048162,063417,035931,-89639
0000000005,0000003333,038713,032312,060414,048162,037642,061891,-89824
0000000006,0000004167,039433,032136,060360,048162,008470,082024,-80785
0000000007,0000005000,040052,032195,060292,048162,-21257,094368,-63403
0000000008,0000005833,040509,032483,060218,048162,-48619,097674,-39347
0000000009,0000006667,040760,032971,060144,048162,-70947,091660,-11004
0000000010,0000007500,040780,033611,060078,048162,-86067,076912,018864
0000000011,0000008333,040566,034342,060026,048162,-92458,054839,047328
0000000012,0000009167,040141,035091,059994,048162,-89535,027637,071607
0000000013,0000010000,039545,035785,059984,048162,-77583,-02046,089337
0000000014,0000010833,038837,036356,059998,048162,-57734,-31300,098743
0000000015,0000011667,038086,036748,060033,048162,-31969,-57265,098943
0000000016,0000012500,037366,036924,060088,048162,-02798,-77410,089918
0000000017,0000013333,036747,036865,060156,048162,026926,-89728,072511
0000000018,0000014167,036290,036577,060230,048162,054291,-93048,048466
0000000019,0000015000,036039,036090,060304,048162,076632,-87049,020126
0000000020,0000015833,036020,035449,060370,048162,091726,-72275,-09743
0000000021,0000016667,036233,034719,060422,048162,098131,-50213,-38209
0000000022,0000017500,036658,033970,060454,048162,095223,-23015,-62499
0000000023,0000018333,037254,033277,060464,048162,083243,006671,-80205
0000000024,0000019167,037962,032705,060450,048162,063407,035926,-89624
0000000025,0000020000,038713,032313,060414,048162,037648,061900,-89839
0000000026,0000020833,039433,032138,060360,048162,008470,082024,-80785
0000000027,0000021667,040052,032197,060292,048162,-21253,094354,-63392
0000000028,0000022500,040510,032484,060217,048162,-48627,097690,-39354
0000000029,0000023333,040760,032972,060144,048162,-70947,091661,-11005
0000000030,0000024167,040780,033613,060078,048162,-86053,076900,018862
0000000031,0000025000,040567,034343,060026,048162,-92473,054848,047334
0000000032,0000025833,040141,035092,059994,048162,-89535,027637,071607
0000000033,0000026667,039545,035786,059984,048162,-77570,-02045,089324
0000000034,0000027500,038837,036357,059997,048162,-57744,-31305,098758
0000000035,0000028333,038086,036749,060033,048162,-31969,-57265,098943
0000000036,0000029167,037366,036924,060088,048162,-02797,-77398,089904
0000000037,0000030000,036747,036866,060156,048162,026930,-89742,072521
0000000038,0000030833,036290,036578,060230,048162,054291,-93048,048466
0000000039,0000031667,036040,036090,060304,048162,076620,-87034,020123
0000000040,0000032500,036020,035450,060370,048162,091740,-72286,-09745
0000000041,0000033333,036233,034720,060422,048162,098131,-50213,-38209
0000000042,0000034167,036659,033971,060454,048162,095208,-23010,-62489
0000000043,0000035000,037254,033277,060464,048162,083256,006672,-80219
0000000044,0000035833,037962,032706,060450,048162,063407,035926,-89624
0000000045,0000036667,038713,032314,060414,048162,037642,061891,-89824
0000000046,0000037500,039434,032138,060360,048162,008471,082036,-80799
0000000047,0000038333,040052,032197,060292,048162,-21253,094354,-63392
0000000048,0000039167,040510,032485,060217,048162,-48619,097675,-39347
0000000049,0000040000,040761,032972,060144,048162,-70959,091675,-11007
0000000050,0000040833,040780,033613,060078,048162,-86053,076901,018862
0000000051,0000041667,040567,034343,060026,048162,-92458,054839,047328
0000000052,0000042500,040141,035092,059994,048162,-89550,027641,071618
0000000053,0000043333,039545,035786,059984,048162,-77570,-02045,089324
0000000054,0000044167,038837,036357,059997,048162,-57734,-31300,098743
0000000055,0000045000,038086,036750,060033,048162,-31975,-57274,098958
0000000056,0000045833,037366,036925,060088,048162,-02798,-77397,089904
0000000057,0000046667,036747,036866,060156,048162,026926,-89728,072511
0000000058,0000047500,036290,036578,060230,048162,054299,-93063,048473
0000000059,0000048333,036040,036090,060304,048162,076620,-87034,020123
0000000060,0000049167,036020,035450,060370,048162,091726,-72274,-09743
0000000061,0000050000,036233,034720,060422,048162,098146,-50222,-38216
0000000062,0000050833,036659,033971,060454,048162,095208,-23011,-62489
0000000063,0000051667,037255,033277,060464,048162,083243,006671,-80205
0000000064,0000052500,037962,032706,060450,048162,063417,035932,-89639
0000000065,0000053333,038713,032314,060414,048162,037642,061891,-89824
0000000066,0000054167,039434,032138,060360,048162,008470,082024,-80785
0000000067,0000055000,040053,032197,060292,048162,-21257,094369,-63403
0000000068,0000055833,040510,032485,060217,048162,-48619,097675,-39347
0000000069,0000056667,040761,032973,060144,048162,-70947,091661,-11004
0000000070,0000057500,040780,033613,060078,048162,-86067,076912,018864
0000000071,0000058333,040567,034343,060026,048162,-92458,054839,047328
0000000072,0000059167,040141,035092,059994,048162,-89535,027637,071607
0000000073,0000060000,039545,035786,059984,048162,-77583,-02046,089337
0000000074,0000060833,038837,036357,059997,048162,-57734,-31300,098743
0000000075,0000061667,038086,036749,060033,048162,-31969,-57265,098943
0000000076,0000062500,037366,036925,060088,048162,-02798,-77410,089917
0000000077,0000063333,036747,036866,060156,048162,026926,-89728,072511
0000000078,0000064167,036290,036578,060230,048162,054291,-93048,048466
0000000079,0000065000,036039,036091,060304,048162,076632,-87048,020126
0000000080,0000065833,036020,035450,060370,048162,091726,-72274,-09743
0000000081,0000066667,036233,034720,060422,048162,098131,-50213,-38209
0000000082,0000067500,036659,033971,060454,048162,095223,-23014,-62499
0000000083,0000068333,037255,033277,060464,048162,083243,006671,-80205
0000000084,0000069167,037963,032706,060450,048162,063407,035926,-89624
0000000085,0000070000,038713,032313,060414,048162,037648,061900,-89839
0000000086,0000070833,039434,032138,060360,048162,008470,082024,-80785
0000000087,0000071667,040053,032197,060292,048162,-21253,094354,-63392
0000000088,0000072500,040510,032484,060217,048162,-48627,097690,-39354
0000000089,0000073333,040761,032973,060144,048162,-70947,091661,-11005
0000000090,0000074167,040780,033613,060078,048162,-86053,076901,018862
0000000091,0000075000,040567,034343,060026,048162,-92473,054848,047334
0000000092,0000075833,040141,035092,059994,048162,-89535,027637,071607
0000000093,0000076667,039545,035786,059984,048162,-77570,-02045,089324
0000000094,0000077500,038837,036357,059997,048162,-57744,-31305,098758
0000000095,0000078333,038086,036750,060033,048162,-31969,-57265,098943
0000000096,0000079167,037366,036925,060088,048162,-02797,-77398,089904
0000000097,0000080000,036747,036866,060156,048162,026930,-89742,072521
0000000098,0000080833,036290,036578,060230,048162,054291,-93048,048466
0000000099,0000081667,036040,036090,060304,048162,076620,-87034,020123
0000000100,0000082500,036020,035450,060370,048162,091740,-72286,-09745
0000000101,0000083333,036233,034720,060422,048162,098131,-50213,-38209
0000000102,0000084167,036659,033971,060454,048162,095208,-23010,-62489
0000000103,0000085000,037254,033277,060464,048162,083256,006672,-80219
0000000104,0000085833,037963,032706,060450,048162,063407,035926,-89624
0000000105,0000086667,038713,032314,060414,048162,037642,061891,-89824
0000000106,0000087500,039434,032138,060360,048162,008471,082036,-80799
0000000107,0000088333,040053,032197,060292,048162,-21253,094354,-63392
0000000108,0000089167,040510,032485,060217,048162,-48619,097675,-39347
0000000109,0000090000,040761,032972,060144,048162,-70959,091675,-11007
0000000110,0000090833,040780,033613,060078,048162,-86053,076901,018862
0000000111,0000091667,040567,034343,060026,048162,-92458,054839,047328
0000000112,0000092500,040142,035092,059993,048162,-89550,027641,071618
0000000113,0000093333,039545,035786,059984,048162,-77570,-02045,089324
0000000114,0000094167,038837,036357,059997,048162,-57734,-31300,098743
0000000115,0000095000,038086,036750,060033,048162,-31975,-57274,098958
0000000116,0000095833,037366,036925,060088,048162,-02798,-77397,089904
0000000117,0000096667,036748,036866,060156,048162,026926,-89728,072511
0000000118,0000097500,036290,036579,060230,048162,054299,-93063,048473
0000000119,0000098333,036040,036090,060304,048162,076620,-87034,020123
0000000120,0000099167,036020,035450,060370,048162,091726,-72274,-09743
0000000121,0000100000,036233,034720,060422,048162,098146,-50222,-38216
0000000122,0000100833,036659,033971,060454,048162,095208,-23011,-62489
0000000123,0000101667,037255,033277,060464,048162,083243,006671,-80205
0000000124,0000102500,037963,032706,060450,048162,063417,035932,-89639
0000000125,0000103333,038713,032314,060414,048162,037642,061891,-89824
0000000126,0000104167,039434,032138,060360,048162,008470,082024,-80785
0000000127,0000105000,040053,032197,060292,048162,-21257,094369,-63403
0000000128,0000105833,040510,032485,060217,048162,-48619,097675,-39347
0000000129,0000106667,040761,032973,060144,048162,-70947,091661,-11004
0000000130,0000107500,040781,033613,060078,048162,-86067,076912,018864
0000000131,0000108333,040567,034343,060026,048162,-92458,054839,047328
0000000132,0000109167,040141,035092,059994,048162,-89535,027637,071607
0000000133,0000110000,039546,035786,059984,048162,-77583,-02046,089337
0000000134,0000110833,038837,036357,059997,048162,-57734,-31300,098743
0000000135,0000111667,038087,036750,060033,048162,-31969,-57265,098943
0000000136,0000112500,037366,036925,060088,048162,-02798,-77410,089917
0000000137,0000113333,036748,036866,060156,048162,026926,-89728,072511
0000000138,0000114167,036290,036578,060230,048162,054291,-93048,048466
0000000139,0000115000,036039,036091,060304,048162,076632,-87048,020126
0000000140,0000115833,036020,035450,060370,048162,091726,-72274,-09743
0000000141,0000116667,036233,034720,060422,048162,098131,-50213,-38209
0000000142,0000117500,036659,033971,060454,048162,095223,-23014,-62499
0000000143,0000118333,037255,033277,060464,048162,083243,006671,-80205
0000000144,0000119167,037963,032706,060450,048162,063407,035926,-89624
0000000145,0000120000,038714,032313,060414,048162,037648,061900,-89839
0000000146,0000120833,039434,032138,060360,048162,008470,082024,-80785
0000000147,0000121667,040053,032197,060292,048162,-21253,094354,-63392
0000000148,0000122500,040510,032484,060217,048162,-48627,097690,-39354
0000000149,0000123333,040761,032973,060144,048162,-70947,091661,-11005
0000000150,0000124167,040780,033613,060078,048162,-86053,076901,018862
0000000151,0000125000,040567,034343,060026,048162,-92473,054848,047334
0000000152,0000125833,040141,035092,059994,048162,-89535,027637,071607
0000000153,0000126667,039545,035786,059984,048162,-77570,-02045,089324
0000000154,0000127500,038837,036358,059997,048162,-57744,-31305,098758
0000000155,0000128333,038087,036750,060033,048162,-31969,-57265,098943
0000000156,0000129167,037366,036925,060088,048162,-02797,-77398,089904
0000000157,0000130000,036747,036866,060156,048162,026930,-89742,072521
0000000158,0000130833,036290,036578,060230,048162,054291,-93048,048466
0000000159,0000131667,036040,036091,060304,048162,076620,-87034,020123
0000000160,0000132500,036020,035450,060370,048162,091740,-72286,-09745
0000000161,0000133333,036234,034720,060422,048162,098131,-50213,-38209
0000000162,0000134167,036659,033971,060454,048162,095208,-23010,-62489
0000000163,0000135000,037255,033277,060464,048162,083256,006672,-80219
0000000164,0000135833,037963,032706,060450,048162,063407,035926,-89624
0000000165,0000136667,038714,032314,060414,048162,037642,061891,-89824
0000000166,0000137500,039434,032138,060360,048162,008471,082036,-80799
0000000167,0000138333,040053,032197,060292,048162,-21253,094354,-63392
0000000168,0000139167,040510,032485,060217,048162,-48619,097675,-39347
0000000169,0000140000,040761,032972,060144,048162,-70959,091675,-11007
0000000170,0000140833,040780,033613,060078,048162,-86053,076901,018862
0000000171,0000141667,040567,034344,060026,048162,-92458,054839,047328
0000000172,0000142500,040142,035092,059993,048162,-89550,027641,071618
0000000173,0000143333,039545,035786,059984,048162,-77570,-02045,089324
0000000174,0000144167,038837,036357,059997,048162,-57734,-31300,098743
0000000175,0000145000,038086,036750,060033,048162,-31975,-57274,098958
0000000176,0000145833,037366,036925,060088,048162,-02798,-77397,089904
0000000177,0000146667,036748,036866,060156,048162,026926,-89728,072511
0000000178,0000147500,036290,036579,060230,048162,054299,-93063,048473
0000000179,0000148333,036040,036091,060304,048162,076620,-87034,020123
0000000180,0000149167,036020,035450,060370,048162,091726,-72274,-09743
0000000181,0000150000,036233,034720,060422,048162,098146,-50222,-38216
0000000182,0000150833,036659,033971,060454,048162,095208,-23011,-62489
0000000183,0000151667,037255,033277,060464,048162,083243,006671,-80205
0000000184,0000152500,037963,032706,060450,048162,063417,035932,-89639
0000000185,0000153333,038714,032314,060414,048162,037642,061891,-89824
0000000186,0000154167,039434,032138,060360,048162,008470,082024,-80785
0000000187,0000155000,040053,032197,060292,048162,-21257,094369,-63403
0000000188,0000155833,040510,032485,060217,048162,-48619,097675,-39347
0000000189,0000156667,040761,032973,060144,048162,-70947,091661,-11004
0000000190,0000157500,040781,033613,060078,048162,-86067,076912,018864
0000000191,0000158333,040567,034344,060026,048162,-92458,054839,047328
0000000192,0000159167,040141,035092,059994,048162,-89535,027637,071607
0000000193,0000160000,039546,035786,059984,048162,-77583,-02046,089337
0000000194,0000160833,038837,036357,059997,048162,-57734,-31300,098743
0000000195,0000161667,038087,036750,060033,048162,-31969,-57265,098943
0000000196,0000162500,037366,036925,060088,048162,-02798,-77410,089917
0000000197,0000163333,036748,036866,060156,048162,026926,-89728,072511
0000000198,0000164167,036290,036578,060230,048162,054291,-93048,048466
0000000199,0000165000,036039,036091,060304,048162,076632,-87048,020126
0000000200,0000165833,036020,035450,060370,048162,091726,-72274,-09743
0000000201,0000166667,036233,034720,060422,048162,098131,-50213,-38209
0000000202,0000167500,036659,033971,060454,048162,095223,-23014,-62499
0000000203,0000168333,037255,033277,060464,048162,083243,006671,-80205
0000000204,0000169167,037963,032706,060450,048162,063407,035926,-89624
0000000205,0000170000,038714,032313,060414,048162,037648,061900,-89839
0000000206,0000170833,039434,032138,060360,048162,008470,082024,-80785
0000000207,0000171667,040053,032197,060292,048162,-21253,094354,-63392
0000000208,0000172500,040510,032485,060217,048162,-48627,097690,-39354
0000000209,0000173333,040761,032973,060144,048162,-70947,091661,-11005
0000000210,0000174167,040780,033613,060078,048162,-86053,076901,018862
0000000211,0000175000,040567,034344,060026,048162,-92473,054848,047334
0000000212,0000175833,040141,035092,059994,048162,-89535,027637,071607
0000000213,0000176667,039545,035786,059984,048162,-77570,-02045,089324
0000000214,0000177500,038837,036358,059997,048162,-57744,-31305,098758
0000000215,0000178333,038087,036750,060033,048162,-31969,-57265,098943
0000000216,0000179167,037366,036925,060088,048162,-02797,-77398,089904
0000000217,0000180000,036747,036866,060156,048162,026930,-89742,072521
0000000218,0000180833,036290,036578,060230,048162,054291,-93048,048466
0000000219,0000181667,036040,036091,060304,048162,076620,-87034,020123
0000000220,0000182500,036020,035450,060370,048162,091740,-72286,-09745
0000000221,0000183333,036233,034720,060422,048162,098131,-50213,-38209
0000000222,0000184167,036659,033971,060454,048162,095208,-23010,-62489
0000000223,0000185000,037255,033277,060464,048162,083256,006672,-80219
0000000224,0000185833,037963,032706,060450,048162,063407,035926,-89624
0000000225,0000186667,038714,032314,060414,048162,037642,061891,-89824
0000000226,0000187500,039434,032138,060360,048162,008471,082036,-80799
0000000227,0000188333,040053,032197,060292,048162,-21253,094354,-63392
0000000228,0000189167,040510,032485,060217,048162,-48619,097675,-39347
0000000229,0000190000,040761,032972,060144,048162,-70959,091675,-11007
0000000230,0000190833,040780,033613,060078,048162,-86053,076901,018862
0000000231,0000191667,040567,034344,060026,048162,-92458,054839,047328
0000000232,0000192500,040142,035092,059993,048162,-89550,027641,071618
0000000233,0000193333,039545,035786,059984,048162,-77570,-02045,089324
0000000234,0000194167,038837,036357,059997,048162,-57734,-31300,098743
0000000235,0000195000,038086,036750,060033,048162,-31975,-57274,098958
0000000236,0000195833,037366,036925,060088,048162,-02798,-77397,089904
0000000237,0000196667,036748,036866,060156,048162,026926,-89728,072511
0000000238,0000197500,036290,036579,060230,048162,054299,-93063,048473
0000000239,0000198333,036040,036091,060304,048162,076620,-87034,020123
0000000240,0000199167,036020,035450,060370,048162,091726,-72274,-09743
0000000241,0000200000,036233,034720,060422,048162,098146,-50222,-38216
0000000242,0000200833,036659,033971,060454,048162,095208,-23011,-62489
0000000243,0000201667,037255,033277,060464,048162,083243,006671,-80205
0000000244,0000202500,037963,032706,060450,048162,063417,035932,-89639
0000000245,0000203333,038714,032314,060414,048162,037642,061891,-89824
0000000246,0000204167,039434,032138,060360,048162,008470,082024,-80785
0000000247,0000205000,040053,032197,060292,048162,-21257,094369,-63403
0000000248,0000205833,040510,032485,060217,048162,-48619,097675,-39347
0000000249,0000206667,040761,032973,060144,048162,-70947,091661,-11004
0000000250,0000207500,040781,033613,060078,048162,-86067,076912,018864
0000000251,0000208333,040567,034344,060026,048162,-92458,054839,047328
0000000252,0000209167,040141,035092,059994,048162,-89535,027637,071607
0000000253,0000210000,039546,035786,059984,048162,-77583,-02046,089337
0000000254,0000210833,038837,036357,059997,048162,-57734,-31300,098743
0000000255,0000211667,038087,036750,060033,048162,-31969,-57265,098943
0000000256,0000212500,037366,036925,060088,048162,-02798,-77410,089917
0000000257,0000213333,036748,036866,060156,048162,026926,-89728,072511
0000000258,0000214167,036290,036578,060230,048162,054291,-93048,048466
0000000259,0000215000,036039,036091,060304,048162,076632,-87048,020126
0000000260,0000215833,036020,035450,060370,048162,091726,-72274,-09743
0000000261,0000216667,036233,034720,060422,048162,098131,-50213,-38209
0000000262,0000217500,036659,033971,060454,048162,095223,-23014,-62499
0000000263,0000218333,037255,033277,060464,048162,083243,006671,-80205
0000000264,0000219167,037963,032706,060450,048162,063407,035926,-89624
0000000265,0000220000,038714,032313,060414,048162,037648,061900,-89839
0000000266,0000220833,039434,032138,060360,048162,008470,082024,-80785
0000000267,0000221667,040053,032197,060292,048162,-21253,094354,-63392
0000000268,0000222500,040510,032485,060217,048162,-48627,097690,-39354
0000000269,0000223333,040761,032973,060144,048162,-70947,091661,-11005
0000000270,0000224167,040780,033613,060078,048162,-86053,076901,018862
0000000271,0000225000,040567,034344,060026,048162,-92473,054848,047334
0000000272,0000225833,040141,035092,059994,048162,-89535,027637,071607
0000000273,0000226667,039545,035786,059984,048162,-77570,-02045,089324
0000000274,0000227500,038837,036358,059997,048162,-57744,-31305,098758
0000000275,0000228333,038087,036750,060033,048162,-31969,-57265,098943
0000000276,0000229167,037366,036925,060088,048162,-02797,-77398,089904
0000000277,0000230000,036747,036866,060156,048162,026930,-89742,072521
0000000278,0000230833,036290,036578,060230,048162,054291,-93048,048466
0000000279,0000231667,036040,036091,060304,048162,076620,-87034,020123
0000000280,0000232500,036020,035450,060370,048162,091740,-72286,-09745
0000000281,0000233333,036233,034720,060422,048162,098131,-50213,-38209
0000000282,0000234167,036659,033971,060454,048162,095208,-23010,-62489
0000000283,0000235000,037255,033277,060464,048162,083256,006672,-80219
0000000284,0000235833,037963,032706,060450,048162,063407,035926,-89624
0000000285,0000236667,038714,032314,060414,048162,037642,061891,-89824
0000000286,0000237500,039434,032138,060360,048162,008471,082036,-80799
0000000287,0000238333,040053,032197,060292,048162,-21253,094354,-63392
0000000288,0000239167,040510,032485,060217,048162,-48619,097675,-39347
0000000289,0000240000,040761,032972,060144,048162,-70959,091675,-11007
0000000290,0000240833,040780,033613,060078,048162,-86053,076901,018862
0000000291,0000241667,040567,034344,060026,048162,-92458,054839,047328
0000000292,0000242500,040142,035092,059993,048162,-89550,027641,071618
0000000293,0000243333,039545,035786,059984,048162,-77570,-02045,089324
0000000294,0000244167,038837,036357,059997,048162,-57734,-31300,098743
0000000295,0000245000,038086,036750,060033,048162,-31975,-57274,098958
0000000296,0000245833,037366,036925,060088,048162,-02798,-77397,089904
0000000297,0000246667,036748,036866,060156,048162,026926,-89728,072511
0000000298,0000247500,036290,036579,060230,048162,054299,-93063,048473
0000000299,0000248333,036040,036091,060304,048162,076620,-87034,020123
0000000300,0000249167,036020,035450,060370,048162,091726,-72274,-09743
0000000301,0000250000,036233,034720,060422,048162,098146,-50222,-38216
0000000302,0000250833,036659,033971,060454,048162,095208,-23011,-62489
0000000303,0000251667,037255,033277,060464,048162,083243,006671,-80205
0000000304,0000252500,037963,032706,060450,048162,063417,035932,-89639
0000000305,0000253333,038714,032314,060414,048162,037642,061891,-89824
0000000306,0000254167,039434,032138,060360,048162,008470,082024,-80785
0000000307,0000255000,040053,032197,060292,048162,-21257,094369,-63403
0000000308,0000255833,040510,032485,060217,048162,-48619,097675,-39347
0000000309,0000256667,040761,032973,060144,048162,-70947,091661,-11004
0000000310,0000257500,040781,033613,060078,048162,-86067,076912,018864
0000000311,0000258333,040567,034344,060026,048162,-92458,054839,047328
0000000312,0000259167,040141,035092,059994,048162,-89535,027637,071607
0000000313,0000260000,039546,035786,059984,048162,-77583,-02046,089337
0000000314,0000260833,038837,036357,059997,048162,-57734,-31300,098743
0000000315,0000261667,038087,036750,060033,048162,-31969,-57265,098943
0000000316,0000262500,037366,036925,060088,048162,-02798,-77410,089917
0000000317,0000263333,036748,036866,060156,048162,026926,-89728,072511
0000000318,0000264167,036290,036578,060230,048162,054291,-93048,048466
0000000319,0000265000,036039,036091,060304,048162,076632,-87048,020126
0000000320,0000265833,036020,035450,060370,048162,091726,-72274,-09743
0000000321,0000266667,036233,034720,060422,048162,098131,-50213,-38209
0000000322,0000267500,036659,033971,060454,048162,095223,-23014,-62499
0000000323,0000268333,037255,033277,060464,048162,083243,006671,-80205
0000000324,0000269167,037963,032706,060450,048162,063407,035926,-89624
0000000325,0000270000,038714,032313,060414,048162,037648,061900,-89839
0000000326,0000270833,039434,032138,060360,048162,008470,082024,-80785
0000000327,0000271667,040053,032197,060292,048162,-21253,094354,-63392
0000000328,0000272500,040510,032485,060217,048162,-48627,097690,-39354
0000000329,0000273333,040761,032973,060144,048162,-70947,091661,-11005
0000000330,0000274167,040780,033613,060078,048162,-86053,076901,018862
0000000331,0000275000,040567,034344,060026,048162,-92473,054848,047334
0000000332,0000275833,040141,035092,059994,048162,-89535,027637,071607
0000000333,0000276667,039545,035786,059984,048162,-77570,-02045,089324
0000000334,0000277500,038837,036358,059997,048162,-57744,-31305,098758
0000000335,0000278333,038087,036750,060033,048162,-31969,-57265,098943
0000000336,0000279167,037366,036925,060088,048162,-02797,-77398,089904
0000000337,0000280000,036747,036866,060156,048162,026930,-89742,072521
0000000338,0000280833,036290,036578,060230,048162,054291,-93048,048466
0000000339,0000281667,036040,036091,060304,048162,076620,-87034,020123
0000000340,0000282500,036020,035450,060370,048162,091740,-72286,-09745
0000000341,0000283333,036233,034720,060422,048162,098131,-50213,-38209
0000000342,0000284167,036659,033971,060454,048162,095208,-23010,-62489
0000000343,0000285000,037255,033277,060464,048162,083256,006672,-80219
0000000344,0000285833,037963,032706,060450,048162,063407,035926,-89624
0000000345,0000286667,038714,032314,060414,048162,037642,061891,-89824
0000000346,0000287500,039434,032138,060360,048162,008471,082036,-80799
0000000347,0000288333,040053,032197,060292,048162,-21253,094354,-63392
0000000348,0000289167,040510,032485,060217,048162,-48619,097675,-39347
0000000349,0000290000,040761,032972,060144,048162,-70959,091675,-11007
0000000350,0000290833,040780,033613,060078,048162,-86053,076901,018862
0000000351,0000291667,040567,034344,060026,048162,-92458,054839,047328
0000000352,0000292500,040142,035092,059993,048162,-89550,027641,071618
0000000353,0000293333,039545,035786,059984,048162,-77570,-02045,089324
0000000354,0000294167,038837,036357,059997,048162,-57734,-31300,098743
0000000355,0000295000,038086,036750,060033,048162,-31975,-57274,098958
0000000356,0000295833,037366,036925,060088,048162,-02798,-77397,089904
0000000357,0000296667,036748,036866,060156,048162,026926,-89728,072511
0000000358,0000297500,036290,036579,060230,048162,054299,-93063,048473
0000000359,0000298333,036040,036091,060304,048162,076620,-87034,020123
0000000360,0000299167,036020,035450,060370,048162,091726,-72274,-09743
0000000361,0000300000,036233,034720,060422,048162,098146,-50222,-38216
0000000362,0000300833,036659,033971,060454,048162,095208,-23011,-62489
0000000363,0000301667,037255,033277,060464,048162,083243,006671,-80205
0000000364,0000302500,037963,032706,060450,048162,063417,035932,-89639
0000000365,0000303333,038714,032314,060414,048162,037642,061891,-89824
0000000366,0000304167,039434,032139,060360,048162,008470,082024,-80785
0000000367,0000305000,040053,032197,060292,048162,-21257,094369,-63403
0000000368,0000305833,040510,032485,060217,048162,-48619,097675,-39347
0000000369,0000306667,040761,032973,060144,048162,-70947,091661,-11004
0000000370,0000307500,040781,033613,060078,048162,-86067,076912,018864
0000000371,0000308333,040567,034344,060026,048162,-92458,054839,047328
0000000372,0000309167,040141,035092,059994,048162,-89535,027637,071607
0000000373,0000310000,039546,035786,059984,048162,-77583,-02046,089337
0000000374,0000310833,038837,036357,059997,048162,-57734,-31300,098743
0000000375,0000311667,038087,036750,060033,048162,-31969,-57265,098943
0000000376,0000312500,037366,036925,060088,048162,-02798,-77410,089917
0000000377,0000313333,036748,036866,060156,048162,026926,-89728,072511
0000000378,0000314167,036290,036578,060230,048162,054291,-93048,048466
0000000379,0000315000,036039,036091,060304,048162,076632,-87048,020126
0000000380,0000315833,036020,035450,060370,048162,091726,-72274,-09743
0000000381,0000316667,036233,034720,060422,048162,098131,-50213,-38209
0000000382,0000317500,036659,033971,060454,048162,095223,-23014,-62499
0000000383,0000318333,037255,033277,060464,048162,083243,006671,-80205
0000000384,0000319167,037963,032706,060450,048162,063407,035926,-89624
0000000385,0000320000,038714,032313,060414,048162,037648,061900,-89839
0000000386,0000320833,039434,032139,060360,048162,008470,082024,-80785
0000000387,0000321667,040053,032197,060292,048162,-21253,094354,-63392
0000000388,0000322500,040510,032485,060217,048162,-48627,097690,-39354
0000000389,0000323333,040761,032973,060144,048162,-70947,091661,-11005
0000000390,0000324167,040780,033613,060078,048162,-86053,076901,018862
0000000391,0000325000,040567,034344,060026,048162,-92473,054848,047334
0000000392,0000325833,040141,035092,059994,048162,-89535,027637,071607
0000000393,0000326667,039545,035786,059984,048162,-77570,-02045,089324
0000000394,0000327500,038837,036358,059997,048162,-57744,-31305,098758
0000000395,0000328333,038087,036750,060033,048162,-31969,-57265,098943
0000000396,0000329167,037366,036925,060088,048162,-02797,-77398,089904
0000000397,0000330000,036747,036866,060156,048162,026930,-89742,072521
0000000398,0000330833,036290,036578,060230,048162,054291,-93048,048466
0000000399,0000331667,036040,036091,060304,048162,076620,-87034,020123
0000000400,0000332500,036020,035450,060370,048162,091740,-72286,-09745
0000000401,0000333333,036233,034720,060422,048162,098131,-50213,-38209
0000000402,0000334167,036659,033971,060454,048162,095208,-23010,-62489
0000000403,0000335000,037255,033277,060464,048162,083256,006672,-80219
0000000404,0000335833,037963,032706,060450,048162,063407,035926,-89624
0000000405,0000336667,038714,032314,060414,048162,037642,061891,-89824
0000000406,0000337500,039434,032138,060360,048162,008471,082036,-80799
0000000407,0000338333,040053,032197,060292,048162,-21253,094354,-63392
0000000408,0000339167,040510,032485,060217,048162,-48619,097675,-39347
0000000409,0000340000,040761,032973,060144,048162,-70959,091675,-11007
0000000410,0000340833,040780,033613,060078,048162,-86053,076901,018862
0000000411,0000341667,040567,034344,060026,048162,-92458,054839,047328
0000000412,0000342500,040142,035092,059993,048162,-89550,027641,071618
0000000413,0000343333,039545,035786,059984,048162,-77570,-02045,089324
0000000414,0000344167,038837,036357,059997,048162,-57734,-31300,098743
0000000415,0000345000,038086,036750,060033,048162,-31975,-57274,098958
0000000416,0000345833,037366,036925,060088,048162,-02798,-77397,089904
0000000417,0000346667,036748,036866,060156,048162,026926,-89728,072511
0000000418,0000347500,036290,036579,060230,048162,054299,-93063,048473
0000000419,0000348333,036040,036091,060304,048162,076620,-87034,020123
0000000420,0000349167,036020,035450,060370,048162,091726,-72274,-09743
0000000421,0000350000,036233,034720,060422,048162,098146,-50222,-38216
0000000422,0000350833,036659,033971,060454,048162,095208,-23011,-62489
0000000423,0000351667,037255,033277,060464,048162,083243,006671,-80205
0000000424,0000352500,037963,032706,060450,048162,063417,035932,-89639
0000000425,0000353333,038714,032314,060414,048162,037642,061891,-89824
0000000426,0000354167,039434,032139,060360,048162,008470,082024,-80785
0000000427,0000355000,040053,032197,060292,048162,-21257,094369,-63403
0000000428,0000355833,040510,032485,060217,048162,-48619,097675,-39347
0000000429,0000356667,040761,032973,060144,048162,-70947,091661,-11004
0000000430,0000357500,040781,033613,060078,048162,-86067,076912,018864
0000000431,0000358333,040567,034344,060026,048162,-92458,054839,047328
0000000432,0000359167,040141,035092,059993,048162,-89535,027637,071607
0000000433,0000360000,039546,035786,059984,048162,-77583,-02046,089337
0000000434,0000360833,038837,036357,059997,048162,-57734,-31300,098743
0000000435,0000361667,038087,036750,060033,048162,-31969,-57265,098943
0000000436,0000362500,037366,036925,060088,048162,-02798,-77410,089917
0000000437,0000363333,036748,036866,060156,048162,026926,-89728,072511
0000000438,0000364167,036290,036578,060230,048162,054291,-93048,048466
0000000439,0000365000,036039,036091,060304,048162,076632,-87048,020126
0000000440,0000365833,036020,035450,060370,048162,091726,-72274,-09743
0000000441,0000366667,036233,034720,060422,048162,098131,-50213,-38209
0000000442,0000367500,036659,033971,060454,048162,095223,-23014,-62499
0000000443,0000368333,037255,033277,060464,048162,083243,006671,-80205
0000000444,0000369167,037963,032706,060450,048162,063407,035926,-89624
0000000445,0000370000,038714,032314,060414,048162,037648,061900,-89839
0000000446,0000370833,039434,032139,060360,048162,008470,082024,-80785
0000000447,0000371667,040053,032197,060292,048162,-21253,094354,-63392
0000000448,0000372500,040510,032485,060217,048162,-48627,097690,-39354
0000000449,0000373333,040761,032973,060144,048162,-70947,091661,-11005
0000000450,0000374167,040780,033613,060078,048162,-86053,076901,018862
0000000451,0000375000,040567,034344,060026,048162,-92473,054848,047334
0000000452,0000375833,040141,035092,059993,048162,-89535,027637,071607
0000000453,0000376667,039545,035786,059984,048162,-77570,-02045,089324
0000000454,0000377500,038837,036358,059997,048162,-57744,-31305,098758
0000000455,0000378333,038087,036750,060033,048162,-31969,-57265,098943
0000000456,0000379167,037366,036925,060088,048162,-02797,-77398,089904
0000000457,0000380000,036747,036866,060156,048162,026930,-89742,072521
0000000458,0000380833,036290,036578,060230,048162,054291,-93048,048466
0000000459,0000381667,036040,036091,060304,048162,076620,-87034,020123
0000000460,0000382500,036020,035450,060370,048162,091740,-72286,-09745
0000000461,0000383333,036233,034720,060422,048162,098131,-50213,-38209
0000000462,0000384167,036659,033971,060454,048162,095208,-23010,-62489
0000000463,0000385000,037255,033277,060464,048162,083256,006672,-80219
0000000464,0000385833,037963,032706,060450,048162,063407,035926,-89624
0000000465,0000386667,038714,032314,060414,048162,037642,061891,-89824
0000000466,0000387500,039434,032138,060360,048162,008471,082036,-80799
0000000467,0000388333,040053,032197,060292,048162,-21253,094354,-63392
0000000468,0000389167,040510,032485,060217,048162,-48619,097675,-39347
0000000469,0000390000,040761,032973,060144,048162,-70959,091675,-11007
0000000470,0000390833,040780,033613,060078,048162,-86053,076901,018862
0000000471,0000391667,040567,034344,060026,048162,-92458,054839,047328
0000000472,0000392500,040142,035092,059993,048162,-89550,027641,071618
0000000473,0000393333,039545,035786,059984,048162,-77570,-02045,089324
0000000474,0000394167,038837,036357,059997,048162,-57734,-31300,098743
0000000475,0000395000,038086,036750,060033,048162,-31975,-57274,098958
0000000476,0000395833,037366,036925,060088,048162,-02798,-77397,089904
0000000477,0000396667,036747,036866,060156,048162,026926,-89728,072511
0000000478,0000397500,036290,036579,060230,048162,054299,-93063,048473
0000000479,0000398333,036040,036091,060304,048162,076620,-87034,020123
0000000480,0000399167,036020,035450,060370,048162,091726,-72274,-09743
0000000481,0000400000,036233,034720,060422,048162,098146,-50222,-38216
0000000482,0000400833,036659,033971,060454,048162,095208,-23011,-62489
0000000483,0000401667,037255,033277,060464,048162,083243,006671,-80205
0000000484,0000402500,037963,032706,060450,048162,063417,035932,-89639
0000000485,0000403333,038714,032314,060414,048162,037642,061891,-89824
0000000486,0000404167,039434,032139,060360,048162,008470,082024,-80785
0000000487,0000405000,040053,032197,060292,048162,-21257,094369,-63403
0000000488,0000405833,040510,032485,060217,048162,-48619,097675,-39347
0000000489,0000406667,040761,032973,060144,048162,-70947,091661,-11004
0000000490,0000407500,040781,033613,060078,048162,-86067,076912,018864
0000000491,0000408333,040567,034344,060026,048162,-92458,054839,047328
0000000492,0000409167,040141,035092,059993,048162,-89535,027637,071607
0000000493,0000410000,039546,035786,059984,048162,-77583,-02046,089337
0000000494,0000410833,038837,036357,059997,048162,-57734,-31300,098743
0000000495,0000411667,038087,036750,060033,048162,-31969,-57265,098943
0000000496,0000412500,037366,036925,060088,048162,-02798,-77410,089917
0000000497,0000413333,036747,036866,060156,048162,026926,-89728,072511
0000000498,0000414167,036290,036578,060230,048162,054291,-93048,048466
0000000499,0000415000,036039,036091,060304,048162,076632,-87048,020126
0000000500,0000415833,036020,035450,060370,048162,091726,-72274,-09743
0000000501,0000416667,036233,034720,060422,048162,098131,-50213,-38209
0000000502,0000417500,036659,033971,060454,048162,095223,-23014,-62499
0000000503,0000418333,037255,033277,060464,048162,083243,006671,-80205
0000000504,0000419167,037963,032706,060450,048162,063407,035926,-89624
0000000505,0000420000,038714,032314,060414,048162,037648,061900,-89839
0000000506,0000420833,039434,032139,060360,048162,008470,082024,-80785
0000000507,0000421667,040053,032198,060292,048162,-21253,094354,-63392
0000000508,0000422500,040510,032485,060217,048162,-48627,097690,-39354
0000000509,0000423333,040761,032973,060144,048162,-70947,091661,-11005
0000000510,0000424167,040780,033613,060078,048162,-86053,076901,018862
0000000511,0000425000,040567,034344,060026,048162,-92473,054848,047334
0000000512,0000425833,040141,035092,059993,048162,-89535,027637,071607
0000000513,0000426667,039545,035786,059984,048162,-77570,-02045,089324
0000000514,0000427500,038837,036358,059997,048162,-57744,-31305,098758
0000000515,0000428333,038087,036750,060033,048162,-31969,-57265,098943
0000000516,0000429167,037366,036925,060088,048162,-02797,-77398,089904
0000000517,0000430000,036747,036866,060156,048162,026930,-89742,072521
0000000518,0000430833,036290,036578,060230,048162,054291,-93048,048466
0000000519,0000431667,036040,036091,060304,048162,076620,-87034,020123
0000000520,0000432500,036020,035450,060370,048162,091740,-72286,-09745
0000000521,0000433333,036233,034720,060422,048162,098131,-50213,-38209
0000000522,0000434167,036659,033971,060454,048162,095208,-23010,-62489
0000000523,0000435000,037255,033277,060464,048162,083256,006672,-80219
0000000524,0000435833,037963,032706,060450,048162,063407,035926,-89624
0000000525,0000436667,038714,032314,060414,048162,037642,061891,-89824
0000000526,0000437500,039434,032138,060360,048162,008471,082036,-80799
0000000527,0000438333,040053,032198,060292,048162,-21253,094354,-63392
0000000528,0000439167,040510,032485,060217,048162,-48619,097675,-39347
0000000529,0000440000,040761,032973,060144,048162,-70959,091675,-11007
0000000530,0000440833,040780,033613,060078,048162,-86053,076901,018862
0000000531,0000441667,040567,034344,060026,048162,-92458,054839,047328
0000000532,0000442500,040142,035092,059993,048162,-89550,027641,071618
0000000533,0000443333,039545,035786,059984,048162,-77570,-02045,089324
0000000534,0000444167,038837,036357,059997,048162,-57734,-31300,098743
0000000535,0000445000,038086,036750,060033,048162,-31975,-57274,098958
0000000536,0000445833,037366,036925,060088,048162,-02798,-77397,089904
0000000537,0000446667,036747,036866,060156,048162,026926,-89728,072511
0000000538,0000447500,036290,036579,060230,048162,054299,-93063,048473
0000000539,0000448333,036040,036091,060304,048162,076620,-87034,020123
0000000540,0000449167,036020,035450,060370,048162,091726,-72274,-09743
0000000541,0000450000,036233,034720,060422,048162,098146,-50222,-38216
0000000542,0000450833,036659,033971,060454,048162,095208,-23011,-62489
0000000543,0000451667,037255,033277,060464,048162,083243,006671,-80205
0000000544,0000452500,037963,032706,060450,048162,063417,035932,-89639
0000000545,0000453333,038714,032314,060414,048162,037642,061891,-89824
0000000546,0000454167,039434,032139,060360,048162,008470,082024,-80785
0000000547,0000455000,040053,032197,060292,048162,-21257,094369,-63403
0000000548,0000455833,040510,032485,060217,048162,-48619,097675,-39347
0000000549,0000456667,040761,032973,060144,048162,-70947,091661,-11004
0000000550,0000457500,040781,033613,060078,048162,-86067,076912,018864
0000000551,0000458333,040567,034344,060026,048162,-92458,054839,047328
0000000552,0000459167,040141,035092,059993,048162,-89535,027637,071607
0000000553,0000460000,039546,035786,059984,048162,-77583,-02046,089337
0000000554,0000460833,038837,036357,059997,048162,-57734,-31300,098743
0000000555,0000461667,038087,036750,060033,048162,-31969,-57265,098943
0000000556,0000462500,037366,036925,060088,048162,-02798,-77410,089917
0000000557,0000463333,036747,036866,060156,048162,026926,-89728,072511
0000000558,0000464167,036290,036578,060230,048162,054291,-93048,048466
0000000559,0000465000,036039,036091,060304,048162,076632,-87048,020126
0000000560,0000465833,036020,035450,060370,048162,091726,-72274,-09743
0000000561,0000466667,036233,034720,060422,048162,098131,-50213,-38209
0000000562,0000467500,036659,033971,060454,048162,095223,-23014,-62499
0000000563,0000468333,037255,033277,060464,048162,083243,006671,-80205
0000000564,0000469167,037963,032706,060450,048162,063407,035926,-89624
0000000565,0000470000,038714,032314,060414,048162,037648,061900,-89839
0000000566,0000470833,039434,032139,060360,048162,008470,082024,-80785
0000000567,0000471667,040053,032198,060292,048162,-21253,094354,-63392
0000000568,0000472500,040510,032485,060217,048162,-48627,097690,-39354
0000000569,0000473333,040761,032973,060144,048162,-70947,091661,-11005
0000000570,0000474167,040780,033613,060078,048162,-86053,076901,018862
0000000571,0000475000,040567,034344,060026,048162,-92473,054848,047334
0000000572,0000475833,040141,035092,059993,048162,-89535,027637,071607
0000000573,0000476667,039545,035786,059984,048162,-77570,-02045,089324
0000000574,0000477500,038837,036358,059997,048162,-57744,-31305,098758
0000000575,0000478333,038087,036750,060033,048162,-31969,-57265,098943
0000000576,0000479167,037366,036925,060088,048162,-02797,-77398,089904
0000000577,0000480000,036747,036866,060156,048162,026930,-89742,072521
0000000578,0000480833,036290,036578,060230,048162,054291,-93048,048466
0000000579,0000481667,036040,036091,060304,048162,076620,-87034,020123
0000000580,0000482500,036020,035450,060370,048162,091740,-72286,-09745
0000000581,0000483333,036233,034720,060422,048162,098131,-50213,-38209
0000000582,0000484167,036659,033971,060454,048162,095208,-23010,-62489
0000000583,0000485000,037255,033277,060464,048162,083256,006672,-80219
0000000584,0000485833,037963,032706,060450,048162,063407,035926,-89624
0000000585,0000486667,038714,032314,060414,048162,037642,061891,-89824
0000000586,0000487500,039434,032138,060360,048162,008471,082036,-80799
0000000587,0000488333,040053,032198,060292,048162,-21253,094354,-63392
0000000588,0000489167,040510,032485,060217,048162,-48619,097675,-39347
0000000589,0000490000,040761,032973,060144,048162,-70959,091675,-11007
0000000590,0000490833,040780,033613,060078,048162,-86053,076901,018862
0000000591,0000491667,040567,034344,060026,048162,-92458,054839,047328
0000000592,0000492500,040142,035092,059993,048162,-89550,027641,071618
0000000593,0000493333,039545,035786,059984,048162,-77570,-02045,089324
0000000594,0000494167,038837,036357,059997,048162,-57734,-31300,098743
0000000595,0000495000,038086,036750,060033,048162,-31975,-57274,098958
0000000596,0000495833,037366,036925,060088,048162,-02798,-77397,089904
0000000597,0000496667,036747,036866,060156,048162,026926,-89728,072511
0000000598,0000497500,036290,036579,060230,048162,054299,-93063,048473
0000000599,0000498333,036040,036091,060304,048162,076620,-87034,020123
0000000600,0000499167,036020,035450,060370,048162,091726,-72274,-09743
0000000601,0000500000,036233,034720,060422,048162,098146,-50222,-38215
0000000602,0000500833,024150,021463,051354,036561,095030,-23205,-18048
0000000603,0000501667,010657,006680,041398,023778,073996,-02563,-38137
0000000604,0000502500,-01605,-06865,031158,010956,052232,024750,-45474
0000000605,0000503333,-11519,-17908,022950,000653,029461,053669,-51845
0000000606,0000504167,-17563,-24796,017022,-06568,002925,076417,-60655
0000000607,0000505000,-19031,-26712,014688,-09241,-20870,094613,-52965
0000000608,0000505833,-15256,-22930,016077,-07096,-48665,097463,-49649
0000000609,0000506667,-06312,-13543,020985,-00355,-69501,092928,-33177
0000000610,0000507500,006799,000373,029359,010722,-83828,078979,-17589
0000000611,0000508333,023160,017776,040072,024812,-87569,059676,-00883
0000000612,0000509167,041046,036807,052535,040966,-80511,036701,018834
0000000613,0000510000,059001,055900,065317,057453,-67425,008234,033201
0000000614,0000510833,075236,073186,077269,072756,-47527,-20897,049276
0000000615,0000511667,088234,087090,087247,085425,-24578,-49689,058123
0000000616,0000512500,096812,096375,094188,094152,001938,-72518,062788
0000000617,0000513333,099998,099998,097587,098233,029736,-86818,061452
0000000618,0000514167,097535,097640,097034,097197,055125,-92154,053033
0000000619,0000515000,089685,089530,092679,091246,075743,-87892,041506
0000000620,0000515833,077214,076450,084929,080941,087889,-76126,024979
0000000621,0000516667,061392,059723,074505,067262,091619,-56753,007662
0000000622,0000517500,043746,040955,062506,051622,086750,-31507,-10491
0000000623,0000518333,026065,022022,050059,035514,074170,-02431,-27524
0000000624,0000519167,010044,004732,038462,020585,055137,027654,-41095
0000000625,0000520000,-02741,-09211,028820,008270,030613,054869,-50862
0000000626,0000520833,-11049,-18420,022092,-00210,003242,076780,-54493
0000000627,0000521667,-14061,-21950,018944,-04012,-24559,090979,-52623
0000000628,0000522500,-11506,-19459,019663,-02788,-49533,096650,-45052
0000000629,0000523333,-03653,-11212,024217,003376,-69141,093326,-32684
0000000630,0000524167,008722,001948,032155,013868,-81590,081222,-17028
0000000631,0000525000,024403,018689,042708,027663,-85730,061486,000970
0000000632,0000525833,041882,037375,054857,043428,-81402,035763,019154
0000000633,0000526667,059481,056206,067404,059619,-68916,006666,036120
0000000634,0000527500,075469,073349,079140,074667,-49429,-22887,049926
0000000635,0000528333,088260,087133,088906,087091,-24761,-49930,059170
0000000636,0000529167,096559,096181,095759,095678,002787,-71683,063068
0000000637,0000530000,099560,099610,099038,099600,030340,-86197,061143
0000000638,0000530833,096965,097067,098420,098469,055195,-92038,053786
0000000639,0000531667,089033,088801,093968,092397,074780,-88776,041575
0000000640,0000532500,076545,075629,086126,081989,087300,-76649,025733
0000000641,0000533333,060696,058820,075659,068256,091588,-56749,007792
0000000642,0000534167,043028,040010,063596,052545,087280,-30959,-10537
0000000643,0000535000,025277,021029,051127,036403,074763,-01856,-27359
0000000644,0000535833,009190,003723,039475,021412,055148,027619,-41090
0000000645,0000536667,-03645,-10206,029783,009044,030323,054523,-50326
0000000646,0000537500,-11993,-19399,022998,000505,002796,076292,-54214
0000000647,0000538333,-15044,-22934,019790,-03362,-24681,090839,-52362
0000000648,0000539167,-12521,-20464,020480,-02173,-49369,096791,-44940
0000000649,0000540000,-04702,-12258,024993,003942,-68950,093520,-32714
0000000650,0000540833,007654,000866,032897,014395,-81534,081300,-16845
0000000651,0000541667,023342,017599,043421,028161,-85911,061304,001110
0000000652,0000542500,040836,036292,055532,043890,-81614,035551,019401
0000000653,0000543333,058436,055131,068051,060054,-69016,006562,036244
0000000654,0000544167,074407,072280,079755,075069,-49347,-22826,049960
0000000655,0000545000,087172,086069,089502,087471,-24576,-49770,059226
0000000656,0000545833,095451,095128,096335,096039,002870,-71627,063120
0000000657,0000546667,098426,098552,099585,099928,030302,-86237,061279
0000000658,0000547500,095826,096010,098945,098774,055057,-92175,053895
0000000659,0000548333,087898,087737,094471,092680,074700,-88855,041670
0000000660,0000549167,075413,074543,086604,082245,087306,-76607,025794
0000000661,0000550000,059586,057725,076121,068498,091654,-56654,007827
0000000662,0000550833,041949,038913,064044,052776,087312,-30910,-10465
0000000663,0000551667,024231,019939,051559,036621,074695,-01900,-27284
0000000664,0000552500,008172,002650,039888,021616,055048,027526,-40993
0000000665,0000553333,-04647,-11260,030178,009233,030272,054469,-50249
0000000666,0000554167,-12974,-20417,023382,000688,002813,076287,-54145
0000000667,0000555000,-16023,-23930,020157,-03192,-24624,090875,-52307
0000000668,0000555833,-13507,-21443,020829,-02020,-49350,096802,-44901
0000000669,0000556667,-05683,-13212,025334,004090,-68960,093479,-32655
0000000670,0000557500,006669,-00078,033221,014526,-81569,081249,-16784
0000000671,0000558333,022358,016666,043729,028277,-85931,061285,001168
0000000672,0000559167,039859,035372,055829,043998,-81598,035553,019447
0000000673,0000560000,057467,054218,068337,060151,-69001,006576,036273
0000000674,0000560833,073449,071374,080031,075159,-49351,-22824,049994
0000000675,0000561667,086219,085161,089764,087548,-24589,-49774,059257
0000000676,0000562500,094518,094232,096589,096110,002849,-71638,063165
0000000677,0000563333,097517,097673,099833,099998,030288,-86252,061327
0000000678,0000564167,094927,095133,099178,098830,055040,-92172,053925
0000000679,0000565000,087019,086874,094699,092734,074692,-88853,041696
0000000680,0000565833,074553,073692,086826,082297,087307,-76611,025823
0000000681,0000566667,058741,056879,076333,068540,091642,-56645,007861
0000000682,0000567500,041126,038080,064249,052815,087298,-30913,-10428
0000000683,0000568333,023429,019118,051756,036657,074681,-01912,-27253
0000000684,0000569167,007395,001845,040081,021650,055025,027510,-40961
0000000685,0000570000,-05406,-12053,030362,009262,030263,054462,-50222
0000000686,0000570833,-13719,-21198,023556,000710,002814,076292,-54120
0000000687,0000571667,-16743,-24682,020332,-03165,-24621,090865,-52271
0000000688,0000572500,-14216,-22179,020994,-01999,-49357,096787,-44870
0000000689,0000573333,-06385,-13935,025489,004102,-68977,093466,-32631
0000000690,0000574167,005980,-00776,033375,014541,-81569,081226,-16758
0000000691,0000575000,021674,015984,043875,028286,-85926,061278,001192
0000000692,0000575833,039180,034707,055968,044003,-81596,035554,019471
0000000693,0000576667,056790,053566,068471,060152,-68992,006572,036290
0000000694,0000577500,072777,070734,080160,075156,-49357,-22834,050010
0000000695,0000578333,085557,084532,089890,087544,-24599,-49785,059277
0000000696,0000579167,093857,093600,096705,096096,002845,-71631,063176
0000000697,0000580000,096874,097049,099948,099986,030285,-86244,061342
0000000698,0000580833,094305,094520,099292,098821,055038,-92175,053943
0000000699,0000581667,086407,086258,094804,092716,074675,-88847,041706
0000000700,0000582500,073962,073087,086930,082281,087292,-76613,025837
0000000701,0000583333,058171,056286,076435,068526,091639,-56652,007878
0000000702,0000584167,040573,037497,064347,052799,087285,-30912,-10409
0000000703,0000585000,022894,018549,051851,036641,074675,-01915,-27235
0000000704,0000585833,006871,001288,040170,021632,055022,027504,-40948
0000000705,0000586667,-05913,-12590,030452,009247,030255,054449,-50202
0000000706,0000587500,-14219,-21724,023641,000692,002811,076285,-54103
0000000707,0000588333,-17239,-25200,020409,-03189,-24623,090867,-52259
0000000708,0000589167,-14695,-22676,021075,-02016,-49354,096774,-44851
0000000709,0000590000,-06860,-14423,025563,004081,-68980,093458,-32618
0000000710,0000590833,005509,-01257,033444,014515,-81579,081225,-16748
0000000711,0000591667,021213,015519,043944,028263,-85919,061268,001204
0000000712,0000592500,038724,034253,056034,043977,-81593,035550,019483
0000000713,0000593333,056339,053125,068534,060126,-68996,006568,036304
0000000714,0000594167,072326,070298,080218,075126,-49353,-22837,050016
0000000715,0000595000,085110,084106,089947,087514,-24601,-49788,059284
0000000716,0000595833,093419,093184,096764,096069,002843,-71637,063188
0000000717,0000596667,096434,096628,099998,099950,030282,-86233,061345
0000000718,0000597500,093878,094106,099344,098788,055033,-92171,053950
0000000719,0000598333,085995,085851,094857,092687,074674,-88853,041716
0000000720,0000599167,073557,072677,086977,082246,087277,-76607,025842
0000000721,0000600000,057782,055883,076482,068494,091631,-56650,007886
0000000722,0000600833,040193,037097,064387,052761,087293,-30920,-10405
0000000723,0000601667,038400,034532,060224,048162,086599,-21390,000039
0000000724,0000602500,038400,034532,060224,048162,086757,-21231,000101
0000000725,0000603333,038400,034532,060224,048162,086514,-21482,-00147
0000000726,0000604167,038400,034532,060224,048162,086514,-21464,-00016
0000000727,0000605000,038400,034532,060224,048162,086738,-21253,000089
0000000728,0000605833,038400,034532,060224,048162,086622,-21357,000078
0000000729,0000606667,038400,034532,060224,048162,086580,-21409,-00069
0000000730,0000607500,038400,034532,060224,048162,086687,-21299,000091
0000000731,0000608333,038400,034532,060224,048162,086717,-21271,000059
0000000732,0000609167,038400,034532,060224,048162,086628,-21363,-00010
0000000733,0000610000,038400,034532,060224,048162,086665,-21321,000050
0000000734,0000610833,038400,034532,060224,048162,086723,-21269,000063
0000000735,0000611667,038400,034532,060224,048162,086650,-21336,000048
0000000736,0000612500,038400,034532,060224,048162,086656,-21333,000024
0000000737,0000613333,038400,034532,060224,048162,086689,-21297,000083
0000000738,0000614167,038400,034532,060224,048162,086670,-21317,000049
0000000739,0000615000,038400,034532,060224,048162,086649,-21339,000028
0000000740,0000615833,038400,034532,060224,048162,086673,-21313,000057
0000000741,0000616667,038400,034532,060224,048162,086675,-21314,000043
0000000742,0000617500,038400,034532,060224,048162,086652,-21335,000033
0000000743,0000618333,038400,034532,060224,048162,086664,-21325,000032
0000000744,0000619167,038400,034532,060224,048162,086668,-21320,000046
0000000745,0000620000,038400,034532,060224,048162,086658,-21329,000034
0000000746,0000620833,038400,034532,060224,048162,086654,-21334,000031
0000000747,0000621667,038400,034532,060224,048162,086663,-21324,000043
0000000748,0000622500,038400,034532,060224,048162,086661,-21327,000037
0000000749,0000623333,038400,034532,060224,048162,086653,-21334,000034
0000000750,0000624167,038400,034532,060224,048162,086661,-21326,000037
0000000751,0000625000,038400,034532,060224,048162,086661,-21326,000039
0000000752,0000625833,038400,034532,060224,048162,086658,-21330,000034
0000000753,0000626667,038400,034532,060224,048162,086659,-21328,000036
0000000754,0000627500,038400,034532,060224,048162,086662,-21326,000039
0000000755,0000628333,038400,034532,060224,048162,086660,-21328,000037
0000000756,0000629167,038400,034532,060224,048162,086659,-21329,000037
0000000757,0000630000,038400,034532,060224,048162,086661,-21326,000038
0000000758,0000630833,038400,034532,060224,048162,086661,-21327,000039
0000000759,0000631667,038400,034532,060224,048162,086660,-21328,000037
0000000760,0000632500,038400,034532,060224,048162,086661,-21327,000038
0000000761,0000633333,038400,034532,060224,048162,086661,-21326,000039
0000000762,0000634167,038400,034532,060224,048162,086660,-21327,000037
0000000763,0000635000,038400,034532,060224,048162,086660,-21327,000038
0000000764,0000635833,038400,034532,060224,048162,086661,-21326,000038
0000000765,0000636667,038400,034532,060224,048162,086661,-21327,000038
0000000766,0000637500,038400,034532,060224,048162,086660,-21327,000038
0000000767,0000638333,038400,034532,060224,048162,086661,-21327,000038
0000000768,0000639167,038400,034532,060224,048162,086661,-21327,000038
0000000769,0000640000,038400,034532,060224,048162,086660,-21327,000038
0000000770,0000640833,038400,034532,060224,048162,086660,-21327,000038
0000000771,0000641667,038400,034532,060224,048162,086661,-21327,000038
0000000772,0000642500,038400,034532,060224,048162,086660,-21327,000038
0000000773,0000643333,038400,034532,060224,048162,086660,-21327,000038
0000000774,0000644167,038400,034532,060224,048162,086661,-21327,000038
0000000775,0000645000,038400,034532,060224,048162,086660,-21327,000038
0000000776,0000645833,038400,034532,060224,048162,086660,-21327,000038
0000000777,0000646667,038400,034532,060224,048162,086660,-21327,000038
0000000778,0000647500,038400,034532,060224,048162,086660,-21327,000038
0000000779,0000648333,038400,034532,060224,048162,086660,-21327,000038
0000000780,0000649167,038400,034532,060224,048162,086660,-21327,000038
0000000781,0000650000,038400,034532,060224,048162,086660,-21327,000038
0000000782,0000650833,038400,034532,060224,048162,086660,-21327,000038
0000000783,0000651667,038400,034532,060224,048162,086660,-21327,000038
0000000784,0000652500,038400,034532,060224,048162,086660,-21327,000038
0000000785,0000653333,038400,034532,060224,048162,086660,-21327,000038
0000000786,0000654167,038400,034532,060224,048162,086660,-21327,000038
0000000787,0000655000,038400,034532,060224,048162,086660,-21327,000038
0000000788,0000655833,038400,034532,060224,048162,086660,-21327,000038
0000000789,0000656667,038400,034532,060224,048162,086660,-21327,000038
0000000790,0000657500,038400,034532,060224,048162,086660,-21327,000038
0000000791,0000658333,038400,034532,060224,048162,086660,-21327,000038
0000000792,0000659167,038400,034532,060224,048162,086660,-21327,000038
0000000793,0000660000,038400,034532,060224,048162,086660,-21327,000038
0000000794,0000660833,038400,034532,060224,048162,086660,-21327,000038
0000000795,0000661667,038400,034532,060224,048162,086660,-21327,000038
0000000796,0000662500,038400,034532,060224,048162,086660,-21327,000038
0000000797,0000663333,038400,034532,060224,048162,086660,-21327,000038
0000000798,0000664167,038400,034532,060224,048162,086660,-21327,000038
0000000799,0000665000,038400,034532,060224,048162,086660,-21327,000038
0000000800,0000665833,038400,034532,060224,048162,086660,-21327,000038
0000000801,0000666667,038400,034532,060224,048162,086660,-21327,000038
0000000802,0000667500,038400,034532,060224,048162,086660,-21327,000038
0000000803,0000668333,038400,034532,060224,048162,086660,-21327,000038
0000000804,0000669167,038400,034532,060224,048162,086660,-21327,000038
0000000805,0000670000,038400,034532,060224,048162,086660,-21327,000038
0000000806,0000670833,038400,034532,060224,048162,086660,-21327,000038
0000000807,0000671667,038400,034532,060224,048162,086660,-21327,000038
0000000808,0000672500,038400,034532,060224,048162,086660,-21327,000038
0000000809,0000673333,038400,034532,060224,048162,086660,-21327,000038
0000000810,0000674167,038400,034532,060224,048162,086660,-21327,000038
0000000811,0000675000,038400,034532,060224,048162,086660,-21327,000038
0000000812,0000675833,038400,034532,060224,048162,086660,-21327,000038
0000000813,0000676667,038400,034532,060224,048162,086660,-21327,000038
0000000814,0000677500,038400,034532,060224,048162,086660,-21327,000038
0000000815,0000678333,038400,034532,060224,048162,086660,-21327,000038
0000000816,0000679167,038400,034532,060224,048162,086660,-21327,000038
0000000817,0000680000,038400,034532,060224,048162,086660,-21327,000038
0000000818,0000680833,038400,034532,060224,048162,086660,-21327,000038
0000000819,0000681667,038400,034532,060224,048162,086660,-21327,000038
0000000820,0000682500,038400,034532,060224,048162,086660,-21327,000038
0000000821,0000683333,038400,034532,060224,048162,086660,-21327,000038
0000000822,0000684167,038400,034532,060224,048162,086660,-21327,000038
0000000823,0000685000,038400,034532,060224,048162,086660,-21327,000038
0000000824,0000685833,038400,034532,060224,048162,086660,-21327,000038
0000000825,0000686667,038400,034532,060224,048162,086660,-21327,000038
0000000826,0000687500,038400,034532,060224,048162,086660,-21327,000038
0000000827,0000688333,038400,034532,060224,048162,086660,-21327,000038
0000000828,0000689167,038400,034532,060224,048162,086660,-21327,000038
0000000829,0000690000,038400,034532,060224,048162,086660,-21327,000038
0000000830,0000690833,038400,034532,060224,048162,086660,-21327,000038
0000000831,0000691667,038400,034532,060224,048162,086660,-21327,000038
0000000832,0000692500,038400,034532,060224,048162,086660,-21327,000038
0000000833,0000693333,038400,034532,060224,048162,086660,-21327,000038
0000000834,0000694167,038400,034532,060224,048162,086660,-21327,000038
0000000835,0000695000,038400,034532,060224,048162,086660,-21327,000038
0000000836,0000695833,038400,034532,060224,048162,086660,-21327,000038
0000000837,0000696667,038400,034532,060224,048162,086660,-21327,000038
0000000838,0000697500,038400,034532,060224,048162,086660,-21327,000038
0000000839,0000698333,038400,034532,060224,048162,086660,-21327,000038
0000000840,0000699167,038400,034532,060224,048162,086660,-21327,000038
0000000841,0000700000,038400,034532,060224,048162,086660,-21327,000038
0000000842,0000700833,038400,034532,060224,048162,086660,-21327,000038
0000000843,0000701667,038400,034532,060224,048162,086660,-21327,000038
0000000844,0000702500,038400,034532,060224,048162,086660,-21327,000038
0000000845,0000703333,038400,034532,060224,048162,086660,-21327,000038
0000000846,0000704167,038400,034532,060224,048162,086660,-21327,000038
0000000847,0000705000,038400,034532,060224,048162,086660,-21327,000038
0000000848,0000705833,038400,034532,060224,048162,086660,-21327,000038
0000000849,0000706667,038400,034532,060224,048162,086660,-21327,000038
0000000850,0000707500,038400,034532,060224,048162,086660,-21327,000038
0000000851,0000708333,038400,034532,060224,048162,086660,-21327,000038
0000000852,0000709167,038400,034532,060224,048162,086660,-21327,000038
0000000853,0000710000,038400,034532,060224,048162,086660,-21327,000038
0000000854,0000710833,038400,034532,060224,048162,086660,-21327,000038
0000000855,0000711667,038400,034532,060224,048162,086660,-21327,000038
0000000856,0000712500,038400,034532,060224,048162,086660,-21327,000038
0000000857,0000713333,038400,034532,060224,048162,086660,-21327,000038
0000000858,0000714167,038400,034532,060224,048162,086660,-21327,000038
0000000859,0000715000,038400,034532,060224,048162,086660,-21327,000038
0000000860,0000715833,038400,034532,060224,048162,086660,-21327,000038
0000000861,0000716667,038400,034532,060224,048162,086660,-21327,000038
0000000862,0000717500,038400,034532,060224,048162,086660,-21327,000038
0000000863,0000718333,038400,034532,060224,048162,086660,-21327,000038
0000000864,0000719167,038400,034532,060224,048162,086660,-21327,000038
0000000865,0000720000,038400,034532,060224,048162,086660,-21327,000038
0000000866,0000720833,038400,034532,060224,048162,086660,-21327,000038
0000000867,0000721667,038400,034532,060224,048162,086660,-21327,000038
0000000868,0000722500,038400,034532,060224,048162,086660,-21327,000038
0000000869,0000723333,038400,034532,060224,048162,086660,-21327,000038
0000000870,0000724167,038400,034532,060224,048162,086660,-21327,000038
0000000871,0000725000,038400,034532,060224,048162,086660,-21327,000038
0000000872,0000725833,038400,034532,060224,048162,086660,-21327,000038
0000000873,0000726667,038400,034532,060224,048162,086660,-21327,000038
0000000874,0000727500,038400,034532,060224,048162,086660,-21327,000038
0000000875,0000728333,038400,034532,060224,048162,086660,-21327,000038
0000000876,0000729167,038400,034532,060224,048162,086660,-21327,000038
0000000877,0000730000,038400,034532,060224,048162,086660,-21327,000038
0000000878,0000730833,038400,034532,060224,048162,086660,-21327,000038
0000000879,0000731667,038400,034532,060224,048162,086660,-21327,000038
0000000880,0000732500,038400,034532,060224,048162,086660,-21327,000038
0000000881,0000733333,038400,034532,060224,048162,086660,-21327,000038
0000000882,0000734167,038400,034532,060224,048162,086660,-21327,000038
0000000883,0000735000,038400,034532,060224,048162,086660,-21327,000038
0000000884,0000735833,038400,034532,060224,048162,086660,-21327,000038
0000000885,0000736667,038400,034532,060224,048162,086660,-21327,000038
0000000886,0000737500,038400,034532,060224,048162,086660,-21327,000038
0000000887,0000738333,038400,034532,060224,048162,086660,-21327,000038
0000000888,0000739167,038400,034532,060224,048162,086660,-21327,000038
0000000889,0000740000,038400,034532,060224,048162,086660,-21327,000038
0000000890,0000740833,038400,034532,060224,048162,086660,-21327,000038
0000000891,0000741667,038400,034532,060224,048162,086660,-21327,000038
0000000892,0000742500,038400,034532,060224,048162,086660,-21327,000038
0000000893,0000743333,038400,034532,060224,048162,086660,-21327,000038
0000000894,0000744167,038400,034532,060224,048162,086660,-21327,000038
0000000895,0000745000,038400,034532,060224,048162,086660,-21327,000038
0000000896,0000745833,038400,034532,060224,048162,086660,-21327,000038
0000000897,0000746667,038400,034532,060224,048162,086660,-21327,000038
0000000898,0000747500,038400,034532,060224,048162,086660,-21327,000038
0000000899,0000748333,038400,034532,060224,048162,086660,-21327,000038
0000000900,0000749167,038400,034532,060224,048162,086660,-21327,000038
0000000901,0000750000,038400,034532,060224,048162,086660,-21327,000038
0000000902,0000750833,038400,034532,060224,048162,086660,-21327,000038
0000000903,0000751667,038400,034532,060224,048162,086660,-21327,000038
0000000904,0000752500,038400,034532,060224,048162,086660,-21327,000038
0000000905,0000753333,038400,034532,060224,048162,086660,-21327,000038
0000000906,0000754167,038400,034532,060224,048162,086660,-21327,000038
0000000907,0000755000,038400,034532,060224,048162,086660,-21327,000038
0000000908,0000755833,038400,034532,060224,048162,086660,-21327,000038
0000000909,0000756667,038400,034532,060224,048162,086660,-21327,000038
0000000910,0000757500,038400,034532,060224,048162,086660,-21327,000038
0000000911,0000758333,038400,034532,060224,048162,086660,-21327,000038
0000000912,0000759167,038400,034532,060224,048162,086660,-21327,000038
0000000913,0000760000,038400,034532,060224,048162,086660,-21327,000038
0000000914,0000760833,038400,034532,060224,048162,086660,-21327,000038
0000000915,0000761667,038400,034532,060224,048162,086660,-21327,000038
0000000916,0000762500,038400,034532,060224,048162,086660,-21327,000038
0000000917,0000763333,038400,034532,060224,048162,086660,-21327,000038
0000000918,0000764167,038400,034532,060224,048162,086660,-21327,000038
0000000919,0000765000,038400,034532,060224,048162,086660,-21327,000038
0000000920,0000765833,038400,034532,060224,048162,086660,-21327,000038
0000000921,0000766667,038400,034532,060224,048162,086660,-21327,000038
0000000922,0000767500,038400,034532,060224,048162,086660,-21327,000038
0000000923,0000768333,038400,034532,060224,048162,086660,-21327,000038
0000000924,0000769167,038400,034532,060224,048162,086660,-21327,000038
0000000925,0000770000,038400,034532,060224,048162,086660,-21327,000038
0000000926,0000770833,038400,034532,060224,048162,086660,-21327,000038
0000000927,0000771667,038400,034532,060224,048162,086660,-21327,000038
0000000928,0000772500,038400,034532,060224,048162,086660,-21327,000038
0000000929,0000773333,038400,034532,060224,048162,086660,-21327,000038
0000000930,0000774167,038400,034532,060224,048162,086660,-21327,000038
0000000931,0000775000,038400,034532,060224,048162,086660,-21327,000038
0000000932,0000775833,038400,034532,060224,048162,086660,-21327,000038
0000000933,0000776667,038400,034532,060224,048162,086660,-21327,000038
0000000934,0000777500,038400,034532,060224,048162,086660,-21327,000038
0000000935,0000778333,038400,034532,060224,048162,086660,-21327,000038
0000000936,0000779167,038400,034532,060224,048162,086660,-21327,000038
0000000937,0000780000,038400,034532,060224,048162,086660,-21327,000038
0000000938,0000780833,038400,034532,060224,048162,086660,-21327,000038
0000000939,0000781667,038400,034532,060224,048162,086660,-21327,000038
0000000940,0000782500,038400,034532,060224,048162,086660,-21327,000038
0000000941,0000783333,038400,034532,060224,048162,086660,-21327,000038
0000000942,0000784167,038400,034532,060224,048162,086660,-21327,000038
0000000943,0000785000,038400,034532,060224,048162,086660,-21327,000038
0000000944,0000785833,038400,034532,060224,048162,086660,-21327,000038
0000000945,0000786667,038400,034532,060224,048162,086660,-21327,000038
0000000946,0000787500,038400,034532,060224,048162,086660,-21327,000038
0000000947,0000788333,038400,034532,060224,048162,086660,-21327,000038
0000000948,0000789167,038400,034532,060224,048162,086660,-21327,000038
0000000949,0000790000,038400,034532,060224,048162,086660,-21327,000038
0000000950,0000790833,038400,034532,060224,048162,086660,-21327,000038
0000000951,0000791667,038400,034532,060224,048162,086660,-21327,000038
0000000952,0000792500,038400,034532,060224,048162,086660,-21327,000038
0000000953,0000793333,038400,034532,060224,048162,086660,-21327,000038
0000000954,0000794167,038400,034532,060224,048162,086660,-21327,000038
0000000955,0000795000,038400,034532,060224,048162,086660,-21327,000038
0000000956,0000795833,038400,034532,060224,048162,086660,-21327,000038
0000000957,0000796667,038400,034532,060224,048162,086660,-21327,000038
0000000958,0000797500,038400,034532,060224,048162,086660,-21327,000038
0000000959,0000798333,038400,034532,060224,048162,086660,-21327,000038
0000000960,0000799167,038400,034532,060224,048162,086660,-21327,000038
0000000961,0000800000,038400,034532,060224,048162,086660,-21327,000038
0000000962,0000800833,038400,034532,060224,048162,086660,-21327,000038
0000000963,0000801667,038400,034532,060224,048162,086660,-21327,000038
0000000964,0000802500,038400,034532,060224,048162,086660,-21327,000038
0000000965,0000803333,038400,034532,060224,048162,086660,-21327,000038
0000000966,0000804167,038400,034532,060224,048162,086660,-21327,000038
0000000967,0000805000,038400,034532,060224,048162,086660,-21327,000038
0000000968,0000805833,038400,034532,060224,048162,086660,-21327,000038
0000000969,0000806667,038400,034532,060224,048162,086660,-21327,000038
0000000970,0000807500,038400,034532,060224,048162,086660,-21327,000038
0000000971,0000808333,038400,034532,060224,048162,086660,-21327,000038
0000000972,0000809167,038400,034532,060224,048162,086660,-21327,000038
0000000973,0000810000,038400,034532,060224,048162,086660,-21327,000038
0000000974,0000810833,038400,034532,060224,048162,086660,-21327,000038
0000000975,0000811667,038400,034532,060224,048162,086660,-21327,000038
0000000976,0000812500,038400,034532,060224,048162,086660,-21327,000038
0000000977,0000813333,038400,034532,060224,048162,086660,-21327,000038
0000000978,0000814167,038400,034532,060224,048162,086660,-21327,000038
0000000979,0000815000,038400,034532,060224,048162,086660,-21327,000038
0000000980,0000815833,038400,034532,060224,048162,086660,-21327,000038
0000000981,0000816667,038400,034532,060224,048162,086660,-21327,000038
0000000982,0000817500,038400,034532,060224,048162,086660,-21327,000038
0000000983,0000818333,038400,034532,060224,048162,086660,-21327,000038
0000000984,0000819167,038400,034532,060224,048162,086660,-21327,000038
0000000985,0000820000,038400,034532,060224,048162,086660,-21327,000038
0000000986,0000820833,038400,034532,060224,048162,086660,-21327,000038
0000000987,0000821667,038400,034532,060224,048162,086660,-21327,000038
0000000988,0000822500,038400,034532,060224,048162,086660,-21327,000038
0000000989,0000823333,038400,034532,060224,048162,086660,-21327,000038
0000000990,0000824167,038400,034532,060224,048162,086660,-21327,000038
0000000991,0000825000,038400,034532,060224,048162,086660,-21327,000038
0000000992,0000825833,038400,034532,060224,048162,086660,-21327,000038
0000000993,0000826667,038400,034532,060224,048162,086660,-21327,000038
0000000994,0000827500,038400,034532,060224,048162,086660,-21327,000038
0000000995,0000828333,038400,034532,060224,048162,086660,-21327,000038
0000000996,0000829167,038400,034532,060224,048162,086660,-21327,000038
0000000997,0000830000,038400,034532,060224,048162,086660,-21327,000038
0000000998,0000830833,038400,034532,060224,048162,086660,-21327,000038
0000000999,0000831667,038400,034532,060224,048162,086660,-21327,000038
0000001000,0000832500,038400,034532,060224,048162,086660,-21327,000038
0000001001,0000833333,038400,034532,060224,048162,086660,-21327,000038
0000001002,0000834167,038400,034532,060224,048162,086660,-21327,000038
0000001003,0000835000,038400,034532,060224,048162,086660,-21327,000038
0000001004,0000835833,038400,034532,060224,048162,086660,-21327,000038
0000001005,0000836667,038400,034532,060224,048162,086660,-21327,000038
0000001006,0000837500,038400,034532,060224,048162,086660,-21327,000038
0000001007,0000838333,038400,034532,060224,048162,086660,-21327,000038
0000001008,0000839167,038400,034532,060224,048162,086660,-21327,000038
0000001009,0000840000,038400,034532,060224,048162,086660,-21327,000038
0000001010,0000840833,038400,034532,060224,048162,086660,-21327,000038
0000001011,0000841667,038400,034532,060224,048162,086660,-21327,000038
0000001012,0000842500,038400,034532,060224,048162,086660,-21327,000038
0000001013,0000843333,038400,034532,060224,048162,086660,-21327,000038
0000001014,0000844167,038400,034532,060224,048162,086660,-21327,000038
0000001015,0000845000,038400,034532,060224,048162,086660,-21327,000038
0000001016,0000845833,038400,034532,060224,048162,086660,-21327,000038
0000001017,0000846667,038400,034532,060224,048162,086660,-21327,000038
0000001018,0000847500,038400,034532,060224,048162,086660,-21327,000038
0000001019,0000848333,038400,034532,060224,048162,086660,-21327,000038
0000001020,0000849167,038400,034532,060224,048162,086660,-21327,000038
0000001021,0000850000,038400,034532,060224,048162,086660,-21327,000038
0000001022,0000850833,038400,034532,060224,048162,086660,-21327,000038
0000001023,0000851667,038400,034532,060224,048162,086660,-21327,000038
0000001024,0000852500,038400,034532,060224,048162,086660,-21327,000038
0000001025,0000853333,038400,034532,060224,048162,086660,-21327,000038
0000001026,0000854167,038400,034532,060224,048162,086660,-21327,000038
0000001027,0000855000,038400,034532,060224,048162,086660,-21327,000038
0000001028,0000855833,038400,034532,060224,048162,086660,-21327,000038
0000001029,0000856667,038400,034532,060224,048162,086660,-21327,000038
0000001030,0000857500,038400,034532,060224,048162,086660,-21327,000038
0000001031,0000858333,038400,034532,060224,048162,086660,-21327,000038
0000001032,0000859167,038400,034532,060224,048162,086660,-21327,000038
0000001033,0000860000,038400,034532,060224,048162,086660,-21327,000038
0000001034,0000860833,038400,034532,060224,048162,086660,-21327,000038
0000001035,0000861667,038400,034532,060224,048162,086660,-21327,000038
0000001036,0000862500,038400,034532,060224,048162,086660,-21327,000038
0000001037,0000863333,038400,034532,060224,048162,086660,-21327,000038
0000001038,0000864167,038400,034532,060224,048162,086660,-21327,000038
0000001039,0000865000,038400,034532,060224,048162,086660,-21327,000038
0000001040,0000865833,038400,034532,060224,048162,086660,-21327,000038
0000001041,0000866667,038400,034532,060224,048162,086660,-21327,000038
0000001042,0000867500,038400,034532,060224,048162,086660,-21327,000038
0000001043,0000868333,038400,034532,060224,048162,086660,-21327,000038
0000001044,0000869167,038400,034532,060224,048162,086660,-21327,000038
0000001045,0000870000,038400,034532,060224,048162,086660,-21327,000038
0000001046,0000870833,038400,034532,060224,048162,086660,-21327,000038
0000001047,0000871667,038400,034532,060224,048162,086660,-21327,000038
0000001048,0000872500,038400,034532,060224,048162,086660,-21327,000038
0000001049,0000873333,038400,034532,060224,048162,086660,-21327,000038
0000001050,0000874167,038400,034532,060224,048162,086660,-21327,000038
0000001051,0000875000,038400,034532,060224,048162,086660,-21327,000038
0000001052,0000875833,038400,034532,060224,048162,086660,-21327,000038
0000001053,0000876667,038400,034532,060224,048162,086660,-21327,000038
0000001054,0000877500,038400,034532,060224,048162,086660,-21327,000038
0000001055,0000878333,038400,034532,060224,048162,086660,-21327,000038
0000001056,0000879167,038400,034532,060224,048162,086660,-21327,000038
0000001057,0000880000,038400,034532,060224,048162,086660,-21327,000038
0000001058,0000880833,038400,034532,060224,048162,086660,-21327,000038
0000001059,0000881667,038400,034532,060224,048162,086660,-21327,000038
0000001060,0000882500,038400,034532,060224,048162,086660,-21327,000038
0000001061,0000883333,038400,034532,060224,048162,086660,-21327,000038
0000001062,0000884167,038400,034532,060224,048162,086660,-21327,000038
0000001063,0000885000,038400,034532,060224,048162,086660,-21327,000038
0000001064,0000885833,038400,034532,060224,048162,086660,-21327,000038
0000001065,0000886667,038400,034532,060224,048162,086660,-21327,000038
0000001066,0000887500,038400,034532,060224,048162,086660,-21327,000038
0000001067,0000888333,038400,034532,060224,048162,086660,-21327,000038
0000001068,0000889167,038400,034532,060224,048162,086660,-21327,000038
0000001069,0000890000,038400,034532,060224,048162,086660,-21327,000038
0000001070,0000890833,038400,034532,060224,048162,086660,-21327,000038
0000001071,0000891667,038400,034532,060224,048162,086660,-21327,000038
0000001072,0000892500,038400,034532,060224,048162,086660,-21327,000038
0000001073,0000893333,038400,034532,060224,048162,086660,-21327,000038
0000001074,0000894167,038400,034532,060224,048162,086660,-21327,000038
0000001075,0000895000,038400,034532,060224,048162,086660,-21327,000038
0000001076,0000895833,038400,034532,060224,048162,086660,-21327,000038
0000001077,0000896667,038400,034532,060224,048162,086660,-21327,000038
0000001078,0000897500,038400,034532,060224,048162,086660,-21327,000038
0000001079,0000898333,038400,034532,060224,048162,086660,-21327,000038
0000001080,0000899167,038400,034532,060224,048162,086660,-21327,000038
0000001081,0000900000,038400,034532,060224,048162,086660,-21327,000038
0000001082,0000900833,038400,034532,060224,048162,086660,-21327,000038
0000001083,0000901667,038400,034532,060224,048162,086660,-21327,000038
0000001084,0000902500,038400,034532,060224,048162,086660,-21327,000038
0000001085,0000903333,038400,034532,060224,048162,086660,-21327,000038
0000001086,0000904167,038400,034532,060224,048162,086660,-21327,000038
0000001087,0000905000,038400,034532,060224,048162,086660,-21327,000038
0000001088,0000905833,038400,034532,060224,048162,086660,-21327,000038
0000001089,0000906667,038400,034532,060224,048162,086660,-21327,000038
0000001090,0000907500,038400,034532,060224,048162,086660,-21327,000038
0000001091,0000908333,038400,034532,060224,048162,086660,-21327,000038
0000001092,0000909167,038400,034532,060224,048162,086660,-21327,000038
0000001093,0000910000,038400,034532,060224,048162,086660,-21327,000038
0000001094,0000910833,038400,034532,060224,048162,086660,-21327,000038
0000001095,0000911667,038400,034532,060224,048162,086660,-21327,000038
0000001096,0000912500,038400,034532,060224,048162,086660,-21327,000038
0000001097,0000913333,038400,034532,060224,048162,086660,-21327,000038
0000001098,0000914167,038400,034532,060224,048162,086660,-21327,000038
0000001099,0000915000,038400,034532,060224,048162,086660,-21327,000038
0000001100,0000915833,038400,034532,060224,048162,086660,-21327,000038
0000001101,0000916667,038400,034532,060224,048162,086660,-21327,000038
0000001102,0000917500,038400,034532,060224,048162,086660,-21327,000038
0000001103,0000918333,038400,034532,060224,048162,086660,-21327,000038
0000001104,0000919167,038400,034532,060224,048162,086660,-21327,000038
0000001105,0000920000,038400,034532,060224,048162,086660,-21327,000038
0000001106,0000920833,038400,034532,060224,048162,086660,-21327,000038
0000001107,0000921667,038400,034532,060224,048162,086660,-21327,000038
0000001108,0000922500,038400,034532,060224,048162,086660,-21327,000038
0000001109,0000923333,038400,034532,060224,048162,086660,-21327,000038
0000001110,0000924167,038400,034532,060224,048162,086660,-21327,000038
0000001111,0000925000,038400,034532,060224,048162,086660,-21327,000038
0000001112,0000925833,038400,034532,060224,048162,086660,-21327,000038
0000001113,0000926667,038400,034532,060224,048162,086660,-21327,000038
0000001114,0000927500,038400,034532,060224,048162,086660,-21327,000038
0000001115,0000928333,038400,034532,060224,048162,086660,-21327,000038
0000001116,0000929167,038400,034532,060224,048162,086660,-21327,000038
0000001117,0000930000,038400,034532,060224,048162,086660,-21327,000038
0000001118,0000930833,038400,034532,060224,048162,086660,-21327,000038
0000001119,0000931667,038400,034532,060224,048162,086660,-21327,000038
0000001120,0000932500,038400,034532,060224,048162,086660,-21327,000038
0000001121,0000933333,038400,034532,060224,048162,086660,-21327,000038
0000001122,0000934167,038400,034532,060224,048162,086660,-21327,000038
0000001123,0000935000,038400,034532,060224,048162,086660,-21327,000038
0000001124,0000935833,038400,034532,060224,048162,086660,-21327,000038
0000001125,0000936667,038400,034532,060224,048162,086660,-21327,000038
0000001126,0000937500,038400,034532,060224,048162,086660,-21327,000038
0000001127,0000938333,038400,034532,060224,048162,086660,-21327,000038
0000001128,0000939167,038400,034532,060224,048162,086660,-21327,000038
0000001129,0000940000,038400,034532,060224,048162,086660,-21327,000038
0000001130,0000940833,038400,034532,060224,048162,086660,-21327,000038
0000001131,0000941667,038400,034532,060224,048162,086660,-21327,000038
0000001132,0000942500,038400,034532,060224,048162,086660,-21327,000038
0000001133,0000943333,038400,034532,060224,048162,086660,-21327,000038
0000001134,0000944167,038400,034532,060224,048162,086660,-21327,000038
0000001135,0000945000,038400,034532,060224,048162,086660,-21327,000038
0000001136,0000945833,038400,034532,060224,048162,086660,-21327,000038
0000001137,0000946667,038400,034532,060224,048162,086660,-21327,000038
0000001138,0000947500,038400,034532,060224,048162,086660,-21327,000038
0000001139,0000948333,038400,034532,060224,048162,086660,-21327,000038
0000001140,0000949167,038400,034532,060224,048162,086660,-21327,000038
0000001141,0000950000,038400,034532,060224,048162,086660,-21327,000038
0000001142,0000950833,038400,034532,060224,048162,086660,-21327,000038
0000001143,0000951667,038400,034532,060224,048162,086660,-21327,000038
0000001144,0000952500,038400,034532,060224,048162,086660,-21327,000038
0000001145,0000953333,038400,034532,060224,048162,086660,-21327,000038
0000001146,0000954167,038400,034532,060224,048162,086660,-21327,000038
0000001147,0000955000,038400,034532,060224,048162,086660,-21327,000038
0000001148,0000955833,038400,034532,060224,048162,086660,-21327,000038
0000001149,0000956667,038400,034532,060224,048162,086660,-21327,000038
0000001150,0000957500,038400,034532,060224,048162,086660,-21327,000038
0000001151,0000958333,038400,034532,060224,048162,086660,-21327,000038
0000001152,0000959167,038400,034532,060224,048162,086660,-21327,000038
0000001153,0000960000,038400,034532,060224,048162,086660,-21327,000038
0000001154,0000960833,038400,034532,060224,048162,086660,-21327,000038
0000001155,0000961667,038400,034532,060224,048162,086660,-21327,000038
0000001156,0000962500,038400,034532,060224,048162,086660,-21327,000038
0000001157,0000963333,038400,034532,060224,048162,086660,-21327,000038
0000001158,0000964167,038400,034532,060224,048162,086660,-21327,000038
0000001159,0000965000,038400,034532,060224,048162,086660,-21327,000038
0000001160,0000965833,038400,034532,060224,048162,086660,-21327,000038
0000001161,0000966667,038400,034532,060224,048162,086660,-21327,000038
0000001162,0000967500,038400,034532,060224,048162,086660,-21327,000038
0000001163,0000968333,038400,034532,060224,048162,086660,-21327,000038
0000001164,0000969167,038400,034532,060224,048162,086660,-21327,000038
0000001165,0000970000,038400,034532,060224,048162,086660,-21327,000038
0000001166,0000970833,038400,034532,060224,048162,086660,-21327,000038
0000001167,0000971667,038400,034532,060224,048162,086660,-21327,000038
0000001168,0000972500,038400,034532,060224,048162,086660,-21327,000038
0000001169,0000973333,038400,034532,060224,048162,086660,-21327,000038
0000001170,0000974167,038400,034532,060224,048162,086660,-21327,000038
0000001171,0000975000,038400,034532,060224,048162,086660,-21327,000038
0000001172,0000975833,038400,034532,060224,048162,086660,-21327,000038
0000001173,0000976667,038400,034532,060224,048162,086659,-21327,000038
0000001174,0000977500,038400,034532,060224,048162,086659,-21327,000038
0000001175,0000978333,038400,034532,060224,048162,086659,-21327,000038
0000001176,0000979167,038400,034532,060224,048162,086659,-21327,000038
0000001177,0000980000,038400,034532,060224,048162,086659,-21327,000038
0000001178,0000980833,038400,034532,060224,048162,086659,-21327,000038
0000001179,0000981667,038400,034532,060224,048162,086659,-21327,000038
0000001180,0000982500,038400,034532,060224,048162,086659,-21327,000038
0000001181,0000983333,038400,034532,060224,048162,086659,-21327,000038
0000001182,0000984167,038400,034532,060224,048162,086659,-21327,000038
0000001183,0000985000,038400,034532,060224,048162,086659,-21327,000038
0000001184,0000985833,038400,034532,060224,048162,086659,-21327,000038
0000001185,0000986667,038400,034532,060224,048162,086659,-21327,000038
0000001186,0000987500,038400,034532,060224,048162,086659,-21327,000038
0000001187,0000988333,038400,034532,060224,048162,086659,-21327,000038
0000001188,0000989167,038400,034532,060224,048162,086659,-21327,000038
0000001189,0000990000,038400,034532,060224,048162,086659,-21327,000038
0000001190,0000990833,038400,034532,060224,048162,086659,-21327,000038
0000001191,0000991667,038400,034532,060224,048162,086659,-21327,000038
0000001192,0000992500,038400,034532,060224,048162,086659,-21327,000038
0000001193,0000993333,038400,034532,060224,048162,086659,-21327,000038
0000001194,0000994167,038400,034532,060224,048162,086659,-21327,000038
0000001195,0000995000,038400,034532,060224,048162,086659,-21327,000038
0000001196,0000995833,038400,034532,060224,048162,086659,-21327,000038
0000001197,0000996667,038400,034532,060224,048162,086659,-21327,000038
0000001198,0000997500,038400,034532,060224,048162,086659,-21327,000038
0000001199,0000998333,038400,034532,060224,048162,086659,-21327,000038
0000001200,0000999167,038400,034532,060224,048162,086659,-21327,000038
0000001201,0001000000,038400,034532,060224,048162,086659,-21327,000038
0000001202,0001000833,038400,034532,060224,048162,086659,-21327,000038
0000001203,0001001667,038400,034532,060224,048162,086659,-21327,000038
0000001204,0001002500,038400,034532,060224,048162,086659,-21327,000038
0000001205,0001003333,038400,034532,060224,048162,086659,-21327,000038
0000001206,0001004167,038400,034532,060224,048162,086659,-21327,000038
0000001207,0001005000,038400,034532,060224,048162,086659,-21327,000038
0000001208,0001005833,038400,034532,060224,048162,086659,-21327,000038
0000001209,0001006667,038400,034532,060224,048162,086659,-21327,000038
0000001210,0001007500,038400,034532,060224,048162,086659,-21327,000038
0000001211,0001008333,038400,034532,060224,048162,086659,-21327,000038
0000001212,0001009167,038400,034532,060224,048162,086659,-21327,000038
0000001213,0001010000,038400,034532,060224,048162,086659,-21327,000038
0000001214,0001010833,038400,034532,060224,048162,086659,-21327,000038
0000001215,0001011667,038400,034532,060224,048162,086659,-21327,000038
0000001216,0001012500,038400,034532,060224,048162,086659,-21327,000038
0000001217,0001013333,038400,034532,060224,048162,086659,-21327,000038
0000001218,0001014167,038400,034532,060224,048162,086659,-21327,000038
0000001219,0001015000,038400,034532,060224,048162,086659,-21327,000038
0000001220,0001015833,038400,034532,060224,048162,086659,-21327,000038
0000001221,0001016667,038400,034532,060224,048162,086659,-21327,000038
0000001222,0001017500,038400,034532,060224,048162,086659,-21327,000038
0000001223,0001018333,038400,034532,060224,048162,086659,-21327,000038
0000001224,0001019167,038400,034532,060224,048162,086659,-21327,000038
0000001225,0001020000,038400,034532,060224,048162,086659,-21327,000038
0000001226,0001020833,038400,034532,060224,048162,086659,-21327,000038
0000001227,0001021667,038400,034532,060224,048162,086659,-21327,000038
0000001228,0001022500,038400,034532,060224,048162,086659,-21327,000038
0000001229,0001023333,038400,034532,060224,048162,086659,-21327,000038
0000001230,0001024167,038400,034532,060224,048162,086659,-21327,000038
0000001231,0001025000,038400,034532,060224,048162,086659,-21327,000038
0000001232,0001025833,038400,034532,060224,048162,086659,-21327,000038
0000001233,0001026667,038400,034532,060224,048162,086659,-21327,000038
0000001234,0001027500,038400,034532,060224,048162,086659,-21327,000038
0000001235,0001028333,038400,034532,060224,048162,086659,-21327,000038
0000001236,0001029167,038400,034532,060224,048162,086659,-21327,000038
0000001237,0001030000,038400,034532,060224,048162,086659,-21327,000038
0000001238,0001030833,038400,034532,060224,048162,086659,-21327,000038
0000001239,0001031667,038400,034532,060224,048162,086659,-21327,000038
0000001240,0001032500,038400,034532,060224,048162,086659,-21327,000038
0000001241,0001033333,038400,034532,060224,048162,086659,-21327,000038
0000001242,0001034167,038400,034532,060224,048162,086659,-21327,000038
0000001243,0001035000,038400,034532,060224,048162,086659,-21327,000038
0000001244,0001035833,038400,034532,060224,048162,086659,-21327,000038
0000001245,0001036667,038400,034532,060224,048162,086659,-21327,000038
0000001246,0001037500,038400,034532,060224,048162,086659,-21327,000038
0000001247,0001038333,038400,034532,060224,048162,086659,-21327,000038
0000001248,0001039167,038400,034532,060224,048162,086659,-21327,000038
0000001249,0001040000,038400,034532,060224,048162,086659,-21327,000038
0000001250,0001040833,038400,034532,060224,048162,086659,-21327,000038
0000001251,0001041667,038400,034532,060224,048162,086659,-21327,000038
0000001252,0001042500,038400,034532,060224,048162,086659,-21327,000038
0000001253,0001043333,038400,034532,060224,048162,086659,-21327,000038
0000001254,0001044167,038400,034532,060224,048162,086659,-21327,000038
0000001255,0001045000,038400,034532,060224,048162,086659,-21327,000038
0000001256,0001045833,038400,034532,060224,048162,086659,-21327,000038
0000001257,0001046667,038400,034532,060224,048162,086659,-21327,000038
0000001258,0001047500,038400,034532,060224,048162,086659,-21327,000038
0000001259,0001048333,038400,034532,060224,048162,086659,-21327,000038
0000001260,0001049167,038400,034532,060224,048162,086659,-21327,000038
0000001261,0001050000,038400,034532,060224,048162,086659,-21327,000038
0000001262,0001050833,038400,034532,060224,048162,086659,-21327,000038
0000001263,0001051667,038400,034532,060224,048162,086659,-21327,000038
0000001264,0001052500,038400,034532,060224,048162,086659,-21327,000038
0000001265,0001053333,038400,034532,060224,048162,086659,-21327,000038
0000001266,0001054167,038400,034532,060224,048162,086659,-21327,000038
0000001267,0001055000,038400,034532,060224,048162,086659,-21327,000038
0000001268,0001055833,038400,034532,060224,048162,086659,-21327,000038
0000001269,0001056667,038400,034532,060224,048162,086659,-21327,000038
0000001270,0001057500,038400,034532,060224,048162,086659,-21327,000038
0000001271,0001058333,038400,034532,060224,048162,086659,-21327,000038
0000001272,0001059167,038400,034532,060224,048162,086659,-21327,000038
0000001273,0001060000,038400,034532,060224,048162,086659,-21327,000038
0000001274,0001060833,038400,034532,060224,048162,086659,-21327,000038
0000001275,0001061667,038400,034532,060224,048162,086659,-21327,000038
0000001276,0001062500,038400,034532,060224,048162,086659,-21327,000038
0000001277,0001063333,038400,034532,060224,048162,086659,-21327,000038
0000001278,0001064167,038400,034532,060224,048162,086659,-21327,000038
0000001279,0001065000,038400,034532,060224,048162,086659,-21327,000038
0000001280,0001065833,038400,034532,060224,048162,086659,-21327,000038
0000001281,0001066667,038400,034532,060224,048162,086659,-21327,000038
0000001282,0001067500,038400,034532,060224,048162,086659,-21327,000038
0000001283,0001068333,038400,034532,060224,048162,086659,-21327,000038
0000001284,0001069167,038400,034532,060224,048162,086659,-21327,000038
0000001285,0001070000,038400,034532,060224,048162,086659,-21327,000038
0000001286,0001070833,038400,034532,060224,048162,086659,-21327,000038
0000001287,0001071667,038400,034532,060224,048162,086659,-21327,000038
0000001288,0001072500,038400,034532,060224,048162,086659,-21327,000038
0000001289,0001073333,038400,034532,060224,048162,086659,-21327,000038
0000001290,0001074167,038400,034532,060224,048162,086659,-21327,000038
0000001291,0001075000,038400,034532,060224,048162,086659,-21327,000038
0000001292,0001075833,038400,034532,060224,048162,086659,-21327,000038
0000001293,0001076667,038400,034532,060224,048162,086659,-21327,000038
0000001294,0001077500,038400,034532,060224,048162,086659,-21327,000038
0000001295,0001078333,038400,034532,060224,048162,086659,-21327,000038
0000001296,0001079167,038400,034532,060224,048162,086659,-21327,000038
0000001297,0001080000,038400,034532,060224,048162,086659,-21327,000038
0000001298,0001080833,038400,034532,060224,048162,086659,-21327,000038
0000001299,0001081667,038400,034532,060224,048162,086659,-21327,000038
0000001300,0001082500,038400,034532,060224,048162,086659,-21327,000038
0000001301,0001083333,038400,034532,060224,048162,086659,-21327,000038
0000001302,0001084167,038400,034532,060224,048162,086659,-21327,000038
0000001303,0001085000,038400,034532,060224,048162,086659,-21327,000038
0000001304,0001085833,038400,034532,060224,048162,086659,-21327,000038
0000001305,0001086667,038400,034532,060224,048162,086659,-21327,000038
0000001306,0001087500,038400,034532,060224,048162,086659,-21327,000038
0000001307,0001088333,038400,034532,060224,048162,086659,-21327,000038
0000001308,0001089167,038400,034532,060224,048162,086659,-21327,000038
0000001309,0001090000,038400,034532,060224,048162,086659,-21327,000038
0000001310,0001090833,038400,034532,060224,048162,086659,-21327,000038
0000001311,0001091667,038400,034532,060224,048162,086659,-21327,000038
0000001312,0001092500,038400,034532,060224,048162,086659,-21327,000038
0000001313,0001093333,038400,034532,060224,048162,086659,-21327,000038
0000001314,0001094167,038400,034532,060224,048162,086659,-21327,000038
0000001315,0001095000,038400,034532,060224,048162,086659,-21327,000038
0000001316,0001095833,038400,034532,060224,048162,086659,-21327,000038
0000001317,0001096667,038400,034532,060224,048162,086659,-21327,000038
0000001318,0001097500,038400,034532,060224,048162,086659,-21327,000038
0000001319,0001098333,038400,034532,060224,048162,086659,-21327,000038
0000001320,0001099167,038400,034532,060224,048162,086659,-21327,000038
0000001321,0001100000,038400,034532,060224,048162,086659,-21327,000038
0000001322,0001100833,038400,034532,060224,048162,089872,-13458,-49584
0000001323,0001101667,038400,034532,060224,048162,074841,008928,-75427
0000001324,0001102500,038400,034532,060224,048162,051625,034401,-88420
0000001325,0001103333,038400,034532,060224,048162,026483,061106,-87649
0000001326,0001104167,038400,034532,060224,048162,004243,083156,-77823
0000001327,0001105000,038400,034532,060224,048162,-22705,097267,-58572
0000001328,0001105833,038400,034532,060224,048162,-50111,099998,-35212
0000001329,0001106667,038400,034532,060224,048162,-73253,090990,-10294
0000001330,0001107500,038400,034532,060224,048162,-89443,073456,016445
0000001331,0001108333,038400,034532,060224,048162,-95471,051223,044626
0000001332,0001109167,038400,034532,060224,048162,-90063,026143,070744
0000001333,0001110000,038400,034532,060224,048162,-74823,-01717,089887
0000001334,0001110833,038400,034532,060224,048162,-54287,-30134,099998
0000001335,0001111667,038400,034532,060224,048162,-29078,-56820,099174
0000001336,0001112500,038400,034532,060224,048162,-00813,-78061,088787
0000001337,0001113333,038400,034532,060224,048162,028322,-90989,070610
0000001338,0001114167,038400,034532,060224,048162,055628,-93807,046963
0000001339,0001115000,038400,034532,060224,048162,078958,-87003,019208
0000001340,0001115833,038400,034532,060224,048162,094231,-71601,-09973
0000001341,0001116667,038400,034532,060224,048162,099998,-49726,-38597
0000001342,0001117500,038400,034532,060224,048162,096283,-23213,-63534
0000001343,0001118333,038400,034532,060224,048162,083552,005877,-81742
0000001344,0001119167,038400,034532,060224,048162,063192,035142,-90888
0000001345,0001120000,038400,034532,060224,048162,037643,061318,-90776
0000001346,0001120833,038400,034532,060224,048162,008849,081859,-81143
0000001347,0001121667,038400,034532,060224,048162,-20877,094473,-63222
0000001348,0001122500,038400,034532,060224,048162,-48310,097692,-39157
0000001349,0001123333,038400,034532,060224,048162,-70906,091371,-11017
0000001350,0001124167,038400,034532,060224,048162,-86160,076452,018792
0000001351,0001125000,038400,034532,060224,048162,-92563,054502,047406
0000001352,0001125833,038400,034532,060224,048162,-89292,027503,071836
0000001353,0001126667,038400,034532,060224,048162,-77178,-01968,089711
0000001354,0001127500,038400,034532,060224,048162,-57304,-31125,099130
0000001355,0001128333,038400,034532,060224,048162,-31708,-57184,099111
0000001356,0001129167,038400,034532,060224,048162,-02733,-77472,089757
0000001357,0001130000,038400,034532,060224,048162,026784,-89819,072249
0000001358,0001130833,038400,034532,060224,048162,054174,-93013,048207
0000001359,0001131667,038400,034532,060224,048162,076556,-86815,019961
0000001360,0001132500,038400,034532,060224,048162,091629,-71943,-09821
0000001361,0001133333,038400,034532,060224,048162,097929,-49883,-38283
0000001362,0001134167,038400,034532,060224,048162,094876,-22757,-62598
0000001363,0001135000,038400,034532,060224,048162,082789,006844,-80303
0000001364,0001135833,038400,034532,060224,048162,062934,036083,-89623
0000001365,0001136667,038400,034532,060224,048162,037283,062061,-89671
0000001366,0001137500,038400,034532,060224,048162,008193,082206,-80483
0000001367,0001138333,038400,034532,060224,048162,-21464,094464,-63032
0000001368,0001139167,038400,034532,060224,048162,-48798,097647,-39004
0000001369,0001140000,038400,034532,060224,048162,-71080,091515,-10714
0000001370,0001140833,038400,034532,060224,048162,-86130,076678,019117
0000001371,0001141667,038400,034532,060224,048162,-92406,054578,047532
0000001372,0001142500,038400,034532,060224,048162,-89379,027388,071774
0000001373,0001143333,038400,034532,060224,048162,-77330,-02273,089419
0000001374,0001144167,038400,034532,060224,048162,-57461,-31510,098724
0000001375,0001145000,038400,034532,060224,048162,-31698,-57454,098809
0000001376,0001145833,038400,034532,060224,048162,-02549,-77531,089681
0000001377,0001146667,038400,034532,060224,048162,027148,-89765,072232
0000001378,0001147500,038400,034532,060224,048162,054483,-92996,048171
0000001379,0001148333,038400,034532,060224,048162,076756,-86889,019841
0000001380,0001149167,038400,034532,060224,048162,091780,-72053,-09994
0000001381,0001150000,038400,034532,060224,048162,098104,-49960,-38420
0000001382,0001150833,038400,034532,060224,048162,095095,-22751,-62645
0000001383,0001151667,038400,034532,060224,048162,083048,006920,-80274
0000001384,0001152500,038400,034532,060224,048162,063180,036144,-89611
0000001385,0001153333,038400,034532,060224,048162,037396,062060,-89719
0000001386,0001154167,038400,034532,060224,048162,008227,082117,-80596
0000001387,0001155000,038400,034532,060224,048162,-21471,094370,-63155
0000001388,0001155833,038400,034532,060224,048162,-48792,097600,-39086
0000001389,0001156667,038400,034532,060224,048162,-71057,091496,-10741
0000001390,0001157500,038400,034532,060224,048162,-86092,076679,019101
0000001391,0001158333,038400,034532,060224,048162,-92412,054581,047526
0000001392,0001159167,038400,034532,060224,048162,-89399,027365,071741
0000001393,0001160000,038400,034532,060224,048162,-77374,-02302,089387
0000001394,0001160833,038400,034532,060224,048162,-57493,-31522,098721
0000001395,0001161667,038400,034532,060224,048162,-31704,-57426,098829
0000001396,0001162500,038400,034532,060224,048162,-02540,-77490,089725
0000001397,0001163333,038400,034532,060224,048162,027157,-89736,072279
0000001398,0001164167,038400,034532,060224,048162,054470,-92962,048202
0000001399,0001165000,038400,034532,060224,048162,076736,-86876,019860
0000001400,0001165833,038400,034532,060224,048162,091761,-72055,-09986
0000001401,0001166667,038400,034532,060224,048162,098073,-49952,-38406
0000001402,0001167500,038400,034532,060224,048162,095076,-22740,-62626
0000001403,0001168333,038400,034532,060224,048162,083045,006929,-80266
0000001404,0001169167,038400,034532,060224,048162,063158,036145,-89593
0000001405,0001170000,038400,034532,060224,048162,037375,062055,-89718
0000001406,0001170833,038400,034532,060224,048162,008206,082114,-80608
0000001407,0001171667,038400,034532,060224,048162,-21488,094353,-63156
0000001408,0001172500,038400,034532,060224,048162,-48805,097596,-39086
0000001409,0001173333,038400,034532,060224,048162,-71065,091506,-10738
0000001410,0001174167,038400,034532,060224,048162,-86082,076680,019108
0000001411,0001175000,038400,034532,060224,048162,-92409,054585,047532
0000001412,0001175833,038400,034532,060224,048162,-89406,027368,071748
0000001413,0001176667,038400,034532,060224,048162,-77368,-02302,089380
0000001414,0001177500,038400,034532,060224,048162,-57490,-31521,098721
0000001415,0001178333,038400,034532,060224,048162,-31702,-57428,098839
0000001416,0001179167,038400,034532,060224,048162,-02532,-77480,089721
0000001417,0001180000,038400,034532,060224,048162,027163,-89733,072280
0000001418,0001180833,038400,034532,060224,048162,054477,-92971,048204
0000001419,0001181667,038400,034532,060224,048162,076730,-86873,019854
0000001420,0001182500,038400,034532,060224,048162,091760,-72059,-09991
0000001421,0001183333,038400,034532,060224,048162,098081,-49959,-38413
0000001422,0001184167,038400,034532,060224,048162,095071,-22740,-62623
0000001423,0001185000,038400,034532,060224,048162,083046,006928,-80267
0000001424,0001185833,038400,034532,060224,048162,063164,036147,-89603
0000001425,0001186667,038400,034532,060224,048162,037373,062049,-89713
0000001426,0001187500,038400,034532,060224,048162,008206,082112,-80609
0000001427,0001188333,038400,034532,060224,048162,-21489,094360,-63163
0000001428,0001189167,038400,034532,060224,048162,-48799,097590,-39082
0000001429,0001190000,038400,034532,060224,048162,-71062,091507,-10736
0000001430,0001190833,038400,034532,060224,048162,-86088,076687,019110
0000001431,0001191667,038400,034532,060224,048162,-92401,054581,047529
0000001432,0001192500,038400,034532,060224,048162,-89405,027368,071747
0000001433,0001193333,038400,034532,060224,048162,-77374,-02303,089387
0000001434,0001194167,038400,034532,060224,048162,-57486,-31519,098714
0000001435,0001195000,038400,034532,060224,048162,-31702,-57428,098839
0000001436,0001195833,038400,034532,060224,048162,-02533,-77487,089729
0000001437,0001196667,038400,034532,060224,048162,027160,-89726,072275
0000001438,0001197500,038400,034532,060224,048162,054476,-92970,048204
0000001439,0001198333,038400,034532,060224,048162,076735,-86881,019855
0000001440,0001199167,038400,034532,060224,048162,091753,-72054,-09990
0000001441,0001200000,038400,034532,060224,048162,098080,-49959,-38412
0000001442,0001200833,038400,034532,060224,048162,095079,-22742,-62628
0000001443,0001201667,038400,034532,060224,048162,083041,006928,-80260
0000001444,0001202500,038400,034532,060224,048162,063164,036147,-89602
0000001445,0001203333,038400,034532,060224,048162,037376,062054,-89721
0000001446,0001204167,038400,034532,060224,048162,008206,082106,-80603
0000001447,0001205000,038400,034532,060224,048162,-21489,094360,-63162
0000001448,0001205833,038400,034532,060224,048162,-48803,097598,-39086
0000001449,0001206667,038400,034532,060224,048162,-71056,091501,-10735
0000001450,0001207500,038400,034532,060224,048162,-86087,076686,019110
0000001451,0001208333,038400,034532,060224,048162,-92409,054586,047532
0000001452,0001209167,038400,034532,060224,048162,-89399,027366,071742
0000001453,0001210000,038400,034532,060224,048162,-77374,-02303,089386
0000001454,0001210833,038400,034532,060224,048162,-57491,-31521,098722
0000001455,0001211667,038400,034532,060224,048162,-31700,-57423,098832
0000001456,0001212500,038400,034532,060224,048162,-02533,-77486,089728
0000001457,0001213333,038400,034532,060224,048162,027162,-89734,072281
0000001458,0001214167,038400,034532,060224,048162,054471,-92963,048201
0000001459,0001215000,038400,034532,060224,048162,076734,-86881,019855
0000001460,0001215833,038400,034532,060224,048162,091760,-72061,-09991
0000001461,0001216667,038400,034532,060224,048162,098073,-49955,-38409
0000001462,0001217500,038400,034532,060224,048162,095078,-22742,-62627
0000001463,0001218333,038400,034532,060224,048162,083047,006928,-80267
0000001464,0001219167,038400,034532,060224,048162,063159,036144,-89595
0000001465,0001220000,038400,034532,060224,048162,037376,062053,-89720
0000001466,0001220833,038400,034532,060224,048162,008207,082113,-80610
0000001467,0001221667,038400,034532,060224,048162,-21487,094353,-63157
0000001468,0001222500,038400,034532,060224,048162,-48803,097597,-39086
0000001469,0001223333,038400,034532,060224,048162,-71062,091508,-10737
0000001470,0001224167,038400,034532,060224,048162,-86080,076681,019108
0000001471,0001225000,038400,034532,060224,048162,-92408,054586,047531
0000001472,0001225833,038400,034532,060224,048162,-89407,027368,071747
0000001473,0001226667,038400,034532,060224,048162,-77368,-02302,089379
0000001474,0001227500,038400,034532,060224,048162,-57491,-31521,098721
0000001475,0001228333,038400,034532,060224,048162,-31703,-57428,098840
0000001476,0001229167,038400,034532,060224,048162,-02533,-77480,089722
0000001477,0001230000,038400,034532,060224,048162,027162,-89733,072280
0000001478,0001230833,038400,034532,060224,048162,054476,-92971,048205
0000001479,0001231667,038400,034532,060224,048162,076728,-86874,019854
0000001480,0001232500,038400,034532,060224,048162,091759,-72060,-09990
0000001481,0001233333,038400,034532,060224,048162,098081,-49960,-38412
0000001482,0001234167,038400,034532,060224,048162,095071,-22740,-62622
0000001483,0001235000,038400,034532,060224,048162,083047,006928,-80266
0000001484,0001235833,038400,034532,060224,048162,063165,036147,-89602
0000001485,0001236667,038400,034532,060224,048162,037373,062049,-89713
0000001486,0001237500,038400,034532,060224,048162,008207,082112,-80610
0000001487,0001238333,038400,034532,060224,048162,-21488,094360,-63163
0000001488,0001239167,038400,034532,060224,048162,-48798,097590,-39083
0000001489,0001240000,038400,034532,060224,048162,-71062,091507,-10737
0000001490,0001240833,038400,034532,060224,048162,-86088,076687,019109
0000001491,0001241667,038400,034532,060224,048162,-92401,054582,047528
0000001492,0001242500,038400,034532,060224,048162,-89406,027368,071747
0000001493,0001243333,038400,034532,060224,048162,-77375,-02302,089386
0000001494,0001244167,038400,034532,060224,048162,-57487,-31518,098714
0000001495,0001245000,038400,034532,060224,048162,-31703,-57427,098839
0000001496,0001245833,038400,034532,060224,048162,-02534,-77486,089729
0000001497,0001246667,038400,034532,060224,048162,027159,-89726,072276
0000001498,0001247500,038400,034532,060224,048162,054475,-92970,048204
0000001499,0001248333,038400,034532,060224,048162,076734,-86882,019856
0000001500,0001249167,038400,034532,060224,048162,091753,-72055,-09989
0000001501,0001250000,038400,034532,060224,048162,098080,-49960,-38412
0000001502,0001250833,038400,034532,060224,048162,095079,-22743,-62628
0000001503,0001251667,038400,034532,060224,048162,083041,006927,-80260
0000001504,0001252500,038400,034532,060224,048162,063164,036146,-89601
0000001505,0001253333,038400,034532,060224,048162,037376,062053,-89721
0000001506,0001254167,038400,034532,060224,048162,008206,082106,-80603
0000001507,0001255000,038400,034532,060224,048162,-21488,094359,-63162
0000001508,0001255833,038400,034532,060224,048162,-48802,097598,-39086
0000001509,0001256667,038400,034532,060224,048162,-71056,091501,-10736
0000001510,0001257500,038400,034532,060224,048162,-86087,076687,019109
0000001511,0001258333,038400,034532,060224,048162,-92409,054587,047531
0000001512,0001259167,038400,034532,060224,048162,-89399,027366,071741
0000001513,0001260000,038400,034532,060224,048162,-77374,-02302,089385
0000001514,0001260833,038400,034532,060224,048162,-57492,-31521,098721
0000001515,0001261667,038400,034532,060224,048162,-31700,-57422,098832
0000001516,0001262500,038400,034532,060224,048162,-02534,-77486,089728
0000001517,0001263333,038400,034532,060224,048162,027161,-89734,072282
0000001518,0001264167,038400,034532,060224,048162,054471,-92963,048201
0000001519,0001265000,038400,034532,060224,048162,076734,-86881,019856
0000001520,0001265833,038400,034532,060224,048162,091760,-72061,-09990
0000001521,0001266667,038400,034532,060224,048162,098073,-49956,-38408
0000001522,0001267500,038400,034532,060224,048162,095078,-22742,-62627
0000001523,0001268333,038400,034532,060224,048162,083048,006928,-80266
0000001524,0001269167,038400,034532,060224,048162,063160,036143,-89594
0000001525,0001270000,038400,034532,060224,048162,037376,062053,-89720
0000001526,0001270833,038400,034532,060224,048162,008207,082112,-80611
0000001527,0001271667,038400,034532,060224,048162,-21486,094352,-63158
0000001528,0001272500,038400,034532,060224,048162,-48802,097597,-39086
0000001529,0001273333,038400,034532,060224,048162,-71062,091508,-10738
0000001530,0001274167,038400,034532,060224,048162,-86080,076681,019108
0000001531,0001275000,038400,034532,060224,048162,-92408,054586,047531
0000001532,0001275833,038400,034532,060224,048162,-89407,027369,071747
0000001533,0001276667,038400,034532,060224,048162,-77368,-02301,089379
0000001534,0001277500,038400,034532,060224,048162,-57491,-31520,098720
0000001535,0001278333,038400,034532,060224,048162,-31704,-57427,098840
0000001536,0001279167,038400,034532,060224,048162,-02534,-77479,089722
0000001537,0001280000,038400,034532,060224,048162,027161,-89733,072281
0000001538,0001280833,038400,034532,060224,048162,054475,-92971,048205
0000001539,0001281667,038400,034532,060224,048162,076728,-86874,019855
0000001540,0001282500,038400,034532,060224,048162,091759,-72060,-09990
0000001541,0001283333,038400,034532,060224,048162,098081,-49961,-38412
0000001542,0001284167,038400,034532,060224,048162,095071,-22741,-62622
0000001543,0001285000,038400,034532,060224,048162,083047,006927,-80266
0000001544,0001285833,038400,034532,060224,048162,063165,036146,-89602
0000001545,0001286667,038400,034532,060224,048162,037374,062048,-89713
0000001546,0001287500,038400,034532,060224,048162,008207,082111,-80610
0000001547,0001288333,038400,034532,060224,048162,-21488,094360,-63163
0000001548,0001289167,038400,034532,060224,048162,-48798,097590,-39083
0000001549,0001290000,038400,034532,060224,048162,-71061,091508,-10738
0000001550,0001290833,038400,034532,060224,048162,-86087,076688,019108
0000001551,0001291667,038400,034532,060224,048162,-92401,054583,047527
0000001552,0001292500,038400,034532,060224,048162,-89406,027369,071746
0000001553,0001293333,038400,034532,060224,048162,-77375,-02301,089386
0000001554,0001294167,038400,034532,060224,048162,-57487,-31517,098713
0000001555,0001295000,038400,034532,060224,048162,-31703,-57426,098839
0000001556,0001295833,038400,034532,060224,048162,-02534,-77486,089729
0000001557,0001296667,038400,034532,060224,048162,027159,-89726,072276
0000001558,0001297500,038400,034532,060224,048162,054474,-92970,048205
0000001559,0001298333,038400,034532,060224,048162,076734,-86882,019857
0000001560,0001299167,038400,034532,060224,048162,091752,-72055,-09988
0000001561,0001300000,038400,034532,060224,048162,098080,-49960,-38411
0000001562,0001300833,038400,034532,060224,048162,095079,-22743,-62627
0000001563,0001301667,038400,034532,060224,048162,083041,006927,-80259
0000001564,0001302500,038400,034532,060224,048162,063165,036146,-89601
0000001565,0001303333,038400,034532,060224,048162,037377,062053,-89721
0000001566,0001304167,038400,034532,060224,048162,008207,082105,-80604
0000001567,0001305000,038400,034532,060224,048162,-21487,094359,-63163
0000001568,0001305833,038400,034532,060224,048162,-48802,097598,-39087
0000001569,0001306667,038400,034532,060224,048162,-71055,091501,-10737
0000001570,0001307500,038400,034532,060224,048162,-86087,076687,019108
0000001571,0001308333,038400,034532,060224,048162,-92409,054587,047530
0000001572,0001309167,038400,034532,060224,048162,-89399,027367,071741
0000001573,0001310000,038400,034532,060224,048162,-77375,-02301,089385
0000001574,0001310833,038400,034532,060224,048162,-57492,-31520,098721
0000001575,0001311667,038400,034532,060224,048162,-31701,-57422,098832
0000001576,0001312500,038400,034532,060224,048162,-02535,-77485,089729
0000001577,0001313333,038400,034532,060224,048162,027160,-89734,072282
0000001578,0001314167,038400,034532,060224,048162,054470,-92963,048202
0000001579,0001315000,038400,034532,060224,048162,076733,-86881,019857
0000001580,0001315833,038400,034532,060224,048162,091760,-72062,-09989
0000001581,0001316667,038400,034532,060224,048162,098073,-49957,-38408
0000001582,0001317500,038400,034532,060224,048162,095078,-22743,-62626
0000001583,0001318333,038400,034532,060224,048162,083048,006927,-80266
0000001584,0001319167,038400,034532,060224,048162,063160,036143,-89594
0000001585,0001320000,038400,034532,060224,048162,037377,062052,-89720
0000001586,0001320833,038400,034532,060224,048162,008208,082112,-80611
0000001587,0001321667,038400,034532,060224,048162,-21485,094352,-63158
0000001588,0001322500,038400,034532,060224,048162,-48801,097597,-39087
0000001589,0001323333,038400,034532,060224,048162,-71061,091509,-10739
0000001590,0001324167,038400,034532,060224,048162,-86080,076682,019107
0000001591,0001325000,038400,034532,060224,048162,-92408,054587,047530
0000001592,0001325833,038400,034532,060224,048162,-89407,027370,071746
0000001593,0001326667,038400,034532,060224,048162,-77369,-02300,089378
0000001594,0001327500,038400,034532,060224,048162,-57492,-31519,098720
0000001595,0001328333,038400,034532,060224,048162,-31704,-57426,098840
0000001596,0001329167,038400,034532,060224,048162,-02534,-77479,089722
0000001597,0001330000,038400,034532,060224,048162,027160,-89733,072282
0000001598,0001330833,038400,034532,060224,048162,054474,-92971,048206
0000001599,0001331667,038400,034532,060224,048162,076727,-86875,019856
0000001600,0001332500,038400,034532,060224,048162,091759,-72061,-09989
0000001601,0001333333,038400,034532,060224,048162,098081,-49961,-38411
0000001602,0001334167,038400,034532,060224,048162,095072,-22742,-62621
0000001603,0001335000,038400,034532,060224,048162,083048,006927,-80265
0000001604,0001335833,038400,034532,060224,048162,063166,036145,-89602
0000001605,0001336667,038400,034532,060224,048162,037375,062047,-89713
0000001606,0001337500,038400,034532,060224,048162,008208,082111,-80610
0000001607,0001338333,038400,034532,060224,048162,-21487,094360,-63164
0000001608,0001339167,038400,034532,060224,048162,-48797,097590,-39084
0000001609,0001340000,038400,034532,060224,048162,-71060,091508,-10738
0000001610,0001340833,038400,034532,060224,048162,-86087,076688,019108
0000001611,0001341667,038400,034532,060224,048162,-92401,054583,047526
0000001612,0001342500,038400,034532,060224,048162,-89406,027370,071745
0000001613,0001343333,038400,034532,060224,048162,-77376,-02301,089385
0000001614,0001344167,038400,034532,060224,048162,-57488,-31517,098713
0000001615,0001345000,038400,034532,060224,048162,-31704,-57426,098839
0000001616,0001345833,038400,034532,060224,048162,-02535,-77485,089730
0000001617,0001346667,038400,034532,060224,048162,027158,-89726,072277
0000001618,0001347500,038400,034532,060224,048162,054474,-92970,048206
0000001619,0001348333,038400,034532,060224,048162,076733,-86882,019858
0000001620,0001349167,038400,034532,060224,048162,091752,-72056,-09987
0000001621,0001350000,038400,034532,060224,048162,098080,-49961,-38410
0000001622,0001350833,038728,033780,060266,048162,095244,-23034,-62501
0000001623,0001351667,039233,033080,060286,048162,083259,006660,-80210
0000001624,0001352500,039858,032511,060280,048162,063431,035913,-89635
0000001625,0001353333,040532,032111,060253,048162,037663,061948,-89902
0000001626,0001354167,041181,031929,060206,048162,008485,082024,-80800
0000001627,0001355000,041731,031995,060144,048162,-21232,094361,-63420
0000001628,0001355833,042123,032284,060076,048162,-48602,097688,-39377
0000001629,0001356667,042312,032779,060008,048162,-70925,091624,-10989
0000001630,0001357500,042273,033429,059947,048162,-86037,076905,018841
0000001631,0001358333,042004,034163,059900,048162,-92449,054838,047319
0000001632,0001359167,041525,034919,059872,048162,-89516,027629,071596
0000001633,0001360000,040878,035614,059868,048162,-77559,-02023,089291
0000001634,0001360833,040121,036187,059886,048162,-57725,-31304,098738
0000001635,0001361667,039323,036586,059926,048162,-31953,-57260,098922
0000001636,0001362500,038558,036764,059985,048162,-02784,-77397,089889
0000001637,0001363333,037897,036711,060056,048162,026941,-89750,072517
0000001638,0001364167,037399,036429,060134,048162,054304,-93047,048452
0000001639,0001365000,037109,035946,060211,048162,076636,-87045,020118
0000001640,0001365833,037053,035312,060280,048162,091744,-72286,-09748
0000001641,0001366667,037230,034585,060335,048162,098141,-50207,-38225
0000001642,0001367500,037621,033839,060371,048162,095224,-23016,-62499
0000001643,0001368333,038184,033150,060383,048162,083260,006671,-80223
0000001644,0001369167,038859,032582,060373,048162,063417,035926,-89635
0000001645,0001370000,039579,032194,060340,048162,037656,061887,-89833
0000001646,0001370833,040270,032022,060288,048162,008483,082029,-80802
0000001647,0001371667,040860,032084,060222,048162,-21242,094349,-63398
0000001648,0001372500,041291,032375,060150,048162,-48611,097676,-39356
0000001649,0001373333,041516,032865,060079,048162,-70942,091668,-11018
0000001650,0001374167,041511,033509,060015,048162,-86042,076897,018854
0000001651,0001375000,041273,034243,059965,048162,-92454,054842,047321
0000001652,0001375833,040824,034995,059935,048162,-89532,027639,071602
0000001653,0001376667,040205,035692,059927,048162,-77560,-02047,089316
0000001654,0001377500,039475,036267,059943,048162,-57729,-31301,098739
0000001655,0001378333,038702,036662,059980,048162,-31964,-57269,098942
0000001656,0001379167,037962,036840,060037,048162,-02791,-77397,089896
0000001657,0001380000,037323,036783,060106,048162,026933,-89731,072507
0000001658,0001380833,036848,036497,060182,048162,054300,-93055,048464
0000001659,0001381667,036580,036011,060258,048162,076624,-87033,020118
0000001660,0001382500,036543,035373,060325,048162,091736,-72279,-09748
0000001661,0001383333,036740,034645,060378,048162,098142,-50219,-38214
0000001662,0001384167,037150,033899,060412,048162,095212,-23012,-62492
0000001663,0001385000,037729,033208,060423,048162,083254,006669,-80213
0000001664,0001385833,038422,032639,060411,048162,063418,035925,-89634
0000001665,0001386667,039157,032249,060376,048162,037648,061888,-89828
0000001666,0001387500,039863,032076,060323,048162,008477,082026,-80794
0000001667,0001388333,040468,032136,060256,048162,-21248,094359,-63402
0000001668,0001389167,040912,032425,060183,048162,-48612,097672,-39352
0000001669,0001390000,041151,032914,060110,048162,-70946,091665,-11010
0000001670,0001390833,041159,033556,060045,048162,-86054,076905,018857
0000001671,0001391667,040934,034288,059995,048162,-92451,054838,047322
0000001672,0001392500,040497,035039,059963,048162,-89535,027638,071607
0000001673,0001393333,039890,035736,059954,048162,-77571,-02045,089324
0000001674,0001394167,039170,036309,059969,048162,-57729,-31299,098737
0000001675,0001395000,038408,036703,060006,048162,-31968,-57267,098944
0000001676,0001395833,037678,036879,060061,048162,-02795,-77402,089905
0000001677,0001396667,037049,036821,060130,048162,026928,-89725,072506
0000001678,0001397500,036583,036534,060205,048162,054296,-93053,048466
0000001679,0001398333,036323,036047,060280,048162,076626,-87040,020123
0000001680,0001399167,036296,035408,060346,048162,091726,-72274,-09744
0000001681,0001400000,036501,034679,060399,048162,098139,-50217,-38212
0000001682,0001400833,036918,033932,060432,048162,095217,-23014,-62494
0000001683,0001401667,037506,033240,060442,048162,083245,006669,-80205
0000001684,0001402500,038206,032670,060429,048162,063414,035926,-89631
0000001685,0001403333,038948,032279,060394,048162,037649,061893,-89833
0000001686,0001404167,039661,032105,060340,048162,008474,082021,-80786
0000001687,0001405000,040273,032164,060273,048162,-21250,094358,-63399
0000001688,0001405833,040724,032452,060199,048162,-48618,097680,-39353
0000001689,0001406667,040968,032941,060126,048162,-70942,091659,-11008
0000001690,0001407500,040982,033582,060060,048162,-86055,076905,018859
0000001691,0001408333,040763,034313,060009,048162,-92462,054843,047327
0000001692,0001409167,040331,035063,059977,048162,-89531,027637,071603
0000001693,0001410000,039730,035759,059968,048162,-77572,-02045,089326
0000001694,0001410833,039015,036331,059982,048162,-57736,-31301,098746
0000001695,0001411667,038259,036724,060019,048162,-31967,-57262,098939
0000001696,0001412500,037533,036900,060073,048162,-02797,-77401,089906
0000001697,0001413333,036909,036842,060142,048162,026928,-89733,072514
0000001698,0001414167,036447,036554,060217,048162,054290,-93046,048464
0000001699,0001415000,036192,036067,060291,048162,076624,-87039,020124
0000001700,0001415833,036168,035427,060357,048162,091732,-72280,-09743
0000001701,0001416667,036378,034697,060409,048162,098130,-50214,-38207
0000001702,0001417500,036799,033950,060442,048162,095214,-23014,-62492
0000001703,0001418333,037390,033257,060452,048162,083250,006669,-80211
0000001704,0001419167,038094,032687,060439,048162,063409,035923,-89623
0000001705,0001420000,038840,032295,060403,048162,037647,061892,-89831
0000001706,0001420833,039556,032120,060349,048162,008474,082027,-80792
0000001707,0001421667,040171,032179,060282,048162,-21250,094351,-63393
0000001708,0001422500,040625,032467,060208,048162,-48619,097680,-39352
0000001709,0001423333,040873,032955,060134,048162,-70949,091666,-11008
0000001710,0001424167,040890,033596,060068,048162,-86050,076900,018859
0000001711,0001425000,040673,034327,060017,048162,-92462,054843,047328
0000001712,0001425833,040245,035076,059985,048162,-89540,027639,071609
0000001713,0001426667,039646,035771,059975,048162,-77567,-02044,089320
0000001714,0001427500,038934,036343,059989,048162,-57737,-31301,098746
0000001715,0001428333,038180,036736,060025,048162,-31971,-57267,098947
0000001716,0001429167,037457,036912,060080,048162,-02798,-77395,089901
0000001717,0001430000,036835,036853,060148,048162,026927,-89732,072514
0000001718,0001430833,036375,036565,060223,048162,054294,-93054,048469
0000001719,0001431667,036123,036077,060297,048162,076617,-87032,020124
0000001720,0001432500,036101,035437,060363,048162,091730,-72279,-09742
0000001721,0001433333,036312,034707,060415,048162,098137,-50218,-38210
0000001722,0001434167,036736,033959,060447,048162,095207,-23012,-62486
0000001723,0001435000,037329,033266,060457,048162,083249,006669,-80209
0000001724,0001435833,038034,032696,060444,048162,063413,035926,-89630
0000001725,0001436667,038783,032304,060408,048162,037644,061888,-89823
0000001726,0001437500,039500,032129,060354,048162,008473,082027,-80791
0000001727,0001438333,040117,032187,060286,048162,-21252,094359,-63398
0000001728,0001439167,040573,032475,060212,048162,-48615,097673,-39348
0000001729,0001440000,040822,032962,060138,048162,-70949,091666,-11007
0000001730,0001440833,040841,033603,060072,048162,-86058,076906,018860
0000001731,0001441667,040626,034334,060021,048162,-92455,054839,047325
0000001732,0001442500,040199,035083,059989,048162,-89539,027639,071609
0000001733,0001443333,039601,035778,059979,048162,-77575,-02044,089328
0000001734,0001444167,038891,036350,059993,048162,-57733,-31298,098740
0000001735,0001445000,038138,036743,060029,048162,-31972,-57266,098947
0000001736,0001445833,037416,036918,060083,048162,-02799,-77401,089909
0000001737,0001446667,036795,036859,060151,048162,026924,-89725,072509
0000001738,0001447500,036337,036571,060226,048162,054293,-93053,048469
0000001739,0001448333,036085,036083,060300,048162,076623,-87040,020126
0000001740,0001449167,036065,035443,060366,048162,091723,-72274,-09741
0000001741,0001450000,036277,034713,060418,048162,098136,-50217,-38209
0000001742,0001450833,036701,033964,060450,048162,095214,-23014,-62491
0000001743,0001451667,037296,033271,060460,048162,083242,006669,-80202
0000001744,0001452500,038002,032701,060447,048162,063412,035926,-89629
0000001745,0001453333,038752,032308,060411,048162,037647,061893,-89831
0000001746,0001454167,039470,032133,060356,048162,008472,082021,-80785
0000001747,0001455000,040088,032192,060289,048162,-21252,094358,-63397
0000001748,0001455833,040545,032479,060214,048162,-48620,097681,-39352
0000001749,0001456667,040795,032967,060141,048162,-70944,091659,-11006
0000001750,0001457500,040814,033607,060075,048162,-86057,076905,018861
0000001751,0001458333,040600,034338,060023,048162,-92464,054844,047329
0000001752,0001459167,040174,035087,059991,048162,-89533,027637,071604
0000001753,0001460000,039577,035782,059981,048162,-77574,-02044,089327
0000001754,0001460833,038867,036353,059995,048162,-57739,-31300,098748
0000001755,0001461667,038115,036746,060031,048162,-31970,-57262,098940
0000001756,0001462500,037394,036921,060085,048162,-02799,-77400,089908
0000001757,0001463333,036774,036862,060153,048162,026926,-89732,072515
0000001758,0001464167,036316,036574,060228,048162,054288,-93046,048466
0000001759,0001465000,036065,036086,060302,048162,076622,-87039,020126
0000001760,0001465833,036045,035446,060368,048162,091730,-72280,-09742
0000001761,0001466667,036258,034716,060419,048162,098128,-50214,-38206
0000001762,0001467500,036683,033967,060452,048162,095213,-23014,-62490
0000001763,0001468333,037278,033274,060462,048162,083249,006669,-80209
0000001764,0001469167,037985,032703,060448,048162,063408,035923,-89622
0000001765,0001470000,038735,032311,060412,048162,037646,061892,-89830
0000001766,0001470833,039454,032136,060358,048162,008473,082027,-80792
0000001767,0001471667,040072,032195,060290,048162,-21251,094352,-63392
0000001768,0001472500,040529,032481,060216,048162,-48620,097680,-39351
0000001769,0001473333,040780,032969,060142,048162,-70950,091667,-11008
0000001770,0001474167,040799,033609,060076,048162,-86051,076900,018859
0000001771,0001475000,040586,034340,060024,048162,-92463,054843,047328
0000001772,0001475833,040160,035089,059992,048162,-89541,027640,071610
0000001773,0001476667,039563,035784,059982,048162,-77569,-02043,089321
0000001774,0001477500,038854,036355,059996,048162,-57738,-31300,098747
0000001775,0001478333,038103,036748,060032,048162,-31973,-57267,098948
0000001776,0001479167,037382,036923,060086,048162,-02799,-77394,089902
0000001777,0001480000,036762,036864,060154,048162,026925,-89731,072515
0000001778,0001480833,036305,036576,060229,048162,054292,-93054,048470
0000001779,0001481667,036054,036088,060303,048162,076616,-87033,020125
0000001780,0001482500,036035,035447,060369,048162,091729,-72279,-09741
0000001781,0001483333,036248,034717,060420,048162,098136,-50218,-38209
0000001782,0001484167,036673,033969,060453,048162,095206,-23012,-62485
0000001783,0001485000,037268,033275,060462,048162,083248,006669,-80208
0000001784,0001485833,037976,032705,060449,048162,063413,035926,-89630
0000001785,0001486667,038726,032313,060413,048162,037644,061888,-89822
0000001786,0001487500,039445,032137,060359,048162,008473,082027,-80791
0000001787,0001488333,040064,032196,060291,048162,-21253,094359,-63398
0000001788,0001489167,040521,032483,060216,048162,-48616,097673,-39348
0000001789,0001490000,040772,032970,060143,048162,-70950,091666,-11007
0000001790,0001490833,040792,033611,060077,048162,-86058,076906,018861
0000001791,0001491667,040578,034341,060025,048162,-92456,054840,047325
0000001792,0001492500,040153,035090,059993,048162,-89540,027639,071610
0000001793,0001493333,039556,035785,059983,048162,-77576,-02043,089328
0000001794,0001494167,038848,036356,059996,048162,-57734,-31297,098740
0000001795,0001495000,038096,036749,060032,048162,-31973,-57266,098948
0000001796,0001495833,037375,036924,060087,048162,-02800,-77401,089909
0000001797,0001496667,036756,036865,060155,048162,026923,-89725,072510
0000001798,0001497500,036299,036577,060229,048162,054292,-93053,048470
0000001799,0001498333,036048,036089,060303,048162,076623,-87040,020126
0000001800,0001499167,036029,035448,060369,048162,091723,-72274,-09740
0000001801,0001500000,036242,034718,060421,048162,098135,-50218,-38209
0000001802,0001500833,036667,033970,060453,048162,095214,-23014,-62491
0000001803,0001501667,037263,033276,060463,048162,083242,006669,-80202
0000001804,0001502500,037970,032706,060449,048162,063412,035926,-89629
0000001805,0001503333,038721,032313,060413,048162,037647,061893,-89830
0000001806,0001504167,039440,032138,060359,048162,008472,082021,-80784
0000001807,0001505000,040059,032196,060291,048162,-21252,094358,-63397
0000001808,0001505833,040516,032483,060217,048162,-48620,097681,-39352
0000001809,0001506667,040767,032971,060143,048162,-70944,091659,-11006
0000001810,0001507500,040787,033611,060077,048162,-86057,076906,018861
0000001811,0001508333,040574,034342,060025,048162,-92464,054844,047329
0000001812,0001509167,040148,035091,059993,048162,-89533,027638,071604
0000001813,0001510000,039552,035785,059983,048162,-77575,-02044,089327
0000001814,0001510833,038844,036357,059997,048162,-57739,-31300,098748
0000001815,0001511667,038092,036749,060033,048162,-31970,-57262,098941
0000001816,0001512500,037372,036925,060087,048162,-02800,-77400,089909
0000001817,0001513333,036752,036866,060155,048162,026925,-89732,072516
0000001818,0001514167,036295,036577,060230,048162,054288,-93046,048467
0000001819,0001515000,036045,036089,060303,048162,076622,-87039,020126
0000001820,0001515833,036025,035449,060369,048162,091730,-72280,-09741
0000001821,0001516667,036239,034719,060421,048162,098128,-50214,-38206
0000001822,0001517500,036664,033970,060453,048162,095213,-23014,-62490
0000001823,0001518333,037260,033277,060463,048162,083249,006669,-80209
0000001824,0001519167,037968,032706,060449,048162,063408,035923,-89622
0000001825,0001520000,038718,032314,060414,048162,037646,061892,-89829
0000001826,0001520833,039438,032138,060359,048162,008473,082027,-80791
0000001827,0001521667,040056,032197,060291,048162,-21251,094351,-63392
0000001828,0001522500,040514,032484,060217,048162,-48620,097680,-39351
0000001829,0001523333,040765,032971,060143,048162,-70950,091667,-11008
0000001830,0001524167,040785,033612,060077,048162,-86051,076900,018859
0000001831,0001525000,040572,034342,060025,048162,-92463,054844,047328
0000001832,0001525833,040146,035091,059993,048162,-89541,027640,071610
0000001833,0001526667,039550,035786,059983,048162,-77569,-02043,089321
0000001834,0001527500,038842,036357,059997,048162,-57739,-31300,098747
0000001835,0001528333,038090,036750,060033,048162,-31973,-57267,098949
0000001836,0001529167,037370,036925,060087,048162,-02799,-77394,089902
0000001837,0001530000,036751,036866,060155,048162,026925,-89731,072515
0000001838,0001530833,036293,036578,060230,048162,054292,-93054,048470
0000001839,0001531667,036043,036090,060304,048162,076616,-87033,020125
0000001840,0001532500,036024,035449,060370,048162,091729,-72279,-09741
0000001841,0001533333,036237,034719,060421,048162,098136,-50218,-38209
0000001842,0001534167,036663,033971,060453,048162,095206,-23012,-62485
0000001843,0001535000,037258,033277,060463,048162,083248,006669,-80208
0000001844,0001535833,037966,032706,060450,048162,063413,035926,-89630
0000001845,0001536667,038716,032314,060414,048162,037644,061888,-89822
0000001846,0001537500,039436,032138,060359,048162,008473,082027,-80791
0000001847,0001538333,040055,032197,060292,048162,-21253,094359,-63398
0000001848,0001539167,040512,032484,060217,048162,-48616,097673,-39348
0000001849,0001540000,040764,032972,060143,048162,-70950,091666,-11007
0000001850,0001540833,040784,033612,060077,048162,-86058,076906,018860
0000001851,0001541667,040570,034342,060026,048162,-92456,054840,047325
0000001852,0001542500,040145,035092,059993,048162,-89540,027640,071610
0000001853,0001543333,039549,035786,059983,048162,-77576,-02043,089328
0000001854,0001544167,038840,036357,059997,048162,-57734,-31297,098740
0000001855,0001545000,038089,036750,060033,048162,-31973,-57266,098948
0000001856,0001545833,037369,036925,060087,048162,-02800,-77401,089910
0000001857,0001546667,036750,036866,060155,048162,026923,-89725,072510
0000001858,0001547500,036292,036578,060230,048162,054292,-93053,048470
0000001859,0001548333,036042,036090,060304,048162,076622,-87040,020127
0000001860,0001549167,036023,035449,060370,048162,091723,-72274,-09740
0000001861,0001550000,036236,034719,060421,048162,098135,-50218,-38209
0000001862,0001550833,036662,033971,060454,048162,095214,-23014,-62491
0000001863,0001551667,037258,033277,060463,048162,083242,006669,-80202
0000001864,0001552500,037965,032706,060450,048162,063412,035926,-89629
0000001865,0001553333,038716,032314,060414,048162,037647,061893,-89830
0000001866,0001554167,039435,032139,060359,048162,008472,082021,-80784
0000001867,0001555000,040054,032197,060292,048162,-21252,094358,-63397
0000001868,0001555833,040512,032484,060217,048162,-48620,097681,-39352
0000001869,0001556667,040763,032972,060143,048162,-70944,091659,-11006
0000001870,0001557500,040783,033612,060077,048162,-86057,076906,018861
0000001871,0001558333,040570,034343,060026,048162,-92464,054844,047329
0000001872,0001559167,040144,035092,059993,048162,-89533,027638,071605
0000001873,0001560000,039548,035786,059983,048162,-77575,-02043,089327
0000001874,0001560833,038840,036358,059997,048162,-57739,-31300,098748
0000001875,0001561667,038088,036750,060033,048162,-31970,-57262,098941
0000001876,0001562500,037368,036925,060087,048162,-02800,-77400,089909
0000001877,0001563333,036749,036866,060155,048162,026925,-89732,072516
0000001878,0001564167,036292,036578,060230,048162,054288,-93046,048467
0000001879,0001565000,036041,036090,060304,048162,076622,-87039,020126
0000001880,0001565833,036022,035450,060370,048162,091730,-72280,-09741
0000001881,0001566667,036236,034719,060421,048162,098128,-50214,-38206
0000001882,0001567500,036661,033971,060454,048162,095213,-23014,-62490
0000001883,0001568333,037257,033277,060463,048162,083249,006669,-80209
0000001884,0001569167,037965,032707,060450,048162,063407,035923,-89622
0000001885,0001570000,038715,032314,060414,048162,037646,061892,-89829
0000001886,0001570833,039435,032139,060359,048162,008473,082027,-80791
0000001887,0001571667,040054,032197,060292,048162,-21251,094352,-63392
0000001888,0001572500,040511,032484,060217,048162,-48620,097680,-39351
0000001889,0001573333,040762,032972,060143,048162,-70950,091667,-11008
0000001890,0001574167,040782,033612,060077,048162,-86051,076900,018859
0000001891,0001575000,040569,034343,060026,048162,-92463,054844,047328
0000001892,0001575833,040144,035092,059993,048162,-89541,027640,071610
0000001893,0001576667,039548,035786,059983,048162,-77569,-02043,089321
0000001894,0001577500,038839,036358,059997,048162,-57739,-31300,098747
0000001895,0001578333,038088,036750,060033,048162,-31973,-57267,098949
0000001896,0001579167,037368,036925,060088,048162,-02799,-77394,089902
0000001897,0001580000,036749,036866,060155,048162,026925,-89732,072515
0000001898,0001580833,036291,036578,060230,048162,054292,-93054,048470
0000001899,0001581667,036041,036090,060304,048162,076616,-87033,020125
0000001900,0001582500,036022,035450,060370,048162,091729,-72279,-09741
0000001901,0001583333,036235,034719,060421,048162,098136,-50218,-38209
0000001902,0001584167,036661,033971,060454,048162,095206,-23012,-62485
0000001903,0001585000,037257,033277,060463,048162,083248,006669,-80208
0000001904,0001585833,037964,032706,060450,048162,063413,035926,-89630
0000001905,0001586667,038715,032314,060414,048162,037643,061888,-89822
0000001906,0001587500,039435,032139,060359,048162,008473,082027,-80791
0000001907,0001588333,040054,032197,060292,048162,-21253,094359,-63398
0000001908,0001589167,040511,032485,060217,048162,-48616,097673,-39348
0000001909,0001590000,040762,032972,060143,048162,-70950,091666,-11007
0000001910,0001590833,040782,033612,060077,048162,-86058,076906,018861
0000001911,0001591667,040569,034343,060026,048162,-92456,054840,047325
0000001912,0001592500,040144,035092,059993,048162,-89540,027640,071610
0000001913,0001593333,039548,035786,059983,048162,-77576,-02043,089328
0000001914,0001594167,038839,036357,059997,048162,-57734,-31298,098740
0000001915,0001595000,038088,036750,060033,048162,-31973,-57266,098948
0000001916,0001595833,037367,036925,060088,048162,-02800,-77401,089910
0000001917,0001596667,036748,036866,060155,048162,026923,-89725,072510
0000001918,0001597500,036291,036578,060230,048162,054292,-93053,048470
0000001919,0001598333,036041,036090,060304,048162,076623,-87040,020126
0000001920,0001599167,036022,035450,060370,048162,091723,-72274,-09740
0000001921,0001600000,036235,034719,060421,048162,098136,-50218,-38209
0000001922,0001600833,036661,033971,060454,048162,095214,-23014,-62491
0000001923,0001601667,037257,033277,060463,048162,083242,006669,-80202
0000001924,0001602500,037964,032706,060450,048162,063412,035926,-89629
0000001925,0001603333,038715,032314,060414,048162,037646,061893,-89830
0000001926,0001604167,039434,032139,060359,048162,008472,082021,-80784
0000001927,0001605000,040053,032197,060292,048162,-21253,094358,-63397
0000001928,0001605833,040511,032484,060217,048162,-48620,097681,-39352
0000001929,0001606667,040762,032972,060143,048162,-70944,091659,-11006
0000001930,0001607500,040782,033612,060077,048162,-86057,076906,018861
0000001931,0001608333,040569,034343,060026,048162,-92464,054844,047329
0000001932,0001609167,040143,035092,059993,048162,-89533,027638,071605
0000001933,0001610000,039547,035786,059983,048162,-77575,-02044,089328
0000001934,0001610833,038839,036358,059997,048162,-57739,-31300,098748
0000001935,0001611667,038088,036750,060033,048162,-31970,-57262,098941
0000001936,0001612500,037367,036925,060088,048162,-02799,-77400,089909
0000001937,0001613333,036748,036866,060155,048162,026925,-89732,072516
0000001938,0001614167,036291,036578,060230,048162,054288,-93046,048466
0000001939,0001615000,036041,036090,060304,048162,076622,-87039,020126
0000001940,0001615833,036021,035450,060370,048162,091730,-72280,-09741
0000001941,0001616667,036235,034719,060421,048162,098128,-50214,-38206
0000001942,0001617500,036661,033971,060454,048162,095213,-23014,-62490
0000001943,0001618333,037256,033277,060463,048162,083249,006669,-80209
0000001944,0001619167,037964,032707,060450,048162,063407,035923,-89622
0000001945,0001620000,038714,032314,060414,048162,037646,061893,-89829
0000001946,0001620833,039434,032139,060359,048162,008473,082028,-80791
0000001947,0001621667,040053,032198,060292,048162,-21251,094352,-63392
0000001948,0001622500,040511,032485,060217,048162,-48620,097680,-39351
0000001949,0001623333,040762,032972,060143,048162,-70951,091667,-11007
0000001950,0001624167,040782,033612,060077,048162,-86051,076900,018860
0000001951,0001625000,040569,034343,060026,048162,-92463,054843,047329
0000001952,0001625833,040143,035092,059993,048162,-89541,027640,071610
0000001953,0001626667,039547,035786,059983,048162,-77569,-02043,089321
0000001954,0001627500,038839,036358,059997,048162,-57738,-31300,098748
0000001955,0001628333,038088,036750,060033,048162,-31973,-57267,098949
0000001956,0001629167,037367,036925,060088,048162,-02799,-77395,089902
0000001957,0001630000,036748,036866,060155,048162,026926,-89732,072515
0000001958,0001630833,036291,036578,060230,048162,054293,-93054,048470
0000001959,0001631667,036041,036090,060304,048162,076617,-87033,020125
0000001960,0001632500,036021,035450,060370,048162,091730,-72279,-09742
0000001961,0001633333,036235,034719,060421,048162,098136,-50218,-38210
0000001962,0001634167,036661,033971,060454,048162,095206,-23012,-62485
0000001963,0001635000,037256,033277,060463,048162,083248,006669,-80209
0000001964,0001635833,037964,032706,060450,048162,063412,035926,-89630
0000001965,0001636667,038714,032314,060414,048162,037643,061888,-89822
0000001966,0001637500,039434,032139,060360,048162,008472,082027,-80790
0000001967,0001638333,040053,032197,060292,048162,-21253,094359,-63397
0000001968,0001639167,040511,032485,060217,048162,-48616,097673,-39348
0000001969,0001640000,040762,032972,060143,048162,-70950,091666,-11007
0000001970,0001640833,040782,033612,060077,048162,-86058,076906,018861
0000001971,0001641667,040568,034343,060026,048162,-92456,054840,047325
0000001972,0001642500,040143,035092,059993,048162,-89540,027639,071610
0000001973,0001643333,039547,035786,059983,048162,-77576,-02044,089328
0000001974,0001644167,038839,036358,059997,048162,-57734,-31298,098741
0000001975,0001645000,038088,036750,060033,048162,-31972,-57267,098948
0000001976,0001645833,037367,036926,060088,048162,-02799,-77401,089910
0000001977,0001646667,036748,036866,060155,048162,026924,-89725,072510
0000001978,0001647500,036291,036578,060230,048162,054292,-93053,048469
0000001979,0001648333,036041,036090,060304,048162,076623,-87040,020126
0000001980,0001649167,036021,035450,060370,048162,091723,-72274,-09741
0000001981,0001650000,036235,034719,060421,048162,098136,-50217,-38209
0000001982,0001650833,036660,033971,060454,048162,095214,-23014,-62491
0000001983,0001651667,037256,033277,060463,048162,083242,006669,-80202
0000001984,0001652500,037964,032707,060450,048162,063412,035926,-89629
0000001985,0001653333,038714,032314,060414,048162,037646,061893,-89830
0000001986,0001654167,039434,032139,060359,048162,008472,082021,-80784
0000001987,0001655000,040053,032198,060292,048162,-21253,094359,-63397
0000001988,0001655833,040511,032485,060217,048162,-48620,097681,-39351
0000001989,0001656667,040761,032972,060143,048162,-70945,091659,-11006
0000001990,0001657500,040782,033612,060077,048162,-86058,076905,018861
0000001991,0001658333,040569,034343,060026,048162,-92464,054844,047329
0000001992,0001659167,040143,035092,059993,048162,-89533,027637,071605
0000001993,0001660000,039547,035786,059983,048162,-77575,-02044,089328
0000001994,0001660833,038839,036358,059997,048162,-57739,-31301,098748
0000001995,0001661667,038088,036750,060033,048162,-31970,-57262,098941
0000001996,0001662500,037367,036926,060088,048162,-02799,-77401,089909
0000001997,0001663333,036748,036866,060155,048162,026926,-89733,072516
0000001998,0001664167,036291,036578,060230,048162,054289,-93046,048466
0000001999,0001665000,036040,036090,060304,048162,076622,-87039,020126
0000002000,0001665833,036021,035450,060370,048162,091731,-72280,-09742
0000002001,0001666667,036235,034719,060421,048162,098129,-50213,-38206
0000002002,0001667500,036660,033971,060454,048162,095213,-23013,-62491
0000002003,0001668333,037256,033277,060463,048162,083249,006670,-80209
0000002004,0001669167,037964,032707,060450,048162,063407,035924,-89622
0000002005,0001670000,038714,032314,060414,048162,037645,061893,-89829
0000002006,0001670833,039434,032139,060360,048162,008472,082028,-80791
0000002007,0001671667,040053,032198,060292,048162,-21251,094352,-63392
0000002008,0001672500,040511,032485,060217,048162,-48620,097680,-39351
0000002009,0001673333,040762,032972,060143,048162,-70951,091667,-11007
0000002010,0001674167,040781,033613,060077,048162,-86051,076900,018860
0000002011,0001675000,040568,034343,060026,048162,-92463,054843,047329
0000002012,0001675833,040143,035092,059993,048162,-89541,027639,071611
0000002013,0001676667,039547,035786,059984,048162,-77569,-02044,089321
0000002014,0001677500,038839,036358,059997,048162,-57738,-31301,098748
0000002015,0001678333,038087,036750,060033,048162,-31973,-57267,098949
0000002016,0001679167,037367,036925,060088,048162,-02799,-77395,089902
0000002017,0001680000,036748,036866,060155,048162,026926,-89732,072515
0000002018,0001680833,036291,036579,060230,048162,054293,-93054,048470
0000002019,0001681667,036041,036090,060304,048162,076617,-87033,020124
0000002020,0001682500,036021,035450,060370,048162,091730,-72279,-09742
0000002021,0001683333,036235,034720,060421,048162,098136,-50218,-38210
0000002022,0001684167,036660,033971,060454,048162,095206,-23011,-62486
0000002023,0001685000,037256,033277,060463,048162,083248,006670,-80209
0000002024,0001685833,037964,032707,060450,048162,063412,035927,-89630
0000002025,0001686667,038714,032314,060414,048162,037643,061888,-89822
0000002026,0001687500,039434,032139,060360,048162,008472,082027,-80790
0000002027,0001688333,040053,032198,060292,048162,-21253,094359,-63397
0000002028,0001689167,040510,032485,060217,048162,-48616,097673,-39347
0000002029,0001690000,040762,032972,060143,048162,-70950,091666,-11006
0000002030,0001690833,040781,033613,060077,048162,-86058,076906,018861
0000002031,0001691667,040568,034343,060026,048162,-92456,054839,047326
0000002032,0001692500,040143,035092,059993,048162,-89540,027639,071610
0000002033,0001693333,039547,035786,059983,048162,-77576,-02044,089329
0000002034,0001694167,038839,036358,059997,048162,-57734,-31298,098741
0000002035,0001695000,038087,036750,060033,048162,-31972,-57267,098948
0000002036,0001695833,037367,036926,060088,048162,-02799,-77402,089909
0000002037,0001696667,036748,036866,060155,048162,026924,-89725,072510
0000002038,0001697500,036291,036579,060230,048162,054293,-93053,048469
0000002039,0001698333,036040,036090,060304,048162,076623,-87040,020126
0000002040,0001699167,036021,035450,060370,048162,091723,-72273,-09741
0000002041,0001700000,036235,034720,060421,048162,098136,-50217,-38210
0000002042,0001700833,036660,033971,060454,048162,095214,-23013,-62492
0000002043,0001701667,037256,033277,060463,048162,083242,006670,-80203
0000002044,0001702500,037964,032707,060450,048162,063411,035927,-89629
0000002045,0001703333,038714,032314,060414,048162,037646,061894,-89830
0000002046,0001704167,039434,032139,060360,048162,008471,082021,-80784
0000002047,0001705000,040053,032198,060292,048162,-21253,094359,-63396
0000002048,0001705833,040511,032485,060217,048162,-48621,097681,-39351
0000002049,0001706667,040761,032972,060143,048162,-70945,091659,-11005
0000002050,0001707500,040781,033613,060077,048162,-86058,076905,018861
0000002051,0001708333,040568,034343,060026,048162,-92464,054844,047330
0000002052,0001709167,040143,035092,059993,048162,-89533,027637,071605
0000002053,0001710000,039547,035786,059984,048162,-77575,-02044,089328
0000002054,0001710833,038839,036358,059997,048162,-57739,-31301,098749
0000002055,0001711667,038087,036750,060033,048162,-31969,-57263,098941
0000002056,0001712500,037367,036926,060088,048162,-02799,-77401,089909
0000002057,0001713333,036748,036866,060155,048162,026926,-89733,072515
0000002058,0001714167,036291,036578,060230,048162,054289,-93046,048466
0000002059,0001715000,036040,036090,060304,048162,076623,-87039,020125
0000002060,0001715833,036021,035450,060370,048162,091731,-72279,-09742
0000002061,0001716667,036235,034720,060421,048162,098129,-50213,-38207
0000002062,0001717500,036660,033971,060454,048162,095213,-23013,-62491
0000002063,0001718333,037256,033277,060463,048162,083248,006670,-80210
0000002064,0001719167,037964,032707,060450,048162,063407,035924,-89622
0000002065,0001720000,038714,032314,060414,048162,037645,061893,-89829
0000002066,0001720833,039434,032139,060360,048162,008472,082028,-80791
0000002067,0001721667,040053,032198,060292,048162,-21252,094352,-63391
0000002068,0001722500,040510,032485,060217,048162,-48621,097680,-39350
0000002069,0001723333,040761,032972,060143,048162,-70951,091667,-11006
0000002070,0001724167,040781,033613,060077,048162,-86051,076900,018861
0000002071,0001725000,040568,034343,060026,048162,-92463,054843,047329
0000002072,0001725833,040143,035092,059993,048162,-89541,027639,071611
0000002073,0001726667,039547,035786,059984,048162,-77569,-02044,089322
0000002074,0001727500,038838,036358,059997,048162,-57738,-31301,098748
0000002075,0001728333,038087,036750,060033,048162,-31972,-57268,098949
0000002076,0001729167,037367,036925,060088,048162,-02798,-77395,089902
0000002077,0001730000,036748,036866,060155,048162,026926,-89732,072515
0000002078,0001730833,036291,036579,060230,048162,054294,-93054,048469
0000002079,0001731667,036041,036090,060304,048162,076617,-87032,020124
0000002080,0001732500,036021,035450,060370,048162,091730,-72279,-09743
0000002081,0001733333,036235,034720,060421,048162,098137,-50217,-38210
0000002082,0001734167,036660,033971,060454,048162,095206,-23011,-62486
0000002083,0001735000,037256,033277,060463,048162,083248,006670,-80209
0000002084,0001735833,037964,032706,060450,048162,063412,035927,-89630
0000002085,0001736667,038714,032314,060414,048162,037642,061889,-89822
0000002086,0001737500,039434,032139,060360,048162,008471,082028,-80790
0000002087,0001738333,040053,032198,060292,048162,-21254,094360,-63397
0000002088,0001739167,040510,032485,060217,048162,-48617,097673,-39347
0000002089,0001740000,040761,032972,060143,048162,-70951,091666,-11006
0000002090,0001740833,040781,033613,060077,048162,-86059,076906,018862
0000002091,0001741667,040568,034343,060026,048162,-92456,054839,047326
0000002092,0001742500,040143,035092,059993,048162,-89540,027638,071611
0000002093,0001743333,039547,035786,059984,048162,-77575,-02045,089329
0000002094,0001744167,038838,036358,059997,048162,-57733,-31299,098741
0000002095,0001745000,038087,036750,060033,048162,-31972,-57267,098948
0000002096,0001745833,037367,036926,060088,048162,-02798,-77402,089909
0000002097,0001746667,036748,036866,060155,048162,026925,-89725,072509
0000002098,0001747500,036291,036579,060230,048162,054293,-93053,048469
0000002099,0001748333,036040,036090,060304,048162,076624,-87040,020125
0000002100,0001749167,036021,035450,060370,048162,091724,-72273,-09742
0000002101,0001750000,036235,034720,060421,048162,098136,-50217,-38210
0000002102,0001750833,036660,033971,060454,048162,095214,-23013,-62492
0000002103,0001751667,037256,033277,060463,048162,083241,006670,-80203
0000002104,0001752500,037964,032707,060450,048162,063411,035927,-89629
0000002105,0001753333,038714,032314,060414,048162,037645,061894,-89830
0000002106,0001754167,039434,032139,060360,048162,008471,082022,-80784
0000002107,0001755000,040053,032198,060292,048162,-21254,094359,-63396
0000002108,0001755833,040510,032485,060217,048162,-48621,097681,-39351
0000002109,0001756667,040761,032973,060143,048162,-70945,091659,-11005
0000002110,0001757500,040781,033613,060077,048162,-86058,076905,018862
0000002111,0001758333,040568,034343,060026,048162,-92464,054843,047330
0000002112,0001759167,040143,035092,059993,048162,-89533,027636,071606
0000002113,0001760000,039547,035786,059984,048162,-77574,-02045,089328
0000002114,0001760833,038838,036358,059997,048162,-57738,-31302,098749
0000002115,0001761667,038087,036750,060033,048162,-31969,-57263,098941
0000002116,0001762500,037367,036925,060088,048162,-02798,-77401,089908
0000002117,0001763333,036748,036866,060155,048162,026927,-89733,072515
0000002118,0001764167,036291,036578,060230,048162,054290,-93046,048465
0000002119,0001765000,036040,036090,060304,048162,076623,-87039,020125
0000002120,0001765833,036021,035450,060370,048162,091731,-72279,-09743
0000002121,0001766667,036235,034720,060421,048162,098129,-50213,-38207
0000002122,0001767500,036660,033971,060454,048162,095213,-23012,-62492
0000002123,0001768333,037256,033277,060464,048162,083248,006671,-80210
0000002124,0001769167,037964,032707,060450,048162,063406,035925,-89622
0000002125,0001770000,038714,032314,060414,048162,037644,061894,-89829
0000002126,0001770833,039434,032139,060360,048162,008471,082028,-80791
0000002127,0001771667,040053,032198,060292,048162,-21252,094352,-63391
0000002128,0001772500,040510,032485,060217,048162,-48621,097680,-39350
0000002129,0001773333,040761,032972,060143,048162,-70952,091666,-11006
0000002130,0001774167,040781,033613,060077,048162,-86051,076899,018861
0000002131,0001775000,040568,034343,060026,048162,-92463,054842,047330
0000002132,0001775833,040143,035092,059993,048162,-89541,027639,071611
0000002133,0001776667,039547,035786,059984,048162,-77568,-02045,089322
0000002134,0001777500,038838,036358,059997,048162,-57737,-31302,098748
0000002135,0001778333,038087,036750,060033,048162,-31972,-57268,098949
0000002136,0001779167,037367,036925,060088,048162,-02798,-77396,089902
0000002137,0001780000,036748,036866,060155,048162,026927,-89732,072514
0000002138,0001780833,036291,036579,060230,048162,054294,-93054,048469
0000002139,0001781667,036040,036090,060304,048162,076618,-87032,020123
0000002140,0001782500,036021,035450,060370,048162,091730,-72278,-09743
0000002141,0001783333,036234,034720,060421,048162,098137,-50217,-38211
0000002142,0001784167,036660,033971,060454,048162,095206,-23010,-62487
0000002143,0001785000,037256,033277,060464,048162,083247,006671,-80209
0000002144,0001785833,037964,032706,060450,048162,063411,035928,-89630
0000002145,0001786667,038714,032314,060414,048162,037642,061889,-89822
0000002146,0001787500,039434,032139,060360,048162,008471,082028,-80790
0000002147,0001788333,040053,032198,060292,048162,-21254,094360,-63397
0000002148,0001789167,040510,032485,060217,048162,-48617,097673,-39347
0000002149,0001790000,040761,032972,060143,048162,-70951,091666,-11006
0000002150,0001790833,040781,033613,060077,048162,-86059,076905,018862
0000002151,0001791667,040568,034343,060026,048162,-92456,054838,047327
0000002152,0001792500,040143,035092,059993,048162,-89540,027638,071611
0000002153,0001793333,039547,035786,059984,048162,-77575,-02045,089329
0000002154,0001794167,038838,036358,059997,048162,-57733,-31299,098741
0000002155,0001795000,038087,036750,060033,048162,-31971,-57268,098948
0000002156,0001795833,037367,036926,060088,048162,-02798,-77402,089909
0000002157,0001796667,036748,036866,060155,048162,026925,-89726,072509
0000002158,0001797500,036291,036579,060230,048162,054294,-93053,048468
0000002159,0001798333,036040,036091,060304,048162,076624,-87040,020125
0000002160,0001799167,036021,035450,060370,048162,091724,-72273,-09742
0000002161,0001800000,036234,034720,060421,048162,098136,-50216,-38211
0000002162,0001800833,036660,033971,060454,048162,095214,-23012,-62492
0000002163,0001801667,037256,033277,060463,048162,083241,006671,-80203
0000002164,0001802500,037964,032706,060450,048162,063410,035928,-89629
0000002165,0001803333,038714,032314,060414,048162,037645,061894,-89830
0000002166,0001804167,039434,032139,060360,048162,008470,082022,-80783
0000002167,0001805000,040053,032198,060292,048162,-21254,094359,-63396
0000002168,0001805833,040510,032485,060217,048162,-48622,097681,-39350
0000002169,0001806667,040761,032973,060143,048162,-70946,091659,-11004
0000002170,0001807500,040781,033613,060077,048162,-86058,076905,018862
0000002171,0001808333,040568,034343,060026,048162,-92464,054843,047330
0000002172,0001809167,040142,035092,059993,048162,-89533,027636,071606
0000002173,0001810000,039546,035786,059984,048162,-77574,-02045,089328
0000002174,0001810833,038838,036358,059997,048162,-57738,-31302,098749
0000002175,0001811667,038087,036750,060033,048162,-31968,-57263,098941
0000002176,0001812500,037367,036925,060088,048162,-02798,-77402,089908
0000002177,0001813333,036748,036866,060155,048162,026927,-89733,072515
0000002178,0001814167,036291,036578,060230,048162,054290,-93046,048465
0000002179,0001815000,036040,036091,060304,048162,076624,-87039,020124
0000002180,0001815833,036021,035450,060370,048162,091731,-72279,-09743
0000002181,0001816667,036235,034720,060421,048162,098129,-50212,-38208
0000002182,0001817500,036660,033971,060454,048162,095213,-23012,-62492
0000002183,0001818333,037256,033277,060464,048162,083248,006671,-80210
0000002184,0001819167,037964,032707,060450,048162,063406,035925,-89622
0000002185,0001820000,038714,032314,060414,048162,037644,061894,-89829
0000002186,0001820833,039434,032139,060360,048162,008471,082029,-80791
0000002187,0001821667,040053,032198,060292,048162,-21253,094352,-63391
0000002188,0001822500,040510,032485,060217,048162,-48621,097680,-39349
0000002189,0001823333,040761,032973,060143,048162,-70952,091666,-11006
0000002190,0001824167,040781,033613,060077,048162,-86052,076899,018861
0000002191,0001825000,040568,034343,060026,048162,-92463,054842,047330
0000002192,0001825833,040142,035092,059993,048162,-89541,027638,071612
0000002193,0001826667,039546,035786,059984,048162,-77568,-02045,089322
0000002194,0001827500,038838,036358,059997,048162,-57737,-31302,098748
0000002195,0001828333,038087,036750,060033,048162,-31971,-57268,098949
0000002196,0001829167,037367,036925,060088,048162,-02797,-77396,089902
0000002197,0001830000,036748,036866,060155,048162,026927,-89733,072514
0000002198,0001830833,036291,036579,060230,048162,054294,-93054,048469
0000002199,0001831667,036040,036090,060304,048162,076618,-87032,020123
0000002200,0001832500,036021,035450,060370,048162,091731,-72278,-09744
0000002201,0001833333,036234,034720,060421,048162,098137,-50216,-38211
0000002202,0001834167,036660,033971,060454,048162,095206,-23010,-62487
0000002203,0001835000,037256,033277,060464,048162,083247,006671,-80210
0000002204,0001835833,037964,032706,060450,048162,063411,035928,-89630
0000002205,0001836667,038714,032314,060414,048162,037641,061890,-89822
0000002206,0001837500,039434,032139,060360,048162,008470,082028,-80790
0000002207,0001838333,040053,032198,060292,048162,-21255,094360,-63396
0000002208,0001839167,040510,032485,060217,048162,-48618,097673,-39346
0000002209,0001840000,040761,032973,060143,048162,-70951,091665,-11005
0000002210,0001840833,040781,033613,060077,048162,-86059,076905,018863
0000002211,0001841667,040568,034343,060026,048162,-92456,054838,047327
0000002212,0001842500,040142,035092,059993,048162,-89540,027638,071611
0000002213,0001843333,039546,035786,059984,048162,-77575,-02045,089329
0000002214,0001844167,038838,036358,059997,048162,-57733,-31300,098741
0000002215,0001845000,038087,036750,060033,048162,-31971,-57268,098948
0000002216,0001845833,037367,036926,060088,048162,-02798,-77402,089909
0000002217,0001846667,036748,036866,060155,048162,026926,-89726,072509
0000002218,0001847500,036291,036579,060230,048162,054294,-93053,048468
0000002219,0001848333,036040,036091,060304,048162,076624,-87040,020124
0000002220,0001849167,036021,035450,060370,048162,091724,-72273,-09743
0000002221,0001850000,036234,034720,060421,048162,098136,-50216,-38211
0000002222,0001850833,036660,033971,060454,048162,095214,-23012,-62493
0000002223,0001851667,037256,033277,060464,048162,083241,006671,-80203
0000002224,0001852500,037964,032706,060450,048162,063410,035928,-89629
0000002225,0001853333,038714,032314,060414,048162,037644,061895,-89830
0000002226,0001854167,039434,032139,060360,048162,008470,082022,-80783
0000002227,0001855000,040053,032198,060292,048162,-21255,094359,-63395
0000002228,0001855833,040510,032485,060217,048162,-48622,097681,-39350
0000002229,0001856667,040761,032973,060143,048162,-70946,091659,-11004
0000002230,0001857500,040781,033613,060077,048162,-86058,076904,018863
0000002231,0001858333,040568,034343,060026,048162,-92464,054842,047331
0000002232,0001859167,040142,035092,059993,048162,-89533,027636,071606
0000002233,0001860000,039546,035786,059984,048162,-77574,-02046,089329
0000002234,0001860833,038838,036358,059997,048162,-57738,-31302,098749
0000002235,0001861667,038087,036750,060033,048162,-31968,-57264,098941
0000002236,0001862500,037367,036925,060088,048162,-02797,-77402,089908
0000002237,0001863333,036748,036866,060155,048162,026928,-89733,072515
0000002238,0001864167,036291,036578,060230,048162,054290,-93046,048465
0000002239,0001865000,036040,036091,060304,048162,076624,-87039,020124
0000002240,0001865833,036021,035450,060370,048162,091731,-72279,-09744
0000002241,0001866667,036234,034720,060421,048162,098129,-50212,-38208
0000002242,0001867500,036660,033971,060454,048162,095213,-23012,-62492
0000002243,0001868333,037256,033277,060464,048162,083248,006672,-80210
0000002244,0001869167,037964,032707,060450,048162,063406,035926,-89622
0000002245,0001870000,038714,032314,060414,048162,037644,061894,-89829
0000002246,0001870833,039434,032139,060360,048162,008470,082029,-80790
0000002247,0001871667,040053,032198,060292,048162,-21253,094352,-63390
0000002248,0001872500,040510,032485,060217,048162,-48622,097680,-39349
0000002249,0001873333,040761,032973,060143,048162,-70952,091666,-11005
0000002250,0001874167,040781,033613,060077,048162,-86052,076899,018862
0000002251,0001875000,040568,034343,060026,048162,-92463,054842,047331
0000002252,0001875833,040142,035092,059993,048162,-89541,027638,071612
0000002253,0001876667,039546,035786,059984,048162,-77568,-02045,089322
0000002254,0001877500,038838,036358,059997,048162,-57737,-31302,098748
0000002255,0001878333,038087,036750,060033,048162,-31971,-57269,098949
0000002256,0001879167,037367,036925,060088,048162,-02797,-77396,089902
0000002257,0001880000,036748,036866,060155,048162,026928,-89733,072514
0000002258,0001880833,036291,036579,060230,048162,054295,-93054,048468
0000002259,0001881667,036040,036090,060304,048162,076618,-87032,020123
0000002260,0001882500,036021,035450,060370,048162,091731,-72278,-09744
0000002261,0001883333,036234,034720,060421,048162,098137,-50216,-38212
0000002262,0001884167,036660,033971,060454,048162,095206,-23010,-62487
0000002263,0001885000,037256,033277,060464,048162,083247,006672,-80210
0000002264,0001885833,037964,032706,060450,048162,063411,035928,-89630
0000002265,0001886667,038714,032314,060414,048162,037641,061890,-89822
0000002266,0001887500,039434,032139,060360,048162,008470,082028,-80790
0000002267,0001888333,040053,032198,060292,048162,-21255,094360,-63396
0000002268,0001889167,040510,032485,060217,048162,-48618,097673,-39346
0000002269,0001890000,040761,032973,060143,048162,-70952,091665,-11005
0000002270,0001890833,040781,033613,060077,048162,-86059,076905,018863
0000002271,0001891667,040568,034343,060026,048162,-92456,054838,047327
0000002272,0001892500,040142,035092,059993,048162,-89540,027637,071611
0000002273,0001893333,039546,035786,059984,048162,-77575,-02046,089329
0000002274,0001894167,038838,036358,059997,048162,-57732,-31300,098741
0000002275,0001895000,038087,036750,060033,048162,-31971,-57268,098948
0000002276,0001895833,037367,036925,060088,048162,-02797,-77403,089909
0000002277,0001896667,036748,036866,060155,048162,026926,-89726,072509
0000002278,0001897500,036291,036579,060230,048162,054294,-93053,048468
0000002279,0001898333,036040,036091,060304,048162,076625,-87040,020124
0000002280,0001899167,036021,035450,060370,048162,091724,-72272,-09743
0000002281,0001900000,036234,034720,060421,048162,098136,-50216,-38212
0000002282,0001900833,036660,033971,060454,048162,095213,-23012,-62493
0000002283,0001901667,037256,033277,060464,048162,083241,006671,-80203
0000002284,0001902500,037964,032706,060450,048162,063410,035928,-89629
0000002285,0001903333,038714,032314,060414,048162,037644,061895,-89830
0000002286,0001904167,039434,032139,060360,048162,008470,082022,-80783
0000002287,0001905000,040053,032198,060292,048162,-21255,094359,-63395
0000002288,0001905833,040510,032485,060217,048162,-48622,097681,-39350
0000002289,0001906667,040761,032973,060143,048162,-70946,091659,-11004
0000002290,0001907500,040781,033613,060077,048162,-86058,076904,018863
0000002291,0001908333,040568,034343,060026,048162,-92464,054842,047331
0000002292,0001909167,040142,035092,059993,048162,-89533,027635,071606
0000002293,0001910000,039546,035786,059984,048162,-77574,-02046,089329
0000002294,0001910833,038838,036358,059997,048162,-57737,-31303,098749
0000002295,0001911667,038087,036750,060033,048162,-31968,-57264,098941
0000002296,0001912500,037367,036925,060088,048162,-02797,-77402,089908
0000002297,0001913333,036748,036866,060155,048162,026928,-89733,072514
0000002298,0001914167,036291,036578,060230,048162,054291,-93046,048464
0000002299,0001915000,036040,036091,060304,048162,076624,-87039,020124
0000002300,0001915833,036021,035450,060370,048162,091731,-72279,-09744
0000002301,0001916667,036234,034720,060421,048162,098129,-50212,-38208
0000002302,0001917500,036660,033971,060454,048162,095213,-23011,-62492
0000002303,0001918333,037256,033277,060464,048162,083248,006672,-80210
0000002304,0001919167,037964,032707,060450,048162,063405,035926,-89622
0000002305,0001920000,038714,032314,060414,048162,037643,061895,-89829
0000002306,0001920833,039434,032139,060360,048162,008470,082029,-80790
0000002307,0001921667,040053,032198,060292,048162,-21253,094352,-63390
0000002308,0001922500,040510,032485,060217,048162,-48622,097680,-39349
0000002309,0001923333,040761,032973,060143,048162,-70952,091666,-11005
0000002310,0001924167,040781,033613,060077,048162,-86052,076899,018862
0000002311,0001925000,040568,034343,060026,048162,-92463,054842,047331
0000002312,0001925833,040142,035092,059993,048162,-89541,027638,071612
0000002313,0001926667,039546,035786,059984,048162,-77568,-02046,089322
0000002314,0001927500,038838,036358,059997,048162,-57737,-31303,098748
0000002315,0001928333,038087,036750,060033,048162,-31971,-57269,098949
0000002316,0001929167,037367,036925,060088,048162,-02797,-77396,089902
0000002317,0001930000,036748,036866,060155,048162,026928,-89733,072514
0000002318,0001930833,036290,036579,060230,048162,054295,-93054,048468
0000002319,0001931667,036040,036090,060304,048162,076619,-87032,020122
0000002320,0001932500,036021,035450,060370,048162,091731,-72278,-09744
0000002321,0001933333,036234,034720,060421,048162,098137,-50216,-38212
0000002322,0001934167,036660,033971,060454,048162,095206,-23009,-62487
0000002323,0001935000,037256,033277,060464,048162,083247,006672,-80210
0000002324,0001935833,037963,032706,060450,048162,063410,035929,-89630
0000002325,0001936667,038714,032314,060414,048162,037641,061890,-89822
0000002326,0001937500,039434,032139,060360,048162,008470,082028,-80789
0000002327,0001938333,040053,032198,060292,048162,-21255,094360,-63396
0000002328,0001939167,040510,032485,060217,048162,-48618,097673,-39346
0000002329,0001940000,040761,032973,060143,048162,-70952,091665,-11005
0000002330,0001940833,040781,033613,060077,048162,-86059,076905,018863
0000002331,0001941667,040567,034343,060026,048162,-92456,054838,047328
0000002332,0001942500,040142,035092,059993,048162,-89540,027637,071612
0000002333,0001943333,039546,035786,059984,048162,-77575,-02046,089329
0000002334,0001944167,038838,036358,059997,048162,-57732,-31300,098741
0000002335,0001945000,038087,036750,060033,048162,-31970,-57268,098948
0000002336,0001945833,037367,036925,060088,048162,-02797,-77403,089909
0000002337,0001946667,036748,036866,060155,048162,026926,-89726,072509
0000002338,0001947500,036290,036579,060230,048162,054295,-93053,048468
0000002339,0001948333,036040,036091,060304,048162,076625,-87040,020124
0000002340,0001949167,036021,035450,060370,048162,091724,-72272,-09743
0000002341,0001950000,036234,034720,060421,048162,098136,-50215,-38212
0000002342,0001950833,036660,033971,060454,048162,095213,-23012,-62493
0000002343,0001951667,037256,033277,060464,048162,083241,006672,-80203
0000002344,0001952500,037963,032706,060450,048162,063410,035929,-89629
0000002345,0001953333,038714,032314,060414,048162,037644,061895,-89830
0000002346,0001954167,039434,032139,060360,048162,008470,082022,-80783
0000002347,0001955000,040053,032198,060292,048162,-21255,094359,-63395
0000002348,0001955833,040510,032485,060217,048162,-48622,097681,-39349
0000002349,0001956667,040761,032973,060143,048162,-70946,091659,-11004
0000002350,0001957500,040781,033613,060077,048162,-86058,076904,018863
0000002351,0001958333,040568,034343,060026,048162,-92464,054842,047331
0000002352,0001959167,040142,035092,059993,048162,-89533,027635,071607
0000002353,0001960000,039546,035786,059984,048162,-77574,-02046,089329
0000002354,0001960833,038838,036358,059997,048162,-57737,-31303,098749
0000002355,0001961667,038087,036750,060033,048162,-31968,-57264,098941
0000002356,0001962500,037367,036925,060088,048162,-02797,-77402,089908
0000002357,0001963333,036748,036866,060155,048162,026928,-89733,072514
0000002358,0001964167,036291,036578,060230,048162,054291,-93046,048464
0000002359,0001965000,036040,036091,060304,048162,076624,-87039,020123
0000002360,0001965833,036021,035450,060370,048162,091732,-72279,-09744
0000002361,0001966667,036234,034720,060421,048162,098129,-50212,-38208
0000002362,0001967500,036660,033971,060454,048162,095213,-23011,-62492
0000002363,0001968333,037256,033277,060464,048162,083248,006672,-80211
0000002364,0001969167,037963,032707,060450,048162,063405,035926,-89622
0000002365,0001970000,038714,032314,060414,048162,037643,061895,-89829
0000002366,0001970833,039434,032139,060360,048162,008470,082029,-80790
0000002367,0001971667,040053,032198,060292,048162,-21253,094352,-63390
0000002368,0001972500,040510,032485,060217,048162,-48622,097680,-39349
0000002369,0001973333,040761,032973,060143,048162,-70952,091666,-11005
0000002370,0001974167,040781,033613,060077,048162,-86052,076899,018862
0000002371,0001975000,040567,034344,060026,048162,-92463,054842,047331
0000002372,0001975833,040142,035092,059993,048162,-89541,027638,071612
0000002373,0001976667,039546,035786,059984,048162,-77568,-02046,089322
0000002374,0001977500,038838,036358,059997,048162,-57737,-31303,098748
0000002375,0001978333,038087,036750,060033,048162,-31971,-57269,098949
0000002376,0001979167,037367,036925,060088,048162,-02797,-77396,089902
0000002377,0001980000,036748,036866,060155,048162,026928,-89733,072514
0000002378,0001980833,036290,036579,060230,048162,054295,-93054,048468
0000002379,0001981667,036040,036091,060304,048162,076619,-87032,020122
0000002380,0001982500,036021,035450,060370,048162,091731,-72278,-09744
0000002381,0001983333,036234,034720,060421,048162,098137,-50216,-38212
0000002382,0001984167,036660,033971,060454,048162,095206,-23009,-62487
0000002383,0001985000,037256,033277,060464,048162,083247,006672,-80210
0000002384,0001985833,037963,032706,060450,048162,063410,035929,-89630
0000002385,0001986667,038714,032314,060414,048162,037641,061890,-89822
0000002386,0001987500,039434,032139,060360,048162,008470,082028,-80789
0000002387,0001988333,040053,032198,060292,048162,-21255,094360,-63396
0000002388,0001989167,040510,032485,060217,048162,-48618,097673,-39346
0000002389,0001990000,040761,032973,060143,048162,-70952,091665,-11005
0000002390,0001990833,040781,033613,060077,048162,-86059,076905,018863
0000002391,0001991667,040567,034344,060026,048162,-92456,054838,047328
0000002392,0001992500,040142,035092,059993,048162,-89540,027637,071612
0000002393,0001993333,039546,035786,059984,048162,-77575,-02046,089329
0000002394,0001994167,038838,036358,059997,048162,-57732,-31300,098741
0000002395,0001995000,038087,036750,060033,048162,-31970,-57268,098948
0000002396,0001995833,037367,036925,060088,048162,-02797,-77403,089909
0000002397,0001996667,036748,036866,060155,048162,026926,-89726,072509
0000002398,0001997500,036290,036579,060230,048162,054295,-93053,048468
0000002399,0001998333,036040,036091,060304,048162,076625,-87039,020124
0000002400,0001999167,036021,035450,060370,048162,091724,-72272,-09743
0000002401,0002000000,036234,034720,060421,048162,098136,-50215,-38212
0000002402,0002000833,036660,033971,060454,048162,095213,-23012,-62493
0000002403,0002001667,037256,033277,060464,048162,083241,006672,-80203
0000002404,0002002500,037963,032706,060450,048162,063410,035929,-89629
0000002405,0002003333,038714,032314,060414,048162,037644,061895,-89830
0000002406,0002004167,039434,032139,060360,048162,008470,082022,-80783
0000002407,0002005000,040053,032198,060292,048162,-21255,094359,-63395
0000002408,0002005833,040510,032485,060217,048162,-48622,097681,-39349
0000002409,0002006667,040761,032973,060143,048162,-70946,091659,-11004
0000002410,0002007500,040781,033613,060077,048162,-86058,076904,018863
0000002411,0002008333,040567,034344,060026,048162,-92464,054842,047331
0000002412,0002009167,040142,035092,059993,048162,-89533,027635,071606
0000002413,0002010000,039546,035786,059984,048162,-77574,-02046,089329
0000002414,0002010833,038838,036358,059997,048162,-57737,-31303,098749
0000002415,0002011667,038087,036750,060033,048162,-31968,-57264,098941
0000002416,0002012500,037367,036925,060088,048162,-02797,-77402,089908
0000002417,0002013333,036748,036866,060155,048162,026928,-89733,072514
0000002418,0002014167,036291,036579,060230,048162,054291,-93046,048464
0000002419,0002015000,036040,036091,060304,048162,076624,-87039,020123
0000002420,0002015833,036020,035450,060370,048162,091732,-72279,-09744
0000002421,0002016667,036234,034720,060421,048162,098129,-50212,-38208
0000002422,0002017500,036660,033971,060454,048162,095213,-23011,-62492
0000002423,0002018333,037255,033277,060464,048162,083248,006672,-80210
0000002424,0002019167,037963,032707,060450,048162,063405,035926,-89622
0000002425,0002020000,038714,032314,060414,048162,037643,061895,-89829
0000002426,0002020833,039434,032139,060360,048162,008470,082029,-80790
0000002427,0002021667,040053,032198,060292,048162,-21253,094352,-63390
0000002428,0002022500,040510,032485,060217,048162,-48622,097680,-39349
0000002429,0002023333,040761,032973,060143,048162,-70952,091666,-11005
0000002430,0002024167,040780,033613,060077,048162,-86052,076899,018862
0000002431,0002025000,040567,034344,060026,048162,-92463,054842,047331
0000002432,0002025833,040142,035092,059993,048162,-89541,027638,071612
0000002433,0002026667,039546,035786,059984,048162,-77568,-02046,089322
0000002434,0002027500,038838,036358,059997,048162,-57737,-31302,098748
0000002435,0002028333,038087,036750,060033,048162,-31971,-57269,098949
0000002436,0002029167,037367,036925,060088,048162,-02797,-77396,089902
0000002437,0002030000,036748,036866,060155,048162,026928,-89733,072514
0000002438,0002030833,036290,036579,060230,048162,054295,-93054,048468
0000002439,0002031667,036040,036091,060304,048162,076619,-87032,020122
0000002440,0002032500,036020,035450,060370,048162,091731,-72278,-09744
0000002441,0002033333,036234,034720,060421,048162,098137,-50216,-38212
0000002442,0002034167,036660,033971,060454,048162,095206,-23009,-62487
0000002443,0002035000,037255,033277,060464,048162,083247,006672,-80210
0000002444,0002035833,037963,032706,060450,048162,063410,035929,-89630
0000002445,0002036667,038714,032314,060414,048162,037641,061890,-89822
0000002446,0002037500,039434,032139,060360,048162,008470,082028,-80789
0000002447,0002038333,040053,032198,060292,048162,-21255,094360,-63396
0000002448,0002039167,040510,032485,060217,048162,-48618,097673,-39346
0000002449,0002040000,040761,032973,060143,048162,-70952,091665,-11005
0000002450,0002040833,040781,033613,060077,048162,-86059,076905,018863
0000002451,0002041667,040567,034344,060026,048162,-92456,054838,047327
0000002452,0002042500,040142,035092,059993,048162,-89540,027637,071611
0000002453,0002043333,039546,035786,059984,048162,-77575,-02046,089329
0000002454,0002044167,038838,036358,059997,048162,-57732,-31300,098741
0000002455,0002045000,038087,036750,060033,048162,-31970,-57268,098948
0000002456,0002045833,037367,036925,060088,048162,-02797,-77403,089909
0000002457,0002046667,036748,036866,060155,048162,026926,-89726,072509
0000002458,0002047500,036290,036579,060230,048162,054294,-93053,048468
0000002459,0002048333,036040,036091,060304,048162,076625,-87040,020124
0000002460,0002049167,036021,035450,060370,048162,091724,-72272,-09743
0000002461,0002050000,036234,034720,060421,048162,098136,-50215,-38212
0000002462,0002050833,036659,033971,060454,048162,095213,-23012,-62493
0000002463,0002051667,037255,033278,060464,048162,083241,006671,-80203
0000002464,0002052500,037963,032706,060450,048162,063410,035928,-89629
0000002465,0002053333,038714,032314,060414,048162,037644,061895,-89830
0000002466,0002054167,039434,032139,060360,048162,008470,082022,-80783
0000002467,0002055000,040053,032198,060292,048162,-21255,094359,-63395
0000002468,0002055833,040510,032485,060217,048162,-48622,097681,-39350
0000002469,0002056667,040761,032973,060143,048162,-70946,091659,-11004
0000002470,0002057500,040781,033613,060077,048162,-86058,076904,018863
0000002471,0002058333,040567,034344,060026,048162,-92464,054842,047331
0000002472,0002059167,040142,035092,059993,048162,-89533,027636,071606
0000002473,0002060000,039546,035786,059984,048162,-77574,-02046,089329
0000002474,0002060833,038838,036358,059997,048162,-57738,-31303,098749
0000002475,0002061667,038087,036750,060033,048162,-31968,-57264,098941
0000002476,0002062500,037367,036925,060088,048162,-02797,-77402,089908
0000002477,0002063333,036748,036866,060155,048162,026928,-89733,072514
0000002478,0002064167,036291,036579,060230,048162,054291,-93046,048464
0000002479,0002065000,036040,036091,060304,048162,076624,-87039,020124
0000002480,0002065833,036020,035450,060370,048162,091731,-72279,-09744
0000002481,0002066667,036234,034720,060421,048162,098129,-50212,-38208
0000002482,0002067500,036659,033971,060454,048162,095213,-23011,-62492
0000002483,0002068333,037255,033277,060464,048162,083248,006672,-80210
0000002484,0002069167,037963,032707,060450,048162,063405,035926,-89622
0000002485,0002070000,038714,032314,060414,048162,037644,061894,-89829
0000002486,0002070833,039434,032139,060360,048162,008470,082029,-80790
0000002487,0002071667,040053,032198,060292,048162,-21253,094352,-63390
0000002488,0002072500,040510,032485,060217,048162,-48622,097680,-39349
0000002489,0002073333,040761,032973,060143,048162,-70952,091666,-11005
0000002490,0002074167,040780,033613,060077,048162,-86052,076899,018862
0000002491,0002075000,040567,034344,060026,048162,-92463,054842,047331
0000002492,0002075833,040142,035092,059993,048162,-89541,027638,071612
0000002493,0002076667,039546,035786,059984,048162,-77568,-02045,089322
0000002494,0002077500,038838,036358,059997,048162,-57737,-31302,098748
0000002495,0002078333,038087,036750,060033,048162,-31971,-57269,098949
0000002496,0002079167,037367,036925,060088,048162,-02797,-77396,089902
0000002497,0002080000,036748,036866,060155,048162,026928,-89733,072514
0000002498,0002080833,036290,036579,060230,048162,054295,-93054,048468
0000002499,0002081667,036040,036091,060304,048162,076618,-87032,020123
0000002500,0002082500,036020,035450,060370,048162,091731,-72278,-09744
0000002501,0002083333,036234,034720,060421,048162,098137,-50216,-38212
0000002502,0002084167,036660,033971,060454,048162,095206,-23010,-62487
0000002503,0002085000,037255,033277,060464,048162,083247,006672,-80210
0000002504,0002085833,037963,032706,060450,048162,063411,035928,-89630
0000002505,0002086667,038714,032314,060414,048162,037641,061890,-89822
0000002506,0002087500,039434,032139,060360,048162,008470,082028,-80789
0000002507,0002088333,040053,032198,060292,048162,-21255,094360,-63396
0000002508,0002089167,040510,032485,060217,048162,-48618,097673,-39346
0000002509,0002090000,040761,032973,060143,048162,-70951,091665,-11005
0000002510,0002090833,040781,033613,060077,048162,-86059,076905,018863
0000002511,0002091667,040567,034344,060026,048162,-92456,054838,047327
0000002512,0002092500,040142,035092,059993,048162,-89540,027638,071611
0000002513,0002093333,039546,035786,059984,048162,-77575,-02046,089329
0000002514,0002094167,038838,036358,059997,048162,-57733,-31300,098741
0000002515,0002095000,038087,036750,060033,048162,-31971,-57268,098948
0000002516,0002095833,037367,036925,060088,048162,-02797,-77403,089909
0000002517,0002096667,036748,036866,060155,048162,026926,-89726,072509
0000002518,0002097500,036290,036579,060230,048162,054294,-93053,048468
0000002519,0002098333,036040,036091,060304,048162,076624,-87040,020124
0000002520,0002099167,036021,035450,060370,048162,091724,-72272,-09743
0000002521,0002100000,036234,034720,060421,048162,098136,-50216,-38211
0000002522,0002100833,036659,033971,060454,048162,095213,-23012,-62493
0000002523,0002101667,037255,033278,060464,048162,083241,006671,-80203
0000002524,0002102500,037963,032706,060450,048162,063410,035928,-89629
0000002525,0002103333,038714,032314,060414,048162,037644,061895,-89830
0000002526,0002104167,039434,032139,060360,048162,008470,082022,-80783
0000002527,0002105000,040053,032198,060292,048162,-21255,094359,-63395
0000002528,0002105833,040510,032485,060217,048162,-48622,097681,-39350
0000002529,0002106667,040761,032973,060143,048162,-70946,091659,-11004
0000002530,0002107500,040781,033613,060077,048162,-86058,076904,018863
0000002531,0002108333,040567,034344,060026,048162,-92464,054842,047331
0000002532,0002109167,040142,035092,059993,048162,-89533,027636,071606
0000002533,0002110000,039546,035786,059984,048162,-77574,-02046,089329
0000002534,0002110833,038838,036358,059997,048162,-57738,-31302,098749
0000002535,0002111667,038087,036750,060033,048162,-31968,-57264,098941
0000002536,0002112500,037367,036925,060088,048162,-02797,-77402,089908
0000002537,0002113333,036747,036866,060155,048162,026928,-89733,072515
0000002538,0002114167,036291,036579,060230,048162,054290,-93046,048465
0000002539,0002115000,036040,036091,060304,048162,076624,-87039,020124
0000002540,0002115833,036020,035450,060370,048162,091731,-72279,-09744
0000002541,0002116667,036234,034720,060421,048162,098129,-50212,-38208
0000002542,0002117500,036659,033971,060454,048162,095213,-23012,-62492
0000002543,0002118333,037255,033277,060464,048162,083248,006671,-80210
0000002544,0002119167,037963,032707,060450,048162,063406,035926,-89622
0000002545,0002120000,038714,032314,060414,048162,037644,061894,-89829
0000002546,0002120833,039434,032139,060360,048162,008471,082029,-80790
0000002547,0002121667,040053,032198,060292,048162,-21253,094352,-63390
0000002548,0002122500,040510,032485,060217,048162,-48622,097680,-39349
0000002549,0002123333,040761,032973,060143,048162,-70952,091666,-11005
0000002550,0002124167,040780,033613,060077,048162,-86051,076899,018861
0000002551,0002125000,040567,034344,060026,048162,-92463,054842,047330
0000002552,0002125833,040142,035092,059993,048162,-89541,027638,071612
0000002553,0002126667,039546,035786,059984,048162,-77568,-02045,089322
0000002554,0002127500,038838,036358,059997,048162,-57737,-31302,098748
0000002555,0002128333,038087,036750,060033,048162,-31971,-57268,098949
0000002556,0002129167,037367,036925,060088,048162,-02797,-77396,089902
0000002557,0002130000,036748,036866,060155,048162,026927,-89733,072514
0000002558,0002130833,036290,036579,060230,048162,054294,-93054,048469
0000002559,0002131667,036040,036091,060304,048162,076618,-87032,020123
0000002560,0002132500,036020,035450,060370,048162,091731,-72278,-09744
0000002561,0002133333,036234,034720,060421,048162,098137,-50216,-38211
0000002562,0002134167,036659,033971,060454,048162,095206,-23010,-62487
0000002563,0002135000,037255,033277,060464,048162,083247,006671,-80210
0000002564,0002135833,037963,032706,060450,048162,063411,035928,-89630
0000002565,0002136667,038714,032314,060414,048162,037641,061890,-89822
0000002566,0002137500,039434,032139,060360,048162,008470,082028,-80790
0000002567,0002138333,040053,032198,060292,048162,-21255,094360,-63396
0000002568,0002139167,040510,032485,060217,048162,-48618,097673,-39346
0000002569,0002140000,040761,032973,060143,048162,-70951,091665,-11005
0000002570,0002140833,040781,033613,060077,048162,-86059,076905,018862
0000002571,0002141667,040567,034344,060026,048162,-92456,054838,047327
0000002572,0002142500,040142,035092,059993,048162,-89540,027638,071611
0000002573,0002143333,039546,035786,059984,048162,-77575,-02045,089329
0000002574,0002144167,038838,036358,059997,048162,-57733,-31299,098741
0000002575,0002145000,038087,036750,060033,048162,-31971,-57268,098948
0000002576,0002145833,037367,036925,060088,048162,-02798,-77402,089909
0000002577,0002146667,036748,036866,060155,048162,026925,-89726,072509
0000002578,0002147500,036290,036579,060230,048162,054294,-93053,048468
0000002579,0002148333,036040,036091,060304,048162,076624,-87040,020124
0000002580,0002149167,036020,035450,060370,048162,091724,-72273,-09742
0000002581,0002150000,036234,034720,060421,048162,098136,-50216,-38211
0000002582,0002150833,036659,033971,060454,048162,095213,-23012,-62492
0000002583,0002151667,037255,033278,060464,048162,083241,006671,-80203
0000002584,0002152500,037963,032706,060450,048162,063410,035928,-89629
0000002585,0002153333,038714,032314,060414,048162,037644,061894,-89830
0000002586,0002154167,039434,032139,060360,048162,008470,082022,-80783
0000002587,0002155000,040053,032198,060292,048162,-21254,094359,-63395
0000002588,0002155833,040510,032485,060217,048162,-48622,097681,-39350
0000002589,0002156667,040761,032973,060143,048162,-70946,091659,-11004
0000002590,0002157500,040781,033613,060077,048162,-86058,076904,018862
0000002591,0002158333,040567,034344,060026,048162,-92464,054843,047330
0000002592,0002159167,040142,035092,059993,048162,-89533,027636,071606
0000002593,0002160000,039546,035786,059984,048162,-77574,-02045,089328
0000002594,0002160833,038838,036358,059997,048162,-57738,-31302,098749
0000002595,0002161667,038087,036750,060033,048162,-31969,-57263,098941
0000002596,0002162500,037367,036925,060088,048162,-02798,-77402,089908
0000002597,0002163333,036747,036866,060155,048162,026927,-89733,072515
0000002598,0002164167,036290,036579,060230,048162,054290,-93046,048465
0000002599,0002165000,036040,036091,060304,048162,076624,-87039,020124
0000002600,0002165833,036020,035450,060370,048162,091731,-72279,-09743
0000002601,0002166667,036234,034720,060421,048162,098129,-50212,-38208
0000002602,0002167500,036659,033971,060454,048162,095213,-23012,-62492
0000002603,0002168333,037255,033277,060464,048162,083248,006671,-80210
0000002604,0002169167,037963,032707,060450,048162,063406,035925,-89622
0000002605,0002170000,038714,032314,060414,048162,037644,061894,-89829
0000002606,0002170833,039434,032139,060360,048162,008471,082029,-80790
0000002607,0002171667,040053,032198,060292,048162,-21253,094352,-63391
0000002608,0002172500,040510,032485,060217,048162,-48621,097680,-39350
0000002609,0002173333,040761,032973,060143,048162,-70952,091666,-11006
0000002610,0002174167,040780,033613,060077,048162,-86051,076899,018861
0000002611,0002175000,040567,034344,060026,048162,-92463,054842,047330
0000002612,0002175833,040142,035092,059993,048162,-89541,027638,071611
0000002613,0002176667,039546,035786,059984,048162,-77568,-02045,089322
0000002614,0002177500,038838,036358,059997,048162,-57737,-31302,098748
0000002615,0002178333,038087,036750,060033,048162,-31972,-57268,098949
0000002616,0002179167,037367,036925,060088,048162,-02797,-77396,089902
0000002617,0002180000,036747,036866,060155,048162,026927,-89732,072514
0000002618,0002180833,036290,036579,060230,048162,054294,-93054,048469
0000002619,0002181667,036040,036091,060304,048162,076618,-87032,020123
0000002620,0002182500,036020,035450,060370,048162,091730,-72278,-09743
0000002621,0002183333,036234,034720,060421,048162,098137,-50217,-38211
0000002622,0002184167,036659,033971,060454,048162,095206,-23010,-62487
0000002623,0002185000,037255,033277,060464,048162,083247,006671,-80209
0000002624,0002185833,037963,032706,060450,048162,063411,035928,-89630
0000002625,0002186667,038714,032314,060414,048162,037642,061889,-89822
0000002626,0002187500,039434,032139,060360,048162,008471,082028,-80790
0000002627,0002188333,040053,032198,060292,048162,-21254,094360,-63396
0000002628,0002189167,040510,032485,060217,048162,-48617,097673,-39346
0000002629,0002190000,040761,032973,060143,048162,-70951,091665,-11006
0000002630,0002190833,040781,033613,060077,048162,-86059,076905,018862
0000002631,0002191667,040567,034344,060026,048162,-92456,054838,047327
0000002632,0002192500,040142,035092,059993,048162,-89540,027638,071611
0000002633,0002193333,039546,035786,059984,048162,-77575,-02045,089329
0000002634,0002194167,038838,036358,059997,048162,-57733,-31299,098741
0000002635,0002195000,038087,036750,060033,048162,-31971,-57268,098948
0000002636,0002195833,037367,036925,060088,048162,-02798,-77402,089909
0000002637,0002196667,036748,036866,060155,048162,026925,-89726,072509
0000002638,0002197500,036290,036579,060230,048162,054294,-93053,048468
0000002639,0002198333,036040,036091,060304,048162,076624,-87040,020125
0000002640,0002199167,036020,035450,060370,048162,091724,-72273,-09742
0000002641,0002200000,036234,034720,060421,048162,098136,-50216,-38211
0000002642,0002200833,036659,033971,060454,048162,095214,-23012,-62492
0000002643,0002201667,037255,033278,060464,048162,083241,006671,-80203
0000002644,0002202500,037963,032706,060450,048162,063410,035928,-89629
0000002645,0002203333,038714,032314,060414,048162,037645,061894,-89830
0000002646,0002204167,039434,032139,060360,048162,008470,082022,-80783
0000002647,0002205000,040053,032198,060292,048162,-21254,094359,-63396
0000002648,0002205833,040510,032485,060217,048162,-48621,097681,-39350
0000002649,0002206667,040761,032973,060143,048162,-70945,091659,-11005
0000002650,0002207500,040780,033613,060077,048162,-86058,076905,018862
0000002651,0002208333,040567,034344,060026,048162,-92464,054843,047330
0000002652,0002209167,040142,035092,059993,048162,-89533,027636,071606
0000002653,0002210000,039546,035786,059984,048162,-77574,-02045,089328
0000002654,0002210833,038838,036358,059997,048162,-57738,-31302,098749
0000002655,0002211667,038087,036750,060033,048162,-31969,-57263,098941
0000002656,0002212500,037367,036925,060088,048162,-02798,-77401,089908
0000002657,0002213333,036747,036866,060155,048162,026927,-89733,072515
0000002658,0002214167,036290,036579,060230,048162,054290,-93046,048465
0000002659,0002215000,036040,036091,060304,048162,076623,-87039,020124
0000002660,0002215833,036020,035450,060370,048162,091731,-72279,-09743
0000002661,0002216667,036234,034720,060421,048162,098129,-50212,-38207
0000002662,0002217500,036659,033971,060454,048162,095213,-23012,-62492
0000002663,0002218333,037255,033277,060464,048162,083248,006671,-80210
0000002664,0002219167,037963,032707,060450,048162,063406,035925,-89622
0000002665,0002220000,038714,032314,060414,048162,037644,061894,-89829
0000002666,0002220833,039434,032139,060360,048162,008471,082028,-80791
0000002667,0002221667,040053,032198,060292,048162,-21252,094352,-63391
0000002668,0002222500,040510,032485,060217,048162,-48621,097680,-39350
0000002669,0002223333,040761,032973,060143,048162,-70951,091666,-11006
0000002670,0002224167,040780,033613,060077,048162,-86051,076899,018861
0000002671,0002225000,040567,034344,060026,048162,-92463,054842,047330
0000002672,0002225833,040142,035092,059993,048162,-89541,027639,071611
0000002673,0002226667,039546,035786,059984,048162,-77568,-02044,089322
0000002674,0002227500,038838,036358,059997,048162,-57738,-31301,098748
0000002675,0002228333,038087,036750,060033,048162,-31972,-57268,098949
0000002676,0002229167,037367,036925,060088,048162,-02798,-77395,089902
0000002677,0002230000,036747,036866,060155,048162,026927,-89732,072514
0000002678,0002230833,036290,036579,060230,048162,054294,-93054,048469
0000002679,0002231667,036040,036091,060304,048162,076618,-87032,020123
0000002680,0002232500,036020,035450,060370,048162,091730,-72278,-09743
0000002681,0002233333,036234,034720,060421,048162,098137,-50217,-38211
0000002682,0002234167,036659,033971,060454,048162,095206,-23010,-62487
0000002683,0002235000,037255,033277,060464,048162,083247,006671,-80209
0000002684,0002235833,037963,032706,060450,048162,063411,035928,-89630
0000002685,0002236667,038714,032314,060414,048162,037642,061889,-89822
0000002686,0002237500,039434,032139,060360,048162,008471,082028,-80790
0000002687,0002238333,040053,032198,060292,048162,-21254,094359,-63397
0000002688,0002239167,040510,032485,060217,048162,-48617,097673,-39347
0000002689,0002240000,040761,032973,060143,048162,-70951,091665,-11006
0000002690,0002240833,040780,033613,060077,048162,-86059,076906,018862
0000002691,0002241667,040567,034344,060026,048162,-92456,054839,047326
0000002692,0002242500,040142,035092,059993,048162,-89540,027638,071611
0000002693,0002243333,039546,035786,059984,048162,-77575,-02045,089329
0000002694,0002244167,038838,036358,059997,048162,-57733,-31299,098741
0000002695,0002245000,038087,036750,060033,048162,-31972,-57267,098948
0000002696,0002245833,037367,036925,060088,048162,-02798,-77402,089909
0000002697,0002246667,036748,036866,060155,048162,026925,-89725,072509
0000002698,0002247500,036290,036579,060230,048162,054294,-93053,048469
0000002699,0002248333,036040,036091,060304,048162,076624,-87040,020125
0000002700,0002249167,036020,035450,060370,048162,091724,-72273,-09742
0000002701,0002250000,036234,034720,060421,048162,098136,-50216,-38211
0000002702,0002250833,036659,033971,060454,048162,095214,-23013,-62492
0000002703,0002251667,037255,033278,060464,048162,083241,006670,-80203
0000002704,0002252500,037963,032706,060450,048162,063411,035927,-89629
0000002705,0002253333,038714,032314,060414,048162,037645,061894,-89830
0000002706,0002254167,039434,032139,060360,048162,008471,082022,-80784
0000002707,0002255000,040053,032198,060292,048162,-21254,094359,-63396
0000002708,0002255833,040510,032485,060217,048162,-48621,097681,-39351
0000002709,0002256667,040761,032973,060143,048162,-70945,091659,-11005
0000002710,0002257500,040780,033613,060077,048162,-86058,076905,018862
0000002711,0002258333,040567,034344,060026,048162,-92464,054843,047330
0000002712,0002259167,040142,035092,059993,048162,-89533,027637,071605
0000002713,0002260000,039546,035786,059984,048162,-77575,-02045,089328
0000002714,0002260833,038838,036358,059997,048162,-57738,-31301,098749
0000002715,0002261667,038087,036750,060033,048162,-31969,-57263,098941
0000002716,0002262500,037367,036925,060088,048162,-02798,-77401,089908
0000002717,0002263333,036747,036866,060155,048162,026927,-89733,072515
0000002718,0002264167,036290,036579,060230,048162,054290,-93046,048466
0000002719,0002265000,036040,036091,060304,048162,076623,-87039,020125
0000002720,0002265833,036020,035450,060370,048162,091731,-72279,-09743
0000002721,0002266667,036234,034720,060421,048162,098129,-50213,-38207
0000002722,0002267500,036659,033971,060454,048162,095213,-23012,-62492
0000002723,0002268333,037255,033277,060464,048162,083248,006671,-80210
0000002724,0002269167,037963,032707,060450,048162,063406,035925,-89622
0000002725,0002270000,038714,032314,060414,048162,037645,061893,-89829
0000002726,0002270833,039434,032139,060360,048162,008471,082028,-80791
0000002727,0002271667,040053,032198,060292,048162,-21252,094352,-63391
0000002728,0002272500,040510,032485,060217,048162,-48621,097680,-39350
0000002729,0002273333,040761,032973,060143,048162,-70951,091666,-11006
0000002730,0002274167,040780,033613,060077,048162,-86051,076899,018861
0000002731,0002275000,040567,034344,060026,048162,-92463,054843,047329
0000002732,0002275833,040142,035092,059993,048162,-89541,027639,071611
0000002733,0002276667,039546,035786,059984,048162,-77569,-02044,089322
0000002734,0002277500,038838,036358,059997,048162,-57738,-31301,098748
0000002735,0002278333,038087,036750,060033,048162,-31972,-57268,098949
0000002736,0002279167,037367,036925,060088,048162,-02798,-77395,089902
0000002737,0002280000,036747,036866,060155,048162,026927,-89732,072515
0000002738,0002280833,036290,036579,060230,048162,054294,-93054,048469
0000002739,0002281667,036040,036091,060304,048162,076618,-87032,020124
0000002740,0002282500,036020,035450,060370,048162,091730,-72279,-09743
0000002741,0002283333,036234,034720,060421,048162,098137,-50217,-38211
0000002742,0002284167,036659,033971,060454,048162,095206,-23011,-62486
0000002743,0002285000,037255,033277,060464,048162,083247,006671,-80209
0000002744,0002285833,037963,032706,060450,048162,063411,035927,-89630
0000002745,0002286667,038714,032314,060414,048162,037642,061889,-89822
0000002746,0002287500,039434,032139,060360,048162,008471,082028,-80790
0000002747,0002288333,040053,032198,060292,048162,-21254,094359,-63397
0000002748,0002289167,040510,032485,060217,048162,-48617,097673,-39347
0000002749,0002290000,040761,032973,060143,048162,-70951,091666,-11006
0000002750,0002290833,040780,033613,060077,048162,-86058,076906,018862
0000002751,0002291667,040567,034344,060026,048162,-92456,054839,047326
0000002752,0002292500,040142,035092,059993,048162,-89540,027639,071610
0000002753,0002293333,039546,035786,059984,048162,-77575,-02044,089329
0000002754,0002294167,038838,036358,059997,048162,-57733,-31298,098741
0000002755,0002295000,038087,036750,060033,048162,-31972,-57267,098948
0000002756,0002295833,037366,036925,060088,048162,-02799,-77402,089909
0000002757,0002296667,036748,036866,060155,048162,026925,-89725,072510
0000002758,0002297500,036290,036579,060230,048162,054293,-93053,048469
0000002759,0002298333,036040,036091,060304,048162,076624,-87040,020125
0000002760,0002299167,036020,035450,060370,048162,091724,-72273,-09742
0000002761,0002300000,036234,034720,060421,048162,098136,-50217,-38210
0000002762,0002300833,036659,033971,060454,048162,095214,-23013,-62492
0000002763,0002301667,037255,033278,060464,048162,083241,006670,-80203
0000002764,0002302500,037963,032706,060450,048162,063411,035927,-89629
0000002765,0002303333,038714,032314,060414,048162,037645,061894,-89830
0000002766,0002304167,039434,032139,060360,048162,008471,082021,-80784
0000002767,0002305000,040053,032198,060292,048162,-21254,094359,-63396
0000002768,0002305833,040510,032485,060217,048162,-48621,097681,-39351
0000002769,0002306667,040761,032973,060144,048162,-70945,091659,-11005
0000002770,0002307500,040780,033613,060077,048162,-86058,076905,018862
0000002771,0002308333,040567,034344,060026,048162,-92464,054843,047329
0000002772,0002309167,040142,035092,059993,048162,-89533,027637,071605
0000002773,0002310000,039546,035786,059984,048162,-77575,-02044,089328
0000002774,0002310833,038838,036358,059997,048162,-57739,-31301,098749
0000002775,0002311667,038087,036750,060033,048162,-31969,-57263,098941
0000002776,0002312500,037367,036925,060088,048162,-02798,-77401,089909
0000002777,0002313333,036747,036866,060155,048162,026926,-89733,072515
0000002778,0002314167,036290,036579,060230,048162,054289,-93046,048466
0000002779,0002315000,036040,036091,060304,048162,076623,-87039,020125
0000002780,0002315833,036020,035450,060370,048162,091731,-72279,-09743
0000002781,0002316667,036234,034720,060421,048162,098129,-50213,-38207
0000002782,0002317500,036659,033971,060454,048162,095213,-23013,-62491
0000002783,0002318333,037255,033277,060464,048162,083248,006670,-80210
0000002784,0002319167,037963,032707,060450,048162,063406,035924,-89622
0000002785,0002320000,038714,032314,060414,048162,037645,061893,-89829
0000002786,0002320833,039434,032139,060360,048162,008472,082028,-80791
0000002787,0002321667,040053,032198,060292,048162,-21252,094352,-63391
0000002788,0002322500,040510,032485,060217,048162,-48621,097680,-39350
0000002789,0002323333,040761,032973,060143,048162,-70951,091666,-11007
0000002790,0002324167,040780,033613,060077,048162,-86051,076900,018860
0000002791,0002325000,040567,034344,060026,048162,-92463,054843,047329
0000002792,0002325833,040142,035092,059993,048162,-89541,027639,071611
0000002793,0002326667,039546,035786,059984,048162,-77569,-02044,089322
0000002794,0002327500,038838,036358,059997,048162,-57738,-31301,098748
0000002795,0002328333,038087,036750,060033,048162,-31972,-57268,098949
0000002796,0002329167,037367,036925,060088,048162,-02798,-77395,089902
0000002797,0002330000,036747,036866,060155,048162,026926,-89732,072515
0000002798,0002330833,036290,036579,060230,048162,054294,-93054,048469
0000002799,0002331667,036040,036091,060304,048162,076618,-87033,020124
0000002800,0002332500,036020,035450,060370,048162,091730,-72279,-09743
0000002801,0002333333,036234,034720,060421,048162,098137,-50217,-38210
0000002802,0002334167,036659,033971,060454,048162,095206,-23011,-62486
0000002803,0002335000,037255,033278,060464,048162,083248,006670,-80209
0000002804,0002335833,037963,032706,060450,048162,063412,035927,-89630
0000002805,0002336667,038714,032314,060414,048162,037642,061889,-89822
0000002806,0002337500,039434,032139,060360,048162,008471,082027,-80790
0000002807,0002338333,040053,032198,060292,048162,-21254,094359,-63397
0000002808,0002339167,040510,032485,060217,048162,-48617,097673,-39347
0000002809,0002340000,040761,032973,060143,048162,-70950,091666,-11006
0000002810,0002340833,040780,033613,060077,048162,-86058,076906,018861
0000002811,0002341667,040567,034344,060026,048162,-92456,054839,047326
0000002812,0002342500,040142,035092,059993,048162,-89540,027639,071610
0000002813,0002343333,039546,035786,059984,048162,-77576,-02044,089329
0000002814,0002344167,038838,036358,059997,048162,-57734,-31298,098741
0000002815,0002345000,038087,036750,060033,048162,-31972,-57267,098948
0000002816,0002345833,037366,036925,060088,048162,-02799,-77402,089909
0000002817,0002346667,036748,036866,060155,048162,026924,-89725,072510
0000002818,0002347500,036290,036579,060230,048162,054293,-93053,048469
0000002819,0002348333,036040,036091,060304,048162,076624,-87040,020125
0000002820,0002349167,036020,035450,060370,048162,091724,-72273,-09741
0000002821,0002350000,036234,034720,060421,048162,098136,-50217,-38210
0000002822,0002350833,036659,033971,060454,048162,095214,-23013,-62492
0000002823,0002351667,037255,033278,060464,048162,083242,006670,-80203
0000002824,0002352500,037963,032706,060450,048162,063411,035927,-89629
0000002825,0002353333,038714,032314,060414,048162,037645,061894,-89830
0000002826,0002354167,039434,032139,060360,048162,008471,082021,-80784
0000002827,0002355000,040053,032198,060292,048162,-21254,094359,-63396
0000002828,0002355833,040510,032485,060217,048162,-48621,097681,-39351
0000002829,0002356667,040761,032973,060144,048162,-70945,091659,-11005
0000002830,0002357500,040780,033613,060077,048162,-86058,076905,018861
0000002831,0002358333,040567,034344,060026,048162,-92464,054844,047329
0000002832,0002359167,040142,035092,059993,048162,-89533,027637,071605
0000002833,0002360000,039546,035786,059984,048162,-77575,-02044,089328
0000002834,0002360833,038838,036358,059997,048162,-57739,-31301,098749
0000002835,0002361667,038087,036750,060033,048162,-31969,-57263,098941
0000002836,0002362500,037366,036925,060088,048162,-02799,-77401,089909
0000002837,0002363333,036747,036866,060155,048162,026926,-89733,072516
0000002838,0002364167,036290,036579,060230,048162,054289,-93046,048466
0000002839,0002365000,036040,036091,060304,048162,076623,-87039,020125
0000002840,0002365833,036020,035450,060370,048162,091731,-72280,-09742
0000002841,0002366667,036234,034720,060421,048162,098129,-50213,-38207
0000002842,0002367500,036659,033971,060454,048162,095213,-23013,-62491
0000002843,0002368333,037255,033278,060464,048162,083248,006670,-80210
0000002844,0002369167,037963,032707,060450,048162,063407,035924,-89622
0000002845,0002370000,038714,032314,060414,048162,037645,061893,-89829
0000002846,0002370833,039434,032139,060360,048162,008472,082028,-80791
0000002847,0002371667,040053,032198,060292,048162,-21252,094352,-63391
0000002848,0002372500,040510,032485,060217,048162,-48620,097680,-39350
0000002849,0002373333,040761,032973,060143,048162,-70951,091666,-11007
0000002850,0002374167,040780,033613,060078,048162,-86051,076900,018860
0000002851,0002375000,040567,034344,060026,048162,-92463,054843,047329
0000002852,0002375833,040142,035092,059993,048162,-89541,027639,071611
0000002853,0002376667,039546,035786,059984,048162,-77569,-02044,089322
0000002854,0002377500,038838,036358,059997,048162,-57738,-31301,098748
0000002855,0002378333,038087,036750,060033,048162,-31972,-57267,098949
0000002856,0002379167,037367,036925,060088,048162,-02798,-77395,089902
0000002857,0002380000,036747,036866,060155,048162,026926,-89732,072515
0000002858,0002380833,036290,036579,060230,048162,054293,-93054,048470
0000002859,0002381667,036040,036091,060304,048162,076617,-87033,020124
0000002860,0002382500,036020,035450,060370,048162,091730,-72279,-09742
0000002861,0002383333,036233,034720,060421,048162,098137,-50217,-38210
0000002862,0002384167,036659,033971,060454,048162,095206,-23011,-62486
0000002863,0002385000,037255,033278,060464,048162,083248,006670,-80209
0000002864,0002385833,037963,032706,060450,048162,063412,035927,-89630
0000002865,0002386667,038714,032314,060414,048162,037642,061889,-89822
0000002866,0002387500,039434,032139,060360,048162,008472,082027,-80790
0000002867,0002388333,040053,032198,060292,048162,-21254,094359,-63397
0000002868,0002389167,040510,032485,060217,048162,-48616,097673,-39347
0000002869,0002390000,040761,032973,060144,048162,-70950,091666,-11006
0000002870,0002390833,040780,033613,060077,048162,-86058,076906,018861
0000002871,0002391667,040567,034344,060026,048162,-92456,054839,047326
0000002872,0002392500,040142,035092,059993,048162,-89540,027639,071610
0000002873,0002393333,039546,035786,059984,048162,-77576,-02044,089329
0000002874,0002394167,038838,036358,059997,048162,-57734,-31298,098741
0000002875,0002395000,038087,036750,060033,048162,-31972,-57267,098948
0000002876,0002395833,037366,036925,060088,048162,-02799,-77402,089910
0000002877,0002396667,036748,036866,060155,048162,026924,-89725,072510
0000002878,0002397500,036290,036579,060230,048162,054293,-93053,048469
0000002879,0002398333,036040,036091,060304,048162,076624,-87040,020125
0000002880,0002399167,036020,035450,060370,048162,091724,-72273,-09741
0000002881,0002400000,036233,034720,060421,048162,098136,-50217,-38210
0000002882,0002400833,036659,033971,060454,048162,095214,-23013,-62492
0000002883,0002401667,037255,033278,060464,048162,083242,006670,-80203
0000002884,0002402500,037963,032706,060450,048162,063411,035927,-89629
0000002885,0002403333,038714,032314,060414,048162,037645,061894,-89830
0000002886,0002404167,039434,032139,060360,048162,008471,082021,-80784
0000002887,0002405000,040053,032198,060292,048162,-21253,094359,-63396
0000002888,0002405833,040510,032485,060217,048162,-48621,097681,-39351
0000002889,0002406667,040760,032973,060144,048162,-70945,091659,-11005
0000002890,0002407500,040780,033613,060077,048162,-86058,076905,018861
0000002891,0002408333,040567,034344,060026,048162,-92464,054844,047329
0000002892,0002409167,040142,035092,059993,048162,-89533,027637,071605
0000002893,0002410000,039546,035786,059984,048162,-77575,-02044,089328
0000002894,0002410833,038838,036358,059997,048162,-57739,-31301,098749
0000002895,0002411667,038087,036750,060033,048162,-31970,-57263,098941
0000002896,0002412500,037366,036925,060088,048162,-02799,-77401,089909
0000002897,0002413333,036747,036866,060155,048162,026926,-89733,072516
0000002898,0002414167,036290,036579,060230,048162,054289,-93046,048466
0000002899,0002415000,036040,036091,060304,048162,076623,-87039,020125
0000002900,0002415833,036020,035451,060370,048162,091731,-72280,-09742
0000002901,0002416667,036234,034720,060421,048162,098129,-50213,-38207
0000002902,0002417500,036659,033971,060454,048162,095213,-23013,-62491
0000002903,0002418333,037255,033278,060464,048162,083248,006670,-80210
0000002904,0002419167,037963,032707,060450,048162,063407,035924,-89622
0000002905,0002420000,038714,032314,060414,048162,037645,061893,-89829
0000002906,0002420833,039434,032139,060360,048162,008472,082028,-80791
0000002907,0002421667,040053,032198,060292,048162,-21252,094352,-63391
0000002908,0002422500,040510,032485,060217,048162,-48620,097680,-39350
0000002909,0002423333,040761,032973,060144,048162,-70951,091667,-11007
0000002910,0002424167,040780,033613,060078,048162,-86051,076900,018860
0000002911,0002425000,040567,034344,060026,048162,-92463,054843,047329
0000002912,0002425833,040142,035092,059993,048162,-89541,027639,071611
0000002913,0002426667,039546,035786,059984,048162,-77569,-02044,089322
0000002914,0002427500,038838,036358,059997,048162,-57738,-31301,098748
0000002915,0002428333,038087,036750,060033,048162,-31973,-57267,098949
0000002916,0002429167,037367,036925,060088,048162,-02798,-77395,089902
0000002917,0002430000,036747,036866,060155,048162,026926,-89732,072515
0000002918,0002430833,036290,036579,060230,048162,054293,-93054,048470
0000002919,0002431667,036040,036091,060304,048162,076617,-87033,020124
0000002920,0002432500,036020,035451,060370,048162,091730,-72279,-09742
0000002921,0002433333,036233,034720,060421,048162,098137,-50217,-38210
0000002922,0002434167,036659,033971,060454,048162,095206,-23011,-62486
0000002923,0002435000,037255,033278,060464,048162,083248,006670,-80209
0000002924,0002435833,037963,032706,060450,048162,063412,035927,-89630
0000002925,0002436667,038714,032314,060414,048162,037642,061889,-89822
0000002926,0002437500,039434,032139,060360,048162,008472,082027,-80790
0000002927,0002438333,040053,032198,060292,048162,-21254,094359,-63397
0000002928,0002439167,040510,032485,060217,048162,-48616,097673,-39347
0000002929,0002440000,040761,032973,060144,048162,-70950,091666,-11006
0000002930,0002440833,040780,033613,060077,048162,-86058,076906,018861
0000002931,0002441667,040567,034344,060026,048162,-92456,054839,047326
0000002932,0002442500,040142,035092,059993,048162,-89540,027639,071610
0000002933,0002443333,039546,035786,059984,048162,-77576,-02044,089329
0000002934,0002444167,038838,036358,059997,048162,-57734,-31298,098741
0000002935,0002445000,038087,036750,060033,048162,-31972,-57267,098948
0000002936,0002445833,037366,036925,060088,048162,-02799,-77402,089910
0000002937,0002446667,036748,036866,060155,048162,026924,-89725,072510
0000002938,0002447500,036290,036579,060230,048162,054293,-93053,048469
0000002939,0002448333,036040,036091,060304,048162,076624,-87040,020125
0000002940,0002449167,036020,035450,060370,048162,091724,-72273,-09741
0000002941,0002450000,036233,034720,060421,048162,098136,-50217,-38210
0000002942,0002450833,036659,033971,060454,048162,095214,-23013,-62492
0000002943,0002451667,037255,033278,060464,048162,083242,006670,-80203
0000002944,0002452500,037963,032706,060450,048162,063411,035927,-89629
0000002945,0002453333,038714,032314,060414,048162,037645,061894,-89830
0000002946,0002454167,039434,032139,060360,048162,008471,082021,-80784
0000002947,0002455000,040053,032198,060292,048162,-21253,094359,-63396
0000002948,0002455833,040510,032485,060217,048162,-48621,097681,-39351
0000002949,0002456667,040760,032973,060144,048162,-70945,091659,-11005
0000002950,0002457500,040780,033613,060077,048162,-86058,076905,018861
0000002951,0002458333,040567,034344,060026,048162,-92464,054844,047329
0000002952,0002459167,040142,035092,059993,048162,-89533,027637,071605
0000002953,0002460000,039546,035786,059984,048162,-77575,-02044,089328
0000002954,0002460833,038838,036358,059997,048162,-57739,-31301,098749
0000002955,0002461667,038087,036750,060033,048162,-31970,-57263,098941
0000002956,0002462500,037366,036925,060088,048162,-02799,-77401,089909
0000002957,0002463333,036747,036866,060155,048162,026926,-89733,072516
0000002958,0002464167,036290,036579,060230,048162,054289,-93046,048466
0000002959,0002465000,036040,036091,060304,048162,076623,-87039,020125
0000002960,0002465833,036020,035451,060370,048162,091731,-72280,-09742
0000002961,0002466667,036234,034720,060421,048162,098129,-50213,-38207
0000002962,0002467500,036659,033971,060454,048162,095213,-23013,-62491
0000002963,0002468333,037255,033278,060464,048162,083248,006670,-80210
0000002964,0002469167,037963,032707,060450,048162,063407,035924,-89622
0000002965,0002470000,038714,032314,060414,048162,037645,061893,-89829
0000002966,0002470833,039434,032139,060360,048162,008472,082028,-80791
0000002967,0002471667,040053,032198,060292,048162,-21252,094352,-63391
0000002968,0002472500,040510,032485,060217,048162,-48620,097680,-39350
0000002969,0002473333,040761,032973,060144,048162,-70951,091666,-11007
0000002970,0002474167,040780,033613,060078,048162,-86051,076900,018860
0000002971,0002475000,040567,034344,060026,048162,-92463,054843,047329
0000002972,0002475833,040142,035092,059993,048162,-89541,027639,071611
0000002973,0002476667,039546,035786,059984,048162,-77569,-02044,089322
0000002974,0002477500,038838,036358,059997,048162,-57738,-31301,098748
0000002975,0002478333,038087,036750,060033,048162,-31972,-57267,098949
0000002976,0002479167,037367,036925,060088,048162,-02798,-77395,089902
0000002977,0002480000,036747,036866,060155,048162,026926,-89732,072515
0000002978,0002480833,036290,036579,060230,048162,054293,-93054,048470
0000002979,0002481667,036040,036091,060304,048162,076618,-87033,020124
0000002980,0002482500,036020,035451,060370,048162,091730,-72279,-09743
0000002981,0002483333,036233,034720,060422,048162,098137,-50217,-38210
0000002982,0002484167,036659,033971,060454,048162,095206,-23011,-62486
0000002983,0002485000,037255,033278,060464,048162,083248,006670,-80209
0000002984,0002485833,037963,032706,060450,048162,063412,035927,-89630
0000002985,0002486667,038714,032314,060414,048162,037642,061889,-89822
0000002986,0002487500,039434,032139,060360,048162,008471,082027,-80790
0000002987,0002488333,040053,032198,060292,048162,-21254,094359,-63397
0000002988,0002489167,040510,032485,060217,048162,-48617,097673,-39347
0000002989,0002490000,040761,032973,060144,048162,-70950,091666,-11006
0000002990,0002490833,040780,033613,060077,048162,-86058,076906,018861
0000002991,0002491667,040567,034344,060026,048162,-92456,054839,047326
0000002992,0002492500,040142,035092,059993,048162,-89540,027639,071610
0000002993,0002493333,039546,035786,059984,048162,-77576,-02044,089329
0000002994,0002494167,038838,036357,059997,048162,-57734,-31298,098741
0000002995,0002495000,038087,036750,060033,048162,-31972,-57267,098948
0000002996,0002495833,037366,036925,060088,048162,-02799,-77402,089910
0000002997,0002496667,036748,036866,060155,048162,026924,-89725,072510
0000002998,0002497500,036290,036579,060230,048162,054293,-93053,048469
0000002999,0002498333,036040,036091,060304,048162,076624,-87040,020125
0000003000,0002499167,036020,035450,060370,048162,091724,-72273,-09741
0000003001,0002500000,036233,034720,060422,048162,098136,-50217,-38210
