0000000001,0000000000,088914,032474,089702,011267,098346,-49642,-37283
0000000002,0000000833,088957,032399,089735,011267,095407,-22430,-61556
0000000003,0000001667,089017,032330,089744,011267,083442,007251,-79273
0000000004,0000002500,089087,032272,089731,011267,063616,036512,-88707
0000000005,0000003333,089162,032233,089695,011267,037841,062471,-88892
0000000006,0000004167,089234,032216,089640,011267,008669,082604,-79852
0000000007,0000005000,089296,032222,089573,011267,-21058,094949,-62470
0000000008,0000005833,089342,032250,089498,011267,-48420,098255,-38415
0000000009,0000006667,089367,032299,089424,011267,-70748,092241,-10072
0000000010,0000007500,089369,032363,089358,011267,-85868,077493,019796
0000000011,0000008333,089348,032436,089307,011267,-92260,055420,048260
0000000012,0000009167,089305,032511,089274,011267,-89336,028217,072540
0000000013,0000010000,089246,032581,089264,011267,-77384,-01465,090270
0000000014,0000010833,089175,032638,089278,011267,-57536,-30719,099676
0000000015,0000011667,089100,032677,089314,011267,-31771,-56684,099875
0000000016,0000012500,089028,032694,089368,011267,-02600,-76830,090850
0000000017,0000013333,088966,032689,089436,011267,027125,-89147,073443
0000000018,0000014167,088920,032660,089511,011267,054490,-92468,049398
0000000019,0000015000,088895,032611,089584,011267,076830,-86468,021058
0000000020,0000015833,088893,032547,089650,011267,091925,-71694,-08810
0000000021,0000016667,088914,032474,089702,011267,098330,-49633,-37277
0000000022,0000017500,088957,032399,089734,011267,095421,-22434,-61567
0000000023,0000018333,089017,032330,089744,011267,083442,007252,-79273
0000000024,0000019167,089087,032273,089731,011267,063606,036507,-88692
0000000025,0000020000,089162,032233,089695,011267,037846,062481,-88907
0000000026,0000020833,089234,032216,089640,011267,008669,082604,-79853
0000000027,0000021667,089296,032222,089572,011267,-21055,094935,-62459
0000000028,0000022500,089342,032251,089498,011267,-48428,098270,-38422
0000000029,0000023333,089367,032299,089424,011267,-70748,092241,-10072
0000000030,0000024167,089369,032363,089358,011267,-85855,077481,019794
0000000031,0000025000,089348,032436,089306,011267,-92275,055428,048267
0000000032,0000025833,089305,032511,089274,011267,-89336,028217,072540
0000000033,0000026667,089246,032581,089264,011267,-77371,-01464,090256
0000000034,0000027500,089175,032638,089278,011267,-57545,-30725,099690
0000000035,0000028333,089100,032677,089314,011267,-31771,-56684,099875
0000000036,0000029167,089028,032695,089368,011267,-02599,-76817,090836
0000000037,0000030000,088966,032689,089436,011267,027128,-89162,073454
0000000038,0000030833,088920,032660,089510,011267,054490,-92468,049398
0000000039,0000031667,088895,032611,089584,011267,076819,-86454,021056
0000000040,0000032500,088893,032547,089650,011267,091939,-71706,-08813
0000000041,0000033333,088914,032474,089702,011267,098330,-49633,-37276
0000000042,0000034167,088957,032399,089734,011267,095407,-22430,-61556
0000000043,0000035000,089017,032330,089744,011267,083454,007253,-79286
0000000044,0000035833,089087,032273,089730,011267,063606,036507,-88692
0000000045,0000036667,089162,032233,089695,011267,037841,062472,-88892
0000000046,0000037500,089235,032216,089640,011267,008670,082617,-79866
0000000047,0000038333,089296,032222,089572,011267,-21055,094935,-62460
0000000048,0000039167,089342,032251,089498,011267,-48420,098255,-38415
0000000049,0000040000,089367,032299,089424,011267,-70760,092255,-10075
0000000050,0000040833,089369,032363,089358,011267,-85855,077481,019794
0000000051,0000041667,089348,032436,089306,011267,-92260,055420,048260
0000000052,0000042500,089305,032511,089274,011267,-89351,028221,072550
0000000053,0000043333,089246,032581,089264,011267,-77371,-01464,090256
0000000054,0000044167,089175,032638,089278,011267,-57535,-30719,099675
0000000055,0000045000,089100,032677,089314,011267,-31776,-56693,099890
0000000056,0000045833,089028,032695,089368,011267,-02599,-76817,090836
0000000057,0000046667,088966,032689,089436,011267,027125,-89147,073443
0000000058,0000047500,088920,032660,089510,011267,054498,-92483,049405
0000000059,0000048333,088895,032611,089584,011267,076819,-86454,021056
0000000060,0000049167,088893,032547,089650,011267,091925,-71694,-08810
0000000061,0000050000,088914,032474,089702,011267,098345,-49641,-37283
0000000062,0000050833,088957,032399,089734,011267,095407,-22430,-61556
0000000063,0000051667,089017,032330,089744,011267,083442,007252,-79273
0000000064,0000052500,089087,032273,089730,011267,063615,036512,-88707
0000000065,0000053333,089162,032233,089695,011267,037841,062472,-88892
0000000066,0000054167,089235,032216,089640,011267,008669,082605,-79853
0000000067,0000055000,089296,032222,089572,011267,-21058,094949,-62470
0000000068,0000055833,089342,032251,089498,011267,-48420,098255,-38415
0000000069,0000056667,089367,032299,089424,011267,-70748,092241,-10072
0000000070,0000057500,089369,032363,089358,011267,-85869,077493,019796
0000000071,0000058333,089348,032436,089306,011267,-92260,055420,048260
0000000072,0000059167,089305,032511,089274,011267,-89336,028217,072540
0000000073,0000060000,089246,032581,089264,011267,-77384,-01465,090270
0000000074,0000060833,089175,032638,089278,011267,-57536,-30719,099675
0000000075,0000061667,089100,032677,089314,011267,-31771,-56684,099875
0000000076,0000062500,089028,032695,089368,011267,-02600,-76829,090850
0000000077,0000063333,088966,032689,089436,011267,027125,-89147,073443
0000000078,0000064167,088920,032660,089510,011267,054490,-92468,049398
0000000079,0000065000,088895,032611,089584,011267,076830,-86468,021058
0000000080,0000065833,088893,032547,089650,011267,091925,-71694,-08810
0000000081,0000066667,088915,032474,089702,011267,098330,-49633,-37277
0000000082,0000067500,088957,032399,089734,011267,095421,-22434,-61567
0000000083,0000068333,089017,032330,089744,011267,083442,007252,-79273
0000000084,0000069167,089087,032273,089730,011267,063606,036507,-88692
0000000085,0000070000,089163,032233,089695,011267,037846,062481,-88907
0000000086,0000070833,089235,032216,089640,011267,008669,082604,-79853
0000000087,0000071667,089296,032222,089572,011267,-21055,094935,-62459
0000000088,0000072500,089342,032251,089498,011267,-48428,098270,-38422
0000000089,0000073333,089367,032299,089424,011267,-70748,092241,-10072
0000000090,0000074167,089369,032363,089358,011267,-85855,077481,019794
0000000091,0000075000,089348,032436,089306,011267,-92275,055428,048267
0000000092,0000075833,089305,032511,089274,011267,-89336,028217,072540
0000000093,0000076667,089246,032581,089264,011267,-77371,-01464,090256
0000000094,0000077500,089175,032638,089278,011267,-57545,-30725,099690
0000000095,0000078333,089100,032677,089314,011267,-31771,-56684,099875
0000000096,0000079167,089028,032695,089368,011267,-02599,-76817,090836
0000000097,0000080000,088966,032689,089436,011267,027128,-89162,073454
0000000098,0000080833,088920,032660,089510,011267,054490,-92468,049398
0000000099,0000081667,088895,032611,089584,011267,076819,-86454,021056
0000000100,0000082500,088893,032547,089650,011267,091939,-71706,-08813
0000000101,0000083333,088915,032474,089702,011267,098330,-49633,-37276
0000000102,0000084167,088957,032399,089734,011267,095407,-22430,-61556
0000000103,0000085000,089017,032330,089744,011267,083454,007253,-79286
0000000104,0000085833,089087,032273,089730,011267,063606,036507,-88692
0000000105,0000086667,089163,032233,089695,011267,037841,062472,-88892
0000000106,0000087500,089235,032216,089640,011267,008670,082617,-79866
0000000107,0000088333,089296,032222,089572,011267,-21055,094935,-62460
0000000108,0000089167,089342,032251,089498,011267,-48420,098255,-38415
0000000109,0000090000,089367,032299,089424,011267,-70760,092255,-10075
0000000110,0000090833,089369,032363,089358,011267,-85855,077481,019794
0000000111,0000091667,089348,032436,089306,011267,-92260,055420,048260
0000000112,0000092500,089305,032511,089274,011267,-89351,028221,072550
0000000113,0000093333,089246,032581,089264,011267,-77371,-01464,090256
0000000114,0000094167,089175,032638,089278,011267,-57535,-30719,099675
0000000115,0000095000,089100,032677,089314,011267,-31776,-56693,099890
0000000116,0000095833,089028,032695,089368,011267,-02599,-76817,090836
0000000117,0000096667,088966,032689,089436,011267,027125,-89147,073443
0000000118,0000097500,088920,032660,089510,011267,054498,-92483,049405
0000000119,0000098333,088895,032611,089584,011267,076819,-86454,021056
0000000120,0000099167,088893,032547,089650,011267,091925,-71694,-08810
0000000121,0000100000,088914,032474,089702,011267,098345,-49641,-37283
0000000122,0000100833,088957,032399,089734,011267,095407,-22430,-61556
0000000123,0000101667,089017,032330,089744,011267,083442,007252,-79273
0000000124,0000102500,089087,032273,089730,011267,063615,036512,-88707
0000000125,0000103333,089163,032233,089695,011267,037841,062472,-88892
0000000126,0000104167,089235,032216,089640,011267,008669,082605,-79853
0000000127,0000105000,089296,032222,089572,011267,-21058,094949,-62470
0000000128,0000105833,089342,032251,089498,011267,-48420,098255,-38415
0000000129,0000106667,089367,032299,089424,011267,-70748,092241,-10072
0000000130,0000107500,089369,032363,089358,011267,-85869,077493,019796
0000000131,0000108333,089348,032436,089306,011267,-92260,055420,048260
0000000132,0000109167,089305,032511,089274,011267,-89336,028217,072540
0000000133,0000110000,089246,032581,089264,011267,-77384,-01465,090270
0000000134,0000110833,089175,032638,089278,011267,-57536,-30719,099675
0000000135,0000111667,089100,032677,089314,011267,-31771,-56684,099875
0000000136,0000112500,089028,032695,089368,011267,-02600,-76829,090850
0000000137,0000113333,088966,032689,089436,011267,027125,-89147,073443
0000000138,0000114167,088920,032660,089510,011267,054490,-92468,049398
0000000139,0000115000,088895,032611,089584,011267,076830,-86468,021058
0000000140,0000115833,088893,032547,089650,011267,091925,-71694,-08810
0000000141,0000116667,088915,032474,089702,011267,098330,-49633,-37277
0000000142,0000117500,088957,032399,089734,011267,095421,-22434,-61567
0000000143,0000118333,089017,032330,089744,011267,083442,007252,-79273
0000000144,0000119167,089087,032273,089730,011267,063606,036507,-88692
0000000145,0000120000,089163,032233,089695,011267,037846,062481,-88907
0000000146,0000120833,089235,032216,089640,011267,008669,082604,-79853
0000000147,0000121667,089296,032222,089572,011267,-21055,094935,-62459
0000000148,0000122500,089342,032251,089498,011267,-48428,098270,-38422
0000000149,0000123333,089367,032299,089424,011267,-70748,092241,-10072
0000000150,0000124167,089369,032363,089358,011267,-85855,077481,019794
0000000151,0000125000,089348,032436,089306,011267,-92275,055428,048267
0000000152,0000125833,089305,032511,089274,011267,-89336,028217,072540
0000000153,0000126667,089246,032581,089264,011267,-77371,-01464,090256
0000000154,0000127500,089175,032638,089278,011267,-57545,-30725,099690
0000000155,0000128333,089100,032677,089314,011267,-31771,-56684,099875
0000000156,0000129167,089028,032695,089368,011267,-02599,-76817,090836
0000000157,0000130000,088966,032689,089436,011267,027128,-89162,073454
0000000158,0000130833,088920,032660,089510,011267,054490,-92468,049398
0000000159,0000131667,088895,032611,089584,011267,076819,-86454,021056
0000000160,0000132500,088893,032547,089650,011267,091939,-71706,-08813
0000000161,0000133333,088915,032474,089702,011267,098330,-49633,-37276
0000000162,0000134167,088957,032399,089734,011267,095407,-22430,-61556
0000000163,0000135000,089017,032330,089744,011267,083454,007253,-79286
0000000164,0000135833,089087,032273,089730,011267,063606,036507,-88692
0000000165,0000136667,089163,032233,089695,011267,037841,062472,-88892
0000000166,0000137500,089235,032216,089640,011267,008670,082617,-79866
0000000167,0000138333,089296,032222,089572,011267,-21054,094935,-62460
0000000168,0000139167,089342,032251,089498,011267,-48420,098255,-38415
0000000169,0000140000,089367,032299,089424,011267,-70760,092255,-10075
0000000170,0000140833,089369,032363,089358,011267,-85855,077481,019794
0000000171,0000141667,089348,032436,089306,011267,-92260,055420,048260
0000000172,0000142500,089305,032511,089274,011267,-89351,028221,072550
0000000173,0000143333,089246,032581,089264,011267,-77371,-01464,090256
0000000174,0000144167,089175,032638,089278,011267,-57535,-30719,099675
0000000175,0000145000,089100,032677,089314,011267,-31776,-56693,099890
0000000176,0000145833,089028,032695,089368,011267,-02599,-76817,090836
0000000177,0000146667,088966,032689,089436,011267,027125,-89147,073443
0000000178,0000147500,088920,032660,089510,011267,054498,-92483,049405
0000000179,0000148333,088895,032611,089584,011267,076819,-86454,021056
0000000180,0000149167,088893,032547,089650,011267,091925,-71694,-08810
0000000181,0000150000,088914,032474,089702,011267,098345,-49641,-37283
0000000182,0000150833,088957,032399,089734,011267,095407,-22430,-61556
0000000183,0000151667,089017,032330,089744,011267,083442,007252,-79273
0000000184,0000152500,089087,032273,089730,011267,063615,036512,-88707
0000000185,0000153333,089163,032233,089695,011267,037841,062472,-88892
0000000186,0000154167,089235,032216,089640,011267,008669,082605,-79853
0000000187,0000155000,089296,032222,089572,011267,-21058,094949,-62470
0000000188,0000155833,089342,032251,089498,011267,-48420,098255,-38415
0000000189,0000156667,089367,032299,089424,011267,-70748,092241,-10072
0000000190,0000157500,089369,032363,089358,011267,-85869,077493,019796
0000000191,0000158333,089348,032436,089306,011267,-92260,055420,048260
0000000192,0000159167,089305,032511,089274,011267,-89336,028217,072540
0000000193,0000160000,089246,032581,089264,011267,-77384,-01465,090270
0000000194,0000160833,089175,032638,089278,011267,-57536,-30719,099675
0000000195,0000161667,089100,032677,089314,011267,-31771,-56684,099875
0000000196,0000162500,089028,032695,089368,011267,-02600,-76829,090850
0000000197,0000163333,088966,032689,089436,011267,027125,-89147,073443
0000000198,0000164167,088920,032660,089510,011267,054490,-92468,049398
0000000199,0000165000,088895,032611,089584,011267,076830,-86468,021058
0000000200,0000165833,088893,032547,089650,011267,091925,-71694,-08810
0000000201,0000166667,088915,032474,089702,011267,098330,-49633,-37277
0000000202,0000167500,088957,032399,089734,011267,095421,-22434,-61567
0000000203,0000168333,089017,032330,089744,011267,083442,007252,-79273
0000000204,0000169167,089087,032273,089730,011267,063606,036507,-88692
0000000205,0000170000,089163,032233,089695,011267,037846,062481,-88907
0000000206,0000170833,089235,032216,089640,011267,008669,082604,-79853
0000000207,0000171667,089296,032222,089572,011267,-21055,094935,-62459
0000000208,0000172500,089342,032251,089498,011267,-48428,098270,-38422
0000000209,0000173333,089367,032299,089424,011267,-70748,092241,-10072
0000000210,0000174167,089369,032363,089358,011267,-85855,077481,019794
0000000211,0000175000,089348,032436,089306,011267,-92275,055428,048267
0000000212,0000175833,089305,032511,089274,011267,-89336,028217,072540
0000000213,0000176667,089246,032581,089264,011267,-77371,-01464,090256
0000000214,0000177500,089175,032638,089278,011267,-57545,-30725,099690
0000000215,0000178333,089100,032677,089314,011267,-31771,-56684,099875
0000000216,0000179167,089028,032695,089368,011267,-02599,-76817,090836
0000000217,0000180000,088966,032689,089436,011267,027128,-89162,073454
0000000218,0000180833,088920,032660,089510,011267,054490,-92468,049398
0000000219,0000181667,088895,032611,089584,011267,076819,-86454,021056
0000000220,0000182500,088893,032547,089650,011267,091939,-71706,-08813
0000000221,0000183333,088915,032474,089702,011267,098330,-49633,-37276
0000000222,0000184167,088957,032399,089734,011267,095407,-22430,-61556
0000000223,0000185000,089017,032330,089744,011267,083454,007253,-79286
0000000224,0000185833,089087,032273,089730,011267,063606,036507,-88692
0000000225,0000186667,089163,032233,089695,011267,037841,062472,-88892
0000000226,0000187500,089235,032216,089640,011267,008670,082617,-79866
0000000227,0000188333,089296,032222,089572,011267,-21054,094935,-62460
0000000228,0000189167,089342,032251,089498,011267,-48420,098255,-38415
0000000229,0000190000,089367,032299,089424,011267,-70760,092255,-10075
0000000230,0000190833,089369,032363,089358,011267,-85855,077481,019794
0000000231,0000191667,089348,032436,089306,011267,-92260,055420,048260
0000000232,0000192500,089305,032511,089274,011267,-89351,028221,072550
0000000233,0000193333,089246,032581,089264,011267,-77371,-01464,090256
0000000234,0000194167,089175,032638,089278,011267,-57535,-30719,099675
0000000235,0000195000,089100,032677,089314,011267,-31776,-56693,099890
0000000236,0000195833,089028,032695,089368,011267,-02599,-76817,090836
0000000237,0000196667,088966,032689,089436,011267,027125,-89147,073443
0000000238,0000197500,088920,032660,089510,011267,054498,-92483,049405
0000000239,0000198333,088895,032611,089584,011267,076819,-86454,021056
0000000240,0000199167,088893,032547,089650,011267,091925,-71694,-08810
0000000241,0000200000,088914,032474,089702,011267,098345,-49641,-37283
0000000242,0000200833,088957,032399,089734,011267,095407,-22430,-61556
0000000243,0000201667,089017,032330,089744,011267,083442,007252,-79273
0000000244,0000202500,089087,032273,089730,011267,063615,036512,-88707
0000000245,0000203333,089163,032233,089695,011267,037841,062472,-88892
0000000246,0000204167,089235,032216,089640,011267,008669,082605,-79853
0000000247,0000205000,089296,032222,089572,011267,-21058,094949,-62470
0000000248,0000205833,089342,032251,089498,011267,-48420,098255,-38415
0000000249,0000206667,089367,032299,089424,011267,-70748,092241,-10072
0000000250,0000207500,089369,032363,089358,011267,-85869,077493,019796
0000000251,0000208333,089348,032436,089306,011267,-92260,055420,048260
0000000252,0000209167,089305,032511,089274,011267,-89336,028217,072540
0000000253,0000210000,089246,032581,089264,011267,-77384,-01465,090270
0000000254,0000210833,089175,032638,089278,011267,-57536,-30719,099675
0000000255,0000211667,089100,032677,089314,011267,-31771,-56684,099875
0000000256,0000212500,089028,032695,089368,011267,-02600,-76829,090850
0000000257,0000213333,088966,032689,089436,011267,027125,-89147,073443
0000000258,0000214167,088920,032660,089510,011267,054490,-92468,049398
0000000259,0000215000,088895,032611,089584,011267,076830,-86468,021058
0000000260,0000215833,088893,032547,089650,011267,091925,-71694,-08810
0000000261,0000216667,088915,032474,089702,011267,098330,-49633,-37277
0000000262,0000217500,088957,032399,089734,011267,095421,-22434,-61567
0000000263,0000218333,089017,032330,089744,011267,083442,007252,-79273
0000000264,0000219167,089087,032273,089730,011267,063606,036507,-88692
0000000265,0000220000,089163,032233,089695,011267,037846,062481,-88907
0000000266,0000220833,089235,032216,089640,011267,008669,082604,-79853
0000000267,0000221667,089296,032222,089572,011267,-21055,094935,-62459
0000000268,0000222500,089342,032251,089498,011267,-48428,098270,-38422
0000000269,0000223333,089367,032299,089424,011267,-70748,092241,-10072
0000000270,0000224167,089369,032363,089358,011267,-85855,077481,019794
0000000271,0000225000,089348,032436,089306,011267,-92275,055428,048267
0000000272,0000225833,089305,032511,089274,011267,-89336,028217,072540
0000000273,0000226667,089246,032581,089264,011267,-77371,-01464,090256
0000000274,0000227500,089175,032638,089278,011267,-57545,-30725,099690
0000000275,0000228333,089100,032677,089314,011267,-31771,-56684,099875
0000000276,0000229167,089028,032695,089368,011267,-02599,-76817,090836
0000000277,0000230000,088966,032689,089436,011267,027128,-89162,073454
0000000278,0000230833,088920,032660,089510,011267,054490,-92468,049398
0000000279,0000231667,088895,032611,089584,011267,076819,-86454,021056
0000000280,0000232500,088893,032547,089650,011267,091939,-71706,-08813
0000000281,0000233333,088915,032474,089702,011267,098330,-49633,-37276
0000000282,0000234167,088957,032399,089734,011267,095407,-22430,-61556
0000000283,0000235000,089017,032330,089744,011267,083454,007253,-79286
0000000284,0000235833,089087,032273,089730,011267,063606,036507,-88692
0000000285,0000236667,089163,032234,089695,011267,037841,062472,-88892
0000000286,0000237500,089235,032216,089640,011267,008670,082617,-79866
0000000287,0000238333,089296,032222,089572,011267,-21054,094935,-62460
0000000288,0000239167,089342,032251,089498,011267,-48420,098255,-38415
0000000289,0000240000,089367,032299,089424,011267,-70760,092255,-10075
0000000290,0000240833,089369,032363,089358,011267,-85855,077481,019794
0000000291,0000241667,089348,032436,089306,011267,-92260,055420,048260
0000000292,0000242500,089305,032511,089274,011267,-89351,028221,072550
0000000293,0000243333,089246,032581,089264,011267,-77371,-01464,090256
0000000294,0000244167,089175,032638,089278,011267,-57535,-30719,099675
0000000295,0000245000,089100,032677,089314,011267,-31776,-56693,099890
0000000296,0000245833,089028,032695,089368,011267,-02599,-76817,090836
0000000297,0000246667,088966,032689,089436,011267,027125,-89147,073443
0000000298,0000247500,088920,032660,089510,011267,054498,-92483,049405
0000000299,0000248333,088895,032611,089584,011267,076819,-86454,021056
0000000300,0000249167,088893,032547,089650,011267,091925,-71694,-08810
0000000301,0000250000,088914,032474,089702,011267,098345,-49641,-37283
0000000302,0000250833,088957,032399,089734,011267,095407,-22430,-61556
0000000303,0000251667,089017,032330,089744,011267,083442,007252,-79273
0000000304,0000252500,089087,032273,089730,011267,063615,036512,-88707
0000000305,0000253333,089163,032234,089695,011267,037841,062472,-88892
0000000306,0000254167,089235,032216,089640,011267,008669,082605,-79853
0000000307,0000255000,089296,032222,089572,011267,-21058,094949,-62470
0000000308,0000255833,089342,032251,089498,011267,-48420,098255,-38415
0000000309,0000256667,089367,032299,089424,011267,-70748,092241,-10072
0000000310,0000257500,089369,032363,089358,011267,-85869,077493,019796
0000000311,0000258333,089348,032436,089306,011267,-92260,055420,048260
0000000312,0000259167,089305,032511,089274,011267,-89336,028217,072540
0000000313,0000260000,089246,032581,089264,011267,-77384,-01465,090270
0000000314,0000260833,089175,032638,089278,011267,-57536,-30719,099675
0000000315,0000261667,089100,032677,089314,011267,-31771,-56684,099875
0000000316,0000262500,089028,032695,089368,011267,-02600,-76829,090850
0000000317,0000263333,088966,032689,089436,011267,027125,-89147,073443
0000000318,0000264167,088920,032660,089510,011267,054490,-92468,049398
0000000319,0000265000,088895,032611,089584,011267,076830,-86468,021058
0000000320,0000265833,088893,032547,089650,011267,091925,-71694,-08810
0000000321,0000266667,088915,032474,089702,011267,098330,-49633,-37277
0000000322,0000267500,088957,032399,089734,011267,095421,-22434,-61567
0000000323,0000268333,089017,032330,089744,011267,083442,007252,-79273
0000000324,0000269167,089087,032273,089730,011267,063606,036507,-88692
0000000325,0000270000,089163,032233,089695,011267,037846,062481,-88907
0000000326,0000270833,089235,032216,089640,011267,008669,082604,-79853
0000000327,0000271667,089296,032222,089572,011267,-21055,094935,-62459
0000000328,0000272500,089342,032251,089498,011267,-48428,098270,-38422
0000000329,0000273333,089367,032299,089424,011267,-70748,092241,-10072
0000000330,0000274167,089369,032363,089358,011267,-85855,077481,019794
0000000331,0000275000,089348,032436,089306,011267,-92275,055428,048267
0000000332,0000275833,089305,032511,089274,011267,-89336,028217,072540
0000000333,0000276667,089246,032581,089264,011267,-77371,-01464,090256
0000000334,0000277500,089175,032638,089278,011267,-57545,-30725,099690
0000000335,0000278333,089100,032677,089314,011267,-31771,-56684,099875
0000000336,0000279167,089028,032695,089368,011267,-02599,-76817,090836
0000000337,0000280000,088966,032689,089436,011267,027128,-89162,073454
0000000338,0000280833,088920,032660,089510,011267,054490,-92468,049398
0000000339,0000281667,088895,032611,089584,011267,076819,-86454,021056
0000000340,0000282500,088893,032547,089650,011267,091939,-71706,-08813
0000000341,0000283333,088915,032474,089702,011267,098330,-49633,-37276
0000000342,0000284167,088957,032399,089734,011267,095407,-22430,-61556
0000000343,0000285000,089017,032330,089744,011267,083454,007253,-79286
0000000344,0000285833,089087,032273,089730,011267,063606,036507,-88692
0000000345,0000286667,089163,032234,089695,011267,037841,062472,-88892
0000000346,0000287500,089235,032216,089640,011267,008670,082617,-79866
0000000347,0000288333,089296,032222,089572,011267,-21054,094935,-62460
0000000348,0000289167,089342,032251,089498,011267,-48420,098255,-38415
0000000349,0000290000,089367,032299,089424,011267,-70760,092255,-10075
0000000350,0000290833,089369,032363,089358,011267,-85855,077481,019794
0000000351,0000291667,089348,032436,089306,011267,-92260,055420,048260
0000000352,0000292500,089305,032511,089274,011267,-89351,028221,072550
0000000353,0000293333,089246,032581,089264,011267,-77371,-01464,090256
0000000354,0000294167,089175,032638,089278,011267,-57535,-30719,099675
0000000355,0000295000,089100,032677,089314,011267,-31776,-56693,099890
0000000356,0000295833,089028,032695,089368,011267,-02599,-76817,090836
0000000357,0000296667,088966,032689,089436,011267,027125,-89147,073443
0000000358,0000297500,088920,032660,089510,011267,054498,-92483,049405
0000000359,0000298333,088895,032611,089584,011267,076819,-86454,021056
0000000360,0000299167,088893,032547,089650,011267,091925,-71694,-08810
0000000361,0000300000,088914,032474,089702,011267,098345,-49641,-37283
0000000362,0000300833,088957,032399,089734,011267,095407,-22430,-61556
0000000363,0000301667,089017,032330,089744,011267,083442,007252,-79273
0000000364,0000302500,089087,032273,089730,011267,063615,036512,-88707
0000000365,0000303333,089163,032234,089695,011267,037841,062472,-88892
0000000366,0000304167,089235,032216,089640,011267,008669,082605,-79853
0000000367,0000305000,089296,032222,089572,011267,-21058,094949,-62470
0000000368,0000305833,089342,032251,089498,011267,-48420,098255,-38415
0000000369,0000306667,089367,032299,089424,011267,-70748,092241,-10072
0000000370,0000307500,089369,032363,089358,011267,-85869,077493,019796
0000000371,0000308333,089348,032436,089306,011267,-92260,055420,048260
0000000372,0000309167,089305,032511,089274,011267,-89336,028217,072540
0000000373,0000310000,089246,032581,089264,011267,-77384,-01465,090270
0000000374,0000310833,089175,032638,089278,011267,-57536,-30719,099675
0000000375,0000311667,089100,032677,089314,011267,-31771,-56684,099875
0000000376,0000312500,089028,032695,089368,011267,-02600,-76829,090850
0000000377,0000313333,088966,032689,089436,011267,027125,-89147,073443
0000000378,0000314167,088920,032660,089510,011267,054490,-92468,049398
0000000379,0000315000,088895,032611,089584,011267,076830,-86468,021058
0000000380,0000315833,088893,032547,089650,011267,091925,-71694,-08810
0000000381,0000316667,088915,032474,089702,011267,098330,-49633,-37277
0000000382,0000317500,088957,032399,089734,011267,095421,-22434,-61567
0000000383,0000318333,089017,032330,089744,011267,083442,007252,-79273
0000000384,0000319167,089087,032273,089730,011267,063606,036507,-88692
0000000385,0000320000,089163,032233,089695,011267,037846,062481,-88907
0000000386,0000320833,089235,032216,089640,011267,008669,082604,-79853
0000000387,0000321667,089296,032222,089572,011267,-21055,094935,-62459
0000000388,0000322500,089342,032251,089498,011267,-48428,098270,-38422
0000000389,0000323333,089367,032299,089424,011267,-70748,092241,-10072
0000000390,0000324167,089369,032363,089358,011267,-85855,077481,019794
0000000391,0000325000,089348,032436,089306,011267,-92275,055428,048267
0000000392,0000325833,089305,032511,089274,011267,-89336,028217,072540
0000000393,0000326667,089246,032581,089264,011267,-77371,-01464,090256
0000000394,0000327500,089175,032638,089278,011267,-57545,-30725,099690
0000000395,0000328333,089100,032677,089314,011267,-31771,-56684,099875
0000000396,0000329167,089028,032695,089368,011267,-02599,-76817,090836
0000000397,0000330000,088966,032689,089436,011267,027128,-89162,073454
0000000398,0000330833,088920,032660,089510,011267,054490,-92468,049398
0000000399,0000331667,088895,032611,089584,011267,076819,-86454,021056
0000000400,0000332500,088893,032547,089650,011267,091939,-71705,-08813
0000000401,0000333333,088915,032474,089702,011267,098330,-49633,-37276
0000000402,0000334167,088957,032399,089734,011267,095407,-22430,-61556
0000000403,0000335000,089017,032330,089744,011267,083454,007253,-79286
0000000404,0000335833,089087,032273,089730,011267,063606,036507,-88692
0000000405,0000336667,089163,032234,089695,011267,037841,062472,-88892
0000000406,0000337500,089235,032216,089640,011267,008670,082617,-79866
0000000407,0000338333,089296,032222,089572,011267,-21054,094935,-62460
0000000408,0000339167,089342,032251,089498,011267,-48420,098255,-38415
0000000409,0000340000,089367,032299,089424,011267,-70760,092255,-10075
0000000410,0000340833,089369,032363,089358,011267,-85855,077481,019794
0000000411,0000341667,089348,032436,089306,011267,-92260,055420,048260
0000000412,0000342500,089305,032511,089274,011267,-89351,028221,072550
0000000413,0000343333,089246,032581,089264,011267,-77371,-01464,090256
0000000414,0000344167,089175,032638,089278,011267,-57535,-30719,099675
0000000415,0000345000,089100,032677,089314,011267,-31776,-56693,099890
0000000416,0000345833,089028,032695,089368,011267,-02599,-76817,090836
0000000417,0000346667,088966,032689,089436,011267,027125,-89147,073443
0000000418,0000347500,088920,032660,089510,011267,054498,-92483,049405
0000000419,0000348333,088895,032611,089584,011267,076819,-86454,021056
0000000420,0000349167,088893,032547,089650,011267,091925,-71694,-08810
0000000421,0000350000,088914,032474,089702,011267,098345,-49641,-37283
0000000422,0000350833,088957,032399,089734,011267,095407,-22430,-61556
0000000423,0000351667,089017,032330,089744,011267,083442,007252,-79273
0000000424,0000352500,089087,032273,089730,011267,063615,036512,-88707
0000000425,0000353333,089163,032234,089695,011267,037841,062472,-88892
0000000426,0000354167,089235,032216,089640,011267,008669,082605,-79853
0000000427,0000355000,089296,032222,089572,011267,-21058,094949,-62470
0000000428,0000355833,089342,032251,089498,011267,-48420,098255,-38415
0000000429,0000356667,089367,032299,089424,011267,-70748,092241,-10072
0000000430,0000357500,089369,032363,089358,011267,-85869,077493,019796
0000000431,0000358333,089348,032436,089306,011267,-92260,055420,048260
0000000432,0000359167,089305,032511,089274,011267,-89336,028217,072540
0000000433,0000360000,089246,032581,089264,011267,-77384,-01465,090270
0000000434,0000360833,089175,032638,089278,011267,-57536,-30719,099675
0000000435,0000361667,089100,032677,089314,011267,-31771,-56684,099875
0000000436,0000362500,089028,032695,089368,011267,-02600,-76829,090850
0000000437,0000363333,088966,032689,089436,011267,027125,-89147,073443
0000000438,0000364167,088920,032660,089510,011267,054490,-92468,049398
0000000439,0000365000,088895,032611,089584,011267,076830,-86468,021058
0000000440,0000365833,088893,032547,089650,011267,091925,-71694,-08810
0000000441,0000366667,088915,032474,089702,011267,098330,-49633,-37277
0000000442,0000367500,088957,032399,089734,011267,095421,-22434,-61567
0000000443,0000368333,089017,032330,089744,011267,083442,007252,-79273
0000000444,0000369167,089087,032273,089730,011267,063606,036507,-88692
0000000445,0000370000,089163,032233,089695,011267,037846,062481,-88907
0000000446,0000370833,089235,032216,089640,011267,008669,082604,-79853
0000000447,0000371667,089296,032222,089572,011267,-21055,094935,-62459
0000000448,0000372500,089342,032251,089498,011267,-48428,098270,-38422
0000000449,0000373333,089367,032299,089424,011267,-70748,092241,-10072
0000000450,0000374167,089369,032363,089358,011267,-85855,077481,019794
0000000451,0000375000,089348,032436,089306,011267,-92275,055428,048267
0000000452,0000375833,089305,032511,089274,011267,-89336,028217,072540
0000000453,0000376667,089246,032581,089264,011267,-77371,-01464,090256
0000000454,0000377500,089175,032638,089278,011267,-57545,-30725,099690
0000000455,0000378333,089100,032677,089314,011267,-31771,-56684,099875
0000000456,0000379167,089028,032695,089368,011267,-02599,-76817,090836
0000000457,0000380000,088966,032689,089436,011267,027128,-89162,073454
0000000458,0000380833,088920,032660,089510,011267,054490,-92468,049398
0000000459,0000381667,088895,032611,089584,011267,076819,-86454,021056
0000000460,0000382500,088893,032547,089650,011267,091939,-71705,-08813
0000000461,0000383333,088915,032474,089702,011267,098330,-49633,-37276
0000000462,0000384167,088957,032399,089734,011267,095407,-22430,-61556
0000000463,0000385000,089017,032330,089744,011267,083454,007253,-79286
0000000464,0000385833,089087,032273,089730,011267,063606,036507,-88692
0000000465,0000386667,089163,032234,089695,011267,037841,062472,-88892
0000000466,0000387500,089235,032216,089640,011267,008670,082617,-79866
0000000467,0000388333,089296,032222,089572,011267,-21054,094935,-62460
0000000468,0000389167,089342,032251,089498,011267,-48420,098255,-38415
0000000469,0000390000,089367,032299,089424,011267,-70760,092255,-10075
0000000470,0000390833,089369,032363,089358,011267,-85855,077481,019794
0000000471,0000391667,089348,032436,089306,011267,-92260,055420,048260
0000000472,0000392500,089305,032511,089274,011267,-89351,028221,072550
0000000473,0000393333,089246,032581,089264,011267,-77371,-01464,090256
0000000474,0000394167,089175,032638,089278,011267,-57535,-30719,099675
0000000475,0000395000,089100,032677,089314,011267,-31776,-56693,099890
0000000476,0000395833,089028,032695,089368,011267,-02599,-76817,090836
0000000477,0000396667,088966,032689,089436,011267,027125,-89147,073443
0000000478,0000397500,088920,032660,089510,011267,054498,-92483,049405
0000000479,0000398333,088895,032611,089584,011267,076819,-86454,021056
0000000480,0000399167,088893,032547,089650,011267,091925,-71694,-08810
0000000481,0000400000,088914,032474,089702,011267,098345,-49641,-37283
0000000482,0000400833,088957,032399,089734,011267,095407,-22430,-61556
0000000483,0000401667,089017,032330,089744,011267,083442,007252,-79273
0000000484,0000402500,089087,032273,089730,011267,063615,036512,-88707
0000000485,0000403333,089163,032234,089695,011267,037841,062472,-88892
0000000486,0000404167,089235,032216,089640,011267,008669,082605,-79853
0000000487,0000405000,089296,032222,089572,011267,-21058,094949,-62470
0000000488,0000405833,089342,032251,089498,011267,-48420,098255,-38415
0000000489,0000406667,089367,032299,089424,011267,-70748,092241,-10072
0000000490,0000407500,089369,032363,089358,011267,-85869,077493,019796
0000000491,0000408333,089348,032436,089306,011267,-92260,055420,048260
0000000492,0000409167,089305,032511,089274,011267,-89336,028217,072540
0000000493,0000410000,089246,032581,089264,011267,-77384,-01465,090270
0000000494,0000410833,089175,032638,089278,011267,-57536,-30719,099675
0000000495,0000411667,089100,032677,089314,011267,-31771,-56684,099875
0000000496,0000412500,089028,032695,089368,011267,-02600,-76829,090850
0000000497,0000413333,088966,032689,089436,011267,027125,-89147,073443
0000000498,0000414167,088920,032660,089510,011267,054490,-92468,049398
0000000499,0000415000,088895,032611,089584,011267,076830,-86468,021058
0000000500,0000415833,088893,032547,089650,011267,091925,-71694,-08810
0000000501,0000416667,088915,032474,089702,011267,098330,-49633,-37277
0000000502,0000417500,088957,032399,089734,011267,095421,-22434,-61567
0000000503,0000418333,089017,032330,089744,011267,083442,007252,-79273
0000000504,0000419167,089087,032273,089730,011267,063606,036507,-88692
0000000505,0000420000,089163,032233,089695,011267,037846,062481,-88907
0000000506,0000420833,089235,032216,089640,011267,008669,082604,-79853
0000000507,0000421667,089296,032222,089572,011267,-21055,094935,-62459
0000000508,0000422500,089342,032251,089498,011267,-48428,098270,-38422
0000000509,0000423333,089367,032299,089424,011267,-70748,092241,-10072
0000000510,0000424167,089369,032363,089358,011267,-85855,077481,019794
0000000511,0000425000,089348,032436,089306,011267,-92275,055428,048267
0000000512,0000425833,089305,032511,089274,011267,-89336,028217,072540
0000000513,0000426667,089246,032581,089264,011267,-77371,-01464,090256
0000000514,0000427500,089175,032638,089278,011267,-57545,-30725,099690
0000000515,0000428333,089100,032677,089314,011267,-31771,-56684,099875
0000000516,0000429167,089028,032695,089368,011267,-02599,-76817,090836
0000000517,0000430000,088966,032689,089436,011267,027128,-89162,073454
0000000518,0000430833,088920,032660,089510,011267,054490,-92468,049398
0000000519,0000431667,088895,032611,089584,011267,076819,-86454,021056
0000000520,0000432500,088893,032547,089650,011267,091939,-71705,-08813
0000000521,0000433333,088915,032474,089702,011267,098330,-49633,-37276
0000000522,0000434167,088957,032399,089734,011267,095407,-22430,-61556
0000000523,0000435000,089017,032330,089744,011267,083454,007253,-79286
0000000524,0000435833,089087,032273,089730,011267,063606,036507,-88692
0000000525,0000436667,089163,032234,089695,011267,037841,062472,-88892
0000000526,0000437500,089235,032216,089640,011267,008670,082617,-79866
0000000527,0000438333,089296,032222,089572,011267,-21054,094935,-62460
0000000528,0000439167,089342,032251,089498,011267,-48420,098255,-38415
0000000529,0000440000,089367,032299,089424,011267,-70760,092255,-10075
0000000530,0000440833,089369,032363,089358,011267,-85855,077481,019794
0000000531,0000441667,089348,032436,089306,011267,-92260,055420,048260
0000000532,0000442500,089305,032511,089274,011267,-89351,028221,072550
0000000533,0000443333,089246,032581,089264,011267,-77371,-01464,090256
0000000534,0000444167,089175,032638,089278,011267,-57535,-30719,099675
0000000535,0000445000,089100,032677,089314,011267,-31776,-56693,099890
0000000536,0000445833,089028,032695,089368,011267,-02599,-76817,090836
0000000537,0000446667,088966,032689,089436,011267,027125,-89147,073443
0000000538,0000447500,088920,032660,089510,011267,054498,-92483,049405
0000000539,0000448333,088895,032611,089584,011267,076819,-86454,021056
0000000540,0000449167,088893,032547,089650,011267,091925,-71694,-08810
0000000541,0000450000,088914,032474,089702,011267,098345,-49641,-37283
0000000542,0000450833,088957,032399,089734,011267,095407,-22430,-61556
0000000543,0000451667,089017,032330,089744,011267,083442,007252,-79273
0000000544,0000452500,089087,032273,089730,011267,063615,036512,-88707
0000000545,0000453333,089163,032234,089695,011267,037841,062472,-88892
0000000546,0000454167,089235,032216,089640,011267,008669,082605,-79853
0000000547,0000455000,089296,032222,089572,011267,-21058,094949,-62470
0000000548,0000455833,089342,032251,089498,011267,-48420,098255,-38415
0000000549,0000456667,089367,032299,089424,011267,-70748,092241,-10072
0000000550,0000457500,089369,032363,089358,011267,-85869,077493,019796
0000000551,0000458333,089348,032436,089306,011267,-92260,055420,048260
0000000552,0000459167,089305,032511,089274,011267,-89336,028217,072540
0000000553,0000460000,089246,032581,089264,011267,-77384,-01465,090270
0000000554,0000460833,089175,032638,089278,011267,-57536,-30719,099675
0000000555,0000461667,089100,032677,089314,011267,-31771,-56684,099875
0000000556,0000462500,089028,032695,089368,011267,-02600,-76829,090850
0000000557,0000463333,088966,032689,089436,011267,027125,-89147,073443
0000000558,0000464167,088920,032660,089510,011267,054490,-92468,049398
0000000559,0000465000,088895,032611,089584,011267,076830,-86468,021058
0000000560,0000465833,088893,032547,089650,011267,091925,-71694,-08810
0000000561,0000466667,088915,032474,089702,011267,098330,-49633,-37277
0000000562,0000467500,088957,032399,089734,011267,095421,-22434,-61567
0000000563,0000468333,089017,032330,089744,011267,083442,007252,-79273
0000000564,0000469167,089087,032273,089730,011267,063606,036507,-88692
0000000565,0000470000,089163,032233,089695,011267,037846,062481,-88907
0000000566,0000470833,089235,032216,089640,011267,008669,082604,-79853
0000000567,0000471667,089296,032222,089572,011267,-21055,094935,-62459
0000000568,0000472500,089342,032251,089498,011267,-48428,098270,-38422
0000000569,0000473333,089367,032299,089424,011267,-70748,092241,-10072
0000000570,0000474167,089369,032363,089358,011267,-85855,077481,019794
0000000571,0000475000,089348,032436,089306,011267,-92275,055428,048267
0000000572,0000475833,089305,032511,089274,011267,-89336,028217,072540
0000000573,0000476667,089246,032581,089264,011267,-77371,-01464,090256
0000000574,0000477500,089175,032638,089278,011267,-57545,-30725,099690
0000000575,0000478333,089100,032677,089314,011267,-31771,-56684,099875
0000000576,0000479167,089028,032695,089368,011267,-02599,-76817,090836
0000000577,0000480000,088966,032689,089436,011267,027128,-89162,073454
0000000578,0000480833,088920,032660,089510,011267,054490,-92468,049398
0000000579,0000481667,088895,032611,089584,011267,076819,-86454,021056
0000000580,0000482500,088893,032547,089650,011267,091939,-71705,-08813
0000000581,0000483333,088915,032474,089702,011267,098330,-49633,-37276
0000000582,0000484167,088957,032399,089734,011267,095407,-22430,-61556
0000000583,0000485000,089017,032330,089744,011267,083454,007253,-79286
0000000584,0000485833,089087,032273,089730,011267,063606,036507,-88692
0000000585,0000486667,089163,032234,089695,011267,037841,062472,-88892
0000000586,0000487500,089235,032216,089640,011267,008670,082617,-79866
0000000587,0000488333,089296,032222,089572,011267,-21054,094935,-62460
0000000588,0000489167,089342,032251,089498,011267,-48420,098255,-38415
0000000589,0000490000,089367,032299,089424,011267,-70760,092255,-10075
0000000590,0000490833,089369,032363,089358,011267,-85855,077481,019794
0000000591,0000491667,089348,032436,089306,011267,-92260,055420,048260
0000000592,0000492500,089305,032511,089274,011267,-89351,028221,072550
0000000593,0000493333,089246,032581,089264,011267,-77371,-01464,090256
0000000594,0000494167,089175,032638,089278,011267,-57535,-30719,099675
0000000595,0000495000,089100,032677,089314,011267,-31776,-56693,099890
0000000596,0000495833,089028,032695,089368,011267,-02599,-76817,090836
0000000597,0000496667,088966,032689,089436,011267,027125,-89147,073443
0000000598,0000497500,088920,032660,089510,011267,054498,-92483,049405
0000000599,0000498333,088895,032611,089584,011267,076819,-86454,021056
0000000600,0000499167,088893,032547,089650,011267,091925,-71694,-08810
0000000601,0000500000,088914,032474,089702,011267,098345,-49641,-37283
0000000602,0000500833,087464,023850,088241,-00269,099998,-05035,-56985
0000000603,0000501667,087485,023453,088211,-00674,087227,-04607,-75473
0000000604,0000502500,088694,030212,089336,008419,066855,001750,-85446
0000000605,0000503333,090679,042135,091210,024201,040544,011768,-86213
0000000606,0000504167,093105,056318,093510,043110,013222,024494,-75287
0000000607,0000505000,095571,071009,095845,062602,-14703,037133,-56117
0000000608,0000505833,097725,084246,097880,080027,-39844,047744,-29855
0000000609,0000506667,099274,094304,099334,093088,-62354,055710,-01719
0000000610,0000507500,099998,099826,099998,099998,-79171,059444,026376
0000000611,0000508333,099761,099998,099745,099681,-89370,058299,051014
0000000612,0000509167,098581,094696,098594,092048,-90735,052426,070968
0000000613,0000510000,096536,084277,096617,077606,-82624,042210,084854
0000000614,0000510833,093805,069604,093982,057567,-65855,028544,091286
0000000615,0000511667,090637,052082,090925,033820,-41386,012656,090265
0000000616,0000512500,087319,033325,087723,008544,-12635,-03923,080907
0000000617,0000513333,084164,015123,084679,-15858,018128,-19601,064616
0000000618,0000514167,081479,-00787,082092,-37040,046622,-32913,041698
0000000619,0000515000,079514,-12911,080208,-53011,070569,-42576,014949
0000000620,0000515833,078460,-20090,079209,-62245,087146,-47645,-13492
0000000621,0000516667,078419,-21669,079191,-63882,095559,-47665,-39981
0000000622,0000517500,079389,-17510,080148,-57797,095185,-42645,-61748
0000000623,0000518333,081278,-08030,081987,-44589,086140,-33078,-76577
0000000624,0000519167,083898,005827,084524,-25574,069212,-19910,-83098
0000000625,0000520000,086987,022672,087507,-02657,045683,-04445,-81083
0000000626,0000520833,090243,040848,090641,021908,018036,011804,-70519
0000000627,0000521667,093350,058553,093619,045699,-11310,027242,-52722
0000000628,0000522500,096002,074048,096151,066377,-39253,040354,-29246
0000000629,0000523333,097937,085793,097987,081894,-63332,049845,-02664
0000000630,0000524167,098962,092616,098946,090701,-80911,054772,024689
0000000631,0000525000,098977,093858,098938,091950,-90209,054670,050222
0000000632,0000525833,097982,089374,097966,085498,-90161,049539,071595
0000000633,0000526667,096077,079603,096126,071982,-80838,039886,086654
0000000634,0000527500,093453,065498,093598,052726,-63414,026660,093707
0000000635,0000528333,090364,048417,090626,029583,-39567,011144,092053
0000000636,0000529167,087112,030019,087498,004805,-11682,-05147,081785
0000000637,0000530000,084015,012098,084521,-19189,017695,-20622,064099
0000000638,0000530833,081377,-03597,081990,-40054,045596,-33764,040614
0000000639,0000531667,079456,-15535,080155,-55747,069326,-43287,013680
0000000640,0000532500,078439,-22566,079194,-64756,086535,-48268,-14091
0000000641,0000533333,078429,-24000,079203,-66193,095625,-48212,-39878
0000000642,0000534167,079427,-19700,080180,-59916,095736,-43121,-61125
0000000643,0000535000,081334,-10104,082031,-46563,086800,-33506,-75850
0000000644,0000535833,083967,003853,084576,-27427,069612,-20300,-82662
0000000645,0000536667,087068,020795,087566,-04395,045786,-04799,-80953
0000000646,0000537500,090332,039051,090709,020269,017766,011477,-70796
0000000647,0000538333,093444,056834,093698,044152,-11691,026937,-53145
0000000648,0000539167,096099,072392,096238,064906,-39649,040061,-29691
0000000649,0000540000,098039,084208,098083,080506,-63443,049570,-02818
0000000650,0000540833,099069,091108,099051,089404,-80732,054523,024845
0000000651,0000541667,099088,092410,099050,090724,-89805,054435,050603
0000000652,0000542500,098099,087998,098083,084357,-89784,049328,071971
0000000653,0000543333,096199,078290,096247,070912,-80669,039694,086844
0000000654,0000544167,093576,064231,093719,051703,-63410,026477,093709
0000000655,0000545000,090489,047198,090748,028612,-39696,010971,091925
0000000656,0000545833,087239,028845,087622,003882,-11806,-05314,081662
0000000657,0000546667,084143,010968,084648,-20064,017587,-20780,063971
0000000658,0000547500,081504,-04688,082119,-40889,045583,-33919,040576
0000000659,0000548333,079582,-16589,080285,-56545,069407,-43438,013734
0000000660,0000549167,078567,-23571,079328,-65500,086690,-48402,-13942
0000000661,0000550000,078557,-24969,079338,-66898,095782,-48338,-39723
0000000662,0000550833,079556,-20637,080317,-60588,095804,-43243,-61059
0000000663,0000551667,081467,-11000,082168,-47189,086749,-33616,-75868
0000000664,0000552500,084100,002983,084711,-28030,069503,-20408,-82743
0000000665,0000553333,087201,019950,087699,-04974,045717,-04906,-81006
0000000666,0000554167,090465,038234,090839,019715,017743,011372,-70792
0000000667,0000555000,093576,056044,093825,043621,-11657,026833,-53101
0000000668,0000555833,096229,071632,096363,064401,-39601,039961,-29645
0000000669,0000556667,098164,083465,098205,080011,-63368,049465,-02761
0000000670,0000557500,099192,090394,099173,088935,-80658,054425,024899
0000000671,0000558333,099210,091728,099172,090286,-89757,054347,050641
0000000672,0000559167,098217,087332,098204,083931,-89761,049238,071962
0000000673,0000560000,096316,077651,096368,070512,-80694,039612,086802
0000000674,0000560833,093693,063616,093841,051326,-63441,026400,093680
0000000675,0000561667,090604,046601,090868,028250,-39694,010896,091913
0000000676,0000562500,087353,028270,087741,003541,-11771,-05383,081694
0000000677,0000563333,084256,010412,084766,-20389,017625,-20848,064016
0000000678,0000564167,081617,-05220,082236,-41191,045604,-33979,040605
0000000679,0000565000,079693,-17107,080400,-56838,069416,-43498,013751
0000000680,0000565833,078675,-24078,079440,-65787,086705,-48465,-13928
0000000681,0000566667,078665,-25451,079449,-67159,095783,-48391,-39704
0000000682,0000567500,079662,-21106,080425,-60843,095803,-43297,-61052
0000000683,0000568333,081571,-11460,082274,-47439,086747,-33672,-75876
0000000684,0000569167,084204,002543,084815,-28262,069492,-20459,-82734
0000000685,0000570000,087302,019521,087800,-05200,045728,-04957,-80984
0000000686,0000570833,090565,037819,090938,019499,017770,011323,-70764
0000000687,0000571667,093674,055640,093921,043411,-11630,026782,-53063
0000000688,0000572500,096326,071241,096457,064200,-39589,039913,-29629
0000000689,0000573333,098259,083091,098297,079823,-63369,049422,-02757
0000000690,0000574167,099283,090023,099260,088743,-80644,054375,024902
0000000691,0000575000,099299,091372,099258,090106,-89741,054300,050650
0000000692,0000575833,098305,086993,098290,083765,-89751,049197,071976
0000000693,0000576667,096401,077315,096451,070344,-80675,039566,086798
0000000694,0000577500,093775,063295,093923,051169,-63429,026359,093680
0000000695,0000578333,090685,046292,090950,028102,-39681,010858,091926
0000000696,0000579167,087432,027971,087822,003401,-11749,-05419,081701
0000000697,0000580000,084333,010123,084846,-20521,017639,-20881,064026
0000000698,0000580833,081692,-05503,082314,-41320,045610,-34013,040611
0000000699,0000581667,079768,-17374,080478,-56951,069406,-43524,013751
0000000700,0000582500,078749,-24340,079516,-65899,086703,-48492,-13921
0000000701,0000583333,078737,-25710,079522,-67274,095796,-48422,-39692
0000000702,0000584167,079735,-21350,080498,-60941,095803,-43321,-61029
0000000703,0000585000,081641,-11700,082343,-47539,086750,-33698,-75862
0000000704,0000585833,084272,002306,084882,-28364,069499,-20488,-82732
0000000705,0000586667,087370,019294,087865,-05295,045731,-04983,-80965
0000000706,0000587500,090631,037598,091001,019406,017781,011296,-70750
0000000707,0000588333,093739,055426,093982,043323,-11620,026757,-53057
0000000708,0000589167,096387,071030,096515,064109,-39578,039883,-29621
0000000709,0000590000,098319,082888,098354,079738,-63364,049395,-02755
0000000710,0000590833,099342,089831,099318,088668,-80642,054354,024907
0000000711,0000591667,099355,091177,099313,090022,-89721,054272,050654
0000000712,0000592500,098361,086809,098344,083690,-89738,049174,071984
0000000713,0000593333,096455,077141,096505,070278,-80674,039547,086808
0000000714,0000594167,093827,063120,093975,051099,-63418,026336,093674
0000000715,0000595000,090735,046125,091001,028037,-39674,010838,091926
0000000716,0000595833,087481,027809,087872,003339,-11741,-05438,081711
0000000717,0000596667,084382,009969,084896,-20577,017646,-20897,064025
0000000718,0000597500,081739,-05653,082363,-41374,045614,-34029,040613
0000000719,0000598333,079814,-17524,080526,-57008,069412,-43543,013753
0000000720,0000599167,078795,-24478,079564,-65942,086696,-48503,-13915
0000000721,0000600000,078782,-25847,079569,-67320,095797,-48436,-39683
0000000722,0000600833,079782,-21467,080545,-60964,095816,-43320,-61035
0000000723,0000601667,081688,-11810,082390,-47556,086740,-33696,-75845
0000000724,0000602500,084317,002193,084925,-28388,069497,-20491,-82722
0000000725,0000603333,087412,019181,087906,-05324,045750,-04990,-80976
0000000726,0000604167,088984,032455,089504,011120,010848,002237,-76142
0000000727,0000605000,089131,032455,089504,011267,-06946,000015,-78495
0000000728,0000605833,089131,032455,089504,011267,-06880,000001,-78518
0000000729,0000606667,089131,032455,089504,011267,-06867,-00028,-78545
0000000730,0000607500,089131,032455,089504,011267,-06893,000017,-78494
0000000731,0000608333,089131,032455,089504,011267,-06892,000044,-78468
0000000732,0000609167,089131,032455,089504,011267,-06867,000043,-78475
0000000733,0000610000,089131,032455,089504,011267,-06859,000034,-78482
0000000734,0000610833,089131,032455,089504,011267,-06867,000046,-78465
0000000735,0000611667,089131,032455,089504,011267,-06877,000065,-78445
0000000736,0000612500,089131,032455,089504,011267,-06874,000048,-78465
0000000737,0000613333,089131,032455,089504,011267,-06864,000038,-78476
0000000738,0000614167,089131,032455,089504,011267,-06858,000040,-78473
0000000739,0000615000,089131,032455,089504,011267,-06875,000040,-78473
0000000740,0000615833,089131,032455,089504,011267,-06881,000035,-78478
0000000741,0000616667,089131,032455,089504,011267,-06876,000031,-78484
0000000742,0000617500,089131,032455,089504,011267,-06875,000032,-78482
0000000743,0000618333,089131,032455,089504,011267,-06882,000032,-78481
0000000744,0000619167,089131,032455,089504,011267,-06889,000032,-78481
0000000745,0000620000,089131,032455,089504,011267,-06881,000033,-78481
0000000746,0000620833,089131,032455,089504,011267,-06877,000033,-78481
0000000747,0000621667,089131,032455,089504,011267,-06878,000032,-78481
0000000748,0000622500,089131,032455,089504,011267,-06879,000034,-78479
0000000749,0000623333,089131,032455,089504,011267,-06877,000036,-78478
0000000750,0000624167,089131,032455,089504,011267,-06874,000035,-78478
0000000751,0000625000,089131,032455,089504,011267,-06876,000035,-78478
0000000752,0000625833,089131,032455,089504,011267,-06877,000036,-78477
0000000753,0000626667,089131,032455,089504,011267,-06877,000037,-78476
0000000754,0000627500,089131,032455,089504,011267,-06876,000036,-78478
0000000755,0000628333,089131,032455,089504,011267,-06876,000035,-78478
0000000756,0000629167,089131,032455,089504,011267,-06877,000035,-78478
0000000757,0000630000,089131,032455,089504,011267,-06877,000035,-78478
0000000758,0000630833,089131,032455,089504,011267,-06877,000035,-78479
0000000759,0000631667,089131,032455,089504,011267,-06877,000034,-78479
0000000760,0000632500,089131,032455,089504,011267,-06877,000035,-78479
0000000761,0000633333,089131,032455,089504,011267,-06878,000035,-78478
0000000762,0000634167,089131,032455,089504,011267,-06878,000035,-78479
0000000763,0000635000,089131,032455,089504,011267,-06877,000035,-78479
0000000764,0000635833,089131,032455,089504,011267,-06877,000035,-78478
0000000765,0000636667,089131,032455,089504,011267,-06877,000035,-78478
0000000766,0000637500,089131,032455,089504,011267,-06877,000035,-78478
0000000767,0000638333,089131,032455,089504,011267,-06877,000035,-78478
0000000768,0000639167,089131,032455,089504,011267,-06877,000035,-78478
0000000769,0000640000,089131,032455,089504,011267,-06877,000035,-78478
0000000770,0000640833,089131,032455,089504,011267,-06877,000035,-78478
0000000771,0000641667,089131,032455,089504,011267,-06877,000035,-78478
0000000772,0000642500,089131,032455,089504,011267,-06877,000035,-78478
0000000773,0000643333,089131,032455,089504,011267,-06877,000035,-78478
0000000774,0000644167,089131,032455,089504,011267,-06877,000035,-78478
0000000775,0000645000,089131,032455,089504,011267,-06877,000035,-78478
0000000776,0000645833,089131,032455,089504,011267,-06877,000035,-78478
0000000777,0000646667,089131,032455,089504,011267,-06877,000035,-78478
0000000778,0000647500,089131,032455,089504,011267,-06877,000035,-78478
0000000779,0000648333,089131,032455,089504,011267,-06877,000035,-78478
0000000780,0000649167,089131,032455,089504,011267,-06877,000035,-78478
0000000781,0000650000,089131,032455,089504,011267,-06877,000035,-78478
0000000782,0000650833,089131,032455,089504,011267,-06877,000035,-78478
0000000783,0000651667,089131,032455,089504,011267,-06877,000035,-78478
0000000784,0000652500,089131,032455,089504,011267,-06877,000035,-78478
0000000785,0000653333,089131,032455,089504,011267,-06877,000035,-78478
0000000786,0000654167,089131,032455,089504,011267,-06877,000035,-78478
0000000787,0000655000,089131,032455,089504,011267,-06877,000035,-78478
0000000788,0000655833,089131,032455,089504,011267,-06877,000035,-78478
0000000789,0000656667,089131,032455,089504,011267,-06877,000035,-78478
0000000790,0000657500,089131,032455,089504,011267,-06877,000035,-78478
0000000791,0000658333,089131,032455,089504,011267,-06877,000035,-78478
0000000792,0000659167,089131,032455,089504,011267,-06877,000035,-78478
0000000793,0000660000,089131,032455,089504,011267,-06877,000035,-78478
0000000794,0000660833,089131,032455,089504,011267,-06877,000035,-78478
0000000795,0000661667,089131,032455,089504,011267,-06877,000035,-78478
0000000796,0000662500,089131,032455,089504,011267,-06877,000035,-78478
0000000797,0000663333,089131,032455,089504,011267,-06877,000035,-78478
0000000798,0000664167,089131,032455,089504,011267,-06877,000035,-78478
0000000799,0000665000,089131,032455,089504,011267,-06877,000035,-78478
0000000800,0000665833,089131,032455,089504,011267,-06877,000035,-78478
0000000801,0000666667,089131,032455,089504,011267,-06877,000035,-78478
0000000802,0000667500,089131,032455,089504,011267,-06877,000035,-78478
0000000803,0000668333,089131,032455,089504,011267,-06877,000035,-78478
0000000804,0000669167,089131,032455,089504,011267,-06877,000035,-78478
0000000805,0000670000,089131,032455,089504,011267,-06877,000035,-78478
0000000806,0000670833,089131,032455,089504,011267,-06877,000035,-78478
0000000807,0000671667,089131,032455,089504,011267,-06877,000035,-78478
0000000808,0000672500,089131,032455,089504,011267,-06877,000035,-78478
0000000809,0000673333,089131,032455,089504,011267,-06877,000035,-78478
0000000810,0000674167,089131,032455,089504,011267,-06877,000035,-78478
0000000811,0000675000,089131,032455,089504,011267,-06877,000035,-78478
0000000812,0000675833,089131,032455,089504,011267,-06877,000035,-78478
0000000813,0000676667,089131,032455,089504,011267,-06877,000035,-78478
0000000814,0000677500,089131,032455,089504,011267,-06877,000035,-78478
0000000815,0000678333,089131,032455,089504,011267,-06877,000035,-78478
0000000816,0000679167,089131,032455,089504,011267,-06877,000035,-78478
0000000817,0000680000,089131,032455,089504,011267,-06877,000035,-78478
0000000818,0000680833,089131,032455,089504,011267,-06877,000035,-78478
0000000819,0000681667,089131,032455,089504,011267,-06877,000035,-78478
0000000820,0000682500,089131,032455,089504,011267,-06877,000035,-78478
0000000821,0000683333,089131,032455,089504,011267,-06877,000035,-78478
0000000822,0000684167,089131,032455,089504,011267,-06877,000035,-78478
0000000823,0000685000,089131,032455,089504,011267,-06877,000035,-78478
0000000824,0000685833,089131,032455,089504,011267,-06877,000035,-78478
0000000825,0000686667,089131,032455,089504,011267,-06877,000035,-78478
0000000826,0000687500,089131,032455,089504,011267,-06877,000035,-78478
0000000827,0000688333,089131,032455,089504,011267,-06877,000035,-78478
0000000828,0000689167,089131,032455,089504,011267,-06877,000035,-78478
0000000829,0000690000,089131,032455,089504,011267,-06877,000035,-78478
0000000830,0000690833,089131,032455,089504,011267,-06877,000035,-78478
0000000831,0000691667,089131,032455,089504,011267,-06877,000035,-78478
0000000832,0000692500,089131,032455,089504,011267,-06877,000035,-78478
0000000833,0000693333,089131,032455,089504,011267,-06877,000035,-78478
0000000834,0000694167,089131,032455,089504,011267,-06877,000035,-78478
0000000835,0000695000,089131,032455,089504,011267,-06877,000035,-78478
0000000836,0000695833,089131,032455,089504,011267,-06877,000035,-78478
0000000837,0000696667,089131,032455,089504,011267,-06877,000035,-78478
0000000838,0000697500,089131,032455,089504,011267,-06877,000035,-78478
0000000839,0000698333,089131,032455,089504,011267,-06877,000035,-78478
0000000840,0000699167,089131,032455,089504,011267,-06877,000035,-78478
0000000841,0000700000,089131,032455,089504,011267,-06877,000035,-78478
0000000842,0000700833,089131,032455,089504,011267,-06877,000035,-78478
0000000843,0000701667,089131,032455,089504,011267,-06877,000035,-78478
0000000844,0000702500,089131,032455,089504,011267,-06877,000035,-78478
0000000845,0000703333,089131,032455,089504,011267,-06877,000035,-78478
0000000846,0000704167,089131,032455,089504,011267,-06877,000035,-78478
0000000847,0000705000,089131,032455,089504,011267,-06877,000035,-78478
0000000848,0000705833,089131,032455,089504,011267,-06877,000035,-78478
0000000849,0000706667,089131,032455,089504,011267,-06877,000035,-78478
0000000850,0000707500,089131,032455,089504,011267,-06877,000035,-78478
0000000851,0000708333,089131,032455,089504,011267,-06877,000035,-78478
0000000852,0000709167,089131,032455,089504,011267,-06877,000035,-78478
0000000853,0000710000,089131,032455,089504,011267,-06877,000035,-78478
0000000854,0000710833,089131,032455,089504,011267,-06877,000035,-78478
0000000855,0000711667,089131,032455,089504,011267,-06877,000035,-78478
0000000856,0000712500,089131,032455,089504,011267,-06877,000035,-78478
0000000857,0000713333,089131,032455,089504,011267,-06877,000035,-78478
0000000858,0000714167,089131,032455,089504,011267,-06877,000035,-78478
0000000859,0000715000,089131,032455,089504,011267,-06877,000035,-78478
0000000860,0000715833,089131,032455,089504,011267,-06877,000035,-78478
0000000861,0000716667,089131,032455,089504,011267,-06877,000035,-78478
0000000862,0000717500,089131,032455,089504,011267,-06877,000035,-78478
0000000863,0000718333,089131,032455,089504,011267,-06877,000035,-78478
0000000864,0000719167,089131,032455,089504,011267,-06877,000035,-78478
0000000865,0000720000,089131,032455,089504,011267,-06877,000035,-78478
0000000866,0000720833,089131,032455,089504,011267,-06877,000035,-78478
0000000867,0000721667,089131,032455,089504,011267,-06877,000035,-78478
0000000868,0000722500,089131,032455,089504,011267,-06877,000035,-78478
0000000869,0000723333,089131,032455,089504,011267,-06877,000035,-78478
0000000870,0000724167,089131,032455,089504,011267,-06877,000035,-78478
0000000871,0000725000,089131,032455,089504,011267,-06877,000035,-78478
0000000872,0000725833,089131,032455,089504,011267,-06877,000035,-78478
0000000873,0000726667,089131,032455,089504,011267,-06877,000035,-78478
0000000874,0000727500,089131,032455,089504,011267,-06877,000035,-78478
0000000875,0000728333,089131,032455,089504,011267,-06877,000035,-78478
0000000876,0000729167,089131,032455,089504,011267,-06877,000035,-78478
0000000877,0000730000,089131,032455,089504,011267,-06877,000035,-78478
0000000878,0000730833,089131,032455,089504,011267,-06877,000035,-78478
0000000879,0000731667,089131,032455,089504,011267,-06877,000035,-78478
0000000880,0000732500,089131,032455,089504,011267,-06877,000035,-78478
0000000881,0000733333,089131,032455,089504,011267,-06877,000035,-78478
0000000882,0000734167,089131,032455,089504,011267,-06877,000035,-78478
0000000883,0000735000,089131,032455,089504,011267,-06877,000035,-78478
0000000884,0000735833,089131,032455,089504,011267,-06877,000035,-78478
0000000885,0000736667,089131,032455,089504,011267,-06877,000035,-78478
0000000886,0000737500,089131,032455,089504,011267,-06877,000035,-78478
0000000887,0000738333,089131,032455,089504,011267,-06877,000035,-78478
0000000888,0000739167,089131,032455,089504,011267,-06877,000035,-78478
0000000889,0000740000,089131,032455,089504,011267,-06877,000035,-78478
0000000890,0000740833,089131,032455,089504,011267,-06877,000035,-78478
0000000891,0000741667,089131,032455,089504,011267,-06877,000035,-78478
0000000892,0000742500,089131,032455,089504,011267,-06877,000035,-78478
0000000893,0000743333,089131,032455,089504,011267,-06877,000035,-78478
0000000894,0000744167,089131,032455,089504,011267,-06877,000035,-78478
0000000895,0000745000,089131,032455,089504,011267,-06877,000035,-78478
0000000896,0000745833,089131,032455,089504,011267,-06877,000035,-78478
0000000897,0000746667,089131,032455,089504,011267,-06877,000035,-78478
0000000898,0000747500,089131,032455,089504,011267,-06877,000035,-78478
0000000899,0000748333,089131,032455,089504,011267,-06877,000035,-78478
0000000900,0000749167,089131,032455,089504,011267,-06877,000035,-78478
0000000901,0000750000,089131,032455,089504,011267,-06877,000035,-78478
0000000902,0000750833,089131,032455,089504,011267,-06877,000035,-78478
0000000903,0000751667,089131,032455,089504,011267,-06877,000035,-78478
0000000904,0000752500,089131,032455,089504,011267,-06877,000035,-78478
0000000905,0000753333,089131,032455,089504,011267,-06877,000035,-78478
0000000906,0000754167,089131,032455,089504,011267,-06877,000035,-78478
0000000907,0000755000,089131,032455,089504,011267,-06877,000035,-78478
0000000908,0000755833,089131,032455,089504,011267,-06877,000035,-78478
0000000909,0000756667,089131,032455,089504,011267,-06877,000035,-78478
0000000910,0000757500,089131,032455,089504,011267,-06877,000035,-78478
0000000911,0000758333,089131,032455,089504,011267,-06877,000035,-78478
0000000912,0000759167,089131,032455,089504,011267,-06877,000035,-78478
0000000913,0000760000,089131,032455,089504,011267,-06877,000035,-78478
0000000914,0000760833,089131,032455,089504,011267,-06877,000035,-78478
0000000915,0000761667,089131,032455,089504,011267,-06877,000035,-78478
0000000916,0000762500,089131,032455,089504,011267,-06877,000035,-78478
0000000917,0000763333,089131,032455,089504,011267,-06877,000035,-78478
0000000918,0000764167,089131,032455,089504,011267,-06877,000035,-78478
0000000919,0000765000,089131,032455,089504,011267,-06877,000035,-78478
0000000920,0000765833,089131,032455,089504,011267,-06877,000035,-78478
0000000921,0000766667,089131,032455,089504,011267,-06877,000035,-78478
0000000922,0000767500,089131,032455,089504,011267,-06877,000035,-78478
0000000923,0000768333,089131,032455,089504,011267,-06877,000035,-78478
0000000924,0000769167,089131,032455,089504,011267,-06877,000035,-78478
0000000925,0000770000,089131,032455,089504,011267,-06877,000035,-78478
0000000926,0000770833,089131,032455,089504,011267,-06877,000035,-78478
0000000927,0000771667,089131,032455,089504,011267,-06877,000035,-78478
0000000928,0000772500,089131,032455,089504,011267,-06877,000035,-78478
0000000929,0000773333,089131,032455,089504,011267,-06877,000035,-78478
0000000930,0000774167,089131,032455,089504,011267,-06877,000035,-78478
0000000931,0000775000,089131,032455,089504,011267,-06877,000035,-78478
0000000932,0000775833,089131,032455,089504,011267,-06877,000035,-78478
0000000933,0000776667,089131,032455,089504,011267,-06877,000035,-78478
0000000934,0000777500,089131,032455,089504,011267,-06877,000035,-78478
0000000935,0000778333,089131,032455,089504,011267,-06877,000035,-78478
0000000936,0000779167,089131,032455,089504,011267,-06877,000035,-78478
0000000937,0000780000,089131,032455,089504,011267,-06877,000035,-78478
0000000938,0000780833,089131,032455,089504,011267,-06877,000035,-78478
0000000939,0000781667,089131,032455,089504,011267,-06877,000035,-78478
0000000940,0000782500,089131,032455,089504,011267,-06877,000035,-78478
0000000941,0000783333,089131,032455,089504,011267,-06877,000035,-78478
0000000942,0000784167,089131,032455,089504,011267,-06877,000035,-78478
0000000943,0000785000,089131,032455,089504,011267,-06877,000035,-78478
0000000944,0000785833,089131,032455,089504,011267,-06877,000035,-78478
0000000945,0000786667,089131,032455,089504,011267,-06877,000035,-78478
0000000946,0000787500,089131,032455,089504,011267,-06877,000035,-78478
0000000947,0000788333,089131,032455,089504,011267,-06877,000035,-78478
0000000948,0000789167,089131,032455,089504,011267,-06877,000035,-78478
0000000949,0000790000,089131,032455,089504,011267,-06877,000035,-78478
0000000950,0000790833,089131,032455,089504,011267,-06877,000035,-78478
0000000951,0000791667,089131,032455,089504,011267,-06877,000035,-78478
0000000952,0000792500,089131,032455,089504,011267,-06877,000035,-78478
0000000953,0000793333,089131,032455,089504,011267,-06877,000035,-78478
0000000954,0000794167,089131,032455,089504,011267,-06877,000035,-78478
0000000955,0000795000,089131,032455,089504,011267,-06877,000035,-78478
0000000956,0000795833,089131,032455,089504,011267,-06877,000035,-78478
0000000957,0000796667,089131,032455,089504,011267,-06877,000035,-78478
0000000958,0000797500,089131,032455,089504,011267,-06877,000035,-78478
0000000959,0000798333,089131,032455,089504,011267,-06877,000035,-78478
0000000960,0000799167,089131,032455,089504,011267,-06877,000035,-78478
0000000961,0000800000,089131,032455,089504,011267,-06877,000035,-78478
0000000962,0000800833,089131,032455,089504,011267,-06877,000035,-78478
0000000963,0000801667,089131,032455,089504,011267,-06877,000035,-78478
0000000964,0000802500,089131,032455,089504,011267,-06877,000035,-78478
0000000965,0000803333,089131,032455,089504,011267,-06877,000035,-78478
0000000966,0000804167,089131,032455,089504,011267,-06877,000035,-78478
0000000967,0000805000,089131,032455,089504,011267,-06877,000035,-78478
0000000968,0000805833,089131,032455,089504,011267,-06877,000035,-78478
0000000969,0000806667,089131,032455,089504,011267,-06877,000035,-78478
0000000970,0000807500,089131,032455,089504,011267,-06877,000035,-78478
0000000971,0000808333,089131,032455,089504,011267,-06877,000035,-78478
0000000972,0000809167,089131,032455,089504,011267,-06877,000035,-78478
0000000973,0000810000,089131,032455,089504,011267,-06877,000035,-78478
0000000974,0000810833,089131,032455,089504,011267,-06877,000035,-78478
0000000975,0000811667,089131,032455,089504,011267,-06877,000035,-78478
0000000976,0000812500,089131,032455,089504,011267,-06877,000035,-78478
0000000977,0000813333,089131,032455,089504,011267,-06877,000035,-78478
0000000978,0000814167,089131,032455,089504,011267,-06877,000035,-78478
0000000979,0000815000,089131,032455,089504,011267,-06877,000035,-78478
0000000980,0000815833,089131,032455,089504,011267,-06877,000035,-78478
0000000981,0000816667,089131,032455,089504,011267,-06877,000035,-78478
0000000982,0000817500,089131,032455,089504,011267,-06877,000035,-78478
0000000983,0000818333,089131,032455,089504,011267,-06877,000035,-78478
0000000984,0000819167,089131,032455,089504,011267,-06877,000035,-78478
0000000985,0000820000,089131,032455,089504,011267,-06877,000035,-78478
0000000986,0000820833,089131,032455,089504,011267,-06877,000035,-78478
0000000987,0000821667,089131,032455,089504,011267,-06877,000035,-78478
0000000988,0000822500,089131,032455,089504,011267,-06877,000035,-78478
0000000989,0000823333,089131,032455,089504,011267,-06877,000035,-78478
0000000990,0000824167,089131,032455,089504,011267,-06877,000035,-78478
0000000991,0000825000,089131,032455,089504,011267,-06877,000035,-78478
0000000992,0000825833,089131,032455,089504,011267,-06877,000035,-78478
0000000993,0000826667,089131,032455,089504,011267,-06877,000035,-78478
0000000994,0000827500,089131,032455,089504,011267,-06877,000035,-78478
0000000995,0000828333,089131,032455,089504,011267,-06877,000035,-78478
0000000996,0000829167,089131,032455,089504,011267,-06877,000035,-78478
0000000997,0000830000,089131,032455,089504,011267,-06877,000035,-78478
0000000998,0000830833,089131,032455,089504,011267,-06877,000035,-78478
0000000999,0000831667,089131,032455,089504,011267,-06877,000035,-78478
0000001000,0000832500,089131,032455,089504,011267,-06877,000035,-78478
0000001001,0000833333,089131,032455,089504,011267,-06877,000035,-78478
0000001002,0000834167,089131,032455,089504,011267,-06877,000035,-78478
0000001003,0000835000,089131,032455,089504,011267,-06877,000035,-78478
0000001004,0000835833,089131,032455,089504,011267,-06877,000035,-78478
0000001005,0000836667,089131,032455,089504,011267,-06877,000035,-78478
0000001006,0000837500,089131,032455,089504,011267,-06877,000035,-78478
0000001007,0000838333,089131,032455,089504,011267,-06877,000035,-78478
0000001008,0000839167,089131,032455,089504,011267,-06877,000035,-78478
0000001009,0000840000,089131,032455,089504,011267,-06877,000035,-78478
0000001010,0000840833,089131,032455,089504,011267,-06877,000035,-78478
0000001011,0000841667,089131,032455,089504,011267,-06877,000035,-78478
0000001012,0000842500,089131,032455,089504,011267,-06877,000035,-78478
0000001013,0000843333,089131,032455,089504,011267,-06877,000035,-78478
0000001014,0000844167,089131,032455,089504,011267,-06877,000035,-78478
0000001015,0000845000,089131,032455,089504,011267,-06877,000035,-78478
0000001016,0000845833,089131,032455,089504,011267,-06877,000035,-78478
0000001017,0000846667,089131,032455,089504,011267,-06877,000035,-78478
0000001018,0000847500,089131,032455,089504,011267,-06877,000035,-78478
0000001019,0000848333,089131,032455,089504,011267,-06877,000035,-78478
0000001020,0000849167,089131,032455,089504,011267,-06877,000035,-78478
0000001021,0000850000,089131,032455,089504,011267,-06877,000035,-78478
0000001022,0000850833,089131,032455,089504,011267,-06877,000035,-78478
0000001023,0000851667,089131,032455,089504,011267,-06877,000035,-78478
0000001024,0000852500,089131,032455,089504,011267,-06877,000035,-78478
0000001025,0000853333,089131,032455,089504,011267,-06877,000035,-78478
0000001026,0000854167,089131,032455,089504,011267,-06877,000035,-78478
0000001027,0000855000,089131,032455,089504,011267,-06877,000035,-78478
0000001028,0000855833,089131,032455,089504,011267,-06877,000035,-78478
0000001029,0000856667,089131,032455,089504,011267,-06877,000035,-78478
0000001030,0000857500,089131,032455,089504,011267,-06877,000035,-78478
0000001031,0000858333,089131,032455,089504,011267,-06877,000035,-78478
0000001032,0000859167,089131,032455,089504,011267,-06877,000035,-78478
0000001033,0000860000,089131,032455,089504,011267,-06877,000035,-78478
0000001034,0000860833,089131,032455,089504,011267,-06877,000035,-78478
0000001035,0000861667,089131,032455,089504,011267,-06877,000035,-78478
0000001036,0000862500,089131,032455,089504,011267,-06877,000035,-78478
0000001037,0000863333,089131,032455,089504,011267,-06877,000035,-78478
0000001038,0000864167,089131,032455,089504,011267,-06877,000035,-78478
0000001039,0000865000,089131,032455,089504,011267,-06877,000035,-78478
0000001040,0000865833,089131,032455,089504,011267,-06877,000035,-78478
0000001041,0000866667,089131,032455,089504,011267,-06877,000035,-78478
0000001042,0000867500,089131,032455,089504,011267,-06877,000035,-78478
0000001043,0000868333,089131,032455,089504,011267,-06877,000035,-78478
0000001044,0000869167,089131,032455,089504,011267,-06877,000035,-78478
0000001045,0000870000,089131,032455,089504,011267,-06877,000035,-78478
0000001046,0000870833,089131,032455,089504,011267,-06877,000035,-78478
0000001047,0000871667,089131,032455,089504,011267,-06877,000035,-78478
0000001048,0000872500,089131,032455,089504,011267,-06877,000035,-78478
0000001049,0000873333,089131,032455,089504,011267,-06877,000035,-78478
0000001050,0000874167,089131,032455,089504,011267,-06877,000035,-78478
0000001051,0000875000,089131,032455,089504,011267,-06877,000035,-78478
0000001052,0000875833,089131,032455,089504,011267,-06877,000035,-78478
0000001053,0000876667,089131,032455,089504,011267,-06877,000035,-78478
0000001054,0000877500,089131,032455,089504,011267,-06877,000035,-78478
0000001055,0000878333,089131,032455,089504,011267,-06877,000035,-78478
0000001056,0000879167,089131,032455,089504,011267,-06877,000035,-78478
0000001057,0000880000,089131,032455,089504,011267,-06877,000035,-78478
0000001058,0000880833,089131,032455,089504,011267,-06877,000035,-78478
0000001059,0000881667,089131,032455,089504,011267,-06877,000035,-78478
0000001060,0000882500,089131,032455,089504,011267,-06877,000035,-78478
0000001061,0000883333,089131,032455,089504,011267,-06877,000035,-78478
0000001062,0000884167,089131,032455,089504,011267,-06877,000035,-78478
0000001063,0000885000,089131,032455,089504,011267,-06877,000035,-78478
0000001064,0000885833,089131,032455,089504,011267,-06877,000035,-78478
0000001065,0000886667,089131,032455,089504,011267,-06877,000035,-78478
0000001066,0000887500,089131,032455,089504,011267,-06877,000035,-78478
0000001067,0000888333,089131,032455,089504,011267,-06877,000035,-78478
0000001068,0000889167,089131,032455,089504,011267,-06877,000035,-78478
0000001069,0000890000,089131,032455,089504,011267,-06877,000035,-78478
0000001070,0000890833,089131,032455,089504,011267,-06877,000035,-78478
0000001071,0000891667,089131,032455,089504,011267,-06877,000035,-78478
0000001072,0000892500,089131,032455,089504,011267,-06877,000035,-78477
0000001073,0000893333,089131,032455,089504,011267,-06877,000035,-78477
0000001074,0000894167,089131,032455,089504,011267,-06877,000035,-78477
0000001075,0000895000,089131,032455,089504,011267,-06877,000035,-78477
0000001076,0000895833,089131,032455,089504,011267,-06877,000035,-78477
0000001077,0000896667,089131,032455,089504,011267,-06877,000035,-78477
0000001078,0000897500,089131,032455,089504,011267,-06877,000035,-78477
0000001079,0000898333,089131,032455,089504,011267,-06877,000035,-78477
0000001080,0000899167,089131,032455,089504,011267,-06877,000035,-78477
0000001081,0000900000,089131,032455,089504,011267,-06877,000035,-78477
0000001082,0000900833,089131,032455,089504,011267,-06877,000035,-78477
0000001083,0000901667,089131,032455,089504,011267,-06877,000035,-78477
0000001084,0000902500,089131,032455,089504,011267,-06877,000035,-78477
0000001085,0000903333,089131,032455,089504,011267,-06877,000035,-78477
0000001086,0000904167,089131,032455,089504,011267,-06877,000035,-78477
0000001087,0000905000,089131,032455,089504,011267,-06877,000035,-78477
0000001088,0000905833,089131,032455,089504,011267,-06877,000035,-78477
0000001089,0000906667,089131,032455,089504,011267,-06877,000035,-78477
0000001090,0000907500,089131,032455,089504,011267,-06877,000035,-78477
0000001091,0000908333,089131,032455,089504,011267,-06877,000035,-78477
0000001092,0000909167,089131,032455,089504,011267,-06877,000035,-78477
0000001093,0000910000,089131,032455,089504,011267,-06877,000035,-78477
0000001094,0000910833,089131,032455,089504,011267,-06877,000035,-78477
0000001095,0000911667,089131,032455,089504,011267,-06877,000035,-78477
0000001096,0000912500,089131,032455,089504,011267,-06877,000035,-78477
0000001097,0000913333,089131,032455,089504,011267,-06877,000035,-78477
0000001098,0000914167,089131,032455,089504,011267,-06877,000035,-78477
0000001099,0000915000,089131,032455,089504,011267,-06877,000035,-78477
0000001100,0000915833,089131,032455,089504,011267,-06877,000035,-78477
0000001101,0000916667,089131,032455,089504,011267,-06877,000035,-78477
0000001102,0000917500,089131,032455,089504,011267,-06877,000035,-78477
0000001103,0000918333,089131,032455,089504,011267,-06877,000035,-78477
0000001104,0000919167,089131,032455,089504,011267,-06877,000035,-78477
0000001105,0000920000,089131,032455,089504,011267,-06877,000035,-78477
0000001106,0000920833,089131,032455,089504,011267,-06877,000035,-78477
0000001107,0000921667,089131,032455,089504,011267,-06877,000035,-78477
0000001108,0000922500,089131,032455,089504,011267,-06877,000035,-78477
0000001109,0000923333,089131,032455,089504,011267,-06877,000035,-78477
0000001110,0000924167,089131,032455,089504,011267,-06877,000035,-78477
0000001111,0000925000,089131,032455,089504,011267,-06877,000035,-78477
0000001112,0000925833,089131,032455,089504,011267,-06877,000035,-78477
0000001113,0000926667,089131,032455,089504,011267,-06877,000035,-78477
0000001114,0000927500,089131,032455,089504,011267,-06877,000035,-78477
0000001115,0000928333,089131,032455,089504,011267,-06877,000035,-78477
0000001116,0000929167,089131,032455,089504,011267,-06877,000035,-78477
0000001117,0000930000,089131,032455,089504,011267,-06877,000035,-78477
0000001118,0000930833,089131,032455,089504,011267,-06877,000035,-78477
0000001119,0000931667,089131,032455,089504,011267,-06877,000035,-78477
0000001120,0000932500,089131,032455,089504,011267,-06877,000035,-78477
0000001121,0000933333,089131,032455,089504,011267,-06877,000035,-78477
0000001122,0000934167,089131,032455,089504,011267,-06877,000035,-78477
0000001123,0000935000,089131,032455,089504,011267,-06877,000035,-78477
0000001124,0000935833,089131,032455,089504,011267,-06877,000035,-78477
0000001125,0000936667,089131,032455,089504,011267,-06877,000035,-78477
0000001126,0000937500,089131,032455,089504,011267,-06877,000035,-78477
0000001127,0000938333,089131,032455,089504,011267,-06877,000035,-78477
0000001128,0000939167,089131,032455,089504,011267,-06877,000035,-78477
0000001129,0000940000,089131,032455,089504,011267,-06877,000035,-78477
0000001130,0000940833,089131,032455,089504,011267,-06877,000035,-78477
0000001131,0000941667,089131,032455,089504,011267,-06877,000035,-78477
0000001132,0000942500,089131,032455,089504,011267,-06877,000035,-78477
0000001133,0000943333,089131,032455,089504,011267,-06877,000035,-78477
0000001134,0000944167,089131,032455,089504,011267,-06877,000035,-78477
0000001135,0000945000,089131,032455,089504,011267,-06877,000035,-78477
0000001136,0000945833,089131,032455,089504,011267,-06877,000035,-78477
0000001137,0000946667,089131,032455,089504,011267,-06877,000035,-78477
0000001138,0000947500,089131,032455,089504,011267,-06877,000035,-78477
0000001139,0000948333,089131,032455,089504,011267,-06877,000035,-78477
0000001140,0000949167,089131,032455,089504,011267,-06877,000035,-78477
0000001141,0000950000,089131,032455,089504,011267,-06877,000035,-78477
0000001142,0000950833,089131,032455,089504,011267,-06877,000035,-78477
0000001143,0000951667,089131,032455,089504,011267,-06877,000035,-78477
0000001144,0000952500,089131,032455,089504,011267,-06877,000035,-78477
0000001145,0000953333,089131,032455,089504,011267,-06877,000035,-78477
0000001146,0000954167,089131,032455,089504,011267,-06877,000035,-78477
0000001147,0000955000,089131,032455,089504,011267,-06877,000035,-78477
0000001148,0000955833,089131,032455,089504,011267,-06877,000035,-78477
0000001149,0000956667,089131,032455,089504,011267,-06877,000035,-78477
0000001150,0000957500,089131,032455,089504,011267,-06877,000035,-78477
0000001151,0000958333,089131,032455,089504,011267,-06877,000035,-78477
0000001152,0000959167,089131,032455,089504,011267,-06877,000035,-78477
0000001153,0000960000,089131,032455,089504,011267,-06877,000035,-78477
0000001154,0000960833,089131,032455,089504,011267,-06877,000035,-78477
0000001155,0000961667,089131,032455,089504,011267,-06877,000035,-78477
0000001156,0000962500,089131,032455,089504,011267,-06877,000035,-78477
0000001157,0000963333,089131,032455,089504,011267,-06877,000035,-78477
0000001158,0000964167,089131,032455,089504,011267,-06877,000035,-78477
0000001159,0000965000,089131,032455,089504,011267,-06877,000035,-78477
0000001160,0000965833,089131,032455,089504,011267,-06877,000035,-78477
0000001161,0000966667,089131,032455,089504,011267,-06877,000035,-78477
0000001162,0000967500,089131,032455,089504,011267,-06877,000035,-78477
0000001163,0000968333,089131,032455,089504,011267,-06877,000035,-78477
0000001164,0000969167,089131,032455,089504,011267,-06877,000035,-78477
0000001165,0000970000,089131,032455,089504,011267,-06877,000035,-78477
0000001166,0000970833,089131,032455,089504,011267,-06877,000035,-78477
0000001167,0000971667,089131,032455,089504,011267,-06877,000035,-78477
0000001168,0000972500,089131,032455,089504,011267,-06877,000035,-78477
0000001169,0000973333,089131,032455,089504,011267,-06877,000035,-78477
0000001170,0000974167,089131,032455,089504,011267,-06877,000035,-78477
0000001171,0000975000,089131,032455,089504,011267,-06877,000035,-78477
0000001172,0000975833,089131,032455,089504,011267,-06877,000035,-78477
0000001173,0000976667,089131,032455,089504,011267,-06877,000035,-78477
0000001174,0000977500,089131,032455,089504,011267,-06877,000035,-78477
0000001175,0000978333,089131,032455,089504,011267,-06877,000035,-78477
0000001176,0000979167,089131,032455,089504,011267,-06877,000035,-78477
0000001177,0000980000,089131,032455,089504,011267,-06877,000035,-78477
0000001178,0000980833,089131,032455,089504,011267,-06877,000035,-78477
0000001179,0000981667,089131,032455,089504,011267,-06877,000035,-78477
0000001180,0000982500,089131,032455,089504,011267,-06877,000035,-78477
0000001181,0000983333,089131,032455,089504,011267,-06877,000035,-78477
0000001182,0000984167,089131,032455,089504,011267,-06877,000035,-78477
0000001183,0000985000,089131,032455,089504,011267,-06877,000035,-78477
0000001184,0000985833,089131,032455,089504,011267,-06877,000035,-78477
0000001185,0000986667,089131,032455,089504,011267,-06877,000035,-78477
0000001186,0000987500,089131,032455,089504,011267,-06877,000035,-78477
0000001187,0000988333,089131,032455,089504,011267,-06877,000035,-78477
0000001188,0000989167,089131,032455,089504,011267,-06877,000035,-78477
0000001189,0000990000,089131,032455,089504,011267,-06877,000035,-78477
0000001190,0000990833,089131,032455,089504,011267,-06877,000035,-78477
0000001191,0000991667,089131,032455,089504,011267,-06877,000035,-78477
0000001192,0000992500,089131,032455,089504,011267,-06877,000035,-78477
0000001193,0000993333,089131,032455,089504,011267,-06877,000035,-78477
0000001194,0000994167,089131,032455,089504,011267,-06877,000035,-78477
0000001195,0000995000,089131,032455,089504,011267,-06877,000035,-78477
0000001196,0000995833,089131,032455,089504,011267,-06877,000035,-78477
0000001197,0000996667,089131,032455,089504,011267,-06877,000035,-78477
0000001198,0000997500,089131,032455,089504,011267,-06877,000035,-78477
0000001199,0000998333,089131,032455,089504,011267,-06877,000035,-78477
0000001200,0000999167,089131,032455,089504,011267,-06877,000035,-78477
0000001201,0001000000,089131,032455,089504,011267,-06877,000035,-78477
0000001202,0001000833,089131,032455,089504,011267,-06877,000035,-78477
0000001203,0001001667,089131,032455,089504,011267,-06877,000035,-78477
0000001204,0001002500,089131,032455,089504,011267,-06877,000035,-78477
0000001205,0001003333,089131,032455,089504,011267,-06877,000035,-78477
0000001206,0001004167,089131,032455,089504,011267,-06877,000035,-78477
0000001207,0001005000,089131,032455,089504,011267,-06877,000035,-78477
0000001208,0001005833,089131,032455,089504,011267,-06877,000035,-78477
0000001209,0001006667,089131,032455,089504,011267,-06877,000035,-78477
0000001210,0001007500,089131,032455,089504,011267,-06877,000035,-78477
0000001211,0001008333,089131,032455,089504,011267,-06877,000035,-78477
0000001212,0001009167,089131,032455,089504,011267,-06877,000035,-78477
0000001213,0001010000,089131,032455,089504,011267,-06877,000035,-78477
0000001214,0001010833,089131,032455,089504,011267,-06877,000035,-78477
0000001215,0001011667,089131,032455,089504,011267,-06877,000035,-78477
0000001216,0001012500,089131,032455,089504,011267,-06877,000035,-78477
0000001217,0001013333,089131,032455,089504,011267,-06877,000035,-78477
0000001218,0001014167,089131,032455,089504,011267,-06877,000035,-78477
0000001219,0001015000,089131,032455,089504,011267,-06877,000035,-78477
0000001220,0001015833,089131,032455,089504,011267,-06877,000035,-78477
0000001221,0001016667,089131,032455,089504,011267,-06877,000035,-78477
0000001222,0001017500,089131,032455,089504,011267,-06877,000035,-78477
0000001223,0001018333,089131,032455,089504,011267,-06877,000035,-78477
0000001224,0001019167,089131,032455,089504,011267,-06877,000035,-78477
0000001225,0001020000,089131,032455,089504,011267,-06877,000035,-78477
0000001226,0001020833,089131,032455,089504,011267,-06877,000035,-78477
0000001227,0001021667,089131,032455,089504,011267,-06877,000035,-78477
0000001228,0001022500,089131,032455,089504,011267,-06877,000035,-78477
0000001229,0001023333,089131,032455,089504,011267,-06877,000035,-78477
0000001230,0001024167,089131,032455,089504,011267,-06877,000035,-78477
0000001231,0001025000,089131,032455,089504,011267,-06877,000035,-78477
0000001232,0001025833,089131,032455,089504,011267,-06877,000035,-78477
0000001233,0001026667,089131,032455,089504,011267,-06877,000035,-78477
0000001234,0001027500,089131,032455,089504,011267,-06877,000035,-78477
0000001235,0001028333,089131,032455,089504,011267,-06877,000035,-78477
0000001236,0001029167,089131,032455,089504,011267,-06877,000035,-78477
0000001237,0001030000,089131,032455,089504,011267,-06877,000035,-78477
0000001238,0001030833,089131,032455,089504,011267,-06877,000035,-78477
0000001239,0001031667,089131,032455,089504,011267,-06877,000035,-78477
0000001240,0001032500,089131,032455,089504,011267,-06877,000035,-78477
0000001241,0001033333,089131,032455,089504,011267,-06877,000035,-78477
0000001242,0001034167,089131,032455,089504,011267,-06877,000035,-78477
0000001243,0001035000,089131,032455,089504,011267,-06877,000035,-78477
0000001244,0001035833,089131,032455,089504,011267,-06877,000035,-78477
0000001245,0001036667,089131,032455,089504,011267,-06877,000035,-78477
0000001246,0001037500,089131,032455,089504,011267,-06877,000035,-78477
0000001247,0001038333,089131,032455,089504,011267,-06877,000035,-78477
0000001248,0001039167,089131,032455,089504,011267,-06877,000035,-78477
0000001249,0001040000,089131,032455,089504,011267,-06877,000035,-78477
0000001250,0001040833,089131,032455,089504,011267,-06877,000035,-78477
0000001251,0001041667,089131,032455,089504,011267,-06877,000035,-78477
0000001252,0001042500,089131,032455,089504,011267,-06877,000035,-78477
0000001253,0001043333,089131,032455,089504,011267,-06877,000035,-78477
0000001254,0001044167,089131,032455,089504,011267,-06877,000035,-78477
0000001255,0001045000,089131,032455,089504,011267,-06877,000035,-78477
0000001256,0001045833,089131,032455,089504,011267,-06877,000035,-78477
0000001257,0001046667,089131,032455,089504,011267,-06877,000035,-78477
0000001258,0001047500,089131,032455,089504,011267,-06877,000035,-78477
0000001259,0001048333,089131,032455,089504,011267,-06877,000035,-78477
0000001260,0001049167,089131,032455,089504,011267,-06877,000035,-78477
0000001261,0001050000,089131,032455,089504,011267,-06877,000035,-78477
0000001262,0001050833,089131,032455,089504,011267,-06877,000035,-78477
0000001263,0001051667,089131,032455,089504,011267,-06877,000035,-78477
0000001264,0001052500,089131,032455,089504,011267,-06877,000035,-78477
0000001265,0001053333,089131,032455,089504,011267,-06877,000035,-78477
0000001266,0001054167,089131,032455,089504,011267,-06877,000035,-78477
0000001267,0001055000,089131,032455,089504,011267,-06877,000035,-78477
0000001268,0001055833,089131,032455,089504,011267,-06877,000035,-78477
0000001269,0001056667,089131,032455,089504,011267,-06877,000035,-78477
0000001270,0001057500,089131,032455,089504,011267,-06877,000035,-78477
0000001271,0001058333,089131,032455,089504,011267,-06877,000035,-78477
0000001272,0001059167,089131,032455,089504,011267,-06877,000035,-78477
0000001273,0001060000,089131,032455,089504,011267,-06877,000035,-78477
0000001274,0001060833,089131,032455,089504,011267,-06877,000035,-78477
0000001275,0001061667,089131,032455,089504,011267,-06877,000035,-78477
0000001276,0001062500,089131,032455,089504,011267,-06877,000035,-78477
0000001277,0001063333,089131,032455,089504,011267,-06877,000035,-78477
0000001278,0001064167,089131,032455,089504,011267,-06877,000035,-78477
0000001279,0001065000,089131,032455,089504,011267,-06877,000035,-78477
0000001280,0001065833,089131,032455,089504,011267,-06877,000035,-78477
0000001281,0001066667,089131,032455,089504,011267,-06877,000035,-78477
0000001282,0001067500,089131,032455,089504,011267,-06877,000035,-78477
0000001283,0001068333,089131,032455,089504,011267,-06877,000035,-78477
0000001284,0001069167,089131,032455,089504,011267,-06877,000035,-78477
0000001285,0001070000,089131,032455,089504,011267,-06877,000035,-78477
0000001286,0001070833,089131,032455,089504,011267,-06877,000035,-78477
0000001287,0001071667,089131,032455,089504,011267,-06877,000035,-78477
0000001288,0001072500,089131,032455,089504,011267,-06877,000035,-78477
0000001289,0001073333,089131,032455,089504,011267,-06877,000035,-78477
0000001290,0001074167,089131,032455,089504,011267,-06877,000035,-78477
0000001291,0001075000,089131,032455,089504,011267,-06877,000035,-78477
0000001292,0001075833,089131,032455,089504,011267,-06877,000035,-78477
0000001293,0001076667,089131,032455,089504,011267,-06877,000035,-78477
0000001294,0001077500,089131,032455,089504,011267,-06877,000035,-78477
0000001295,0001078333,089131,032455,089504,011267,-06877,000035,-78477
0000001296,0001079167,089131,032455,089504,011267,-06877,000035,-78477
0000001297,0001080000,089131,032455,089504,011267,-06877,000035,-78477
0000001298,0001080833,089131,032455,089504,011267,-06877,000035,-78477
0000001299,0001081667,089131,032455,089504,011267,-06877,000035,-78477
0000001300,0001082500,089131,032455,089504,011267,-06877,000035,-78477
0000001301,0001083333,089131,032455,089504,011267,-06877,000035,-78477
0000001302,0001084167,089131,032455,089504,011267,-06877,000035,-78477
0000001303,0001085000,089131,032455,089504,011267,-06877,000035,-78477
0000001304,0001085833,089131,032455,089504,011267,-06877,000035,-78477
0000001305,0001086667,089131,032455,089504,011267,-06877,000035,-78477
0000001306,0001087500,089131,032455,089504,011267,-06877,000035,-78477
0000001307,0001088333,089131,032455,089504,011267,-06877,000035,-78477
0000001308,0001089167,089131,032455,089504,011267,-06877,000035,-78477
0000001309,0001090000,089131,032455,089504,011267,-06877,000035,-78477
0000001310,0001090833,089131,032455,089504,011267,-06877,000035,-78477
0000001311,0001091667,089131,032455,089504,011267,-06877,000035,-78477
0000001312,0001092500,089131,032455,089504,011267,-06877,000035,-78477
0000001313,0001093333,089131,032455,089504,011267,-06877,000035,-78477
0000001314,0001094167,089131,032455,089504,011267,-06877,000035,-78477
0000001315,0001095000,089131,032455,089504,011267,-06877,000035,-78477
0000001316,0001095833,089131,032455,089504,011267,-06877,000035,-78477
0000001317,0001096667,089131,032455,089504,011267,-06877,000035,-78477
0000001318,0001097500,089131,032455,089504,011267,-06877,000035,-78477
0000001319,0001098333,089131,032455,089504,011267,-06877,000035,-78477
0000001320,0001099167,089131,032455,089504,011267,-06877,000035,-78477
0000001321,0001100000,089131,032455,089504,011267,-06877,000035,-78477
0000001322,0001100833,089131,032455,089504,011267,059049,-00617,-73755
0000001323,0001101667,089131,032455,089504,011267,066568,030106,-79383
0000001324,0001102500,089131,032455,089504,011267,056459,060379,-82433
0000001325,0001103333,089131,032455,089504,011267,028889,082324,-85205
0000001326,0001104167,089131,032455,089504,011267,-00118,089213,-81543
0000001327,0001105000,089131,032455,089504,011267,-30731,095660,-66933
0000001328,0001105833,089131,032455,089504,011267,-53533,098743,-40358
0000001329,0001106667,089131,032455,089504,011267,-67214,093509,-06708
0000001330,0001107500,089131,032455,089504,011267,-75520,078144,026804
0000001331,0001108333,089131,032455,089504,011267,-82760,053838,053764
0000001332,0001109167,089131,032455,089504,011267,-84530,022116,073169
0000001333,0001110000,089131,032455,089504,011267,-74027,-13129,087583
0000001334,0001110833,089131,032455,089504,011267,-54692,-41257,097008
0000001335,0001111667,089131,032455,089504,011267,-26603,-63885,099759
0000001336,0001112500,089131,032455,089504,011267,004900,-82106,092731
0000001337,0001113333,089131,032455,089504,011267,034523,-94342,075227
0000001338,0001114167,089131,032455,089504,011267,058070,-96930,049183
0000001339,0001115000,089131,032455,089504,011267,078642,-92242,019226
0000001340,0001115833,089131,032455,089504,011267,092973,-76434,-10606
0000001341,0001116667,089131,032455,089504,011267,099888,-51422,-37467
0000001342,0001117500,089131,032455,089504,011267,097764,-21750,-60160
0000001343,0001118333,089131,032455,089504,011267,085822,008439,-77536
0000001344,0001119167,089131,032455,089504,011267,064134,037478,-87959
0000001345,0001120000,089131,032455,089504,011267,036700,063058,-89197
0000001346,0001120833,089131,032455,089504,011267,007054,082885,-80448
0000001347,0001121667,089131,032455,089504,011267,-22431,095811,-62574
0000001348,0001122500,089131,032455,089504,011267,-49452,099998,-37926
0000001349,0001123333,089131,032455,089504,011267,-71573,094131,-09403
0000001350,0001124167,089131,032455,089504,011267,-86776,078509,020024
0000001351,0001125000,089131,032455,089504,011267,-93955,056043,047804
0000001352,0001125833,089131,032455,089504,011267,-90997,028379,071815
0000001353,0001126667,089131,032455,089504,011267,-78430,-01186,089807
0000001354,0001127500,089131,032455,089504,011267,-57983,-30110,099611
0000001355,0001128333,089131,032455,089504,011267,-31906,-55780,099998
0000001356,0001129167,089131,032455,089504,011267,-02466,-76284,090846
0000001357,0001130000,089131,032455,089504,011267,027094,-88837,073206
0000001358,0001130833,089131,032455,089504,011267,054361,-92342,048986
0000001359,0001131667,089131,032455,089504,011267,076814,-86305,020727
0000001360,0001132500,089131,032455,089504,011267,092175,-71430,-08901
0000001361,0001133333,089131,032455,089504,011267,098646,-49237,-37194
0000001362,0001134167,089131,032455,089504,011267,095592,-22153,-61490
0000001363,0001135000,089131,032455,089504,011267,083495,007232,-79292
0000001364,0001135833,089131,032455,089504,011267,063452,036338,-88771
0000001365,0001136667,089131,032455,089504,011267,037647,062239,-88892
0000001366,0001137500,089131,032455,089504,011267,008553,082365,-79724
0000001367,0001138333,089131,032455,089504,011267,-21043,094693,-62189
0000001368,0001139167,089131,032455,089504,011267,-48414,098035,-38100
0000001369,0001140000,089131,032455,089504,011267,-70706,091883,-09802
0000001370,0001140833,089131,032455,089504,011267,-85830,077053,019984
0000001371,0001141667,089131,032455,089504,011267,-92169,054998,048409
0000001372,0001142500,089131,032455,089504,011267,-89157,027881,072680
0000001373,0001143333,089131,032455,089504,011267,-77068,-01728,090379
0000001374,0001144167,089131,032455,089504,011267,-57204,-30882,099719
0000001375,0001145000,089131,032455,089504,011267,-31454,-56789,099823
0000001376,0001145833,089131,032455,089504,011267,-02336,-76881,090668
0000001377,0001146667,089131,032455,089504,011267,027317,-89135,073184
0000001378,0001147500,089131,032455,089504,011267,054621,-92358,049113
0000001379,0001148333,089131,032455,089504,011267,076897,-86241,020786
0000001380,0001149167,089131,032455,089504,011267,091930,-71415,-09049
0000001381,0001150000,089131,032455,089504,011267,098230,-49317,-37484
0000001382,0001150833,089131,032455,089504,011267,095216,-22134,-61719
0000001383,0001151667,089131,032455,089504,011267,083172,007520,-79359
0000001384,0001152500,089131,032455,089504,011267,063306,036734,-88696
0000001385,0001153333,089131,032455,089504,011267,037535,062661,-88798
0000001386,0001154167,089131,032455,089504,011267,008399,082713,-79662
0000001387,0001155000,089131,032455,089504,011267,-21291,094972,-62217
0000001388,0001155833,089131,032455,089504,011267,-48607,098196,-38149
0000001389,0001156667,089131,032455,089504,011267,-70865,092087,-09806
0000001390,0001157500,089131,032455,089504,011267,-85890,077266,020040
0000001391,0001158333,089131,032455,089504,011267,-92206,055172,048470
0000001392,0001159167,089131,032455,089504,011267,-89188,027952,072686
0000001393,0001160000,089131,032455,089504,011267,-77159,-01722,090331
0000001394,0001160833,089131,032455,089504,011267,-57283,-30948,099660
0000001395,0001161667,089131,032455,089504,011267,-31497,-56859,099762
0000001396,0001162500,089131,032455,089504,011267,-02333,-76926,090653
0000001397,0001163333,089131,032455,089504,011267,027366,-89172,073207
0000001398,0001164167,089131,032455,089504,011267,054677,-92391,049131
0000001399,0001165000,089131,032455,089504,011267,076943,-86307,020787
0000001400,0001165833,089131,032455,089504,011267,091964,-71484,-09060
0000001401,0001166667,089131,032455,089504,011267,098273,-49380,-37479
0000001402,0001167500,089131,032455,089504,011267,095275,-22165,-61697
0000001403,0001168333,089131,032455,089504,011267,083247,007505,-79334
0000001404,0001169167,089131,032455,089504,011267,063360,036725,-88658
0000001405,0001170000,089131,032455,089504,011267,037579,062636,-88781
0000001406,0001170833,089131,032455,089504,011267,008410,082695,-79674
0000001407,0001171667,089131,032455,089504,011267,-21286,094934,-62224
0000001408,0001172500,089131,032455,089504,011267,-48605,098178,-38155
0000001409,0001173333,089131,032455,089504,011267,-70865,092090,-09807
0000001410,0001174167,089131,032455,089504,011267,-85884,077264,020040
0000001411,0001175000,089131,032455,089504,011267,-92212,055170,048464
0000001412,0001175833,089131,032455,089504,011267,-89211,027951,072681
0000001413,0001176667,089131,032455,089504,011267,-77173,-01721,090312
0000001414,0001177500,089131,032455,089504,011267,-57295,-30943,099653
0000001415,0001178333,089131,032455,089504,011267,-31506,-56850,099772
0000001416,0001179167,089131,032455,089504,011267,-02333,-76901,090654
0000001417,0001180000,089131,032455,089504,011267,027363,-89153,073212
0000001418,0001180833,089131,032455,089504,011267,054677,-92390,049136
0000001419,0001181667,089131,032455,089504,011267,076929,-86291,020785
0000001420,0001182500,089131,032455,089504,011267,091958,-71477,-09060
0000001421,0001183333,089131,032455,089504,011267,098279,-49377,-37481
0000001422,0001184167,089131,032455,089504,011267,095268,-22158,-61689
0000001423,0001185000,089131,032455,089504,011267,083244,007509,-79332
0000001424,0001185833,089131,032455,089504,011267,063363,036727,-88668
0000001425,0001186667,089131,032455,089504,011267,037572,062627,-88779
0000001426,0001187500,089131,032455,089504,011267,008406,082690,-79677
0000001427,0001188333,089131,032455,089504,011267,-21288,094939,-62231
0000001428,0001189167,089131,032455,089504,011267,-48599,098170,-38151
0000001429,0001190000,089131,032455,089504,011267,-70862,092088,-09806
0000001430,0001190833,089131,032455,089504,011267,-85889,077269,020041
0000001431,0001191667,089131,032455,089504,011267,-92203,055163,048460
0000001432,0001192500,089131,032455,089504,011267,-89209,027949,072680
0000001433,0001193333,089131,032455,089504,011267,-77177,-01723,090320
0000001434,0001194167,089131,032455,089504,011267,-57288,-30939,099648
0000001435,0001195000,089131,032455,089504,011267,-31503,-56849,099773
0000001436,0001195833,089131,032455,089504,011267,-02333,-76908,090662
0000001437,0001196667,089131,032455,089504,011267,027361,-89147,073207
0000001438,0001197500,089131,032455,089504,011267,054676,-92390,049135
0000001439,0001198333,089131,032455,089504,011267,076935,-86300,020786
0000001440,0001199167,089131,032455,089504,011267,091951,-71472,-09059
0000001441,0001200000,089131,032455,089504,011267,098278,-49377,-37480
0000001442,0001200833,089131,032455,089504,011267,095276,-22160,-61695
0000001443,0001201667,089131,032455,089504,011267,083238,007509,-79326
0000001444,0001202500,089131,032455,089504,011267,063361,036726,-88667
0000001445,0001203333,089131,032455,089504,011267,037575,062632,-88787
0000001446,0001204167,089131,032455,089504,011267,008406,082685,-79670
0000001447,0001205000,089131,032455,089504,011267,-21288,094939,-62230
0000001448,0001205833,089131,032455,089504,011267,-48603,098178,-38155
0000001449,0001206667,089131,032455,089504,011267,-70857,092082,-09805
0000001450,0001207500,089131,032455,089504,011267,-85889,077268,020041
0000001451,0001208333,089131,032455,089504,011267,-92211,055168,048464
0000001452,0001209167,089131,032455,089504,011267,-89202,027947,072675
0000001453,0001210000,089131,032455,089504,011267,-77177,-01722,090320
0000001454,0001210833,089131,032455,089504,011267,-57293,-30942,099656
0000001455,0001211667,089131,032455,089504,011267,-31501,-56844,099765
0000001456,0001212500,089131,032455,089504,011267,-02333,-76907,090661
0000001457,0001213333,089131,032455,089504,011267,027362,-89155,073213
0000001458,0001214167,089131,032455,089504,011267,054672,-92383,049132
0000001459,0001215000,089131,032455,089504,011267,076934,-86299,020786
0000001460,0001215833,089131,032455,089504,011267,091959,-71479,-09060
0000001461,0001216667,089131,032455,089504,011267,098271,-49373,-37477
0000001462,0001217500,089131,032455,089504,011267,095275,-22160,-61694
0000001463,0001218333,089131,032455,089504,011267,083245,007509,-79333
0000001464,0001219167,089131,032455,089504,011267,063357,036724,-88660
0000001465,0001220000,089131,032455,089504,011267,037575,062632,-88786
0000001466,0001220833,089131,032455,089504,011267,008407,082691,-79677
0000001467,0001221667,089131,032455,089504,011267,-21286,094932,-62225
0000001468,0001222500,089131,032455,089504,011267,-48602,098177,-38154
0000001469,0001223333,089131,032455,089504,011267,-70863,092089,-09806
0000001470,0001224167,089131,032455,089504,011267,-85882,077263,020039
0000001471,0001225000,089131,032455,089504,011267,-92210,055168,048463
0000001472,0001225833,089131,032455,089504,011267,-89209,027950,072680
0000001473,0001226667,089131,032455,089504,011267,-77171,-01722,090313
0000001474,0001227500,089131,032455,089504,011267,-57293,-30941,099655
0000001475,0001228333,089131,032455,089504,011267,-31504,-56849,099773
0000001476,0001229167,089131,032455,089504,011267,-02333,-76901,090655
0000001477,0001230000,089131,032455,089504,011267,027362,-89154,073212
0000001478,0001230833,089131,032455,089504,011267,054676,-92391,049136
0000001479,0001231667,089131,032455,089504,011267,076928,-86293,020785
0000001480,0001232500,089131,032455,089504,011267,091958,-71478,-09059
0000001481,0001233333,089131,032455,089504,011267,098279,-49378,-37480
0000001482,0001234167,089131,032455,089504,011267,095268,-22159,-61689
0000001483,0001235000,089131,032455,089504,011267,083244,007509,-79332
0000001484,0001235833,089131,032455,089504,011267,063363,036726,-88668
0000001485,0001236667,089131,032455,089504,011267,037572,062627,-88779
0000001486,0001237500,089131,032455,089504,011267,008407,082691,-79677
0000001487,0001238333,089131,032455,089504,011267,-21288,094940,-62231
0000001488,0001239167,089131,032455,089504,011267,-48598,098170,-38151
0000001489,0001240000,089131,032455,089504,011267,-70862,092089,-09806
0000001490,0001240833,089131,032455,089504,011267,-85889,077269,020040
0000001491,0001241667,089131,032455,089504,011267,-92203,055164,048460
0000001492,0001242500,089131,032455,089504,011267,-89209,027949,072680
0000001493,0001243333,089131,032455,089504,011267,-77178,-01722,090320
0000001494,0001244167,089131,032455,089504,011267,-57289,-30939,099648
0000001495,0001245000,089131,032455,089504,011267,-31504,-56848,099772
0000001496,0001245833,089131,032455,089504,011267,-02334,-76908,090662
0000001497,0001246667,089131,032455,089504,011267,027360,-89147,073208
0000001498,0001247500,089131,032455,089504,011267,054675,-92390,049135
0000001499,0001248333,089131,032455,089504,011267,076934,-86300,020787
0000001500,0001249167,089131,032455,089504,011267,091951,-71473,-09058
0000001501,0001250000,089131,032455,089504,011267,098278,-49378,-37480
0000001502,0001250833,089131,032455,089504,011267,095276,-22161,-61695
0000001503,0001251667,089131,032455,089504,011267,083238,007508,-79326
0000001504,0001252500,089131,032455,089504,011267,063362,036726,-88667
0000001505,0001253333,089131,032455,089504,011267,037575,062632,-88787
0000001506,0001254167,089131,032455,089504,011267,008406,082685,-79670
0000001507,0001255000,089131,032455,089504,011267,-21288,094939,-62230
0000001508,0001255833,089131,032455,089504,011267,-48602,098178,-38155
0000001509,0001256667,089131,032455,089504,011267,-70856,092082,-09805
0000001510,0001257500,089131,032455,089504,011267,-85888,077269,020040
0000001511,0001258333,089131,032455,089504,011267,-92211,055169,048463
0000001512,0001259167,089131,032455,089504,011267,-89202,027948,072674
0000001513,0001260000,089131,032455,089504,011267,-77177,-01721,090319
0000001514,0001260833,089131,032455,089504,011267,-57294,-30941,099655
0000001515,0001261667,089131,032455,089504,011267,-31501,-56843,099765
0000001516,0001262500,089131,032455,089504,011267,-02334,-76907,090661
0000001517,0001263333,089131,032455,089504,011267,027362,-89154,073213
0000001518,0001264167,089131,032455,089504,011267,054671,-92383,049132
0000001519,0001265000,089131,032455,089504,011267,076933,-86300,020787
0000001520,0001265833,089131,032455,089504,011267,091958,-71479,-09059
0000001521,0001266667,089131,032455,089504,011267,098271,-49374,-37476
0000001522,0001267500,089131,032455,089504,011267,095275,-22161,-61694
0000001523,0001268333,089131,032455,089504,011267,083245,007508,-79333
0000001524,0001269167,089131,032455,089504,011267,063358,036723,-88660
0000001525,0001270000,089131,032455,089504,011267,037575,062632,-88786
0000001526,0001270833,089131,032455,089504,011267,008407,082691,-79678
0000001527,0001271667,089131,032455,089504,011267,-21286,094932,-62226
0000001528,0001272500,089131,032455,089504,011267,-48602,098177,-38155
0000001529,0001273333,089131,032455,089504,011267,-70862,092089,-09807
0000001530,0001274167,089131,032455,089504,011267,-85881,077263,020039
0000001531,0001275000,089131,032455,089504,011267,-92210,055168,048463
0000001532,0001275833,089131,032455,089504,011267,-89209,027950,072680
0000001533,0001276667,089131,032455,089504,011267,-77171,-01721,090312
0000001534,0001277500,089131,032455,089504,011267,-57293,-30941,099654
0000001535,0001278333,089131,032455,089504,011267,-31505,-56848,099773
0000001536,0001279167,089131,032455,089504,011267,-02334,-76901,090655
0000001537,0001280000,089131,032455,089504,011267,027361,-89154,073213
0000001538,0001280833,089131,032455,089504,011267,054675,-92391,049136
0000001539,0001281667,089131,032455,089504,011267,076928,-86293,020786
0000001540,0001282500,089131,032455,089504,011267,091958,-71479,-09058
0000001541,0001283333,089131,032455,089504,011267,098279,-49379,-37480
0000001542,0001284167,089131,032455,089504,011267,095269,-22159,-61689
0000001543,0001285000,089131,032455,089504,011267,083245,007508,-79332
0000001544,0001285833,089131,032455,089504,011267,063363,036726,-88668
0000001545,0001286667,089131,032455,089504,011267,037573,062627,-88779
0000001546,0001287500,089131,032455,089504,011267,008407,082690,-79677
0000001547,0001288333,089131,032455,089504,011267,-21287,094939,-62231
0000001548,0001289167,089131,032455,089504,011267,-48597,098170,-38152
0000001549,0001290000,089131,032455,089504,011267,-70861,092089,-09807
0000001550,0001290833,089131,032455,089504,011267,-85889,077270,020040
0000001551,0001291667,089131,032455,089504,011267,-92203,055164,048459
0000001552,0001292500,089131,032455,089504,011267,-89209,027950,072679
0000001553,0001293333,089131,032455,089504,011267,-77178,-01721,090319
0000001554,0001294167,089131,032455,089504,011267,-57289,-30938,099647
0000001555,0001295000,089131,032455,089504,011267,-31504,-56847,099772
0000001556,0001295833,089131,032455,089504,011267,-02335,-76907,090662
0000001557,0001296667,089131,032455,089504,011267,027359,-89147,073208
0000001558,0001297500,089131,032455,089504,011267,054675,-92390,049136
0000001559,0001298333,089131,032455,089504,011267,076933,-86301,020788
0000001560,0001299167,089131,032455,089504,011267,091951,-71473,-09057
0000001561,0001300000,089131,032455,089504,011267,098278,-49378,-37479
0000001562,0001300833,089131,032455,089504,011267,095277,-22162,-61694
0000001563,0001301667,089131,032455,089504,011267,083239,007507,-79326
0000001564,0001302500,089131,032455,089504,011267,063363,036725,-88667
0000001565,0001303333,089131,032455,089504,011267,037576,062632,-88787
0000001566,0001304167,089131,032455,089504,011267,008407,082684,-79671
0000001567,0001305000,089131,032455,089504,011267,-21287,094939,-62231
0000001568,0001305833,089131,032455,089504,011267,-48602,098178,-38156
0000001569,0001306667,089131,032455,089504,011267,-70856,092082,-09806
0000001570,0001307500,089131,032455,089504,011267,-85888,077269,020039
0000001571,0001308333,089131,032455,089504,011267,-92211,055169,048462
0000001572,0001309167,089131,032455,089504,011267,-89202,027949,072674
0000001573,0001310000,089131,032455,089504,011267,-77177,-01721,090318
0000001574,0001310833,089131,032455,089504,011267,-57294,-30940,099655
0000001575,0001311667,089131,032455,089504,011267,-31502,-56843,099765
0000001576,0001312500,089131,032455,089504,011267,-02335,-76906,090661
0000001577,0001313333,089131,032455,089504,011267,027361,-89154,073214
0000001578,0001314167,089131,032455,089504,011267,054670,-92383,049133
0000001579,0001315000,089131,032455,089504,011267,076933,-86300,020788
0000001580,0001315833,089131,032455,089504,011267,091958,-71480,-09058
0000001581,0001316667,089131,032455,089504,011267,098271,-49375,-37476
0000001582,0001317500,089131,032455,089504,011267,095276,-22162,-61694
0000001583,0001318333,089131,032455,089504,011267,083246,007507,-79333
0000001584,0001319167,089131,032455,089504,011267,063359,036722,-88660
0000001585,0001320000,089131,032455,089504,011267,037576,062631,-88786
0000001586,0001320833,089131,032455,089504,011267,008408,082691,-79678
0000001587,0001321667,089131,032455,089504,011267,-21285,094932,-62226
0000001588,0001322500,089131,032455,089504,011267,-48601,098177,-38156
0000001589,0001323333,089131,032455,089504,011267,-70862,092090,-09807
0000001590,0001324167,089131,032455,089504,011267,-85881,077264,020038
0000001591,0001325000,089131,032455,089504,011267,-92210,055169,048462
0000001592,0001325833,089131,032455,089504,011267,-89209,027951,072679
0000001593,0001326667,089131,032455,089504,011267,-77171,-01720,090312
0000001594,0001327500,089131,032455,089504,011267,-57294,-30940,099654
0000001595,0001328333,089131,032455,089504,011267,-31505,-56847,099773
0000001596,0001329167,089131,032455,089504,011267,-02335,-76900,090655
0000001597,0001330000,089131,032455,089504,011267,027360,-89153,073214
0000001598,0001330833,089131,032455,089504,011267,054674,-92391,049137
0000001599,0001331667,089131,032455,089504,011267,076927,-86293,020787
0000001600,0001332500,089131,032455,089504,011267,091957,-71479,-09058
0000001601,0001333333,089131,032455,089504,011267,098279,-49379,-37479
0000001602,0001334167,089131,032455,089504,011267,095269,-22160,-61688
0000001603,0001335000,089131,032455,089504,011267,083245,007507,-79332
0000001604,0001335833,089131,032455,089504,011267,063364,036725,-88668
0000001605,0001336667,089131,032455,089504,011267,037574,062626,-88779
0000001606,0001337500,089131,032455,089504,011267,008408,082690,-79677
0000001607,0001338333,089131,032455,089504,011267,-21287,094939,-62232
0000001608,0001339167,089131,032455,089504,011267,-48597,098170,-38153
0000001609,0001340000,089131,032455,089504,011267,-70861,092089,-09807
0000001610,0001340833,089131,032455,089504,011267,-85888,077270,020039
0000001611,0001341667,089131,032455,089504,011267,-92203,055165,048458
0000001612,0001342500,089131,032455,089504,011267,-89209,027951,072678
0000001613,0001343333,089131,032455,089504,011267,-77178,-01720,090319
0000001614,0001344167,089131,032455,089504,011267,-57290,-30937,099647
0000001615,0001345000,089131,032455,089504,011267,-31505,-56847,099772
0000001616,0001345833,089131,032455,089504,011267,-02336,-76906,090662
0000001617,0001346667,089131,032455,089504,011267,027358,-89146,073209
0000001618,0001347500,089131,032455,089504,011267,054674,-92390,049137
0000001619,0001348333,089131,032455,089504,011267,076933,-86301,020789
0000001620,0001349167,089131,032455,089504,011267,091951,-71474,-09056
0000001621,0001350000,089131,032455,089504,011267,098278,-49379,-37478
0000001622,0001350833,089164,032380,089546,011267,095441,-22450,-61570
0000001623,0001351667,089215,032310,089566,011267,083456,007244,-79279
0000001624,0001352500,089277,032253,089561,011267,063626,036501,-88707
0000001625,0001353333,089345,032213,089533,011267,037859,062536,-88975
0000001626,0001354167,089410,032195,089486,011267,008684,082606,-79869
0000001627,0001355000,089465,032201,089425,011267,-21033,094943,-62489
0000001628,0001355833,089504,032230,089357,011267,-48401,098264,-38442
0000001629,0001356667,089522,032280,089288,011267,-70725,092201,-10056
0000001630,0001357500,089518,032345,089227,011267,-85836,077479,019777
0000001631,0001358333,089491,032419,089181,011267,-92249,055415,048255
0000001632,0001359167,089444,032494,089153,011267,-89318,028209,072530
0000001633,0001360000,089379,032564,089148,011267,-77361,-01444,090225
0000001634,0001360833,089303,032621,089166,011267,-57527,-30722,099670
0000001635,0001361667,089224,032661,089206,011267,-31754,-56680,099855
0000001636,0001362500,089147,032679,089265,011267,-02585,-76815,090821
0000001637,0001363333,089081,032674,089336,011267,027141,-89168,073449
0000001638,0001364167,089031,032646,089414,011267,054504,-92467,049383
0000001639,0001365000,089002,032597,089492,011267,076835,-86463,021049
0000001640,0001365833,088996,032534,089561,011267,091943,-71705,-08817
0000001641,0001366667,089014,032461,089616,011267,098339,-49625,-37293
0000001642,0001367500,089053,032386,089651,011267,095422,-22435,-61566
0000001643,0001368333,089110,032317,089664,011267,083458,007252,-79289
0000001644,0001369167,089177,032261,089653,011267,063616,036507,-88702
0000001645,0001370000,089249,032222,089620,011267,037854,062467,-88900
0000001646,0001370833,089318,032205,089568,011267,008682,082608,-79869
0000001647,0001371667,089377,032211,089503,011267,-21042,094929,-62466
0000001648,0001372500,089420,032240,089431,011267,-48411,098256,-38424
0000001649,0001373333,089443,032289,089359,011267,-70742,092249,-10086
0000001650,0001374167,089442,032353,089295,011267,-85843,077478,019786
0000001651,0001375000,089418,032427,089246,011267,-92256,055423,048253
0000001652,0001375833,089374,032502,089215,011267,-89334,028221,072534
0000001653,0001376667,089312,032572,089208,011267,-77362,-01467,090249
0000001654,0001377500,089239,032629,089223,011267,-57531,-30721,099672
0000001655,0001378333,089162,032669,089261,011267,-31765,-56689,099875
0000001656,0001379167,089087,032687,089317,011267,-02591,-76817,090829
0000001657,0001380000,089023,032681,089386,011267,027133,-89151,073439
0000001658,0001380833,088976,032652,089463,011267,054499,-92475,049396
0000001659,0001381667,088949,032604,089538,011267,076823,-86452,021050
0000001660,0001382500,088945,032540,089606,011267,091935,-71697,-08817
0000001661,0001383333,088965,032467,089659,011267,098341,-49638,-37282
0000001662,0001384167,089006,032392,089693,011267,095410,-22430,-61559
0000001663,0001385000,089064,032323,089704,011267,083452,007250,-79280
0000001664,0001385833,089133,032266,089691,011267,063616,036506,-88701
0000001665,0001386667,089207,032227,089656,011267,037847,062468,-88894
0000001666,0001387500,089277,032210,089603,011267,008676,082606,-79862
0000001667,0001388333,089338,032216,089537,011267,-21049,094939,-62469
0000001668,0001389167,089382,032245,089463,011267,-48412,098253,-38420
0000001669,0001390000,089406,032294,089391,011267,-70746,092245,-10078
0000001670,0001390833,089407,032358,089326,011267,-85855,077487,019789
0000001671,0001391667,089384,032431,089275,011267,-92253,055419,048254
0000001672,0001392500,089341,032506,089244,011267,-89337,028219,072539
0000001673,0001393333,089280,032576,089235,011267,-77373,-01464,090258
0000001674,0001394167,089208,032633,089249,011267,-57531,-30719,099670
0000001675,0001395000,089132,032673,089286,011267,-31769,-56687,099877
0000001676,0001395833,089059,032691,089341,011267,-02596,-76822,090838
0000001677,0001396667,088996,032685,089410,011267,027128,-89145,073439
0000001678,0001397500,088949,032656,089485,011267,054496,-92472,049397
0000001679,0001398333,088923,032607,089560,011267,076826,-86459,021054
0000001680,0001399167,088920,032543,089627,011267,091925,-71692,-08812
0000001681,0001400000,088941,032470,089679,011267,098337,-49636,-37280
0000001682,0001400833,088983,032396,089712,011267,095415,-22433,-61561
0000001683,0001401667,089042,032326,089723,011267,083443,007250,-79272
0000001684,0001402500,089112,032270,089710,011267,063613,036506,-88698
0000001685,0001403333,089186,032230,089674,011267,037848,062473,-88899
0000001686,0001404167,089257,032213,089620,011267,008674,082601,-79854
0000001687,0001405000,089318,032219,089553,011267,-21051,094938,-62467
0000001688,0001405833,089363,032248,089480,011267,-48418,098261,-38422
0000001689,0001406667,089388,032297,089406,011267,-70743,092240,-10076
0000001690,0001407500,089389,032361,089341,011267,-85856,077486,019791
0000001691,0001408333,089367,032434,089290,011267,-92263,055425,048259
0000001692,0001409167,089324,032509,089258,011267,-89333,028218,072536
0000001693,0001410000,089264,032578,089248,011267,-77374,-01464,090259
0000001694,0001410833,089193,032636,089263,011267,-57538,-30721,099680
0000001695,0001411667,089117,032675,089299,011267,-31768,-56683,099872
0000001696,0001412500,089044,032693,089354,011267,-02597,-76821,090839
0000001697,0001413333,088982,032687,089422,011267,027127,-89153,073446
0000001698,0001414167,088936,032658,089497,011267,054490,-92465,049396
0000001699,0001415000,088910,032609,089571,011267,076823,-86458,021056
0000001700,0001415833,088908,032545,089638,011267,091931,-71698,-08812
0000001701,0001416667,088929,032472,089690,011267,098328,-49632,-37275
0000001702,0001417500,088971,032397,089723,011267,095412,-22432,-61559
0000001703,0001418333,089030,032328,089733,011267,083448,007250,-79277
0000001704,0001419167,089101,032271,089719,011267,063607,036504,-88690
0000001705,0001420000,089175,032232,089684,011267,037846,062472,-88898
0000001706,0001420833,089247,032215,089629,011267,008673,082607,-79860
0000001707,0001421667,089308,032221,089562,011267,-21050,094931,-62461
0000001708,0001422500,089353,032249,089488,011267,-48419,098260,-38420
0000001709,0001423333,089378,032298,089414,011267,-70750,092247,-10076
0000001710,0001424167,089380,032362,089349,011267,-85851,077481,019791
0000001711,0001425000,089358,032435,089297,011267,-92264,055424,048260
0000001712,0001425833,089316,032510,089265,011267,-89342,028220,072542
0000001713,0001426667,089256,032580,089256,011267,-77369,-01463,090253
0000001714,0001427500,089185,032637,089269,011267,-57538,-30720,099680
0000001715,0001428333,089109,032676,089306,011267,-31773,-56687,099880
0000001716,0001429167,089037,032694,089360,011267,-02598,-76815,090834
0000001717,0001430000,088975,032688,089428,011267,027126,-89152,073446
0000001718,0001430833,088928,032659,089503,011267,054493,-92473,049401
0000001719,0001431667,088903,032610,089577,011267,076817,-86451,021055
0000001720,0001432500,088901,032546,089644,011267,091929,-71698,-08811
0000001721,0001433333,088922,032473,089695,011267,098335,-49637,-37278
0000001722,0001434167,088965,032398,089728,011267,095405,-22431,-61553
0000001723,0001435000,089024,032329,089738,011267,083447,007250,-79276
0000001724,0001435833,089095,032272,089724,011267,063611,036506,-88697
0000001725,0001436667,089169,032233,089688,011267,037843,062468,-88890
0000001726,0001437500,089241,032216,089634,011267,008672,082607,-79858
0000001727,0001438333,089303,032222,089567,011267,-21053,094939,-62466
0000001728,0001439167,089348,032250,089492,011267,-48416,098253,-38416
0000001729,0001440000,089373,032299,089419,011267,-70750,092247,-10076
0000001730,0001440833,089375,032363,089353,011267,-85859,077487,019792
0000001731,0001441667,089353,032436,089301,011267,-92257,055421,048257
0000001732,0001442500,089311,032511,089269,011267,-89341,028220,072542
0000001733,0001443333,089251,032580,089259,011267,-77377,-01463,090261
0000001734,0001444167,089180,032637,089273,011267,-57535,-30718,099673
0000001735,0001445000,089105,032677,089309,011267,-31773,-56687,099880
0000001736,0001445833,089033,032694,089364,011267,-02600,-76821,090841
0000001737,0001446667,088971,032689,089432,011267,027124,-89145,073442
0000001738,0001447500,088925,032660,089506,011267,054492,-92472,049401
0000001739,0001448333,088899,032611,089580,011267,076822,-86459,021057
0000001740,0001449167,088897,032547,089647,011267,091922,-71692,-08809
0000001741,0001450000,088919,032474,089698,011267,098334,-49636,-37277
0000001742,0001450833,088961,032399,089731,011267,095412,-22433,-61559
0000001743,0001451667,089021,032330,089741,011267,083440,007250,-79269
0000001744,0001452500,089091,032273,089727,011267,063610,036506,-88696
0000001745,0001453333,089166,032233,089691,011267,037845,062473,-88897
0000001746,0001454167,089238,032216,089637,011267,008672,082601,-79852
0000001747,0001455000,089300,032222,089569,011267,-21053,094938,-62465
0000001748,0001455833,089345,032251,089495,011267,-48420,098261,-38420
0000001749,0001456667,089370,032299,089421,011267,-70745,092240,-10074
0000001750,0001457500,089372,032363,089355,011267,-85858,077487,019792
0000001751,0001458333,089351,032436,089304,011267,-92265,055425,048261
0000001752,0001459167,089308,032511,089271,011267,-89335,028219,072537
0000001753,0001460000,089249,032581,089261,011267,-77376,-01463,090260
0000001754,0001460833,089178,032638,089275,011267,-57540,-30720,099681
0000001755,0001461667,089103,032677,089311,011267,-31771,-56682,099873
0000001756,0001462500,089031,032695,089366,011267,-02600,-76820,090841
0000001757,0001463333,088968,032689,089434,011267,027125,-89152,073448
0000001758,0001464167,088923,032660,089508,011267,054488,-92465,049398
0000001759,0001465000,088897,032611,089582,011267,076821,-86458,021057
0000001760,0001465833,088895,032547,089648,011267,091929,-71699,-08810
0000001761,0001466667,088917,032474,089700,011267,098327,-49632,-37274
0000001762,0001467500,088959,032399,089732,011267,095411,-22433,-61558
0000001763,0001468333,089019,032330,089742,011267,083447,007250,-79276
0000001764,0001469167,089090,032273,089728,011267,063606,036504,-88689
0000001765,0001470000,089165,032234,089693,011267,037845,062472,-88896
0000001766,0001470833,089237,032216,089638,011267,008672,082607,-79859
0000001767,0001471667,089298,032222,089570,011267,-21051,094932,-62460
0000001768,0001472500,089344,032251,089496,011267,-48420,098260,-38419
0000001769,0001473333,089369,032300,089422,011267,-70751,092248,-10076
0000001770,0001474167,089371,032364,089356,011267,-85852,077481,019791
0000001771,0001475000,089350,032437,089305,011267,-92265,055425,048261
0000001772,0001475833,089307,032511,089272,011267,-89343,028221,072543
0000001773,0001476667,089247,032581,089263,011267,-77371,-01463,090254
0000001774,0001477500,089177,032638,089276,011267,-57540,-30720,099680
0000001775,0001478333,089101,032677,089312,011267,-31774,-56687,099881
0000001776,0001479167,089029,032695,089367,011267,-02600,-76814,090835
0000001777,0001480000,088967,032689,089434,011267,027125,-89151,073447
0000001778,0001480833,088921,032660,089509,011267,054492,-92473,049402
0000001779,0001481667,088896,032612,089583,011267,076816,-86452,021057
0000001780,0001482500,088894,032547,089649,011267,091928,-71698,-08810
0000001781,0001483333,088916,032474,089701,011267,098335,-49637,-37277
0000001782,0001484167,088958,032399,089733,011267,095404,-22431,-61553
0000001783,0001485000,089018,032330,089743,011267,083446,007250,-79275
0000001784,0001485833,089089,032273,089729,011267,063611,036506,-88696
0000001785,0001486667,089164,032234,089693,011267,037842,062468,-88889
0000001786,0001487500,089236,032216,089639,011267,008672,082607,-79858
0000001787,0001488333,089297,032222,089571,011267,-21053,094939,-62465
0000001788,0001489167,089343,032251,089497,011267,-48416,098253,-38416
0000001789,0001490000,089368,032300,089423,011267,-70751,092247,-10075
0000001790,0001490833,089370,032364,089357,011267,-85859,077488,019792
0000001791,0001491667,089349,032437,089305,011267,-92258,055421,048257
0000001792,0001492500,089306,032512,089273,011267,-89342,028221,072542
0000001793,0001493333,089247,032581,089263,011267,-77377,-01463,090261
0000001794,0001494167,089176,032638,089277,011267,-57536,-30717,099673
0000001795,0001495000,089101,032677,089313,011267,-31774,-56686,099881
0000001796,0001495833,089029,032695,089367,011267,-02600,-76821,090842
0000001797,0001496667,088967,032689,089435,011267,027123,-89144,073442
0000001798,0001497500,088921,032660,089510,011267,054491,-92472,049402
0000001799,0001498333,088896,032612,089584,011267,076822,-86459,021058
0000001800,0001499167,088894,032547,089650,011267,091922,-71692,-08808
0000001801,0001500000,088915,032474,089701,011267,098334,-49636,-37277
0000001802,0001500833,088958,032399,089734,011267,095412,-22433,-61558
0000001803,0001501667,089017,032330,089743,011267,083440,007249,-79269
0000001804,0001502500,089088,032273,089730,011267,063610,036506,-88696
0000001805,0001503333,089163,032234,089694,011267,037845,062473,-88897
0000001806,0001504167,089235,032216,089639,011267,008672,082601,-79852
0000001807,0001505000,089297,032222,089572,011267,-21053,094938,-62465
0000001808,0001505833,089343,032251,089497,011267,-48421,098261,-38420
0000001809,0001506667,089368,032300,089423,011267,-70745,092240,-10074
0000001810,0001507500,089370,032364,089357,011267,-85858,077487,019792
0000001811,0001508333,089348,032437,089306,011267,-92266,055425,048261
0000001812,0001509167,089306,032512,089273,011267,-89335,028219,072537
0000001813,0001510000,089246,032581,089264,011267,-77377,-01463,090260
0000001814,0001510833,089176,032638,089277,011267,-57541,-30720,099681
0000001815,0001511667,089100,032677,089313,011267,-31771,-56682,099874
0000001816,0001512500,089028,032695,089367,011267,-02600,-76820,090841
0000001817,0001513333,088966,032689,089435,011267,027125,-89152,073448
0000001818,0001514167,088921,032660,089510,011267,054487,-92465,049398
0000001819,0001515000,088895,032612,089584,011267,076821,-86458,021058
0000001820,0001515833,088893,032548,089650,011267,091929,-71699,-08809
0000001821,0001516667,088915,032474,089702,011267,098327,-49633,-37273
0000001822,0001517500,088957,032400,089734,011267,095411,-22433,-61558
0000001823,0001518333,089017,032330,089744,011267,083447,007250,-79276
0000001824,0001519167,089088,032273,089730,011267,063606,036503,-88689
0000001825,0001520000,089163,032234,089694,011267,037845,062472,-88896
0000001826,0001520833,089235,032216,089640,011267,008672,082607,-79859
0000001827,0001521667,089297,032222,089572,011267,-21051,094932,-62460
0000001828,0001522500,089342,032251,089497,011267,-48420,098260,-38419
0000001829,0001523333,089367,032300,089424,011267,-70751,092248,-10076
0000001830,0001524167,089369,032364,089358,011267,-85852,077481,019791
0000001831,0001525000,089348,032437,089306,011267,-92265,055425,048261
0000001832,0001525833,089306,032512,089274,011267,-89343,028221,072543
0000001833,0001526667,089246,032581,089264,011267,-77371,-01462,090254
0000001834,0001527500,089175,032638,089277,011267,-57540,-30720,099680
0000001835,0001528333,089100,032678,089313,011267,-31774,-56687,099882
0000001836,0001529167,089028,032695,089368,011267,-02600,-76814,090835
0000001837,0001530000,088966,032689,089436,011267,027125,-89151,073447
0000001838,0001530833,088920,032661,089510,011267,054492,-92473,049402
0000001839,0001531667,088895,032612,089584,011267,076816,-86452,021057
0000001840,0001532500,088893,032548,089650,011267,091928,-71698,-08809
0000001841,0001533333,088915,032474,089702,011267,098335,-49637,-37277
0000001842,0001534167,088957,032400,089734,011267,095404,-22431,-61553
0000001843,0001535000,089017,032330,089744,011267,083446,007250,-79275
0000001844,0001535833,089088,032273,089730,011267,063611,036506,-88696
0000001845,0001536667,089163,032234,089694,011267,037842,062468,-88889
0000001846,0001537500,089235,032216,089640,011267,008672,082607,-79858
0000001847,0001538333,089297,032222,089572,011267,-21053,094939,-62465
0000001848,0001539167,089342,032251,089498,011267,-48416,098253,-38416
0000001849,0001540000,089367,032300,089424,011267,-70751,092247,-10075
0000001850,0001540833,089369,032364,089358,011267,-85859,077488,019792
0000001851,0001541667,089348,032437,089306,011267,-92258,055421,048257
0000001852,0001542500,089306,032512,089274,011267,-89342,028221,072542
0000001853,0001543333,089246,032581,089264,011267,-77378,-01463,090261
0000001854,0001544167,089175,032638,089277,011267,-57536,-30717,099673
0000001855,0001545000,089100,032678,089313,011267,-31774,-56686,099881
0000001856,0001545833,089028,032695,089368,011267,-02601,-76821,090842
0000001857,0001546667,088966,032689,089436,011267,027123,-89144,073443
0000001858,0001547500,088920,032661,089510,011267,054491,-92472,049402
0000001859,0001548333,088895,032612,089584,011267,076822,-86459,021058
0000001860,0001549167,088893,032548,089650,011267,091922,-71693,-08808
0000001861,0001550000,088915,032474,089702,011267,098334,-49636,-37277
0000001862,0001550833,088957,032400,089734,011267,095412,-22433,-61558
0000001863,0001551667,089017,032330,089744,011267,083440,007249,-79269
0000001864,0001552500,089088,032273,089730,011267,063610,036506,-88696
0000001865,0001553333,089163,032234,089694,011267,037845,062473,-88897
0000001866,0001554167,089235,032216,089640,011267,008671,082601,-79852
0000001867,0001555000,089296,032222,089572,011267,-21053,094939,-62465
0000001868,0001555833,089342,032251,089498,011267,-48421,098261,-38420
0000001869,0001556667,089367,032300,089424,011267,-70745,092240,-10074
0000001870,0001557500,089369,032364,089358,011267,-85859,077487,019792
0000001871,0001558333,089348,032437,089306,011267,-92266,055425,048261
0000001872,0001559167,089305,032512,089274,011267,-89335,028219,072537
0000001873,0001560000,089246,032581,089264,011267,-77377,-01463,090260
0000001874,0001560833,089175,032638,089278,011267,-57541,-30720,099681
0000001875,0001561667,089100,032677,089313,011267,-31771,-56682,099874
0000001876,0001562500,089028,032695,089368,011267,-02600,-76820,090841
0000001877,0001563333,088966,032689,089436,011267,027125,-89152,073448
0000001878,0001564167,088920,032660,089510,011267,054487,-92465,049399
0000001879,0001565000,088895,032612,089584,011267,076821,-86458,021058
0000001880,0001565833,088893,032548,089650,011267,091929,-71699,-08809
0000001881,0001566667,088915,032474,089702,011267,098327,-49633,-37274
0000001882,0001567500,088957,032400,089734,011267,095411,-22433,-61558
0000001883,0001568333,089017,032330,089744,011267,083447,007250,-79276
0000001884,0001569167,089088,032273,089730,011267,063606,036504,-88689
0000001885,0001570000,089163,032234,089694,011267,037845,062472,-88896
0000001886,0001570833,089235,032216,089640,011267,008672,082607,-79859
0000001887,0001571667,089296,032222,089572,011267,-21051,094932,-62460
0000001888,0001572500,089342,032251,089498,011267,-48420,098260,-38419
0000001889,0001573333,089367,032300,089424,011267,-70751,092248,-10076
0000001890,0001574167,089369,032364,089358,011267,-85852,077481,019791
0000001891,0001575000,089348,032437,089306,011267,-92265,055425,048261
0000001892,0001575833,089305,032512,089274,011267,-89343,028221,072543
0000001893,0001576667,089246,032581,089264,011267,-77371,-01462,090254
0000001894,0001577500,089175,032638,089278,011267,-57540,-30720,099680
0000001895,0001578333,089100,032678,089313,011267,-31774,-56687,099882
0000001896,0001579167,089028,032695,089368,011267,-02600,-76814,090835
0000001897,0001580000,088966,032689,089436,011267,027125,-89151,073448
0000001898,0001580833,088920,032660,089510,011267,054492,-92473,049402
0000001899,0001581667,088895,032612,089584,011267,076816,-86452,021057
0000001900,0001582500,088893,032548,089650,011267,091928,-71698,-08809
0000001901,0001583333,088914,032474,089702,011267,098335,-49637,-37277
0000001902,0001584167,088957,032400,089734,011267,095404,-22431,-61553
0000001903,0001585000,089017,032330,089744,011267,083446,007250,-79275
0000001904,0001585833,089088,032273,089730,011267,063611,036506,-88697
0000001905,0001586667,089163,032234,089694,011267,037842,062468,-88889
0000001906,0001587500,089235,032216,089640,011267,008672,082607,-79858
0000001907,0001588333,089296,032222,089572,011267,-21053,094939,-62465
0000001908,0001589167,089342,032251,089498,011267,-48417,098253,-38416
0000001909,0001590000,089367,032300,089424,011267,-70751,092247,-10075
0000001910,0001590833,089369,032364,089358,011267,-85859,077487,019793
0000001911,0001591667,089348,032437,089306,011267,-92258,055421,048257
0000001912,0001592500,089305,032512,089274,011267,-89342,028221,072542
0000001913,0001593333,089246,032581,089264,011267,-77378,-01463,090261
0000001914,0001594167,089175,032638,089278,011267,-57536,-30717,099673
0000001915,0001595000,089100,032677,089313,011267,-31774,-56686,099881
0000001916,0001595833,089028,032695,089368,011267,-02601,-76821,090842
0000001917,0001596667,088966,032689,089436,011267,027123,-89145,073442
0000001918,0001597500,088920,032660,089510,011267,054491,-92472,049402
0000001919,0001598333,088895,032612,089584,011267,076822,-86459,021058
0000001920,0001599167,088893,032548,089650,011267,091922,-71693,-08808
0000001921,0001600000,088914,032474,089702,011267,098334,-49636,-37277
0000001922,0001600833,088957,032400,089734,011267,095412,-22433,-61558
0000001923,0001601667,089017,032330,089744,011267,083440,007250,-79269
0000001924,0001602500,089088,032273,089730,011267,063610,036506,-88696
0000001925,0001603333,089163,032234,089694,011267,037845,062473,-88897
0000001926,0001604167,089235,032216,089640,011267,008671,082601,-79852
0000001927,0001605000,089296,032222,089572,011267,-21053,094939,-62465
0000001928,0001605833,089342,032251,089498,011267,-48421,098261,-38420
0000001929,0001606667,089367,032300,089424,011267,-70745,092240,-10074
0000001930,0001607500,089369,032364,089358,011267,-85859,077487,019793
0000001931,0001608333,089348,032437,089306,011267,-92266,055425,048261
0000001932,0001609167,089305,032512,089274,011267,-89335,028219,072537
0000001933,0001610000,089246,032581,089264,011267,-77377,-01463,090260
0000001934,0001610833,089175,032638,089278,011267,-57541,-30720,099681
0000001935,0001611667,089100,032677,089313,011267,-31771,-56682,099874
0000001936,0001612500,089028,032695,089368,011267,-02600,-76820,090841
0000001937,0001613333,088966,032689,089436,011267,027125,-89152,073448
0000001938,0001614167,088920,032660,089510,011267,054488,-92465,049398
0000001939,0001615000,088895,032612,089584,011267,076821,-86458,021058
0000001940,0001615833,088893,032548,089650,011267,091929,-71699,-08810
0000001941,0001616667,088914,032474,089702,011267,098327,-49632,-37274
0000001942,0001617500,088957,032400,089734,011267,095411,-22433,-61558
0000001943,0001618333,089017,032330,089744,011267,083447,007250,-79276
0000001944,0001619167,089088,032273,089730,011267,063606,036504,-88689
0000001945,0001620000,089163,032234,089694,011267,037845,062473,-88897
0000001946,0001620833,089235,032216,089640,011267,008672,082608,-79859
0000001947,0001621667,089296,032222,089572,011267,-21052,094932,-62459
0000001948,0001622500,089342,032251,089498,011267,-48421,098260,-38419
0000001949,0001623333,089367,032300,089424,011267,-70752,092248,-10075
0000001950,0001624167,089369,032364,089358,011267,-85852,077481,019792
0000001951,0001625000,089348,032437,089306,011267,-92265,055425,048261
0000001952,0001625833,089305,032512,089274,011267,-89343,028221,072543
0000001953,0001626667,089246,032581,089264,011267,-77371,-01463,090254
0000001954,0001627500,089175,032638,089278,011267,-57540,-30720,099681
0000001955,0001628333,089100,032677,089313,011267,-31774,-56687,099882
0000001956,0001629167,089028,032695,089368,011267,-02600,-76814,090835
0000001957,0001630000,088966,032689,089436,011267,027125,-89152,073447
0000001958,0001630833,088920,032660,089510,011267,054492,-92473,049402
0000001959,0001631667,088895,032612,089584,011267,076816,-86452,021057
0000001960,0001632500,088893,032548,089650,011267,091928,-71698,-08810
0000001961,0001633333,088914,032474,089702,011267,098335,-49637,-37277
0000001962,0001634167,088957,032400,089734,011267,095404,-22431,-61553
0000001963,0001635000,089017,032330,089744,011267,083446,007250,-79276
0000001964,0001635833,089088,032273,089730,011267,063611,036507,-88697
0000001965,0001636667,089163,032234,089694,011267,037842,062468,-88889
0000001966,0001637500,089235,032216,089640,011267,008671,082607,-79858
0000001967,0001638333,089296,032222,089572,011267,-21054,094939,-62465
0000001968,0001639167,089342,032251,089498,011267,-48417,098253,-38416
0000001969,0001640000,089367,032300,089424,011267,-70751,092247,-10075
0000001970,0001640833,089369,032364,089358,011267,-85859,077487,019793
0000001971,0001641667,089348,032437,089306,011267,-92258,055421,048258
0000001972,0001642500,089305,032512,089274,011267,-89342,028220,072542
0000001973,0001643333,089246,032581,089264,011267,-77377,-01463,090261
0000001974,0001644167,089175,032638,089278,011267,-57535,-30717,099674
0000001975,0001645000,089100,032677,089313,011267,-31774,-56686,099881
0000001976,0001645833,089028,032695,089368,011267,-02600,-76821,090842
0000001977,0001646667,088966,032689,089436,011267,027123,-89145,073442
0000001978,0001647500,088920,032660,089510,011267,054492,-92473,049402
0000001979,0001648333,088895,032612,089584,011267,076822,-86459,021058
0000001980,0001649167,088893,032547,089650,011267,091922,-71692,-08809
0000001981,0001650000,088914,032474,089702,011267,098334,-49636,-37277
0000001982,0001650833,088957,032399,089734,011267,095412,-22433,-61559
0000001983,0001651667,089017,032330,089744,011267,083440,007250,-79269
0000001984,0001652500,089088,032273,089730,011267,063610,036507,-88696
0000001985,0001653333,089163,032234,089694,011267,037845,062473,-88897
0000001986,0001654167,089235,032216,089640,011267,008671,082601,-79851
0000001987,0001655000,089296,032222,089572,011267,-21054,094939,-62464
0000001988,0001655833,089342,032251,089498,011267,-48421,098261,-38419
0000001989,0001656667,089367,032300,089424,011267,-70746,092240,-10074
0000001990,0001657500,089369,032364,089358,011267,-85859,077486,019793
0000001991,0001658333,089348,032437,089306,011267,-92266,055425,048261
0000001992,0001659167,089305,032512,089274,011267,-89335,028218,072537
0000001993,0001660000,089246,032581,089264,011267,-77377,-01463,090260
0000001994,0001660833,089175,032638,089278,011267,-57540,-30720,099681
0000001995,0001661667,089100,032677,089313,011267,-31771,-56682,099874
0000001996,0001662500,089028,032695,089368,011267,-02600,-76821,090841
0000001997,0001663333,088966,032689,089436,011267,027125,-89152,073448
0000001998,0001664167,088920,032660,089510,011267,054488,-92465,049398
0000001999,0001665000,088895,032612,089584,011267,076822,-86458,021058
0000002000,0001665833,088893,032547,089650,011267,091929,-71699,-08810
0000002001,0001666667,088914,032474,089702,011267,098327,-49632,-37274
0000002002,0001667500,088957,032399,089734,011267,095411,-22432,-61558
0000002003,0001668333,089017,032330,089744,011267,083447,007250,-79277
0000002004,0001669167,089088,032273,089730,011267,063605,036504,-88689
0000002005,0001670000,089163,032234,089694,011267,037844,062473,-88897
0000002006,0001670833,089235,032216,089640,011267,008671,082608,-79859
0000002007,0001671667,089296,032222,089572,011267,-21052,094932,-62459
0000002008,0001672500,089342,032251,089498,011267,-48421,098260,-38419
0000002009,0001673333,089367,032300,089424,011267,-70752,092247,-10075
0000002010,0001674167,089369,032364,089358,011267,-85852,077481,019792
0000002011,0001675000,089348,032437,089306,011267,-92265,055424,048261
0000002012,0001675833,089305,032512,089274,011267,-89343,028220,072543
0000002013,0001676667,089246,032581,089264,011267,-77371,-01463,090254
0000002014,0001677500,089175,032638,089278,011267,-57540,-30720,099681
0000002015,0001678333,089100,032677,089313,011267,-31774,-56687,099882
0000002016,0001679167,089028,032695,089368,011267,-02600,-76815,090835
0000002017,0001680000,088966,032689,089436,011267,027125,-89152,073447
0000002018,0001680833,088920,032660,089510,011267,054492,-92473,049402
0000002019,0001681667,088895,032612,089584,011267,076816,-86452,021056
0000002020,0001682500,088893,032547,089650,011267,091929,-71698,-08810
0000002021,0001683333,088914,032474,089702,011267,098335,-49637,-37278
0000002022,0001684167,088957,032399,089734,011267,095404,-22430,-61553
0000002023,0001685000,089017,032330,089744,011267,083446,007251,-79276
0000002024,0001685833,089088,032273,089730,011267,063610,036507,-88697
0000002025,0001686667,089163,032234,089694,011267,037841,062469,-88890
0000002026,0001687500,089235,032216,089640,011267,008671,082607,-79858
0000002027,0001688333,089296,032222,089572,011267,-21054,094940,-62465
0000002028,0001689167,089342,032251,089498,011267,-48417,098253,-38415
0000002029,0001690000,089367,032300,089424,011267,-70751,092247,-10075
0000002030,0001690833,089369,032364,089358,011267,-85860,077487,019793
0000002031,0001691667,089348,032437,089306,011267,-92258,055420,048258
0000002032,0001692500,089305,032512,089274,011267,-89342,028220,072543
0000002033,0001693333,089246,032581,089264,011267,-77377,-01463,090261
0000002034,0001694167,089175,032638,089278,011267,-57535,-30718,099674
0000002035,0001695000,089100,032677,089313,011267,-31773,-56687,099881
0000002036,0001695833,089028,032695,089368,011267,-02600,-76821,090842
0000002037,0001696667,088966,032689,089436,011267,027123,-89145,073442
0000002038,0001697500,088920,032660,089510,011267,054492,-92473,049401
0000002039,0001698333,088895,032612,089584,011267,076822,-86459,021058
0000002040,0001699167,088893,032547,089650,011267,091922,-71692,-08809
0000002041,0001700000,088914,032474,089702,011267,098334,-49636,-37278
0000002042,0001700833,088957,032399,089734,011267,095412,-22432,-61559
0000002043,0001701667,089017,032330,089744,011267,083440,007250,-79270
0000002044,0001702500,089088,032273,089730,011267,063610,036507,-88696
0000002045,0001703333,089163,032234,089694,011267,037844,062474,-88897
0000002046,0001704167,089235,032216,089640,011267,008670,082602,-79851
0000002047,0001705000,089296,032222,089572,011267,-21054,094939,-62464
0000002048,0001705833,089342,032251,089498,011267,-48422,098261,-38419
0000002049,0001706667,089367,032300,089424,011267,-70746,092240,-10073
0000002050,0001707500,089369,032364,089358,011267,-85859,077486,019793
0000002051,0001708333,089348,032437,089306,011267,-92266,055425,048262
0000002052,0001709167,089305,032512,089274,011267,-89335,028218,072538
0000002053,0001710000,089246,032581,089264,011267,-77376,-01464,090261
0000002054,0001710833,089175,032638,089278,011267,-57540,-30721,099681
0000002055,0001711667,089100,032677,089313,011267,-31771,-56682,099874
0000002056,0001712500,089028,032695,089368,011267,-02600,-76821,090841
0000002057,0001713333,088966,032689,089436,011267,027126,-89153,073448
0000002058,0001714167,088920,032660,089510,011267,054488,-92466,049398
0000002059,0001715000,088895,032612,089584,011267,076822,-86458,021057
0000002060,0001715833,088893,032547,089650,011267,091930,-71698,-08810
0000002061,0001716667,088914,032474,089702,011267,098327,-49632,-37275
0000002062,0001717500,088957,032399,089734,011267,095411,-22432,-61559
0000002063,0001718333,089017,032330,089744,011267,083447,007251,-79277
0000002064,0001719167,089088,032273,089730,011267,063605,036505,-88689
0000002065,0001720000,089163,032234,089694,011267,037844,062474,-88897
0000002066,0001720833,089235,032216,089640,011267,008671,082608,-79858
0000002067,0001721667,089296,032222,089572,011267,-21053,094932,-62459
0000002068,0001722500,089342,032251,089498,011267,-48421,098260,-38418
0000002069,0001723333,089367,032300,089424,011267,-70752,092247,-10075
0000002070,0001724167,089369,032364,089358,011267,-85852,077481,019792
0000002071,0001725000,089348,032437,089306,011267,-92265,055424,048262
0000002072,0001725833,089305,032512,089274,011267,-89343,028220,072543
0000002073,0001726667,089246,032581,089264,011267,-77370,-01463,090254
0000002074,0001727500,089175,032638,089278,011267,-57539,-30721,099681
0000002075,0001728333,089100,032677,089313,011267,-31773,-56687,099881
0000002076,0001729167,089028,032695,089368,011267,-02599,-76815,090835
0000002077,0001730000,088966,032689,089436,011267,027126,-89152,073447
0000002078,0001730833,088920,032660,089510,011267,054493,-92473,049401
0000002079,0001731667,088895,032612,089584,011267,076816,-86452,021056
0000002080,0001732500,088893,032547,089650,011267,091929,-71698,-08811
0000002081,0001733333,088914,032474,089702,011267,098335,-49636,-37278
0000002082,0001734167,088957,032399,089734,011267,095404,-22430,-61554
0000002083,0001735000,089017,032330,089744,011267,083446,007251,-79276
0000002084,0001735833,089088,032273,089730,011267,063610,036508,-88697
0000002085,0001736667,089163,032234,089694,011267,037841,062469,-88890
0000002086,0001737500,089235,032216,089640,011267,008670,082608,-79857
0000002087,0001738333,089296,032222,089572,011267,-21055,094940,-62464
0000002088,0001739167,089342,032251,089498,011267,-48418,098253,-38415
0000002089,0001740000,089367,032300,089424,011267,-70752,092246,-10074
0000002090,0001740833,089369,032364,089358,011267,-85860,077487,019794
0000002091,0001741667,089348,032437,089306,011267,-92258,055420,048258
0000002092,0001742500,089305,032512,089274,011267,-89342,028219,072543
0000002093,0001743333,089246,032581,089264,011267,-77377,-01464,090262
0000002094,0001744167,089175,032638,089278,011267,-57535,-30718,099674
0000002095,0001745000,089100,032677,089313,011267,-31773,-56687,099881
0000002096,0001745833,089028,032695,089368,011267,-02599,-76822,090842
0000002097,0001746667,088966,032689,089436,011267,027124,-89145,073442
0000002098,0001747500,088920,032660,089510,011267,054493,-92473,049401
0000002099,0001748333,088895,032612,089584,011267,076823,-86459,021057
0000002100,0001749167,088893,032547,089650,011267,091922,-71692,-08810
0000002101,0001750000,088914,032474,089702,011267,098334,-49635,-37278
0000002102,0001750833,088957,032399,089734,011267,095412,-22432,-61559
0000002103,0001751667,089017,032330,089744,011267,083440,007251,-79270
0000002104,0001752500,089087,032273,089730,011267,063609,036508,-88696
0000002105,0001753333,089163,032234,089694,011267,037844,062474,-88897
0000002106,0001754167,089235,032216,089640,011267,008670,082602,-79851
0000002107,0001755000,089296,032222,089572,011267,-21055,094939,-62464
0000002108,0001755833,089342,032251,089498,011267,-48422,098261,-38418
0000002109,0001756667,089367,032300,089424,011267,-70746,092240,-10073
0000002110,0001757500,089369,032364,089358,011267,-85859,077486,019794
0000002111,0001758333,089348,032437,089306,011267,-92266,055424,048262
0000002112,0001759167,089305,032512,089274,011267,-89335,028217,072538
0000002113,0001760000,089246,032581,089264,011267,-77376,-01464,090261
0000002114,0001760833,089175,032638,089278,011267,-57540,-30721,099682
0000002115,0001761667,089100,032677,089314,011267,-31770,-56683,099874
0000002116,0001762500,089028,032695,089368,011267,-02599,-76821,090841
0000002117,0001763333,088966,032689,089436,011267,027126,-89153,073447
0000002118,0001764167,088920,032660,089510,011267,054489,-92466,049397
0000002119,0001765000,088895,032612,089584,011267,076822,-86458,021057
0000002120,0001765833,088893,032547,089650,011267,091930,-71698,-08811
0000002121,0001766667,088914,032474,089702,011267,098327,-49632,-37275
0000002122,0001767500,088957,032399,089734,011267,095411,-22431,-61559
0000002123,0001768333,089017,032330,089744,011267,083446,007251,-79277
0000002124,0001769167,089087,032273,089730,011267,063605,036505,-88689
0000002125,0001770000,089163,032234,089694,011267,037843,062474,-88897
0000002126,0001770833,089235,032216,089640,011267,008670,082609,-79858
0000002127,0001771667,089296,032222,089572,011267,-21053,094932,-62459
0000002128,0001772500,089342,032251,089498,011267,-48422,098260,-38418
0000002129,0001773333,089367,032300,089424,011267,-70753,092247,-10074
0000002130,0001774167,089369,032364,089358,011267,-85853,077480,019793
0000002131,0001775000,089348,032437,089306,011267,-92265,055423,048262
0000002132,0001775833,089305,032512,089274,011267,-89343,028220,072544
0000002133,0001776667,089246,032581,089264,011267,-77370,-01464,090255
0000002134,0001777500,089175,032638,089278,011267,-57539,-30721,099681
0000002135,0001778333,089100,032677,089314,011267,-31773,-56688,099881
0000002136,0001779167,089028,032695,089368,011267,-02599,-76815,090835
0000002137,0001780000,088966,032689,089436,011267,027126,-89152,073447
0000002138,0001780833,088920,032660,089510,011267,054493,-92474,049401
0000002139,0001781667,088895,032612,089584,011267,076817,-86452,021055
0000002140,0001782500,088893,032547,089650,011267,091929,-71697,-08811
0000002141,0001783333,088914,032474,089702,011267,098335,-49636,-37279
0000002142,0001784167,088957,032399,089734,011267,095404,-22429,-61554
0000002143,0001785000,089017,032330,089744,011267,083446,007252,-79277
0000002144,0001785833,089087,032273,089730,011267,063610,036508,-88697
0000002145,0001786667,089163,032234,089694,011267,037841,062470,-88889
0000002146,0001787500,089235,032216,089640,011267,008670,082608,-79857
0000002147,0001788333,089296,032222,089572,011267,-21055,094940,-62464
0000002148,0001789167,089342,032251,089498,011267,-48418,098253,-38414
0000002149,0001790000,089367,032300,089424,011267,-70752,092246,-10074
0000002150,0001790833,089369,032364,089358,011267,-85860,077486,019794
0000002151,0001791667,089348,032437,089306,011267,-92258,055420,048259
0000002152,0001792500,089305,032512,089274,011267,-89342,028219,072543
0000002153,0001793333,089246,032581,089264,011267,-77377,-01464,090262
0000002154,0001794167,089175,032638,089278,011267,-57534,-30719,099674
0000002155,0001795000,089100,032677,089314,011267,-31772,-56687,099881
0000002156,0001795833,089028,032695,089368,011267,-02599,-76822,090842
0000002157,0001796667,088966,032689,089436,011267,027124,-89145,073442
0000002158,0001797500,088920,032660,089510,011267,054493,-92473,049400
0000002159,0001798333,088895,032612,089584,011267,076823,-86459,021057
0000002160,0001799167,088893,032547,089650,011267,091923,-71692,-08810
0000002161,0001800000,088914,032474,089702,011267,098334,-49635,-37279
0000002162,0001800833,088957,032399,089734,011267,095412,-22431,-61560
0000002163,0001801667,089017,032330,089744,011267,083440,007251,-79270
0000002164,0001802500,089087,032273,089730,011267,063609,036508,-88696
0000002165,0001803333,089163,032234,089694,011267,037843,062475,-88897
0000002166,0001804167,089235,032216,089640,011267,008669,082602,-79851
0000002167,0001805000,089296,032222,089572,011267,-21055,094939,-62463
0000002168,0001805833,089342,032251,089498,011267,-48423,098261,-38418
0000002169,0001806667,089367,032300,089424,011267,-70747,092240,-10072
0000002170,0001807500,089369,032364,089358,011267,-85859,077486,019794
0000002171,0001808333,089348,032437,089306,011267,-92266,055424,048263
0000002172,0001809167,089305,032512,089274,011267,-89335,028217,072538
0000002173,0001810000,089246,032581,089264,011267,-77376,-01465,090261
0000002174,0001810833,089175,032638,089278,011267,-57539,-30721,099682
0000002175,0001811667,089100,032677,089314,011267,-31770,-56683,099874
0000002176,0001812500,089028,032695,089368,011267,-02599,-76821,090841
0000002177,0001813333,088966,032689,089436,011267,027126,-89153,073447
0000002178,0001814167,088920,032660,089510,011267,054489,-92466,049397
0000002179,0001815000,088895,032611,089584,011267,076823,-86458,021056
0000002180,0001815833,088893,032547,089650,011267,091930,-71698,-08811
0000002181,0001816667,088914,032474,089702,011267,098327,-49631,-37276
0000002182,0001817500,088957,032399,089734,011267,095411,-22431,-61559
0000002183,0001818333,089017,032330,089744,011267,083446,007252,-79278
0000002184,0001819167,089087,032273,089730,011267,063604,036506,-88689
0000002185,0001820000,089163,032234,089694,011267,037843,062474,-88896
0000002186,0001820833,089235,032216,089640,011267,008670,082609,-79858
0000002187,0001821667,089296,032222,089572,011267,-21054,094932,-62458
0000002188,0001822500,089342,032251,089498,011267,-48422,098260,-38417
0000002189,0001823333,089367,032300,089424,011267,-70753,092247,-10074
0000002190,0001824167,089369,032364,089358,011267,-85853,077480,019793
0000002191,0001825000,089348,032437,089306,011267,-92265,055423,048262
0000002192,0001825833,089305,032512,089274,011267,-89342,028219,072544
0000002193,0001826667,089246,032581,089264,011267,-77370,-01464,090255
0000002194,0001827500,089175,032638,089278,011267,-57539,-30721,099681
0000002195,0001828333,089100,032677,089314,011267,-31773,-56688,099881
0000002196,0001829167,089028,032695,089368,011267,-02598,-76815,090834
0000002197,0001830000,088966,032689,089436,011267,027126,-89152,073446
0000002198,0001830833,088920,032660,089510,011267,054493,-92474,049401
0000002199,0001831667,088895,032611,089584,011267,076817,-86451,021055
0000002200,0001832500,088893,032547,089650,011267,091929,-71697,-08811
0000002201,0001833333,088914,032474,089702,011267,098335,-49635,-37279
0000002202,0001834167,088957,032399,089734,011267,095404,-22429,-61555
0000002203,0001835000,089017,032330,089744,011267,083445,007252,-79277
0000002204,0001835833,089087,032273,089730,011267,063609,036509,-88697
0000002205,0001836667,089163,032234,089694,011267,037840,062470,-88889
0000002206,0001837500,089235,032216,089640,011267,008669,082608,-79857
0000002207,0001838333,089296,032222,089572,011267,-21056,094940,-62464
0000002208,0001839167,089342,032251,089498,011267,-48419,098253,-38414
0000002209,0001840000,089367,032300,089424,011267,-70752,092246,-10073
0000002210,0001840833,089369,032364,089358,011267,-85860,077486,019795
0000002211,0001841667,089348,032437,089306,011267,-92258,055419,048259
0000002212,0001842500,089305,032512,089274,011267,-89342,028219,072544
0000002213,0001843333,089246,032581,089264,011267,-77377,-01465,090262
0000002214,0001844167,089175,032638,089278,011267,-57534,-30719,099674
0000002215,0001845000,089100,032677,089314,011267,-31772,-56688,099880
0000002216,0001845833,089028,032695,089368,011267,-02599,-76822,090841
0000002217,0001846667,088966,032689,089436,011267,027125,-89145,073441
0000002218,0001847500,088920,032660,089510,011267,054493,-92473,049400
0000002219,0001848333,088895,032611,089584,011267,076823,-86459,021056
0000002220,0001849167,088893,032547,089650,011267,091923,-71692,-08810
0000002221,0001850000,088914,032474,089702,011267,098334,-49635,-37279
0000002222,0001850833,088957,032399,089734,011267,095412,-22431,-61560
0000002223,0001851667,089017,032330,089744,011267,083439,007252,-79271
0000002224,0001852500,089087,032273,089730,011267,063609,036509,-88697
0000002225,0001853333,089163,032234,089694,011267,037843,062475,-88897
0000002226,0001854167,089235,032216,089640,011267,008669,082603,-79851
0000002227,0001855000,089296,032222,089572,011267,-21056,094939,-62463
0000002228,0001855833,089342,032251,089498,011267,-48423,098261,-38418
0000002229,0001856667,089367,032300,089424,011267,-70747,092239,-10072
0000002230,0001857500,089369,032364,089358,011267,-85859,077485,019795
0000002231,0001858333,089348,032437,089306,011267,-92266,055423,048263
0000002232,0001859167,089305,032512,089274,011267,-89335,028217,072539
0000002233,0001860000,089246,032581,089264,011267,-77376,-01465,090261
0000002234,0001860833,089175,032638,089278,011267,-57539,-30722,099682
0000002235,0001861667,089100,032677,089314,011267,-31769,-56683,099873
0000002236,0001862500,089028,032695,089368,011267,-02598,-76822,090841
0000002237,0001863333,088966,032689,089436,011267,027127,-89153,073447
0000002238,0001864167,088920,032660,089510,011267,054489,-92466,049397
0000002239,0001865000,088895,032611,089584,011267,076823,-86458,021056
0000002240,0001865833,088893,032547,089650,011267,091930,-71698,-08812
0000002241,0001866667,088914,032474,089702,011267,098327,-49631,-37276
0000002242,0001867500,088957,032399,089734,011267,095411,-22431,-61560
0000002243,0001868333,089017,032330,089744,011267,083446,007252,-79278
0000002244,0001869167,089087,032273,089730,011267,063604,036506,-88690
0000002245,0001870000,089163,032234,089694,011267,037842,062475,-88896
0000002246,0001870833,089235,032216,089640,011267,008669,082609,-79858
0000002247,0001871667,089296,032222,089572,011267,-21054,094933,-62458
0000002248,0001872500,089342,032251,089498,011267,-48423,098260,-38417
0000002249,0001873333,089367,032300,089424,011267,-70753,092247,-10073
0000002250,0001874167,089369,032364,089358,011267,-85853,077480,019794
0000002251,0001875000,089348,032437,089306,011267,-92265,055423,048263
0000002252,0001875833,089305,032512,089274,011267,-89342,028219,072544
0000002253,0001876667,089246,032581,089264,011267,-77370,-01465,090255
0000002254,0001877500,089175,032638,089278,011267,-57538,-30722,099681
0000002255,0001878333,089100,032677,089314,011267,-31772,-56688,099881
0000002256,0001879167,089028,032695,089368,011267,-02598,-76816,090834
0000002257,0001880000,088966,032689,089436,011267,027127,-89152,073446
0000002258,0001880833,088920,032660,089510,011267,054494,-92474,049400
0000002259,0001881667,088895,032611,089584,011267,076817,-86451,021055
0000002260,0001882500,088893,032547,089650,011267,091929,-71697,-08812
0000002261,0001883333,088914,032474,089702,011267,098335,-49635,-37279
0000002262,0001884167,088957,032399,089734,011267,095404,-22429,-61555
0000002263,0001885000,089017,032330,089744,011267,083445,007252,-79277
0000002264,0001885833,089087,032273,089730,011267,063609,036509,-88697
0000002265,0001886667,089163,032234,089694,011267,037840,062470,-88889
0000002266,0001887500,089235,032216,089640,011267,008669,082609,-79857
0000002267,0001888333,089296,032222,089572,011267,-21056,094940,-62464
0000002268,0001889167,089342,032251,089498,011267,-48419,098253,-38414
0000002269,0001890000,089367,032300,089424,011267,-70753,092246,-10073
0000002270,0001890833,089369,032364,089358,011267,-85860,077486,019795
0000002271,0001891667,089348,032437,089306,011267,-92258,055419,048260
0000002272,0001892500,089305,032512,089274,011267,-89341,028218,072544
0000002273,0001893333,089246,032581,089264,011267,-77376,-01465,090262
0000002274,0001894167,089175,032638,089278,011267,-57534,-30719,099674
0000002275,0001895000,089100,032677,089314,011267,-31772,-56688,099880
0000002276,0001895833,089028,032695,089368,011267,-02598,-76822,090841
0000002277,0001896667,088966,032689,089436,011267,027125,-89145,073441
0000002278,0001897500,088920,032660,089510,011267,054493,-92473,049400
0000002279,0001898333,088895,032611,089584,011267,076823,-86459,021056
0000002280,0001899167,088893,032547,089650,011267,091923,-71691,-08811
0000002281,0001900000,088914,032474,089702,011267,098335,-49635,-37279
0000002282,0001900833,088957,032399,089734,011267,095412,-22431,-61560
0000002283,0001901667,089017,032330,089744,011267,083439,007252,-79271
0000002284,0001902500,089087,032273,089730,011267,063608,036509,-88697
0000002285,0001903333,089163,032234,089694,011267,037843,062475,-88897
0000002286,0001904167,089235,032216,089640,011267,008669,082603,-79851
0000002287,0001905000,089296,032222,089572,011267,-21056,094940,-62463
0000002288,0001905833,089342,032251,089498,011267,-48423,098261,-38417
0000002289,0001906667,089367,032300,089424,011267,-70747,092239,-10072
0000002290,0001907500,089369,032364,089358,011267,-85860,077485,019795
0000002291,0001908333,089348,032437,089306,011267,-92266,055423,048263
0000002292,0001909167,089305,032512,089274,011267,-89335,028216,072539
0000002293,0001910000,089246,032581,089264,011267,-77376,-01465,090261
0000002294,0001910833,089175,032638,089278,011267,-57539,-30722,099682
0000002295,0001911667,089100,032677,089314,011267,-31769,-56683,099873
0000002296,0001912500,089028,032695,089368,011267,-02598,-76822,090841
0000002297,0001913333,088966,032689,089436,011267,027127,-89153,073447
0000002298,0001914167,088920,032660,089510,011267,054490,-92466,049397
0000002299,0001915000,088895,032611,089584,011267,076823,-86458,021056
0000002300,0001915833,088893,032547,089650,011267,091930,-71698,-08812
0000002301,0001916667,088914,032474,089702,011267,098327,-49631,-37276
0000002302,0001917500,088957,032399,089734,011267,095411,-22430,-61560
0000002303,0001918333,089017,032330,089744,011267,083446,007253,-79278
0000002304,0001919167,089087,032273,089730,011267,063604,036506,-88690
0000002305,0001920000,089163,032234,089694,011267,037842,062475,-88896
0000002306,0001920833,089235,032216,089640,011267,008669,082609,-79858
0000002307,0001921667,089296,032222,089572,011267,-21054,094933,-62458
0000002308,0001922500,089342,032251,089498,011267,-48423,098260,-38417
0000002309,0001923333,089367,032300,089424,011267,-70753,092247,-10073
0000002310,0001924167,089369,032364,089358,011267,-85853,077480,019794
0000002311,0001925000,089348,032437,089306,011267,-92265,055423,048263
0000002312,0001925833,089305,032512,089274,011267,-89342,028219,072544
0000002313,0001926667,089246,032581,089264,011267,-77370,-01465,090255
0000002314,0001927500,089175,032638,089278,011267,-57538,-30722,099681
0000002315,0001928333,089100,032677,089314,011267,-31772,-56688,099881
0000002316,0001929167,089028,032695,089368,011267,-02598,-76816,090834
0000002317,0001930000,088966,032689,089436,011267,027127,-89152,073446
0000002318,0001930833,088920,032660,089510,011267,054494,-92474,049400
0000002319,0001931667,088895,032611,089584,011267,076817,-86451,021055
0000002320,0001932500,088893,032547,089650,011267,091930,-71697,-08812
0000002321,0001933333,088914,032474,089702,011267,098335,-49635,-37280
0000002322,0001934167,088957,032399,089734,011267,095404,-22429,-61555
0000002323,0001935000,089017,032330,089744,011267,083445,007253,-79277
0000002324,0001935833,089087,032273,089730,011267,063609,036509,-88698
0000002325,0001936667,089163,032234,089694,011267,037840,062470,-88889
0000002326,0001937500,089235,032216,089640,011267,008669,082609,-79857
0000002327,0001938333,089296,032222,089572,011267,-21056,094940,-62463
0000002328,0001939167,089342,032251,089498,011267,-48419,098253,-38414
0000002329,0001940000,089367,032300,089424,011267,-70753,092246,-10073
0000002330,0001940833,089369,032364,089358,011267,-85860,077486,019795
0000002331,0001941667,089348,032437,089306,011267,-92258,055419,048260
0000002332,0001942500,089305,032512,089274,011267,-89341,028218,072544
0000002333,0001943333,089246,032581,089264,011267,-77376,-01465,090262
0000002334,0001944167,089175,032638,089278,011267,-57534,-30719,099674
0000002335,0001945000,089100,032677,089314,011267,-31772,-56688,099880
0000002336,0001945833,089028,032695,089368,011267,-02598,-76822,090841
0000002337,0001946667,088966,032689,089436,011267,027125,-89145,073441
0000002338,0001947500,088920,032660,089510,011267,054494,-92473,049400
0000002339,0001948333,088895,032611,089584,011267,076824,-86459,021056
0000002340,0001949167,088893,032547,089650,011267,091923,-71691,-08811
0000002341,0001950000,088914,032474,089702,011267,098335,-49634,-37279
0000002342,0001950833,088957,032399,089734,011267,095412,-22431,-61561
0000002343,0001951667,089017,032330,089744,011267,083439,007252,-79271
0000002344,0001952500,089087,032273,089730,011267,063608,036509,-88697
0000002345,0001953333,089163,032234,089694,011267,037843,062475,-88897
0000002346,0001954167,089235,032216,089640,011267,008668,082603,-79851
0000002347,0001955000,089296,032222,089572,011267,-21056,094940,-62463
0000002348,0001955833,089342,032251,089498,011267,-48423,098261,-38417
0000002349,0001956667,089367,032300,089424,011267,-70747,092239,-10071
0000002350,0001957500,089369,032364,089358,011267,-85860,077485,019795
0000002351,0001958333,089348,032437,089306,011267,-92266,055423,048263
0000002352,0001959167,089305,032512,089274,011267,-89335,028216,072539
0000002353,0001960000,089246,032581,089264,011267,-77375,-01465,090261
0000002354,0001960833,089175,032638,089278,011267,-57539,-30722,099682
0000002355,0001961667,089100,032677,089314,011267,-31769,-56684,099873
0000002356,0001962500,089028,032695,089368,011267,-02598,-76822,090840
0000002357,0001963333,088966,032689,089436,011267,027127,-89153,073447
0000002358,0001964167,088920,032660,089510,011267,054490,-92466,049397
0000002359,0001965000,088895,032611,089584,011267,076823,-86458,021056
0000002360,0001965833,088893,032547,089650,011267,091930,-71698,-08812
0000002361,0001966667,088914,032474,089702,011267,098327,-49631,-37276
0000002362,0001967500,088957,032399,089734,011267,095411,-22430,-61560
0000002363,0001968333,089017,032330,089744,011267,083446,007253,-79278
0000002364,0001969167,089087,032273,089730,011267,063604,036507,-88690
0000002365,0001970000,089163,032234,089694,011267,037842,062475,-88896
0000002366,0001970833,089235,032216,089640,011267,008669,082609,-79858
0000002367,0001971667,089296,032222,089572,011267,-21054,094933,-62458
0000002368,0001972500,089342,032251,089498,011267,-48423,098260,-38417
0000002369,0001973333,089367,032300,089424,011267,-70753,092247,-10073
0000002370,0001974167,089369,032364,089358,011267,-85853,077479,019794
0000002371,0001975000,089348,032437,089306,011267,-92265,055422,048263
0000002372,0001975833,089305,032512,089274,011267,-89342,028218,072544
0000002373,0001976667,089246,032581,089264,011267,-77369,-01465,090255
0000002374,0001977500,089175,032638,089278,011267,-57538,-30722,099681
0000002375,0001978333,089100,032677,089314,011267,-31772,-56688,099881
0000002376,0001979167,089028,032695,089368,011267,-02598,-76816,090834
0000002377,0001980000,088966,032689,089436,011267,027127,-89152,073446
0000002378,0001980833,088920,032660,089510,011267,054494,-92474,049400
0000002379,0001981667,088895,032611,089584,011267,076817,-86451,021054
0000002380,0001982500,088893,032547,089650,011267,091930,-71697,-08812
0000002381,0001983333,088914,032474,089702,011267,098335,-49635,-37280
0000002382,0001984167,088957,032399,089734,011267,095404,-22428,-61555
0000002383,0001985000,089017,032330,089744,011267,083445,007253,-79277
0000002384,0001985833,089087,032273,089730,011267,063609,036509,-88698
0000002385,0001986667,089163,032234,089694,011267,037840,062471,-88889
0000002386,0001987500,089235,032216,089640,011267,008669,082609,-79857
0000002387,0001988333,089296,032222,089572,011267,-21056,094940,-62463
0000002388,0001989167,089342,032251,089498,011267,-48419,098253,-38413
0000002389,0001990000,089367,032300,089424,011267,-70753,092246,-10073
0000002390,0001990833,089369,032364,089358,011267,-85860,077486,019795
0000002391,0001991667,089348,032437,089306,011267,-92258,055419,048260
0000002392,0001992500,089305,032511,089274,011267,-89341,028218,072544
0000002393,0001993333,089246,032581,089264,011267,-77376,-01465,090262
0000002394,0001994167,089175,032638,089278,011267,-57534,-30719,099674
0000002395,0001995000,089100,032677,089314,011267,-31772,-56688,099880
0000002396,0001995833,089028,032695,089368,011267,-02598,-76822,090841
0000002397,0001996667,088966,032689,089436,011267,027125,-89145,073441
0000002398,0001997500,088920,032660,089510,011267,054494,-92473,049400
0000002399,0001998333,088895,032611,089584,011267,076824,-86459,021056
0000002400,0001999167,088893,032547,089650,011267,091923,-71691,-08811
0000002401,0002000000,088914,032474,089702,011267,098335,-49634,-37279
0000002402,0002000833,088957,032399,089734,011267,095412,-22431,-61561
0000002403,0002001667,089017,032330,089744,011267,083439,007252,-79271
0000002404,0002002500,089087,032273,089730,011267,063608,036509,-88697
0000002405,0002003333,089163,032234,089694,011267,037843,062475,-88897
0000002406,0002004167,089235,032216,089640,011267,008668,082603,-79851
0000002407,0002005000,089296,032222,089572,011267,-21056,094940,-62463
0000002408,0002005833,089342,032251,089498,011267,-48423,098261,-38417
0000002409,0002006667,089367,032300,089424,011267,-70747,092239,-10071
0000002410,0002007500,089369,032364,089358,011267,-85860,077485,019795
0000002411,0002008333,089348,032437,089306,011267,-92266,055423,048263
0000002412,0002009167,089305,032511,089274,011267,-89334,028216,072539
0000002413,0002010000,089246,032581,089264,011267,-77375,-01465,090261
0000002414,0002010833,089175,032638,089278,011267,-57539,-30722,099682
0000002415,0002011667,089100,032677,089314,011267,-31769,-56683,099873
0000002416,0002012500,089028,032695,089368,011267,-02598,-76822,090840
0000002417,0002013333,088966,032689,089436,011267,027127,-89153,073447
0000002418,0002014167,088920,032660,089510,011267,054490,-92466,049397
0000002419,0002015000,088895,032611,089584,011267,076823,-86458,021056
0000002420,0002015833,088893,032547,089650,011267,091930,-71698,-08812
0000002421,0002016667,088914,032474,089702,011267,098327,-49631,-37276
0000002422,0002017500,088957,032399,089734,011267,095411,-22430,-61560
0000002423,0002018333,089017,032330,089744,011267,083446,007253,-79278
0000002424,0002019167,089087,032273,089730,011267,063604,036507,-88690
0000002425,0002020000,089163,032234,089694,011267,037842,062475,-88896
0000002426,0002020833,089235,032216,089640,011267,008669,082609,-79858
0000002427,0002021667,089296,032222,089572,011267,-21054,094933,-62458
0000002428,0002022500,089342,032251,089498,011267,-48423,098260,-38417
0000002429,0002023333,089367,032300,089424,011267,-70753,092247,-10073
0000002430,0002024167,089369,032364,089358,011267,-85853,077479,019794
0000002431,0002025000,089348,032437,089306,011267,-92265,055423,048263
0000002432,0002025833,089305,032511,089274,011267,-89342,028218,072544
0000002433,0002026667,089246,032581,089264,011267,-77369,-01465,090255
0000002434,0002027500,089175,032638,089278,011267,-57538,-30722,099681
0000002435,0002028333,089100,032677,089314,011267,-31772,-56688,099881
0000002436,0002029167,089028,032695,089368,011267,-02598,-76816,090834
0000002437,0002030000,088966,032689,089436,011267,027127,-89152,073446
0000002438,0002030833,088920,032660,089510,011267,054494,-92474,049400
0000002439,0002031667,088895,032611,089584,011267,076817,-86451,021055
0000002440,0002032500,088893,032547,089650,011267,091930,-71697,-08812
0000002441,0002033333,088914,032474,089702,011267,098335,-49635,-37280
0000002442,0002034167,088957,032399,089734,011267,095404,-22429,-61555
0000002443,0002035000,089017,032330,089744,011267,083445,007253,-79277
0000002444,0002035833,089087,032273,089730,011267,063609,036509,-88698
0000002445,0002036667,089163,032234,089694,011267,037840,062470,-88889
0000002446,0002037500,089235,032216,089640,011267,008669,082609,-79857
0000002447,0002038333,089296,032222,089572,011267,-21056,094940,-62463
0000002448,0002039167,089342,032251,089498,011267,-48419,098253,-38414
0000002449,0002040000,089367,032300,089424,011267,-70753,092246,-10073
0000002450,0002040833,089369,032364,089358,011267,-85860,077486,019795
0000002451,0002041667,089348,032437,089306,011267,-92258,055419,048260
0000002452,0002042500,089305,032511,089274,011267,-89341,028218,072544
0000002453,0002043333,089246,032581,089264,011267,-77376,-01465,090262
0000002454,0002044167,089175,032638,089278,011267,-57534,-30719,099674
0000002455,0002045000,089100,032677,089314,011267,-31772,-56688,099880
0000002456,0002045833,089028,032695,089368,011267,-02598,-76822,090841
0000002457,0002046667,088966,032689,089436,011267,027125,-89145,073441
0000002458,0002047500,088920,032660,089510,011267,054493,-92473,049400
0000002459,0002048333,088895,032611,089584,011267,076823,-86459,021056
0000002460,0002049167,088893,032547,089650,011267,091923,-71691,-08811
0000002461,0002050000,088914,032474,089702,011267,098335,-49635,-37279
0000002462,0002050833,088957,032399,089734,011267,095412,-22431,-61560
0000002463,0002051667,089017,032330,089744,011267,083439,007252,-79271
0000002464,0002052500,089087,032273,089730,011267,063608,036509,-88697
0000002465,0002053333,089163,032234,089694,011267,037843,062475,-88897
0000002466,0002054167,089235,032216,089640,011267,008668,082603,-79851
0000002467,0002055000,089296,032222,089572,011267,-21056,094940,-62463
0000002468,0002055833,089342,032251,089498,011267,-48423,098261,-38417
0000002469,0002056667,089367,032300,089424,011267,-70747,092239,-10072
0000002470,0002057500,089369,032364,089358,011267,-85859,077485,019795
0000002471,0002058333,089348,032437,089306,011267,-92266,055423,048263
0000002472,0002059167,089305,032511,089274,011267,-89334,028216,072539
0000002473,0002060000,089246,032581,089264,011267,-77375,-01465,090261
0000002474,0002060833,089175,032638,089278,011267,-57539,-30722,099682
0000002475,0002061667,089100,032677,089314,011267,-31769,-56683,099873
0000002476,0002062500,089028,032695,089368,011267,-02598,-76822,090841
0000002477,0002063333,088966,032689,089436,011267,027127,-89153,073447
0000002478,0002064167,088920,032660,089510,011267,054489,-92466,049397
0000002479,0002065000,088895,032611,089584,011267,076823,-86458,021056
0000002480,0002065833,088893,032547,089650,011267,091930,-71698,-08812
0000002481,0002066667,088914,032474,089702,011267,098327,-49631,-37276
0000002482,0002067500,088957,032399,089734,011267,095411,-22430,-61560
0000002483,0002068333,089017,032330,089744,011267,083446,007252,-79278
0000002484,0002069167,089087,032273,089730,011267,063604,036506,-88690
0000002485,0002070000,089163,032234,089694,011267,037842,062475,-88896
0000002486,0002070833,089235,032216,089640,011267,008669,082609,-79858
0000002487,0002071667,089296,032222,089572,011267,-21054,094933,-62458
0000002488,0002072500,089342,032251,089498,011267,-48423,098260,-38417
0000002489,0002073333,089367,032300,089424,011267,-70753,092247,-10073
0000002490,0002074167,089369,032364,089358,011267,-85853,077480,019794
0000002491,0002075000,089348,032437,089306,011267,-92265,055423,048263
0000002492,0002075833,089305,032511,089274,011267,-89342,028219,072544
0000002493,0002076667,089246,032581,089264,011267,-77370,-01465,090255
0000002494,0002077500,089175,032638,089278,011267,-57538,-30722,099681
0000002495,0002078333,089100,032677,089314,011267,-31772,-56688,099881
0000002496,0002079167,089028,032695,089368,011267,-02598,-76816,090834
0000002497,0002080000,088966,032689,089436,011267,027127,-89152,073446
0000002498,0002080833,088920,032660,089510,011267,054494,-92474,049401
0000002499,0002081667,088895,032611,089584,011267,076817,-86451,021055
0000002500,0002082500,088893,032547,089650,011267,091929,-71697,-08812
0000002501,0002083333,088914,032474,089702,011267,098335,-49635,-37279
0000002502,0002084167,088957,032399,089734,011267,095404,-22429,-61555
0000002503,0002085000,089017,032330,089744,011267,083445,007252,-79277
0000002504,0002085833,089087,032273,089730,011267,063609,036509,-88698
0000002505,0002086667,089163,032234,089694,011267,037840,062470,-88889
0000002506,0002087500,089235,032216,089640,011267,008669,082609,-79857
0000002507,0002088333,089296,032222,089572,011267,-21056,094940,-62464
0000002508,0002089167,089342,032251,089498,011267,-48419,098253,-38414
0000002509,0002090000,089367,032300,089424,011267,-70752,092246,-10073
0000002510,0002090833,089369,032364,089358,011267,-85860,077486,019795
0000002511,0002091667,089348,032437,089306,011267,-92258,055419,048259
0000002512,0002092500,089305,032511,089274,011267,-89341,028218,072544
0000002513,0002093333,089246,032581,089264,011267,-77376,-01465,090262
0000002514,0002094167,089175,032638,089278,011267,-57534,-30719,099674
0000002515,0002095000,089100,032677,089314,011267,-31772,-56688,099880
0000002516,0002095833,089028,032695,089368,011267,-02599,-76822,090841
0000002517,0002096667,088966,032689,089436,011267,027125,-89145,073441
0000002518,0002097500,088920,032660,089510,011267,054493,-92473,049400
0000002519,0002098333,088895,032611,089584,011267,076823,-86459,021056
0000002520,0002099167,088893,032547,089650,011267,091923,-71692,-08811
0000002521,0002100000,088914,032474,089702,011267,098335,-49635,-37279
0000002522,0002100833,088957,032399,089734,011267,095412,-22431,-61560
0000002523,0002101667,089017,032330,089744,011267,083439,007252,-79271
0000002524,0002102500,089087,032273,089730,011267,063609,036509,-88697
0000002525,0002103333,089163,032234,089694,011267,037843,062475,-88897
0000002526,0002104167,089235,032216,089640,011267,008669,082603,-79851
0000002527,0002105000,089296,032222,089572,011267,-21056,094939,-62463
0000002528,0002105833,089342,032251,089498,011267,-48423,098261,-38417
0000002529,0002106667,089367,032300,089424,011267,-70747,092239,-10072
0000002530,0002107500,089369,032364,089358,011267,-85859,077485,019795
0000002531,0002108333,089348,032437,089306,011267,-92266,055423,048263
0000002532,0002109167,089305,032511,089274,011267,-89334,028217,072539
0000002533,0002110000,089246,032581,089264,011267,-77376,-01465,090261
0000002534,0002110833,089175,032638,089278,011267,-57539,-30722,099681
0000002535,0002111667,089100,032677,089314,011267,-31770,-56683,099873
0000002536,0002112500,089028,032695,089368,011267,-02599,-76821,090841
0000002537,0002113333,088966,032689,089436,011267,027127,-89153,073447
0000002538,0002114167,088920,032660,089510,011267,054489,-92466,049397
0000002539,0002115000,088895,032611,089584,011267,076823,-86458,021056
0000002540,0002115833,088893,032547,089650,011267,091930,-71698,-08812
0000002541,0002116667,088914,032474,089702,011267,098327,-49631,-37276
0000002542,0002117500,088957,032399,089734,011267,095411,-22431,-61560
0000002543,0002118333,089017,032330,089744,011267,083446,007252,-79278
0000002544,0002119167,089087,032273,089730,011267,063604,036506,-88690
0000002545,0002120000,089163,032234,089694,011267,037842,062475,-88897
0000002546,0002120833,089235,032216,089640,011267,008669,082609,-79858
0000002547,0002121667,089296,032222,089572,011267,-21054,094933,-62458
0000002548,0002122500,089342,032251,089498,011267,-48423,098260,-38417
0000002549,0002123333,089367,032300,089424,011267,-70753,092247,-10073
0000002550,0002124167,089369,032364,089358,011267,-85853,077480,019794
0000002551,0002125000,089348,032437,089306,011267,-92265,055423,048262
0000002552,0002125833,089305,032511,089274,011267,-89342,028219,072544
0000002553,0002126667,089246,032581,089264,011267,-77370,-01464,090255
0000002554,0002127500,089175,032638,089278,011267,-57539,-30721,099681
0000002555,0002128333,089100,032677,089314,011267,-31773,-56688,099881
0000002556,0002129167,089028,032695,089368,011267,-02598,-76815,090834
0000002557,0002130000,088966,032689,089436,011267,027126,-89152,073446
0000002558,0002130833,088920,032660,089510,011267,054493,-92474,049401
0000002559,0002131667,088895,032611,089584,011267,076817,-86452,021055
0000002560,0002132500,088893,032547,089650,011267,091929,-71697,-08811
0000002561,0002133333,088914,032474,089702,011267,098335,-49636,-37279
0000002562,0002134167,088957,032399,089734,011267,095404,-22429,-61555
0000002563,0002135000,089017,032330,089744,011267,083445,007252,-79277
0000002564,0002135833,089087,032273,089730,011267,063609,036509,-88697
0000002565,0002136667,089163,032234,089694,011267,037840,062470,-88889
0000002566,0002137500,089235,032216,089640,011267,008669,082608,-79857
0000002567,0002138333,089296,032222,089572,011267,-21056,094940,-62464
0000002568,0002139167,089342,032251,089498,011267,-48419,098253,-38414
0000002569,0002140000,089367,032300,089424,011267,-70752,092246,-10073
0000002570,0002140833,089369,032364,089358,011267,-85860,077486,019795
0000002571,0002141667,089348,032437,089306,011267,-92258,055419,048259
0000002572,0002142500,089305,032511,089274,011267,-89341,028219,072543
0000002573,0002143333,089246,032581,089264,011267,-77376,-01465,090262
0000002574,0002144167,089175,032638,089278,011267,-57534,-30719,099674
0000002575,0002145000,089100,032677,089314,011267,-31772,-56687,099880
0000002576,0002145833,089028,032695,089368,011267,-02599,-76822,090841
0000002577,0002146667,088966,032689,089436,011267,027124,-89145,073441
0000002578,0002147500,088920,032660,089510,011267,054493,-92473,049400
0000002579,0002148333,088895,032611,089584,011267,076823,-86459,021057
0000002580,0002149167,088893,032547,089650,011267,091923,-71692,-08810
0000002581,0002150000,088914,032474,089702,011267,098335,-49635,-37279
0000002582,0002150833,088957,032399,089734,011267,095412,-22431,-61560
0000002583,0002151667,089017,032330,089744,011267,083440,007252,-79271
0000002584,0002152500,089087,032273,089730,011267,063609,036509,-88697
0000002585,0002153333,089163,032234,089694,011267,037843,062475,-88897
0000002586,0002154167,089235,032216,089640,011267,008669,082602,-79851
0000002587,0002155000,089296,032222,089572,011267,-21056,094939,-62463
0000002588,0002155833,089342,032251,089498,011267,-48423,098261,-38418
0000002589,0002156667,089367,032300,089424,011267,-70747,092239,-10072
0000002590,0002157500,089369,032364,089358,011267,-85859,077485,019795
0000002591,0002158333,089348,032437,089306,011267,-92265,055424,048263
0000002592,0002159167,089305,032511,089274,011267,-89335,028217,072538
0000002593,0002160000,089246,032581,089264,011267,-77376,-01465,090261
0000002594,0002160833,089175,032638,089278,011267,-57539,-30721,099681
0000002595,0002161667,089100,032677,089314,011267,-31770,-56683,099873
0000002596,0002162500,089028,032695,089368,011267,-02599,-76821,090841
0000002597,0002163333,088966,032689,089436,011267,027126,-89153,073447
0000002598,0002164167,088920,032660,089510,011267,054489,-92466,049397
0000002599,0002165000,088895,032611,089584,011267,076822,-86458,021056
0000002600,0002165833,088893,032547,089650,011267,091930,-71698,-08811
0000002601,0002166667,088914,032474,089702,011267,098327,-49631,-37275
0000002602,0002167500,088957,032399,089734,011267,095411,-22431,-61560
0000002603,0002168333,089017,032330,089744,011267,083446,007252,-79278
0000002604,0002169167,089087,032273,089730,011267,063604,036506,-88690
0000002605,0002170000,089163,032234,089694,011267,037843,062474,-88897
0000002606,0002170833,089235,032216,089640,011267,008670,082609,-79858
0000002607,0002171667,089296,032222,089572,011267,-21054,094932,-62458
0000002608,0002172500,089342,032251,089498,011267,-48422,098260,-38417
0000002609,0002173333,089367,032300,089424,011267,-70753,092247,-10074
0000002610,0002174167,089369,032364,089358,011267,-85853,077480,019793
0000002611,0002175000,089348,032437,089306,011267,-92265,055423,048262
0000002612,0002175833,089305,032511,089274,011267,-89342,028219,072544
0000002613,0002176667,089246,032581,089264,011267,-77370,-01464,090254
0000002614,0002177500,089175,032638,089278,011267,-57539,-30721,099681
0000002615,0002178333,089100,032677,089314,011267,-31773,-56688,099881
0000002616,0002179167,089028,032695,089368,011267,-02599,-76815,090834
0000002617,0002180000,088966,032689,089436,011267,027126,-89152,073447
0000002618,0002180833,088920,032660,089510,011267,054493,-92474,049401
0000002619,0002181667,088895,032611,089584,011267,076817,-86452,021055
0000002620,0002182500,088893,032547,089650,011267,091929,-71697,-08811
0000002621,0002183333,088914,032474,089702,011267,098335,-49636,-37279
0000002622,0002184167,088957,032399,089734,011267,095404,-22429,-61554
0000002623,0002185000,089017,032330,089744,011267,083446,007252,-79277
0000002624,0002185833,089087,032273,089730,011267,063610,036508,-88697
0000002625,0002186667,089163,032234,089694,011267,037840,062470,-88890
0000002626,0002187500,089235,032216,089640,011267,008669,082608,-79857
0000002627,0002188333,089296,032222,089572,011267,-21055,094940,-62464
0000002628,0002189167,089342,032251,089498,011267,-48418,098253,-38414
0000002629,0002190000,089367,032300,089424,011267,-70752,092246,-10073
0000002630,0002190833,089369,032364,089358,011267,-85860,077486,019794
0000002631,0002191667,089348,032437,089306,011267,-92257,055419,048259
0000002632,0002192500,089305,032511,089274,011267,-89341,028219,072543
0000002633,0002193333,089246,032581,089264,011267,-77377,-01464,090261
0000002634,0002194167,089175,032638,089278,011267,-57534,-30718,099673
0000002635,0002195000,089100,032677,089314,011267,-31773,-56687,099880
0000002636,0002195833,089028,032695,089368,011267,-02599,-76822,090842
0000002637,0002196667,088966,032689,089436,011267,027124,-89145,073442
0000002638,0002197500,088920,032660,089510,011267,054493,-92473,049401
0000002639,0002198333,088895,032611,089584,011267,076823,-86459,021057
0000002640,0002199167,088893,032547,089650,011267,091923,-71692,-08810
0000002641,0002200000,088914,032474,089702,011267,098335,-49635,-37279
0000002642,0002200833,088957,032399,089734,011267,095412,-22432,-61560
0000002643,0002201667,089017,032330,089744,011267,083440,007251,-79270
0000002644,0002202500,089087,032273,089730,011267,063609,036508,-88697
0000002645,0002203333,089163,032234,089695,011267,037843,062475,-88897
0000002646,0002204167,089235,032216,089640,011267,008669,082602,-79851
0000002647,0002205000,089296,032222,089572,011267,-21055,094939,-62463
0000002648,0002205833,089342,032251,089498,011267,-48422,098261,-38418
0000002649,0002206667,089367,032300,089424,011267,-70746,092239,-10072
0000002650,0002207500,089369,032364,089358,011267,-85859,077485,019794
0000002651,0002208333,089348,032437,089306,011267,-92265,055424,048262
0000002652,0002209167,089305,032511,089274,011267,-89335,028217,072538
0000002653,0002210000,089246,032581,089264,011267,-77376,-01464,090261
0000002654,0002210833,089175,032638,089278,011267,-57540,-30721,099681
0000002655,0002211667,089100,032677,089314,011267,-31770,-56683,099873
0000002656,0002212500,089028,032695,089368,011267,-02599,-76821,090841
0000002657,0002213333,088966,032689,089436,011267,027126,-89153,073447
0000002658,0002214167,088920,032660,089510,011267,054489,-92466,049398
0000002659,0002215000,088895,032611,089584,011267,076822,-86458,021057
0000002660,0002215833,088893,032547,089650,011267,091930,-71698,-08811
0000002661,0002216667,088914,032474,089702,011267,098327,-49632,-37275
0000002662,0002217500,088957,032399,089734,011267,095411,-22431,-61559
0000002663,0002218333,089017,032330,089744,011267,083447,007252,-79277
0000002664,0002219167,089087,032273,089730,011267,063605,036506,-88690
0000002665,0002220000,089163,032234,089695,011267,037843,062474,-88897
0000002666,0002220833,089235,032216,089640,011267,008670,082609,-79858
0000002667,0002221667,089296,032222,089572,011267,-21053,094932,-62458
0000002668,0002222500,089342,032251,089498,011267,-48422,098260,-38418
0000002669,0002223333,089367,032300,089424,011267,-70752,092247,-10074
0000002670,0002224167,089369,032364,089358,011267,-85852,077480,019793
0000002671,0002225000,089348,032437,089306,011267,-92265,055423,048262
0000002672,0002225833,089305,032511,089274,011267,-89342,028219,072543
0000002673,0002226667,089246,032581,089264,011267,-77370,-01464,090254
0000002674,0002227500,089175,032638,089278,011267,-57539,-30721,099680
0000002675,0002228333,089100,032677,089314,011267,-31773,-56687,099881
0000002676,0002229167,089028,032695,089368,011267,-02599,-76815,090835
0000002677,0002230000,088966,032689,089436,011267,027126,-89152,073447
0000002678,0002230833,088920,032660,089510,011267,054493,-92474,049401
0000002679,0002231667,088895,032611,089584,011267,076817,-86452,021056
0000002680,0002232500,088893,032547,089650,011267,091929,-71698,-08811
0000002681,0002233333,088914,032474,089702,011267,098335,-49636,-37279
0000002682,0002234167,088957,032399,089734,011267,095404,-22430,-61554
0000002683,0002235000,089017,032330,089744,011267,083446,007252,-79277
0000002684,0002235833,089087,032273,089730,011267,063610,036508,-88697
0000002685,0002236667,089163,032234,089694,011267,037841,062470,-88890
0000002686,0002237500,089235,032216,089640,011267,008670,082608,-79857
0000002687,0002238333,089296,032222,089572,011267,-21055,094940,-62464
0000002688,0002239167,089342,032251,089498,011267,-48418,098253,-38414
0000002689,0002240000,089367,032300,089424,011267,-70752,092246,-10074
0000002690,0002240833,089369,032364,089358,011267,-85860,077486,019794
0000002691,0002241667,089348,032437,089306,011267,-92257,055420,048259
0000002692,0002242500,089305,032511,089274,011267,-89341,028219,072543
0000002693,0002243333,089246,032581,089264,011267,-77377,-01464,090261
0000002694,0002244167,089175,032638,089278,011267,-57535,-30718,099673
0000002695,0002245000,089100,032677,089314,011267,-31773,-56687,099880
0000002696,0002245833,089028,032695,089368,011267,-02600,-76822,090842
0000002697,0002246667,088966,032689,089436,011267,027124,-89145,073442
0000002698,0002247500,088920,032660,089510,011267,054492,-92473,049401
0000002699,0002248333,088895,032611,089584,011267,076823,-86459,021057
0000002700,0002249167,088893,032547,089650,011267,091922,-71692,-08810
0000002701,0002250000,088914,032474,089702,011267,098334,-49636,-37278
0000002702,0002250833,088957,032399,089734,011267,095412,-22432,-61560
0000002703,0002251667,089017,032330,089744,011267,083440,007251,-79270
0000002704,0002252500,089087,032273,089730,011267,063609,036508,-88697
0000002705,0002253333,089163,032234,089695,011267,037844,062474,-88897
0000002706,0002254167,089235,032216,089640,011267,008670,082602,-79851
0000002707,0002255000,089296,032222,089572,011267,-21055,094939,-62463
0000002708,0002255833,089342,032251,089498,011267,-48422,098261,-38418
0000002709,0002256667,089367,032300,089424,011267,-70746,092239,-10073
0000002710,0002257500,089369,032364,089358,011267,-85859,077486,019794
0000002711,0002258333,089348,032437,089306,011267,-92265,055424,048262
0000002712,0002259167,089305,032511,089274,011267,-89335,028217,072538
0000002713,0002260000,089246,032581,089264,011267,-77376,-01464,090261
0000002714,0002260833,089175,032638,089278,011267,-57540,-30721,099681
0000002715,0002261667,089100,032677,089314,011267,-31770,-56682,099873
0000002716,0002262500,089028,032695,089368,011267,-02599,-76821,090841
0000002717,0002263333,088966,032689,089436,011267,027126,-89153,073448
0000002718,0002264167,088920,032660,089510,011267,054488,-92466,049398
0000002719,0002265000,088895,032611,089584,011267,076822,-86458,021057
0000002720,0002265833,088893,032547,089650,011267,091930,-71699,-08811
0000002721,0002266667,088914,032474,089702,011267,098327,-49632,-37275
0000002722,0002267500,088957,032399,089734,011267,095411,-22432,-61559
0000002723,0002268333,089017,032330,089744,011267,083447,007251,-79277
0000002724,0002269167,089087,032273,089730,011267,063605,036505,-88690
0000002725,0002270000,089163,032234,089695,011267,037843,062474,-88897
0000002726,0002270833,089235,032216,089640,011267,008670,082609,-79858
0000002727,0002271667,089296,032222,089572,011267,-21053,094932,-62459
0000002728,0002272500,089342,032251,089498,011267,-48422,098260,-38418
0000002729,0002273333,089367,032300,089424,011267,-70752,092247,-10074
0000002730,0002274167,089369,032364,089358,011267,-85852,077480,019793
0000002731,0002275000,089348,032437,089306,011267,-92265,055424,048262
0000002732,0002275833,089305,032511,089274,011267,-89342,028220,072543
0000002733,0002276667,089246,032581,089264,011267,-77370,-01463,090254
0000002734,0002277500,089175,032638,089278,011267,-57539,-30721,099680
0000002735,0002278333,089100,032677,089314,011267,-31773,-56687,099881
0000002736,0002279167,089028,032695,089368,011267,-02599,-76815,090835
0000002737,0002280000,088966,032689,089436,011267,027125,-89152,073447
0000002738,0002280833,088920,032660,089510,011267,054493,-92474,049402
0000002739,0002281667,088895,032611,089584,011267,076816,-86452,021056
0000002740,0002282500,088893,032547,089650,011267,091929,-71698,-08811
0000002741,0002283333,088914,032474,089702,011267,098335,-49636,-37278
0000002742,0002284167,088957,032399,089734,011267,095405,-22430,-61554
0000002743,0002285000,089017,032330,089744,011267,083446,007251,-79277
0000002744,0002285833,089087,032273,089730,011267,063610,036508,-88697
0000002745,0002286667,089163,032234,089695,011267,037841,062469,-88890
0000002746,0002287500,089235,032216,089640,011267,008670,082608,-79857
0000002747,0002288333,089296,032222,089572,011267,-21055,094940,-62464
0000002748,0002289167,089342,032251,089498,011267,-48418,098253,-38415
0000002749,0002290000,089367,032300,089424,011267,-70752,092246,-10074
0000002750,0002290833,089369,032364,089358,011267,-85860,077486,019794
0000002751,0002291667,089348,032437,089306,011267,-92257,055420,048258
0000002752,0002292500,089305,032511,089274,011267,-89342,028219,072543
0000002753,0002293333,089246,032581,089264,011267,-77377,-01464,090261
0000002754,0002294167,089175,032638,089278,011267,-57535,-30718,099673
0000002755,0002295000,089100,032677,089314,011267,-31773,-56687,099880
0000002756,0002295833,089028,032695,089368,011267,-02600,-76821,090842
0000002757,0002296667,088966,032689,089436,011267,027123,-89145,073442
0000002758,0002297500,088920,032660,089510,011267,054492,-92473,049401
0000002759,0002298333,088895,032611,089584,011267,076823,-86459,021057
0000002760,0002299167,088893,032547,089650,011267,091922,-71692,-08809
0000002761,0002300000,088914,032474,089702,011267,098334,-49636,-37278
0000002762,0002300833,088957,032399,089734,011267,095412,-22432,-61560
0000002763,0002301667,089017,032330,089744,011267,083440,007251,-79270
0000002764,0002302500,089087,032273,089730,011267,063609,036508,-88697
0000002765,0002303333,089163,032234,089695,011267,037844,062474,-88898
0000002766,0002304167,089235,032216,089640,011267,008670,082602,-79851
0000002767,0002305000,089296,032222,089572,011267,-21055,094939,-62464
0000002768,0002305833,089342,032251,089498,011267,-48422,098261,-38418
0000002769,0002306667,089367,032300,089424,011267,-70746,092240,-10073
0000002770,0002307500,089369,032364,089358,011267,-85859,077486,019794
0000002771,0002308333,089348,032437,089306,011267,-92265,055424,048262
0000002772,0002309167,089305,032511,089274,011267,-89335,028218,072538
0000002773,0002310000,089246,032581,089264,011267,-77376,-01464,090260
0000002774,0002310833,089175,032638,089278,011267,-57540,-30721,099681
0000002775,0002311667,089100,032677,089314,011267,-31771,-56682,099873
0000002776,0002312500,089028,032695,089368,011267,-02600,-76821,090841
0000002777,0002313333,088966,032689,089436,011267,027125,-89152,073448
0000002778,0002314167,088920,032660,089510,011267,054488,-92466,049398
0000002779,0002315000,088895,032611,089584,011267,076822,-86459,021057
0000002780,0002315833,088893,032547,089650,011267,091930,-71699,-08810
0000002781,0002316667,088914,032474,089702,011267,098327,-49632,-37275
0000002782,0002317500,088957,032399,089734,011267,095411,-22432,-61559
0000002783,0002318333,089017,032330,089744,011267,083447,007251,-79277
0000002784,0002319167,089087,032273,089730,011267,063605,036505,-88689
0000002785,0002320000,089163,032234,089695,011267,037843,062474,-88897
0000002786,0002320833,089235,032216,089640,011267,008670,082609,-79858
0000002787,0002321667,089296,032222,089572,011267,-21053,094932,-62459
0000002788,0002322500,089342,032251,089498,011267,-48422,098260,-38418
0000002789,0002323333,089367,032300,089424,011267,-70752,092247,-10074
0000002790,0002324167,089369,032364,089358,011267,-85852,077480,019793
0000002791,0002325000,089348,032437,089306,011267,-92265,055424,048261
0000002792,0002325833,089305,032511,089274,011267,-89342,028220,072543
0000002793,0002326667,089246,032581,089264,011267,-77370,-01463,090254
0000002794,0002327500,089175,032638,089278,011267,-57539,-30720,099680
0000002795,0002328333,089100,032677,089314,011267,-31774,-56687,099881
0000002796,0002329167,089028,032695,089368,011267,-02599,-76815,090835
0000002797,0002330000,088966,032689,089436,011267,027125,-89152,073447
0000002798,0002330833,088920,032660,089510,011267,054492,-92474,049402
0000002799,0002331667,088895,032611,089584,011267,076816,-86452,021056
0000002800,0002332500,088893,032547,089650,011267,091929,-71698,-08810
0000002801,0002333333,088914,032474,089702,011267,098335,-49636,-37278
0000002802,0002334167,088957,032399,089734,011267,095405,-22430,-61554
0000002803,0002335000,089017,032330,089744,011267,083446,007251,-79277
0000002804,0002335833,089087,032273,089730,011267,063610,036508,-88697
0000002805,0002336667,089163,032234,089695,011267,037841,062469,-88890
0000002806,0002337500,089235,032216,089640,011267,008670,082608,-79857
0000002807,0002338333,089296,032222,089572,011267,-21055,094940,-62464
0000002808,0002339167,089342,032251,089498,011267,-48418,098253,-38415
0000002809,0002340000,089367,032300,089424,011267,-70752,092246,-10074
0000002810,0002340833,089369,032364,089358,011267,-85860,077487,019794
0000002811,0002341667,089348,032437,089306,011267,-92257,055420,048258
0000002812,0002342500,089305,032511,089274,011267,-89342,028220,072543
0000002813,0002343333,089246,032581,089264,011267,-77377,-01463,090261
0000002814,0002344167,089175,032638,089278,011267,-57535,-30718,099673
0000002815,0002345000,089100,032677,089314,011267,-31773,-56687,099880
0000002816,0002345833,089028,032695,089368,011267,-02600,-76821,090842
0000002817,0002346667,088966,032689,089436,011267,027123,-89145,073442
0000002818,0002347500,088920,032660,089510,011267,054492,-92473,049401
0000002819,0002348333,088895,032611,089584,011267,076822,-86459,021058
0000002820,0002349167,088893,032547,089650,011267,091922,-71693,-08809
0000002821,0002350000,088914,032474,089702,011267,098335,-49636,-37278
0000002822,0002350833,088957,032399,089734,011267,095412,-22432,-61559
0000002823,0002351667,089017,032330,089744,011267,083440,007251,-79270
0000002824,0002352500,089087,032273,089730,011267,063610,036508,-88697
0000002825,0002353333,089163,032234,089695,011267,037844,062474,-88898
0000002826,0002354167,089235,032216,089640,011267,008670,082602,-79851
0000002827,0002355000,089296,032222,089572,011267,-21055,094939,-62464
0000002828,0002355833,089342,032251,089498,011267,-48422,098261,-38419
0000002829,0002356667,089367,032300,089424,011267,-70746,092240,-10073
0000002830,0002357500,089369,032364,089358,011267,-85859,077486,019794
0000002831,0002358333,089348,032437,089306,011267,-92265,055424,048262
0000002832,0002359167,089305,032511,089274,011267,-89335,028218,072538
0000002833,0002360000,089246,032581,089264,011267,-77376,-01464,090260
0000002834,0002360833,089175,032638,089278,011267,-57540,-30720,099681
0000002835,0002361667,089100,032677,089314,011267,-31771,-56682,099873
0000002836,0002362500,089028,032695,089368,011267,-02600,-76821,090841
0000002837,0002363333,088966,032689,089436,011267,027125,-89152,073448
0000002838,0002364167,088920,032660,089510,011267,054488,-92466,049398
0000002839,0002365000,088895,032611,089584,011267,076822,-86459,021057
0000002840,0002365833,088893,032547,089650,011267,091930,-71699,-08810
0000002841,0002366667,088914,032474,089702,011267,098327,-49632,-37275
0000002842,0002367500,088957,032399,089734,011267,095412,-22432,-61559
0000002843,0002368333,089017,032330,089744,011267,083447,007251,-79277
0000002844,0002369167,089087,032273,089730,011267,063605,036505,-88689
0000002845,0002370000,089163,032234,089695,011267,037844,062474,-88897
0000002846,0002370833,089235,032216,089640,011267,008670,082609,-79858
0000002847,0002371667,089296,032222,089572,011267,-21053,094932,-62459
0000002848,0002372500,089342,032251,089498,011267,-48422,098260,-38418
0000002849,0002373333,089367,032300,089424,011267,-70752,092247,-10074
0000002850,0002374167,089369,032364,089358,011267,-85852,077480,019792
0000002851,0002375000,089348,032437,089306,011267,-92265,055424,048261
0000002852,0002375833,089305,032511,089274,011267,-89342,028220,072543
0000002853,0002376667,089246,032581,089264,011267,-77370,-01463,090254
0000002854,0002377500,089175,032638,089278,011267,-57540,-30720,099680
0000002855,0002378333,089100,032677,089314,011267,-31774,-56687,099881
0000002856,0002379167,089028,032695,089368,011267,-02600,-76815,090835
0000002857,0002380000,088966,032689,089436,011267,027125,-89152,073447
0000002858,0002380833,088920,032660,089510,011267,054492,-92474,049402
0000002859,0002381667,088895,032611,089584,011267,076816,-86452,021056
0000002860,0002382500,088893,032547,089650,011267,091929,-71698,-08810
0000002861,0002383333,088914,032474,089702,011267,098335,-49637,-37278
0000002862,0002384167,088957,032399,089734,011267,095405,-22430,-61554
0000002863,0002385000,089017,032330,089744,011267,083446,007251,-79277
0000002864,0002385833,089087,032273,089730,011267,063610,036508,-88697
0000002865,0002386667,089163,032234,089695,011267,037841,062469,-88890
0000002866,0002387500,089235,032216,089640,011267,008670,082608,-79858
0000002867,0002388333,089296,032222,089572,011267,-21055,094940,-62465
0000002868,0002389167,089342,032251,089498,011267,-48418,098253,-38415
0000002869,0002390000,089367,032300,089424,011267,-70752,092246,-10074
0000002870,0002390833,089369,032364,089358,011267,-85860,077487,019794
0000002871,0002391667,089348,032437,089306,011267,-92257,055420,048258
0000002872,0002392500,089305,032511,089274,011267,-89342,028220,072543
0000002873,0002393333,089246,032581,089264,011267,-77377,-01463,090261
0000002874,0002394167,089175,032638,089278,011267,-57535,-30718,099673
0000002875,0002395000,089100,032677,089314,011267,-31773,-56686,099880
0000002876,0002395833,089028,032695,089368,011267,-02600,-76821,090842
0000002877,0002396667,088966,032689,089436,011267,027123,-89145,073442
0000002878,0002397500,088920,032660,089510,011267,054492,-92473,049401
0000002879,0002398333,088895,032611,089584,011267,076822,-86459,021058
0000002880,0002399167,088893,032547,089650,011267,091922,-71693,-08809
0000002881,0002400000,088914,032474,089702,011267,098335,-49636,-37278
0000002882,0002400833,088957,032399,089734,011267,095412,-22432,-61559
0000002883,0002401667,089017,032330,089744,011267,083440,007251,-79270
0000002884,0002402500,089087,032273,089730,011267,063610,036508,-88697
0000002885,0002403333,089163,032234,089695,011267,037844,062474,-88898
0000002886,0002404167,089235,032216,089640,011267,008670,082602,-79851
0000002887,0002405000,089296,032222,089572,011267,-21055,094939,-62464
0000002888,0002405833,089342,032251,089498,011267,-48422,098261,-38419
0000002889,0002406667,089367,032300,089424,011267,-70746,092240,-10073
0000002890,0002407500,089369,032364,089358,011267,-85859,077486,019794
0000002891,0002408333,089348,032437,089306,011267,-92265,055424,048262
0000002892,0002409167,089305,032511,089274,011267,-89335,028218,072537
0000002893,0002410000,089246,032581,089264,011267,-77376,-01463,090260
0000002894,0002410833,089175,032638,089278,011267,-57540,-30720,099681
0000002895,0002411667,089100,032677,089314,011267,-31771,-56682,099873
0000002896,0002412500,089028,032695,089368,011267,-02600,-76821,090841
0000002897,0002413333,088966,032689,089436,011267,027125,-89152,073448
0000002898,0002414167,088920,032660,089510,011267,054488,-92466,049398
0000002899,0002415000,088895,032611,089584,011267,076822,-86459,021057
0000002900,0002415833,088893,032547,089650,011267,091930,-71699,-08810
0000002901,0002416667,088914,032474,089702,011267,098327,-49632,-37275
0000002902,0002417500,088957,032399,089734,011267,095412,-22432,-61559
0000002903,0002418333,089017,032330,089744,011267,083447,007251,-79277
0000002904,0002419167,089087,032273,089730,011267,063605,036505,-88690
0000002905,0002420000,089163,032234,089695,011267,037844,062474,-88897
0000002906,0002420833,089235,032216,089640,011267,008670,082609,-79858
0000002907,0002421667,089296,032222,089572,011267,-21053,094932,-62459
0000002908,0002422500,089342,032251,089498,011267,-48422,098260,-38418
0000002909,0002423333,089367,032299,089424,011267,-70752,092247,-10074
0000002910,0002424167,089369,032364,089358,011267,-85852,077480,019792
0000002911,0002425000,089348,032437,089306,011267,-92265,055424,048261
0000002912,0002425833,089305,032511,089274,011267,-89342,028220,072543
0000002913,0002426667,089246,032581,089264,011267,-77370,-01463,090254
0000002914,0002427500,089175,032638,089278,011267,-57540,-30720,099680
0000002915,0002428333,089100,032677,089314,011267,-31774,-56687,099881
0000002916,0002429167,089028,032695,089368,011267,-02600,-76815,090835
0000002917,0002430000,088966,032689,089436,011267,027125,-89152,073447
0000002918,0002430833,088920,032660,089510,011267,054492,-92474,049402
0000002919,0002431667,088895,032611,089584,011267,076816,-86452,021056
0000002920,0002432500,088893,032547,089650,011267,091929,-71698,-08810
0000002921,0002433333,088914,032474,089702,011267,098335,-49637,-37278
0000002922,0002434167,088957,032399,089734,011267,095405,-22430,-61554
0000002923,0002435000,089017,032330,089744,011267,083446,007251,-79277
0000002924,0002435833,089087,032273,089730,011267,063610,036508,-88697
0000002925,0002436667,089162,032234,089695,011267,037841,062469,-88890
0000002926,0002437500,089235,032216,089640,011267,008670,082608,-79858
0000002927,0002438333,089296,032222,089572,011267,-21055,094940,-62465
0000002928,0002439167,089342,032251,089498,011267,-48418,098253,-38415
0000002929,0002440000,089367,032299,089424,011267,-70752,092246,-10074
0000002930,0002440833,089369,032364,089358,011267,-85860,077487,019794
0000002931,0002441667,089348,032437,089306,011267,-92257,055420,048258
0000002932,0002442500,089305,032511,089274,011267,-89342,028220,072543
0000002933,0002443333,089246,032581,089264,011267,-77377,-01463,090261
0000002934,0002444167,089175,032638,089278,011267,-57535,-30718,099673
0000002935,0002445000,089100,032677,089314,011267,-31773,-56686,099880
0000002936,0002445833,089028,032695,089368,011267,-02600,-76821,090842
0000002937,0002446667,088966,032689,089436,011267,027123,-89145,073442
0000002938,0002447500,088920,032660,089510,011267,054492,-92473,049401
0000002939,0002448333,088895,032611,089584,011267,076822,-86459,021058
0000002940,0002449167,088893,032547,089650,011267,091922,-71693,-08809
0000002941,0002450000,088914,032474,089702,011267,098335,-49636,-37278
0000002942,0002450833,088957,032399,089734,011267,095412,-22432,-61559
0000002943,0002451667,089017,032330,089744,011267,083440,007251,-79270
0000002944,0002452500,089087,032273,089730,011267,063610,036508,-88697
0000002945,0002453333,089163,032234,089695,011267,037844,062474,-88898
0000002946,0002454167,089235,032216,089640,011267,008670,082602,-79851
0000002947,0002455000,089296,032222,089572,011267,-21055,094939,-62464
0000002948,0002455833,089342,032251,089498,011267,-48422,098261,-38419
0000002949,0002456667,089367,032300,089424,011267,-70746,092240,-10073
0000002950,0002457500,089369,032364,089358,011267,-85859,077486,019794
0000002951,0002458333,089348,032437,089306,011267,-92265,055424,048262
0000002952,0002459167,089305,032511,089274,011267,-89335,028218,072537
0000002953,0002460000,089246,032581,089264,011267,-77376,-01464,090260
0000002954,0002460833,089175,032638,089278,011267,-57540,-30720,099681
0000002955,0002461667,089100,032677,089314,011267,-31771,-56682,099873
0000002956,0002462500,089028,032695,089368,011267,-02600,-76821,090841
0000002957,0002463333,088966,032689,089436,011267,027125,-89152,073448
0000002958,0002464167,088920,032660,089510,011267,054488,-92466,049398
0000002959,0002465000,088895,032611,089584,011267,076822,-86459,021057
0000002960,0002465833,088893,032547,089650,011267,091930,-71699,-08810
0000002961,0002466667,088914,032474,089702,011267,098327,-49632,-37275
0000002962,0002467500,088957,032399,089734,011267,095412,-22432,-61559
0000002963,0002468333,089017,032330,089744,011267,083447,007251,-79277
0000002964,0002469167,089087,032273,089730,011267,063605,036505,-88690
0000002965,0002470000,089163,032234,089695,011267,037844,062474,-88897
0000002966,0002470833,089235,032216,089640,011267,008670,082609,-79858
0000002967,0002471667,089296,032222,089572,011267,-21053,094932,-62459
0000002968,0002472500,089342,032251,089498,011267,-48422,098260,-38418
0000002969,0002473333,089367,032299,089424,011267,-70752,092247,-10074
0000002970,0002474167,089369,032364,089358,011267,-85852,077480,019792
0000002971,0002475000,089348,032437,089306,011267,-92265,055424,048261
0000002972,0002475833,089305,032511,089274,011267,-89342,028220,072543
0000002973,0002476667,089246,032581,089264,011267,-77370,-01463,090254
0000002974,0002477500,089175,032638,089278,011267,-57540,-30720,099680
0000002975,0002478333,089100,032677,089314,011267,-31774,-56687,099881
0000002976,0002479167,089028,032695,089368,011267,-02600,-76815,090835
0000002977,0002480000,088966,032689,089436,011267,027125,-89152,073447
0000002978,0002480833,088920,032660,089510,011267,054492,-92474,049402
0000002979,0002481667,088895,032611,089584,011267,076816,-86452,021056
0000002980,0002482500,088893,032547,089650,011267,091929,-71698,-08810
0000002981,0002483333,088914,032474,089702,011267,098335,-49637,-37278
0000002982,0002484167,088957,032399,089734,011267,095405,-22430,-61554
0000002983,0002485000,089017,032330,089744,011267,083446,007251,-79277
0000002984,0002485833,089087,032273,089730,011267,063610,036508,-88697
0000002985,0002486667,089162,032234,089695,011267,037841,062469,-88890
0000002986,0002487500,089235,032216,089640,011267,008670,082608,-79858
0000002987,0002488333,089296,032222,089572,011267,-21055,094940,-62464
0000002988,0002489167,089342,032251,089498,011267,-48418,098253,-38415
0000002989,0002490000,089367,032299,089424,011267,-70752,092246,-10074
0000002990,0002490833,089369,032364,089358,011267,-85860,077487,019794
0000002991,0002491667,089348,032437,089306,011267,-92257,055420,048258
0000002992,0002492500,089305,032511,089274,011267,-89342,028220,072543
0000002993,0002493333,089246,032581,089264,011267,-77377,-01463,090261
0000002994,0002494167,089175,032638,089278,011267,-57535,-30718,099673
0000002995,0002495000,089100,032677,089314,011267,-31773,-56687,099880
0000002996,0002495833,089028,032695,089368,011267,-02600,-76821,090842
0000002997,0002496667,088966,032689,089436,011267,027123,-89145,073442
0000002998,0002497500,088920,032660,089510,011267,054492,-92473,049401
0000002999,0002498333,088895,032611,089584,011267,076822,-86459,021058
0000003000,0002499167,088893,032547,089650,011267,091922,-71693,-08809
0000003001,0002500000,088914,032474,089702,011267,098335,-49636,-37278
