0000000001,0000000000,062761,057413,042296,042133,097661,-52913,-37175,099790,-49790,-38121
0000000002,0000000833,062804,057338,042619,042133,094723,-25701,-61449,099497,-22579,-62394
0000000003,0000001667,062864,057269,042717,042133,082757,003981,-79165,098300,007103,-80111
0000000004,0000002500,062935,057212,042580,042133,062931,033241,-88599,096317,036363,-89545
0000000005,0000003333,063010,057173,042222,042133,037156,059200,-88784,093740,062323,-89730
0000000006,0000004167,063082,057155,041677,042133,007984,079333,-79745,090823,082456,-80690
0000000007,0000005000,063144,057161,040999,042133,-21743,091678,-62362,087850,094801,-63308
0000000008,0000005833,063189,057190,040254,042133,-49105,094984,-38307,085114,098107,-39253
0000000009,0000006667,063214,057239,039515,042133,-71433,088970,-09964,082881,092093,-10910
0000000010,0000007500,063216,057303,038855,042133,-86553,074222,019904,081369,077345,018958
0000000011,0000008333,063195,057376,038338,042133,-92944,052149,048368,080730,055272,047422
0000000012,0000009167,063152,057451,038015,042133,-90021,024946,072647,081022,028069,071702
0000000013,0000010000,063093,057520,037916,042133,-78069,-04736,090377,082217,-01613,089432
0000000014,0000010833,063022,057577,038053,042133,-58220,-33990,099783,084202,-30868,098837
0000000015,0000011667,062947,057616,038412,042133,-32455,-59955,099983,086779,-56832,099037
0000000016,0000012500,062875,057634,038956,042133,-03285,-80100,090958,089696,-76978,090012
0000000017,0000013333,062813,057628,039634,042133,026440,-92418,073551,092668,-89296,072605
0000000018,0000014167,062767,057599,040379,042133,053805,-95739,049506,095405,-92616,048560
0000000019,0000015000,062742,057550,041117,042133,076145,-89739,021166,097639,-86616,020220
0000000020,0000015833,062740,057486,041777,042133,091240,-74965,-08703,099148,-71842,-09648
0000000021,0000016667,062762,057413,042294,042133,097645,-52903,-37169,099789,-49781,-38115
0000000022,0000017500,062804,057339,042618,042133,094736,-25705,-61459,099498,-22582,-62405
0000000023,0000018333,062864,057269,042715,042133,082757,003981,-79165,098300,007103,-80111
0000000024,0000019167,062935,057212,042578,042133,062921,033236,-88584,096316,036359,-89530
0000000025,0000020000,063010,057173,042220,042133,037161,059210,-88799,093740,062333,-89745
0000000026,0000020833,063082,057155,041675,042133,007984,079334,-79745,090823,082456,-80691
0000000027,0000021667,063144,057161,040997,042133,-21739,091664,-62352,087850,094786,-63297
0000000028,0000022500,063189,057190,040252,042133,-49113,094999,-38314,085113,098122,-39260
0000000029,0000023333,063214,057239,039514,042133,-71433,088970,-09964,082881,092093,-10910
0000000030,0000024167,063216,057303,038854,042133,-86539,074210,019902,081370,077333,018956
0000000031,0000025000,063195,057376,038336,042133,-92959,052157,048375,080728,055280,047429
0000000032,0000025833,063152,057451,038013,042133,-90021,024946,072647,081022,028069,071702
0000000033,0000026667,063093,057520,037915,042133,-78056,-04735,090364,082219,-01613,089418
0000000034,0000027500,063022,057577,038052,042133,-58230,-33995,099798,084201,-30873,098852
0000000035,0000028333,062947,057616,038411,042133,-32456,-59955,099983,086779,-56832,099037
0000000036,0000029167,062875,057634,038955,042133,-03284,-80088,090944,089696,-76965,089998
0000000037,0000030000,062813,057628,039633,042133,026444,-92432,073562,092669,-89310,072616
0000000038,0000030833,062767,057599,040378,042133,053805,-95739,049506,095405,-92616,048560
0000000039,0000031667,062742,057551,041116,042133,076134,-89725,021164,097638,-86602,020218
0000000040,0000032500,062740,057487,041776,042133,091254,-74976,-08705,099150,-71854,-09651
0000000041,0000033333,062762,057413,042293,042133,097645,-52904,-37169,099789,-49781,-38115
0000000042,0000034167,062804,057339,042616,042133,094722,-25701,-61448,099496,-22578,-62394
0000000043,0000035000,062864,057269,042715,042133,082769,003982,-79178,098301,007104,-80124
0000000044,0000035833,062935,057212,042578,042133,062921,033236,-88584,096316,036358,-89530
0000000045,0000036667,063010,057173,042219,042133,037156,059201,-88784,093740,062323,-89730
0000000046,0000037500,063082,057155,041675,042133,007985,079346,-79758,090823,082469,-80704
0000000047,0000038333,063144,057161,040996,042133,-21739,091664,-62352,087850,094786,-63298
0000000048,0000039167,063189,057190,040252,042133,-49105,094984,-38307,085114,098107,-39253
0000000049,0000040000,063214,057239,039513,042133,-71445,088984,-09967,082880,092107,-10913
0000000050,0000040833,063216,057303,038853,042133,-86539,074210,019902,081370,077333,018956
0000000051,0000041667,063195,057376,038336,042133,-92944,052149,048368,080730,055272,047422
0000000052,0000042500,063153,057451,038012,042133,-90036,024950,072658,081021,028073,071712
0000000053,0000043333,063093,057520,037915,042133,-78056,-04735,090364,082219,-01613,089418
0000000054,0000044167,063022,057577,038052,042133,-58220,-33990,099783,084202,-30868,098837
0000000055,0000045000,062947,057616,038410,042133,-32461,-59964,099998,086778,-56842,099052
0000000056,0000045833,062875,057634,038955,042133,-03284,-80088,090944,089696,-76965,089998
0000000057,0000046667,062813,057628,039633,042133,026440,-92418,073551,092668,-89295,072605
0000000058,0000047500,062767,057599,040378,042133,053813,-95754,049513,095406,-92631,048567
0000000059,0000048333,062742,057551,041116,042133,076134,-89725,021164,097638,-86602,020218
0000000060,0000049167,062740,057487,041776,042133,091240,-74965,-08703,099148,-71842,-09648
0000000061,0000050000,062762,057413,042293,042133,097660,-52912,-37175,099790,-49789,-38121
0000000062,0000050833,062804,057339,042616,042133,094722,-25701,-61448,099496,-22578,-62394
0000000063,0000051667,062864,057269,042714,042133,082757,003981,-79165,098300,007104,-80111
0000000064,0000052500,062935,057212,042578,042133,062930,033241,-88599,096317,036364,-89545
0000000065,0000053333,063010,057173,042219,042133,037156,059201,-88784,093740,062323,-89730
0000000066,0000054167,063082,057155,041674,042133,007984,079334,-79745,090823,082456,-80691
0000000067,0000055000,063144,057161,040996,042133,-21743,091678,-62362,087850,094801,-63308
0000000068,0000055833,063189,057190,040251,042133,-49105,094984,-38307,085114,098107,-39253
0000000069,0000056667,063214,057239,039513,042133,-71433,088970,-09964,082881,092093,-10910
0000000070,0000057500,063216,057303,038853,042133,-86553,074222,019904,081369,077345,018958
0000000071,0000058333,063195,057376,038336,042133,-92944,052149,048368,080730,055272,047422
0000000072,0000059167,063152,057451,038013,042133,-90021,024946,072648,081022,028069,071702
0000000073,0000060000,063093,057520,037914,042133,-78069,-04736,090377,082217,-01613,089432
0000000074,0000060833,063022,057577,038052,042133,-58220,-33990,099783,084202,-30868,098837
0000000075,0000061667,062947,057616,038410,042133,-32455,-59955,099983,086779,-56832,099037
0000000076,0000062500,062875,057634,038955,042133,-03285,-80100,090958,089696,-76978,090012
0000000077,0000063333,062813,057628,039633,042133,026440,-92418,073551,092668,-89295,072605
0000000078,0000064167,062767,057599,040377,042133,053805,-95739,049506,095405,-92616,048560
0000000079,0000065000,062742,057551,041116,042133,076145,-89739,021166,097639,-86616,020220
0000000080,0000065833,062740,057487,041776,042133,091240,-74965,-08702,099148,-71842,-09648
0000000081,0000066667,062762,057413,042293,042133,097645,-52903,-37169,099789,-49781,-38115
0000000082,0000067500,062804,057339,042616,042133,094736,-25705,-61459,099498,-22582,-62405
0000000083,0000068333,062864,057269,042714,042133,082757,003981,-79165,098300,007103,-80111
0000000084,0000069167,062935,057212,042577,042133,062921,033236,-88584,096316,036359,-89530
0000000085,0000070000,063010,057173,042219,042133,037161,059210,-88799,093740,062333,-89745
0000000086,0000070833,063082,057155,041674,042133,007984,079334,-79745,090823,082456,-80691
0000000087,0000071667,063144,057161,040996,042133,-21739,091664,-62352,087850,094786,-63298
0000000088,0000072500,063189,057190,040251,042133,-49113,094999,-38314,085113,098122,-39260
0000000089,0000073333,063214,057239,039513,042133,-71433,088970,-09964,082881,092093,-10910
0000000090,0000074167,063216,057303,038853,042133,-86539,074210,019902,081370,077333,018956
0000000091,0000075000,063195,057376,038335,042133,-92959,052157,048375,080728,055280,047429
0000000092,0000075833,063152,057451,038012,042133,-90021,024947,072647,081022,028069,071702
0000000093,0000076667,063093,057520,037914,042133,-78056,-04735,090364,082219,-01613,089418
0000000094,0000077500,063022,057577,038051,042133,-58230,-33995,099798,084201,-30873,098852
0000000095,0000078333,062947,057616,038410,042133,-32456,-59955,099983,086779,-56832,099037
0000000096,0000079167,062875,057634,038955,042133,-03284,-80088,090944,089696,-76965,089998
0000000097,0000080000,062813,057628,039633,042133,026444,-92432,073562,092669,-89310,072616
0000000098,0000080833,062767,057599,040377,042133,053805,-95739,049506,095405,-92616,048560
0000000099,0000081667,062742,057551,041116,042133,076134,-89725,021164,097638,-86602,020218
0000000100,0000082500,062740,057487,041776,042133,091254,-74976,-08705,099150,-71854,-09651
0000000101,0000083333,062762,057414,042293,042133,097645,-52904,-37169,099789,-49781,-38115
0000000102,0000084167,062804,057339,042616,042133,094722,-25701,-61448,099496,-22578,-62394
0000000103,0000085000,062864,057269,042714,042133,082769,003982,-79178,098301,007104,-80124
0000000104,0000085833,062935,057212,042577,042133,062921,033236,-88584,096316,036358,-89530
0000000105,0000086667,063010,057173,042219,042133,037156,059201,-88784,093740,062323,-89730
0000000106,0000087500,063082,057155,041674,042133,007985,079346,-79758,090823,082469,-80704
0000000107,0000088333,063144,057161,040996,042133,-21739,091664,-62352,087850,094786,-63298
0000000108,0000089167,063189,057190,040251,042133,-49105,094984,-38307,085114,098107,-39253
0000000109,0000090000,063214,057239,039513,042133,-71445,088984,-09967,082880,092107,-10913
0000000110,0000090833,063216,057303,038853,042133,-86539,074210,019902,081370,077333,018956
0000000111,0000091667,063195,057376,038336,042133,-92944,052149,048368,080730,055272,047422
0000000112,0000092500,063153,057451,038012,042133,-90036,024950,072658,081021,028073,071712
0000000113,0000093333,063093,057520,037914,042133,-78056,-04735,090364,082219,-01613,089418
0000000114,0000094167,063022,057577,038051,042133,-58220,-33990,099783,084202,-30868,098837
0000000115,0000095000,062947,057617,038410,042133,-32461,-59964,099998,086778,-56842,099052
0000000116,0000095833,062875,057634,038955,042133,-03284,-80088,090944,089696,-76965,089998
0000000117,0000096667,062813,057628,039633,042133,026440,-92418,073551,092668,-89295,072605
0000000118,0000097500,062767,057599,040377,042133,053813,-95754,049513,095406,-92631,048567
0000000119,0000098333,062742,057551,041116,042133,076134,-89725,021164,097638,-86602,020218
0000000120,0000099167,062740,057487,041776,042133,091240,-74965,-08703,099148,-71842,-09648
0000000121,0000100000,062762,057414,042293,042133,097660,-52912,-37175,099790,-49789,-38121
0000000122,0000100833,062804,057339,042616,042133,094722,-25701,-61448,099496,-22578,-62394
0000000123,0000101667,062864,057269,042714,042133,082757,003981,-79165,098300,007104,-80111
0000000124,0000102500,062935,057212,042577,042133,062930,033241,-88599,096317,036364,-89545
0000000125,0000103333,063010,057173,042219,042133,037156,059201,-88784,093740,062323,-89730
0000000126,0000104167,063082,057155,041674,042133,007984,079334,-79745,090823,082456,-80691
0000000127,0000105000,063144,057161,040996,042133,-21743,091678,-62362,087850,094801,-63308
0000000128,0000105833,063189,057190,040251,042133,-49105,094984,-38307,085114,098107,-39253
0000000129,0000106667,063214,057239,039513,042133,-71433,088970,-09964,082881,092093,-10910
0000000130,0000107500,063216,057303,038852,042133,-86553,074222,019904,081369,077345,018958
0000000131,0000108333,063195,057376,038336,042133,-92944,052149,048368,080730,055272,047422
0000000132,0000109167,063153,057451,038012,042133,-90021,024946,072648,081022,028069,071702
0000000133,0000110000,063093,057520,037914,042133,-78069,-04736,090377,082217,-01613,089432
0000000134,0000110833,063022,057577,038051,042133,-58220,-33990,099783,084202,-30868,098837
0000000135,0000111667,062947,057616,038410,042133,-32455,-59955,099983,086779,-56832,099037
0000000136,0000112500,062875,057634,038954,042133,-03285,-80100,090958,089696,-76978,090012
0000000137,0000113333,062813,057628,039633,042133,026440,-92418,073551,092668,-89295,072605
0000000138,0000114167,062767,057599,040377,042133,053805,-95739,049506,095405,-92616,048560
0000000139,0000115000,062742,057551,041116,042133,076145,-89739,021166,097639,-86616,020220
0000000140,0000115833,062740,057487,041776,042133,091240,-74965,-08702,099148,-71842,-09648
0000000141,0000116667,062762,057414,042293,042133,097645,-52903,-37169,099789,-49781,-38115
0000000142,0000117500,062804,057339,042616,042133,094736,-25705,-61459,099498,-22582,-62405
0000000143,0000118333,062864,057269,042714,042133,082757,003981,-79165,098300,007103,-80111
0000000144,0000119167,062935,057212,042577,042133,062921,033236,-88584,096316,036359,-89530
0000000145,0000120000,063010,057173,042219,042133,037161,059210,-88799,093740,062333,-89745
0000000146,0000120833,063082,057155,041674,042133,007984,079334,-79745,090823,082456,-80691
0000000147,0000121667,063144,057161,040996,042133,-21739,091664,-62352,087850,094786,-63298
0000000148,0000122500,063189,057190,040251,042133,-49113,094999,-38314,085113,098122,-39260
0000000149,0000123333,063214,057239,039513,042133,-71433,088970,-09964,082881,092093,-10910
0000000150,0000124167,063216,057303,038853,042133,-86539,074210,019902,081370,077333,018956
0000000151,0000125000,063195,057376,038335,042133,-92959,052157,048375,080728,055280,047429
0000000152,0000125833,063153,057451,038012,042133,-90021,024947,072647,081022,028069,071702
0000000153,0000126667,063093,057520,037914,042133,-78056,-04735,090364,082219,-01613,089418
0000000154,0000127500,063022,057577,038051,042133,-58230,-33995,099798,084201,-30873,098852
0000000155,0000128333,062947,057616,038410,042133,-32456,-59955,099983,086779,-56832,099037
0000000156,0000129167,062875,057634,038955,042133,-03284,-80088,090944,089696,-76965,089998
0000000157,0000130000,062813,057628,039632,042133,026444,-92432,073562,092669,-89310,072616
0000000158,0000130833,062767,057599,040377,042133,053805,-95739,049506,095405,-92616,048560
0000000159,0000131667,062742,057551,041116,042133,076134,-89725,021164,097638,-86602,020218
0000000160,0000132500,062740,057487,041776,042133,091254,-74976,-08705,099150,-71854,-09651
0000000161,0000133333,062762,057414,042293,042133,097645,-52904,-37169,099789,-49781,-38115
0000000162,0000134167,062804,057339,042616,042133,094722,-25701,-61448,099496,-22578,-62394
0000000163,0000135000,062864,057269,042714,042133,082769,003982,-79178,098301,007104,-80124
0000000164,0000135833,062935,057212,042577,042133,062921,033236,-88584,096316,036358,-89530
0000000165,0000136667,063010,057173,042219,042133,037156,059201,-88784,093740,062323,-89730
0000000166,0000137500,063082,057155,041674,042133,007985,079346,-79758,090823,082469,-80704
0000000167,0000138333,063144,057161,040996,042133,-21739,091664,-62352,087850,094786,-63298
0000000168,0000139167,063189,057190,040251,042133,-49105,094984,-38307,085114,098107,-39253
0000000169,0000140000,063214,057239,039513,042133,-71445,088984,-09967,082880,092107,-10913
0000000170,0000140833,063216,057303,038853,042133,-86539,074210,019902,081370,077333,018956
0000000171,0000141667,063195,057376,038336,042133,-92944,052149,048368,080730,055272,047422
0000000172,0000142500,063153,057451,038012,042133,-90036,024950,072658,081021,028073,071712
0000000173,0000143333,063093,057520,037914,042133,-78056,-04735,090364,082219,-01613,089418
0000000174,0000144167,063022,057577,038051,042133,-58220,-33990,099783,084202,-30868,098837
0000000175,0000145000,062947,057617,038410,042133,-32461,-59964,099998,086778,-56842,099052
0000000176,0000145833,062875,057634,038955,042133,-03284,-80088,090944,089696,-76965,089998
0000000177,0000146667,062813,057628,039633,042133,026440,-92418,073551,092668,-89295,072605
0000000178,0000147500,062767,057599,040377,042133,053813,-95754,049513,095406,-92631,048567
0000000179,0000148333,062742,057551,041116,042133,076134,-89725,021164,097638,-86602,020218
0000000180,0000149167,062740,057487,041776,042133,091240,-74965,-08703,099148,-71842,-09648
0000000181,0000150000,062762,057414,042293,042133,097660,-52912,-37175,099790,-49789,-38121
0000000182,0000150833,062804,057339,042616,042133,094722,-25701,-61448,099496,-22578,-62394
0000000183,0000151667,062864,057269,042714,042133,082757,003981,-79165,098300,007104,-80111
0000000184,0000152500,062935,057212,042577,042133,062930,033241,-88599,096317,036364,-89545
0000000185,0000153333,063010,057173,042219,042133,037156,059201,-88784,093740,062323,-89730
0000000186,0000154167,063082,057155,041674,042133,007984,079334,-79745,090823,082456,-80691
0000000187,0000155000,063144,057161,040996,042133,-21743,091678,-62362,087850,094801,-63308
0000000188,0000155833,063189,057190,040251,042133,-49105,094984,-38307,085114,098107,-39253
0000000189,0000156667,063214,057239,039513,042133,-71433,088970,-09964,082881,092093,-10910
0000000190,0000157500,063216,057303,038852,042133,-86553,074222,019904,081369,077345,018958
0000000191,0000158333,063195,057376,038336,042133,-92944,052149,048368,080730,055272,047422
0000000192,0000159167,063153,057451,038012,042133,-90021,024946,072648,081022,028069,071702
0000000193,0000160000,063093,057520,037914,042133,-78069,-04736,090377,082217,-01613,089432
0000000194,0000160833,063022,057577,038051,042133,-58220,-33990,099783,084202,-30868,098837
0000000195,0000161667,062947,057616,038410,042133,-32455,-59955,099983,086779,-56832,099037
0000000196,0000162500,062875,057634,038954,042133,-03284,-80100,090958,089696,-76978,090012
0000000197,0000163333,062813,057628,039633,042133,026440,-92418,073551,092668,-89295,072605
0000000198,0000164167,062767,057599,040377,042133,053805,-95739,049506,095405,-92616,048560
0000000199,0000165000,062742,057551,041116,042133,076145,-89739,021166,097639,-86616,020220
0000000200,0000165833,062740,057487,041776,042133,091240,-74965,-08703,099148,-71842,-09648
0000000201,0000166667,062762,057414,042293,042133,097645,-52903,-37169,099789,-49781,-38115
0000000202,0000167500,062804,057339,042616,042133,094736,-25705,-61459,099498,-22582,-62405
0000000203,0000168333,062864,057269,042714,042133,082757,003981,-79165,098300,007103,-80111
0000000204,0000169167,062935,057212,042577,042133,062921,033236,-88584,096316,036359,-89530
0000000205,0000170000,063010,057173,042219,042133,037161,059210,-88799,093740,062333,-89745
0000000206,0000170833,063082,057155,041674,042133,007984,079334,-79745,090823,082456,-80691
0000000207,0000171667,063144,057161,040996,042133,-21739,091664,-62352,087850,094786,-63298
0000000208,0000172500,063189,057190,040251,042133,-49113,094999,-38314,085113,098122,-39260
0000000209,0000173333,063214,057239,039513,042133,-71433,088970,-09964,082881,092093,-10910
0000000210,0000174167,063216,057303,038853,042133,-86539,074210,019902,081370,077333,018956
0000000211,0000175000,063195,057376,038335,042133,-92959,052157,048375,080728,055280,047429
0000000212,0000175833,063153,057451,038012,042133,-90021,024947,072647,081022,028069,071702
0000000213,0000176667,063093,057520,037914,042133,-78056,-04735,090364,082219,-01613,089418
0000000214,0000177500,063022,057577,038051,042133,-58230,-33995,099798,084201,-30873,098852
0000000215,0000178333,062947,057616,038410,042133,-32456,-59955,099983,086779,-56832,099037
0000000216,0000179167,062875,057634,038955,042133,-03284,-80088,090944,089696,-76965,089998
0000000217,0000180000,062813,057628,039632,042133,026444,-92432,073562,092669,-89310,072616
0000000218,0000180833,062767,057599,040377,042133,053805,-95739,049506,095405,-92616,048560
0000000219,0000181667,062742,057551,041116,042133,076134,-89725,021163,097638,-86602,020218
0000000220,0000182500,062740,057487,041776,042133,091254,-74976,-08705,099150,-71854,-09651
0000000221,0000183333,062762,057414,042293,042133,097645,-52904,-37169,099789,-49781,-38115
0000000222,0000184167,062804,057339,042616,042133,094722,-25701,-61448,099496,-22578,-62394
0000000223,0000185000,062864,057269,042714,042133,082769,003982,-79178,098301,007104,-80124
0000000224,0000185833,062935,057212,042577,042133,062921,033236,-88584,096316,036358,-89530
0000000225,0000186667,063010,057173,042219,042133,037156,059201,-88784,093740,062323,-89730
0000000226,0000187500,063082,057155,041674,042133,007985,079346,-79758,090823,082469,-80704
0000000227,0000188333,063144,057161,040996,042133,-21739,091664,-62352,087850,094786,-63298
0000000228,0000189167,063189,057190,040251,042133,-49105,094984,-38307,085114,098107,-39253
0000000229,0000190000,063214,057239,039513,042133,-71445,088984,-09967,082880,092107,-10913
0000000230,0000190833,063216,057303,038853,042133,-86539,074210,019902,081370,077333,018956
0000000231,0000191667,063195,057376,038336,042133,-92944,052149,048368,080730,055272,047422
0000000232,0000192500,063153,057451,038012,042133,-90036,024950,072658,081021,028073,071712
0000000233,0000193333,063093,057520,037914,042133,-78056,-04735,090364,082219,-01613,089418
0000000234,0000194167,063022,057577,038051,042133,-58220,-33990,099783,084202,-30868,098837
0000000235,0000195000,062947,057617,038409,042133,-32461,-59964,099998,086778,-56842,099052
0000000236,0000195833,062875,057634,038955,042133,-03284,-80088,090944,089696,-76965,089998
0000000237,0000196667,062813,057628,039633,042133,026440,-92418,073551,092668,-89295,072605
0000000238,0000197500,062767,057599,040377,042133,053813,-95754,049513,095406,-92631,048567
0000000239,0000198333,062742,057551,041116,042133,076134,-89725,021164,097638,-86602,020218
0000000240,0000199167,062740,057487,041776,042133,091240,-74965,-08703,099148,-71842,-09648
0000000241,0000200000,062762,057414,042293,042133,097660,-52912,-37175,099790,-49789,-38121
0000000242,0000200833,062804,057339,042616,042133,094722,-25701,-61448,099496,-22578,-62394
0000000243,0000201667,062864,057269,042714,042133,082757,003981,-79165,098300,007104,-80111
0000000244,0000202500,062935,057212,042577,042133,062930,033241,-88599,096317,036364,-89545
0000000245,0000203333,063010,057173,042219,042133,037156,059201,-88784,093740,062323,-89730
0000000246,0000204167,063082,057155,041674,042133,007984,079334,-79745,090823,082456,-80691
0000000247,0000205000,063144,057161,040996,042133,-21743,091678,-62362,087850,094801,-63308
0000000248,0000205833,063189,057190,040251,042133,-49105,094984,-38307,085114,098107,-39253
0000000249,0000206667,063214,057239,039513,042133,-71433,088970,-09964,082881,092093,-10910
0000000250,0000207500,063216,057303,038852,042133,-86553,074222,019904,081369,077345,018958
0000000251,0000208333,063195,057376,038336,042133,-92944,052149,048368,080730,055272,047422
0000000252,0000209167,063153,057451,038012,042133,-90021,024946,072648,081022,028069,071702
0000000253,0000210000,063093,057520,037914,042133,-78069,-04736,090377,082217,-01613,089432
0000000254,0000210833,063022,057577,038051,042133,-58220,-33990,099783,084202,-30868,098837
0000000255,0000211667,062947,057616,038410,042133,-32455,-59955,099983,086779,-56832,099037
0000000256,0000212500,062875,057634,038954,042133,-03284,-80100,090958,089696,-76978,090012
0000000257,0000213333,062813,057628,039633,042133,026440,-92418,073551,092668,-89295,072605
0000000258,0000214167,062767,057599,040377,042133,053805,-95739,049506,095405,-92616,048560
0000000259,0000215000,062742,057551,041116,042133,076145,-89739,021166,097639,-86616,020220
0000000260,0000215833,062740,057487,041776,042133,091240,-74965,-08703,099148,-71842,-09648
0000000261,0000216667,062762,057414,042293,042133,097645,-52903,-37169,099789,-49781,-38115
0000000262,0000217500,062804,057339,042616,042133,094736,-25705,-61459,099498,-22582,-62405
0000000263,0000218333,062864,057269,042714,042133,082757,003981,-79165,098300,007103,-80111
0000000264,0000219167,062935,057212,042577,042133,062921,033236,-88584,096316,036359,-89530
0000000265,0000220000,063010,057173,042219,042133,037161,059210,-88799,093740,062333,-89745
0000000266,0000220833,063082,057155,041674,042133,007984,079334,-79745,090823,082456,-80691
0000000267,0000221667,063144,057161,040996,042133,-21739,091664,-62352,087850,094786,-63298
0000000268,0000222500,063189,057190,040251,042133,-49113,094999,-38314,085113,098122,-39260
0000000269,0000223333,063214,057239,039513,042133,-71433,088970,-09964,082881,092093,-10910
0000000270,0000224167,063216,057303,038853,042133,-86539,074210,019902,081370,077333,018956
0000000271,0000225000,063195,057376,038335,042133,-92959,052157,048375,080728,055280,047429
0000000272,0000225833,063153,057451,038012,042133,-90021,024947,072647,081022,028069,071702
0000000273,0000226667,063093,057520,037914,042133,-78056,-04735,090364,082219,-01613,089418
0000000274,0000227500,063022,057577,038051,042133,-58230,-33995,099798,084201,-30873,098852
0000000275,0000228333,062947,057616,038410,042133,-32456,-59955,099983,086779,-56832,099037
0000000276,0000229167,062875,057634,038955,042133,-03284,-80088,090944,089696,-76965,089998
0000000277,0000230000,062813,057628,039632,042133,026444,-92432,073562,092669,-89310,072616
0000000278,0000230833,062767,057599,040377,042133,053805,-95739,049506,095405,-92616,048560
0000000279,0000231667,062742,057551,041116,042133,076134,-89725,021163,097638,-86602,020218
0000000280,0000232500,062740,057487,041776,042133,091254,-74976,-08705,099150,-71854,-09651
0000000281,0000233333,062762,057414,042293,042133,097645,-52904,-37169,099789,-49781,-38115
0000000282,0000234167,062804,057339,042616,042133,094722,-25701,-61448,099496,-22578,-62394
0000000283,0000235000,062864,057269,042714,042133,082769,003982,-79178,098301,007104,-80124
0000000284,0000235833,062935,057212,042577,042133,062921,033236,-88584,096316,036358,-89530
0000000285,0000236667,063010,057173,042219,042133,037156,059201,-88784,093740,062323,-89730
0000000286,0000237500,063082,057155,041674,042133,007985,079346,-79758,090823,082469,-80704
0000000287,0000238333,063144,057161,040996,042133,-21739,091664,-62352,087850,094786,-63298
0000000288,0000239167,063189,057190,040251,042133,-49105,094984,-38307,085114,098107,-39253
0000000289,0000240000,063214,057239,039512,042133,-71445,088984,-09967,082880,092107,-10913
0000000290,0000240833,063216,057303,038853,042133,-86539,074210,019902,081370,077333,018956
0000000291,0000241667,063195,057376,038336,042133,-92944,052149,048368,080730,055272,047422
0000000292,0000242500,063153,057451,038012,042133,-90036,024950,072658,081021,028073,071712
0000000293,0000243333,063093,057520,037914,042133,-78056,-04735,090364,082219,-01613,089418
0000000294,0000244167,063022,057577,038051,042133,-58220,-33990,099783,084202,-30868,098837
0000000295,0000245000,062947,057617,038409,042133,-32461,-59964,099998,086778,-56842,099052
0000000296,0000245833,062875,057634,038955,042133,-03284,-80088,090944,089696,-76965,089998
0000000297,0000246667,062813,057628,039633,042133,026440,-92418,073551,092668,-89295,072605
0000000298,0000247500,062767,057599,040377,042133,053813,-95754,049513,095406,-92631,048567
0000000299,0000248333,062742,057551,041116,042133,076134,-89725,021164,097638,-86602,020218
0000000300,0000249167,062740,057487,041776,042133,091240,-74965,-08703,099148,-71842,-09648
0000000301,0000250000,062762,057414,042293,042133,097660,-52912,-37175,099790,-49789,-38121
0000000302,0000250833,062804,057339,042616,042133,094722,-25701,-61448,099496,-22578,-62394
0000000303,0000251667,062864,057269,042714,042133,082757,003981,-79165,098300,007104,-80111
0000000304,0000252500,062935,057212,042577,042133,062930,033241,-88599,096317,036364,-89545
0000000305,0000253333,063010,057173,042219,042133,037156,059201,-88784,093740,062323,-89730
0000000306,0000254167,063082,057155,041674,042133,007984,079334,-79745,090823,082456,-80691
0000000307,0000255000,063144,057161,040996,042133,-21743,091678,-62362,087850,094801,-63308
0000000308,0000255833,063189,057190,040251,042133,-49105,094984,-38307,085114,098107,-39253
0000000309,0000256667,063214,057239,039513,042133,-71433,088970,-09964,082881,092093,-10910
0000000310,0000257500,063216,057303,038852,042133,-86553,074222,019904,081369,077345,018958
0000000311,0000258333,063195,057376,038336,042133,-92944,052149,048368,080730,055272,047422
0000000312,0000259167,063153,057451,038012,042133,-90021,024946,072648,081022,028069,071702
0000000313,0000260000,063093,057520,037914,042133,-78069,-04736,090377,082217,-01613,089432
0000000314,0000260833,063022,057577,038051,042133,-58220,-33990,099783,084202,-30868,098837
0000000315,0000261667,062947,057616,038410,042133,-32455,-59955,099983,086779,-56832,099037
0000000316,0000262500,062875,057634,038954,042133,-03284,-80100,090958,089696,-76978,090012
0000000317,0000263333,062813,057628,039633,042133,026440,-92418,073551,092668,-89295,072605
0000000318,0000264167,062767,057599,040377,042133,053805,-95739,049506,095405,-92616,048560
0000000319,0000265000,062742,057551,041116,042133,076145,-89739,021166,097639,-86616,020220
0000000320,0000265833,062740,057487,041776,042133,091240,-74965,-08703,099148,-71842,-09648
0000000321,0000266667,062762,057414,042293,042133,097645,-52903,-37169,099789,-49781,-38115
0000000322,0000267500,062804,057339,042616,042133,094736,-25705,-61459,099498,-22582,-62405
0000000323,0000268333,062864,057269,042714,042133,082757,003981,-79165,098300,007103,-80111
0000000324,0000269167,062935,057212,042577,042133,062921,033236,-88584,096316,036359,-89530
0000000325,0000270000,063010,057173,042219,042133,037161,059210,-88799,093740,062333,-89745
0000000326,0000270833,063082,057155,041674,042133,007984,079334,-79745,090823,082456,-80691
0000000327,0000271667,063144,057161,040996,042133,-21739,091664,-62352,087850,094786,-63298
0000000328,0000272500,063189,057190,040251,042133,-49113,094999,-38314,085113,098122,-39260
0000000329,0000273333,063214,057239,039513,042133,-71433,088970,-09964,082881,092093,-10910
0000000330,0000274167,063216,057303,038853,042133,-86539,074210,019902,081370,077333,018956
0000000331,0000275000,063195,057376,038335,042133,-92959,052158,048375,080728,055280,047429
0000000332,0000275833,063153,057451,038012,042133,-90021,024947,072647,081022,028069,071702
0000000333,0000276667,063093,057520,037914,042133,-78056,-04735,090364,082219,-01613,089418
0000000334,0000277500,063022,057577,038051,042133,-58230,-33995,099798,084201,-30873,098852
0000000335,0000278333,062947,057616,038410,042133,-32456,-59955,099983,086779,-56832,099037
0000000336,0000279167,062875,057634,038955,042133,-03284,-80088,090944,089696,-76965,089998
0000000337,0000280000,062813,057628,039632,042133,026444,-92432,073562,092669,-89310,072616
0000000338,0000280833,062767,057599,040377,042133,053805,-95739,049506,095405,-92616,048560
0000000339,0000281667,062742,057551,041116,042133,076134,-89725,021163,097638,-86602,020218
0000000340,0000282500,062740,057487,041776,042133,091254,-74976,-08705,099150,-71854,-09651
0000000341,0000283333,062762,057414,042293,042133,097645,-52904,-37169,099789,-49781,-38115
0000000342,0000284167,062804,057339,042616,042133,094722,-25701,-61448,099496,-22578,-62394
0000000343,0000285000,062864,057269,042714,042133,082769,003982,-79178,098301,007104,-80124
0000000344,0000285833,062935,057212,042577,042133,062921,033236,-88584,096316,036358,-89530
0000000345,0000286667,063010,057173,042219,042133,037156,059201,-88784,093740,062323,-89730
0000000346,0000287500,063082,057155,041674,042133,007985,079346,-79758,090823,082469,-80704
0000000347,0000288333,063144,057161,040996,042133,-21739,091664,-62352,087850,094786,-63298
0000000348,0000289167,063189,057190,040251,042133,-49105,094984,-38307,085114,098107,-39253
0000000349,0000290000,063214,057239,039512,042133,-71445,088984,-09967,082880,092107,-10913
0000000350,0000290833,063216,057303,038853,042133,-86539,074210,019902,081370,077333,018956
0000000351,0000291667,063195,057376,038336,042133,-92944,052149,048368,080730,055272,047422
0000000352,0000292500,063153,057451,038012,042133,-90036,024950,072658,081021,028073,071712
0000000353,0000293333,063093,057520,037914,042133,-78056,-04735,090364,082219,-01613,089418
0000000354,0000294167,063022,057577,038051,042133,-58220,-33990,099783,084202,-30868,098837
0000000355,0000295000,062947,057617,038409,042133,-32461,-59964,099998,086778,-56842,099052
0000000356,0000295833,062875,057634,038955,042133,-03284,-80088,090944,089696,-76965,089998
0000000357,0000296667,062813,057628,039633,042133,026440,-92418,073551,092668,-89295,072605
0000000358,0000297500,062767,057599,040377,042133,053813,-95754,049513,095406,-92631,048567
0000000359,0000298333,062742,057551,041116,042133,076134,-89725,021164,097638,-86602,020218
0000000360,0000299167,062740,057487,041776,042133,091240,-74965,-08703,099148,-71842,-09648
0000000361,0000300000,062762,057414,042293,042133,097660,-52912,-37175,099790,-49789,-38121
0000000362,0000300833,062804,057339,042616,042133,094722,-25701,-61448,099496,-22578,-62394
0000000363,0000301667,062864,057269,042714,042133,082757,003981,-79165,098300,007104,-80111
0000000364,0000302500,062935,057212,042577,042133,062930,033241,-88599,096317,036364,-89545
0000000365,0000303333,063010,057173,042219,042133,037156,059201,-88784,093740,062323,-89730
0000000366,0000304167,063082,057155,041674,042133,007984,079334,-79745,090823,082456,-80691
0000000367,0000305000,063144,057161,040996,042133,-21743,091678,-62362,087850,094801,-63308
0000000368,0000305833,063189,057190,040251,042133,-49105,094984,-38307,085114,098107,-39253
0000000369,0000306667,063214,057239,039513,042133,-71433,088970,-09964,082881,092093,-10910
0000000370,0000307500,063216,057303,038852,042133,-86553,074222,019904,081369,077345,018958
0000000371,0000308333,063195,057376,038336,042133,-92944,052149,048368,080730,055272,047422
0000000372,0000309167,063153,057451,038012,042133,-90021,024946,072648,081022,028069,071702
0000000373,0000310000,063093,057520,037914,042133,-78069,-04736,090377,082217,-01613,089432
0000000374,0000310833,063022,057577,038051,042133,-58220,-33990,099783,084202,-30868,098837
0000000375,0000311667,062947,057616,038410,042133,-32455,-59955,099983,086779,-56832,099037
0000000376,0000312500,062875,057634,038954,042133,-03284,-80100,090958,089696,-76978,090012
0000000377,0000313333,062813,057628,039633,042133,026440,-92418,073551,092668,-89295,072605
0000000378,0000314167,062767,057599,040377,042133,053805,-95739,049506,095405,-92616,048560
0000000379,0000315000,062742,057551,041116,042133,076145,-89739,021166,097639,-86616,020220
0000000380,0000315833,062740,057487,041776,042133,091240,-74965,-08703,099148,-71842,-09648
0000000381,0000316667,062762,057414,042293,042133,097645,-52903,-37169,099789,-49781,-38115
0000000382,0000317500,062804,057339,042616,042133,094736,-25705,-61459,099498,-22582,-62405
0000000383,0000318333,062864,057269,042714,042133,082757,003981,-79165,098300,007103,-80111
0000000384,0000319167,062935,057212,042577,042133,062921,033236,-88584,096316,036359,-89530
0000000385,0000320000,063010,057173,042219,042133,037161,059210,-88799,093740,062333,-89745
0000000386,0000320833,063082,057155,041674,042133,007984,079334,-79745,090823,082456,-80691
0000000387,0000321667,063144,057161,040996,042133,-21739,091664,-62352,087850,094786,-63298
0000000388,0000322500,063189,057190,040251,042133,-49113,094999,-38314,085113,098122,-39260
0000000389,0000323333,063214,057239,039513,042133,-71433,088970,-09964,082881,092093,-10910
0000000390,0000324167,063216,057303,038853,042133,-86539,074210,019902,081370,077333,018956
0000000391,0000325000,063195,057376,038335,042133,-92959,052158,048375,080728,055280,047429
0000000392,0000325833,063153,057451,038012,042133,-90021,024947,072647,081022,028069,071702
0000000393,0000326667,063093,057520,037914,042133,-78056,-04735,090364,082219,-01613,089418
0000000394,0000327500,063022,057577,038051,042133,-58230,-33995,099798,084201,-30873,098852
0000000395,0000328333,062947,057616,038410,042133,-32456,-59955,099983,086779,-56832,099037
0000000396,0000329167,062875,057634,038955,042133,-03284,-80088,090944,089696,-76965,089998
0000000397,0000330000,062813,057628,039632,042133,026444,-92432,073562,092669,-89310,072616
0000000398,0000330833,062767,057599,040377,042133,053805,-95739,049506,095405,-92616,048560
0000000399,0000331667,062742,057551,041116,042133,076134,-89725,021163,097638,-86602,020218
0000000400,0000332500,062740,057487,041776,042133,091254,-74976,-08705,099150,-71854,-09651
0000000401,0000333333,062762,057414,042293,042133,097645,-52904,-37169,099789,-49781,-38115
0000000402,0000334167,062804,057339,042616,042133,094722,-25701,-61448,099496,-22578,-62394
0000000403,0000335000,062864,057269,042714,042133,082769,003982,-79178,098301,007104,-80124
0000000404,0000335833,062935,057212,042577,042133,062921,033236,-88584,096316,036358,-89530
0000000405,0000336667,063010,057173,042219,042133,037156,059201,-88784,093740,062323,-89730
0000000406,0000337500,063082,057155,041674,042133,007985,079346,-79758,090823,082469,-80704
0000000407,0000338333,063144,057161,040996,042133,-21739,091664,-62352,087850,094786,-63298
0000000408,0000339167,063189,057190,040251,042133,-49105,094984,-38307,085114,098107,-39253
0000000409,0000340000,063214,057239,039512,042133,-71445,088984,-09967,082880,092107,-10913
0000000410,0000340833,063216,057303,038853,042133,-86539,074210,019902,081370,077333,018956
0000000411,0000341667,063195,057376,038336,042133,-92944,052149,048368,080730,055272,047422
0000000412,0000342500,063153,057451,038012,042133,-90036,024950,072658,081021,028073,071712
0000000413,0000343333,063093,057520,037914,042133,-78056,-04735,090364,082219,-01613,089418
0000000414,0000344167,063022,057577,038051,042133,-58220,-33990,099783,084202,-30868,098837
0000000415,0000345000,062947,057617,038409,042133,-32461,-59964,099998,086778,-56842,099052
0000000416,0000345833,062875,057634,038955,042133,-03284,-80088,090944,089696,-76965,089998
0000000417,0000346667,062813,057628,039633,042133,026440,-92418,073551,092668,-89295,072605
0000000418,0000347500,062767,057599,040377,042133,053813,-95754,049513,095406,-92631,048567
0000000419,0000348333,062742,057551,041116,042133,076134,-89725,021164,097638,-86602,020218
0000000420,0000349167,062740,057487,041776,042133,091240,-74965,-08703,099148,-71842,-09648
0000000421,0000350000,062762,057414,042293,042133,097660,-52912,-37175,099790,-49789,-38121
0000000422,0000350833,062804,057339,042616,042133,094722,-25701,-61448,099496,-22578,-62394
0000000423,0000351667,062864,057269,042714,042133,082757,003981,-79165,098300,007104,-80111
0000000424,0000352500,062935,057212,042577,042133,062930,033241,-88599,096317,036364,-89545
0000000425,0000353333,063010,057173,042219,042133,037156,059201,-88784,093740,062323,-89730
0000000426,0000354167,063082,057155,041674,042133,007984,079334,-79745,090823,082456,-80691
0000000427,0000355000,063144,057161,040996,042133,-21743,091678,-62362,087850,094801,-63308
0000000428,0000355833,063189,057190,040251,042133,-49105,094984,-38307,085114,098107,-39253
0000000429,0000356667,063214,057239,039513,042133,-71433,088970,-09964,082881,092093,-10910
0000000430,0000357500,063216,057303,038852,042133,-86553,074222,019904,081369,077345,018958
0000000431,0000358333,063195,057376,038336,042133,-92944,052149,048368,080730,055272,047422
0000000432,0000359167,063153,057451,038012,042133,-90021,024946,072648,081022,028069,071702
0000000433,0000360000,063093,057520,037914,042133,-78069,-04736,090377,082217,-01613,089432
0000000434,0000360833,063022,057577,038051,042133,-58220,-33990,099783,084202,-30868,098837
0000000435,0000361667,062947,057616,038410,042133,-32455,-59955,099983,086779,-56832,099037
0000000436,0000362500,062875,057634,038954,042133,-03284,-80100,090958,089696,-76978,090012
0000000437,0000363333,062813,057628,039633,042133,026440,-92418,073551,092668,-89295,072605
0000000438,0000364167,062767,057599,040377,042133,053805,-95739,049506,095405,-92616,048560
0000000439,0000365000,062742,057551,041116,042133,076145,-89739,021166,097639,-86616,020220
0000000440,0000365833,062740,057487,041776,042133,091240,-74965,-08703,099148,-71842,-09648
0000000441,0000366667,062762,057414,042293,042133,097645,-52903,-37169,099789,-49781,-38115
0000000442,0000367500,062804,057339,042616,042133,094736,-25705,-61459,099498,-22582,-62405
0000000443,0000368333,062864,057269,042714,042133,082757,003981,-79165,098300,007103,-80111
0000000444,0000369167,062935,057212,042577,042133,062921,033236,-88584,096316,036359,-89530
0000000445,0000370000,063010,057173,042219,042133,037161,059210,-88799,093740,062333,-89745
0000000446,0000370833,063082,057155,041674,042133,007984,079334,-79745,090823,082456,-80691
0000000447,0000371667,063144,057161,040996,042133,-21739,091664,-62352,087850,094786,-63298
0000000448,0000372500,063189,057190,040251,042133,-49113,094999,-38314,085113,098122,-39260
0000000449,0000373333,063214,057239,039513,042133,-71433,088970,-09964,082881,092093,-10910
0000000450,0000374167,063216,057303,038853,042133,-86539,074210,019902,081370,077333,018956
0000000451,0000375000,063195,057376,038335,042133,-92959,052158,048375,080728,055280,047429
0000000452,0000375833,063153,057451,038012,042133,-90021,024947,072647,081022,028069,071702
0000000453,0000376667,063093,057520,037914,042133,-78056,-04735,090364,082219,-01613,089418
0000000454,0000377500,063022,057577,038051,042133,-58230,-33995,099798,084201,-30873,098852
0000000455,0000378333,062947,057616,038410,042133,-32456,-59955,099983,086779,-56832,099037
0000000456,0000379167,062875,057634,038955,042133,-03284,-80088,090944,089696,-76965,089998
0000000457,0000380000,062813,057628,039632,042133,026444,-92432,073562,092669,-89310,072616
0000000458,0000380833,062767,057599,040377,042133,053805,-95739,049506,095405,-92616,048560
0000000459,0000381667,062742,057551,041116,042133,076134,-89725,021163,097638,-86602,020218
0000000460,0000382500,062740,057487,041776,042133,091254,-74976,-08705,099150,-71854,-09651
0000000461,0000383333,062762,057414,042293,042133,097645,-52904,-37169,099789,-49781,-38115
0000000462,0000384167,062804,057339,042616,042133,094722,-25701,-61448,099496,-22578,-62394
0000000463,0000385000,062864,057269,042714,042133,082769,003982,-79178,098301,007104,-80124
0000000464,0000385833,062935,057212,042577,042133,062921,033236,-88584,096316,036358,-89530
0000000465,0000386667,063010,057173,042219,042133,037156,059201,-88784,093740,062323,-89730
0000000466,0000387500,063082,057155,041674,042133,007985,079346,-79758,090823,082469,-80704
0000000467,0000388333,063144,057161,040996,042133,-21739,091664,-62352,087850,094786,-63298
0000000468,0000389167,063189,057190,040251,042133,-49105,094984,-38307,085114,098107,-39253
0000000469,0000390000,063214,057239,039512,042133,-71445,088984,-09967,082880,092107,-10913
0000000470,0000390833,063216,057303,038853,042133,-86539,074210,019902,081370,077333,018956
0000000471,0000391667,063195,057376,038336,042133,-92944,052149,048368,080730,055272,047422
0000000472,0000392500,063153,057451,038012,042133,-90036,024950,072658,081021,028073,071712
0000000473,0000393333,063093,057520,037914,042133,-78056,-04735,090364,082219,-01613,089418
0000000474,0000394167,063022,057577,038051,042133,-58220,-33990,099783,084202,-30868,098837
0000000475,0000395000,062947,057617,038409,042133,-32461,-59964,099998,086778,-56842,099052
0000000476,0000395833,062875,057634,038955,042133,-03284,-80088,090944,089696,-76965,089998
0000000477,0000396667,062813,057628,039633,042133,026440,-92418,073551,092668,-89295,072605
0000000478,0000397500,062767,057599,040377,042133,053813,-95754,049513,095406,-92631,048567
0000000479,0000398333,062742,057551,041116,042133,076134,-89725,021164,097638,-86602,020218
0000000480,0000399167,062740,057487,041776,042133,091240,-74965,-08703,099148,-71842,-09649
0000000481,0000400000,062762,057414,042293,042133,097660,-52912,-37175,099790,-49789,-38121
0000000482,0000400833,062804,057339,042616,042133,094722,-25701,-61448,099496,-22578,-62394
0000000483,0000401667,062864,057269,042714,042133,082757,003981,-79165,098300,007104,-80111
0000000484,0000402500,062935,057212,042577,042133,062930,033241,-88599,096317,036364,-89545
0000000485,0000403333,063010,057173,042219,042133,037156,059201,-88784,093740,062323,-89730
0000000486,0000404167,063082,057155,041674,042133,007984,079334,-79745,090823,082456,-80691
0000000487,0000405000,063144,057161,040996,042133,-21743,091678,-62362,087850,094801,-63308
0000000488,0000405833,063189,057190,040251,042133,-49105,094984,-38307,085114,098107,-39253
0000000489,0000406667,063214,057239,039513,042133,-71433,088970,-09964,082881,092093,-10910
0000000490,0000407500,063216,057303,038852,042133,-86553,074222,019904,081369,077345,018958
0000000491,0000408333,063195,057376,038336,042133,-92944,052149,048368,080730,055272,047422
0000000492,0000409167,063153,057451,038012,042133,-90021,024946,072648,081022,028069,071702
0000000493,0000410000,063093,057520,037914,042133,-78069,-04736,090377,082217,-01613,089432
0000000494,0000410833,063022,057577,038051,042133,-58220,-33990,099783,084202,-30868,098837
0000000495,0000411667,062947,057616,038410,042133,-32455,-59955,099983,086779,-56832,099037
0000000496,0000412500,062875,057634,038954,042133,-03284,-80100,090958,089696,-76978,090012
0000000497,0000413333,062813,057628,039632,042133,026440,-92418,073551,092668,-89295,072605
0000000498,0000414167,062767,057599,040377,042133,053805,-95739,049506,095405,-92616,048560
0000000499,0000415000,062742,057551,041116,042133,076145,-89739,021166,097639,-86616,020220
0000000500,0000415833,062740,057487,041776,042133,091240,-74965,-08703,099148,-71842,-09648
0000000501,0000416667,062762,057414,042293,042133,097645,-52903,-37169,099789,-49781,-38115
0000000502,0000417500,062804,057339,042616,042133,094736,-25705,-61459,099498,-22582,-62405
0000000503,0000418333,062864,057269,042714,042133,082757,003981,-79165,098300,007103,-80111
0000000504,0000419167,062935,057212,042577,042133,062921,033236,-88584,096316,036359,-89530
0000000505,0000420000,063010,057173,042219,042133,037161,059210,-88799,093740,062333,-89745
0000000506,0000420833,063082,057155,041674,042133,007984,079334,-79745,090823,082456,-80691
0000000507,0000421667,063144,057161,040996,042133,-21739,091664,-62352,087850,094786,-63298
0000000508,0000422500,063189,057190,040251,042133,-49113,094999,-38314,085113,098122,-39260
0000000509,0000423333,063214,057239,039513,042133,-71433,088970,-09964,082881,092093,-10910
0000000510,0000424167,063216,057303,038853,042133,-86539,074210,019902,081370,077333,018956
0000000511,0000425000,063195,057376,038335,042133,-92959,052158,048375,080728,055280,047429
0000000512,0000425833,063153,057451,038012,042133,-90021,024947,072647,081022,028069,071702
0000000513,0000426667,063093,057520,037914,042133,-78056,-04735,090364,082219,-01613,089418
0000000514,0000427500,063022,057577,038051,042133,-58230,-33995,099798,084201,-30873,098852
0000000515,0000428333,062947,057616,038410,042133,-32456,-59955,099983,086779,-56832,099037
0000000516,0000429167,062875,057634,038955,042133,-03284,-80088,090944,089696,-76965,089998
0000000517,0000430000,062813,057628,039632,042133,026444,-92432,073562,092669,-89310,072616
0000000518,0000430833,062767,057599,040377,042133,053805,-95739,049506,095405,-92616,048560
0000000519,0000431667,062742,057551,041116,042133,076134,-89725,021163,097638,-86602,020218
0000000520,0000432500,062740,057487,041776,042133,091254,-74976,-08705,099150,-71854,-09651
0000000521,0000433333,062762,057414,042293,042133,097645,-52904,-37169,099789,-49781,-38115
0000000522,0000434167,062804,057339,042616,042133,094722,-25701,-61448,099496,-22578,-62394
0000000523,0000435000,062864,057269,042714,042133,082769,003982,-79178,098301,007104,-80124
0000000524,0000435833,062935,057212,042577,042133,062921,033236,-88584,096316,036358,-89530
0000000525,0000436667,063010,057173,042219,042133,037156,059201,-88784,093740,062323,-89730
0000000526,0000437500,063082,057155,041674,042133,007985,079346,-79758,090823,082469,-80704
0000000527,0000438333,063144,057161,040996,042133,-21739,091664,-62352,087850,094786,-63298
0000000528,0000439167,063189,057190,040251,042133,-49105,094984,-38307,085114,098107,-39253
0000000529,0000440000,063214,057239,039512,042133,-71445,088984,-09967,082880,092107,-10913
0000000530,0000440833,063216,057303,038853,042133,-86539,074210,019902,081370,077333,018956
0000000531,0000441667,063195,057376,038336,042133,-92944,052149,048368,080730,055272,047422
0000000532,0000442500,063153,057451,038012,042133,-90036,024950,072658,081021,028073,071712
0000000533,0000443333,063093,057520,037914,042133,-78056,-04735,090364,082219,-01613,089418
0000000534,0000444167,063022,057577,038051,042133,-58220,-33990,099783,084202,-30868,098837
0000000535,0000445000,062947,057617,038409,042133,-32461,-59964,099998,086778,-56842,099052
0000000536,0000445833,062875,057634,038955,042133,-03284,-80088,090944,089696,-76965,089998
0000000537,0000446667,062813,057628,039632,042133,026440,-92418,073551,092668,-89295,072605
0000000538,0000447500,062767,057599,040377,042133,053813,-95754,049513,095406,-92631,048567
0000000539,0000448333,062742,057551,041116,042133,076134,-89725,021164,097638,-86602,020218
0000000540,0000449167,062740,057487,041776,042133,091240,-74965,-08703,099148,-71842,-09649
0000000541,0000450000,062762,057414,042293,042133,097660,-52912,-37175,099790,-49789,-38121
0000000542,0000450833,062804,057339,042616,042133,094722,-25701,-61448,099496,-22578,-62394
0000000543,0000451667,062864,057269,042714,042133,082757,003981,-79165,098300,007104,-80111
0000000544,0000452500,062935,057212,042577,042133,062930,033241,-88599,096317,036364,-89545
0000000545,0000453333,063010,057173,042219,042133,037156,059201,-88784,093740,062323,-89730
0000000546,0000454167,063082,057155,041674,042133,007984,079334,-79745,090823,082456,-80691
0000000547,0000455000,063144,057161,040996,042133,-21743,091678,-62362,087850,094801,-63308
0000000548,0000455833,063189,057190,040251,042133,-49105,094984,-38307,085114,098107,-39253
0000000549,0000456667,063214,057239,039513,042133,-71433,088970,-09964,082881,092093,-10910
0000000550,0000457500,063216,057303,038852,042133,-86553,074222,019904,081369,077345,018958
0000000551,0000458333,063195,057376,038336,042133,-92944,052149,048368,080730,055272,047422
0000000552,0000459167,063152,057451,038012,042133,-90021,024946,072648,081022,028069,071702
0000000553,0000460000,063093,057520,037914,042133,-78069,-04736,090377,082217,-01613,089432
0000000554,0000460833,063022,057577,038051,042133,-58220,-33990,099783,084202,-30868,098837
0000000555,0000461667,062947,057616,038410,042133,-32455,-59955,099983,086779,-56832,099037
0000000556,0000462500,062875,057634,038954,042133,-03284,-80100,090958,089696,-76978,090012
0000000557,0000463333,062813,057628,039632,042133,026440,-92418,073551,092668,-89295,072605
0000000558,0000464167,062767,057599,040377,042133,053805,-95739,049506,095405,-92616,048560
0000000559,0000465000,062742,057551,041116,042133,076145,-89739,021166,097639,-86616,020220
0000000560,0000465833,062740,057487,041776,042133,091240,-74965,-08703,099148,-71842,-09648
0000000561,0000466667,062762,057414,042293,042133,097645,-52903,-37169,099789,-49781,-38115
0000000562,0000467500,062804,057339,042616,042133,094736,-25705,-61459,099498,-22582,-62405
0000000563,0000468333,062864,057269,042714,042133,082757,003981,-79165,098300,007103,-80111
0000000564,0000469167,062935,057212,042577,042133,062921,033236,-88584,096316,036359,-89530
0000000565,0000470000,063010,057173,042219,042133,037161,059210,-88799,093740,062333,-89745
0000000566,0000470833,063082,057155,041674,042133,007984,079334,-79745,090823,082456,-80691
0000000567,0000471667,063144,057161,040996,042133,-21739,091664,-62352,087850,094786,-63298
0000000568,0000472500,063189,057190,040251,042133,-49113,094999,-38314,085113,098122,-39260
0000000569,0000473333,063214,057239,039513,042133,-71433,088970,-09964,082881,092093,-10910
0000000570,0000474167,063216,057303,038853,042133,-86539,074210,019902,081370,077333,018956
0000000571,0000475000,063195,057376,038335,042133,-92959,052158,048375,080728,055280,047429
0000000572,0000475833,063152,057451,038012,042133,-90021,024947,072647,081022,028069,071702
0000000573,0000476667,063093,057520,037914,042133,-78056,-04735,090364,082219,-01613,089418
0000000574,0000477500,063022,057577,038051,042133,-58230,-33995,099798,084201,-30873,098852
0000000575,0000478333,062947,057616,038410,042133,-32456,-59955,099983,086779,-56832,099037
0000000576,0000479167,062875,057634,038955,042133,-03284,-80088,090944,089696,-76965,089998
0000000577,0000480000,062813,057628,039632,042133,026444,-92432,073562,092669,-89310,072616
0000000578,0000480833,062767,057599,040377,042133,053805,-95739,049506,095405,-92616,048560
0000000579,0000481667,062742,057551,041116,042133,076134,-89725,021163,097638,-86602,020218
0000000580,0000482500,062740,057487,041776,042133,091254,-74976,-08705,099150,-71854,-09651
0000000581,0000483333,062762,057414,042293,042133,097645,-52904,-37169,099789,-49781,-38115
0000000582,0000484167,062804,057339,042616,042133,094722,-25701,-61448,099496,-22578,-62394
0000000583,0000485000,062864,057269,042714,042133,082769,003982,-79178,098301,007104,-80124
0000000584,0000485833,062935,057212,042577,042133,062921,033236,-88584,096316,036358,-89530
0000000585,0000486667,063010,057173,042219,042133,037156,059201,-88784,093740,062323,-89730
0000000586,0000487500,063082,057155,041674,042133,007985,079346,-79758,090823,082469,-80704
0000000587,0000488333,063144,057161,040996,042133,-21739,091664,-62352,087850,094786,-63298
0000000588,0000489167,063189,057190,040251,042133,-49105,094984,-38307,085114,098107,-39253
0000000589,0000490000,063214,057239,039512,042133,-71445,088984,-09967,082880,092107,-10913
0000000590,0000490833,063216,057303,038853,042133,-86539,074210,019902,081370,077333,018956
0000000591,0000491667,063195,057376,038336,042133,-92944,052149,048368,080730,055272,047422
0000000592,0000492500,063153,057451,038012,042133,-90036,024950,072658,081021,028073,071712
0000000593,0000493333,063093,057520,037914,042133,-78056,-04735,090364,082219,-01613,089418
0000000594,0000494167,063022,057577,038051,042133,-58220,-33990,099783,084202,-30868,098837
0000000595,0000495000,062947,057617,038409,042133,-32461,-59964,099998,086778,-56842,099052
0000000596,0000495833,062875,057634,038955,042133,-03284,-80088,090944,089696,-76965,089998
0000000597,0000496667,062813,057628,039632,042133,026440,-92418,073551,092668,-89295,072605
0000000598,0000497500,062767,057599,040377,042133,053813,-95754,049513,095406,-92631,048567
0000000599,0000498333,062742,057551,041116,042133,076134,-89725,021164,097638,-86602,020218
0000000600,0000499167,062740,057487,041776,042133,091240,-74965,-08703,099148,-71842,-09649
0000000601,0000500000,062762,057414,042293,042133,097660,-52912,-37175,099790,-49790,-38121
0000000602,0000500833,077826,052621,055333,053709,031371,-02617,-56990,093161,000506,-57936
0000000603,0000501667,086821,055231,069182,066699,047172,004839,-68755,094742,007962,-69701
0000000604,0000502500,093193,060359,082105,079491,061807,-03164,-83678,096205,-00041,-84624
0000000605,0000503333,094861,068018,092834,089891,042529,026110,-82390,094277,029232,-83336
0000000606,0000504167,091828,077812,098922,097261,032190,036649,-70991,093243,039772,-71937
0000000607,0000505000,085973,086296,099998,099998,024860,038418,-58600,092510,041540,-59546
0000000608,0000505833,077266,093417,095907,098003,000776,056285,-39282,090102,059408,-40228
0000000609,0000506667,066204,098468,086680,091068,-19224,056618,-12135,088102,059741,-13081
0000000610,0000507500,055003,099998,072693,079999,-29910,052362,016608,087033,055485,015663
0000000611,0000508333,044231,098119,055664,065646,-49595,049353,039291,085065,052476,038345
0000000612,0000509167,034777,093100,037132,049319,-57658,039594,063631,084259,042717,062685
0000000613,0000510000,028197,084945,018402,032711,-60159,022189,082202,084008,025311,081256
0000000614,0000510833,024798,074553,001499,017230,-59833,009291,090793,084041,012414,089847
0000000615,0000511667,024880,063060,-11823,004487,-51546,-07118,091538,084870,-03996,090592
0000000616,0000512500,028677,051220,-20447,-04419,-37596,-24387,085741,086265,-21264,084795
0000000617,0000513333,035755,040375,-23724,-08514,-21526,-35658,071002,087872,-32535,070057
0000000618,0000514167,045290,031537,-21042,-07549,-02722,-45409,047990,089752,-42287,047044
0000000619,0000515000,056538,025428,-12766,-01582,017931,-50533,022972,091817,-47410,022026
0000000620,0000515833,068343,022731,000186,008821,034682,-50200,-03713,093492,-47077,-04659
0000000621,0000516667,079497,023707,016707,022604,049900,-44614,-30709,095014,-41492,-31655
0000000622,0000517500,089002,028165,035200,038415,060208,-35614,-54034,096045,-32491,-54980
0000000623,0000518333,095874,035697,053729,054673,064153,-22270,-70242,096440,-19148,-71188
0000000624,0000519167,099449,045596,070424,069817,062496,-07002,-79907,096274,-03880,-80853
0000000625,0000520000,099396,056805,083790,082308,055143,008742,-81676,095539,011865,-82622
0000000626,0000520833,095714,068262,092458,090951,042272,024110,-73906,094251,027232,-74852
0000000627,0000521667,088753,078842,095511,094874,025393,036622,-58595,092564,039744,-59541
0000000628,0000522500,079218,087478,092710,093695,006720,045797,-37601,090696,048919,-38547
0000000629,0000523333,068023,093318,084343,087504,-12881,050424,-12200,088736,053546,-13146
0000000630,0000524167,056271,095797,071179,076915,-30739,050141,015576,086950,053264,014630
0000000631,0000525000,045130,094668,054542,062981,-45368,044830,041865,085487,047953,040919
0000000632,0000525833,035674,090019,036128,047034,-55374,035309,064350,084487,038432,063404
0000000633,0000526667,028835,082313,017718,030649,-59773,022167,081535,084047,025290,080590
0000000634,0000527500,025283,072296,001099,015418,-58090,006809,091252,084215,009931,090306
0000000635,0000528333,025371,060942,-12074,002834,-50425,-09027,092284,084982,-05904,091338
0000000636,0000529167,029086,049356,-20504,-05879,-37686,-24129,085016,086256,-21006,084071
0000000637,0000530000,036067,038666,-23427,-09881,-20998,-36877,070172,087925,-33754,069226
0000000638,0000530833,045636,029915,-20546,-08776,-02101,-46035,048684,089814,-42912,047738
0000000639,0000531667,056849,023954,-12102,-02678,017308,-50650,022969,091755,-47527,022023
0000000640,0000532500,068617,021358,001076,007812,035215,-50393,-04218,093546,-47270,-05163
0000000641,0000533333,079790,022388,017715,021678,049906,-45175,-30481,095015,-42053,-31426
0000000642,0000534167,089268,026937,036199,037554,059949,-35552,-53407,096019,-32430,-54353
0000000643,0000535000,096131,034546,054710,053877,064324,-22521,-70476,096457,-19398,-71422
0000000644,0000535833,099704,044476,071419,069051,062625,-07285,-79974,096287,-04162,-80919
0000000645,0000536667,099635,055751,084707,081586,055038,008650,-81217,095528,011773,-82163
0000000646,0000537500,095943,067261,093311,090264,042325,023735,-73976,094257,026857,-74922
0000000647,0000538333,088981,077880,096378,094227,025640,036431,-58860,092588,039553,-59805
0000000648,0000539167,079431,086561,093599,093080,006685,045543,-37493,090693,048666,-38439
0000000649,0000540000,068232,092457,085263,086945,-12690,050185,-11972,088755,053308,-12918
0000000650,0000540833,056479,094983,072177,076408,-30594,049892,015366,086965,053015,014420
0000000651,0000541667,045327,093889,055625,062507,-45272,044681,041772,085497,047804,040827
0000000652,0000542500,035863,089288,037251,046605,-55297,035074,064548,084495,038196,063602
0000000653,0000543333,029018,081619,018870,030252,-59681,022003,081530,084056,025125,080584
0000000654,0000544167,025463,071633,002287,015053,-58001,006741,091132,084224,009864,090186
0000000655,0000545000,025541,060308,-10881,002489,-50408,-09187,092374,084984,-06065,091428
0000000656,0000545833,029250,048748,-19340,-06207,-37650,-24240,085088,086259,-21118,084142
0000000657,0000546667,036230,038084,-22268,-10184,-20989,-36957,070044,087925,-33835,069098
0000000658,0000547500,045791,029353,-19392,-09066,-02057,-46101,048691,089819,-42979,047745
0000000659,0000548333,057004,023412,-10963,-02952,017317,-50750,023076,091756,-47627,022130
0000000660,0000549167,068769,020844,002219,007564,035230,-50448,-04231,093547,-47326,-05177
0000000661,0000550000,079938,021890,018863,021444,049926,-45246,-30553,095017,-42123,-31498
0000000662,0000550833,089416,026455,037345,037335,059956,-35641,-53359,096020,-32518,-54305
0000000663,0000551667,096272,034088,055844,053673,064331,-22579,-70409,096457,-19457,-71355
0000000664,0000552500,099844,044034,072547,068862,062646,-07342,-80004,096289,-04219,-80950
0000000665,0000553333,099777,055324,085822,081411,055057,008590,-81201,095530,011713,-82147
0000000666,0000554167,096076,066849,094381,090092,042311,023654,-73913,094255,026776,-74859
0000000667,0000555000,089114,077483,097409,094066,025652,036369,-58861,092589,039492,-59807
0000000668,0000555833,079563,086180,094597,092932,006700,045486,-37491,090694,048609,-38436
0000000669,0000556667,068362,092085,086217,086798,-12675,050118,-11905,088757,053241,-12851
0000000670,0000557500,056609,094628,073102,076275,-30579,049825,015396,086966,052947,014450
0000000671,0000558333,045453,093551,056536,062386,-45257,044619,041750,085499,047742,040804
0000000672,0000559167,035991,088958,038155,046493,-55273,035007,064543,084497,038130,063597
0000000673,0000560000,029142,081306,019775,030154,-59659,021942,081553,084058,025064,080607
0000000674,0000560833,025582,071335,003200,014966,-57973,006696,091129,084227,009818,090183
0000000675,0000561667,025662,060023,-09947,002419,-50378,-09232,092345,084986,-06109,091399
0000000676,0000562500,029366,048475,-18401,-06270,-37633,-24286,085088,086261,-21164,084142
0000000677,0000563333,036340,037821,-21331,-10244,-20976,-36999,070040,087927,-33877,069094
0000000678,0000564167,045901,029103,-18448,-09112,-02040,-46125,048676,089820,-43003,047730
0000000679,0000565000,057109,023170,-10034,-02996,017327,-50776,023094,091757,-47653,022148
0000000680,0000565833,068872,020607,003120,007519,035235,-50481,-04208,093548,-47359,-05154
0000000681,0000566667,080036,021666,019737,021405,049921,-45272,-30544,095016,-42149,-31490
0000000682,0000567500,089512,026235,038182,037294,059952,-35672,-53348,096019,-32549,-54293
0000000683,0000568333,096370,033872,056648,053635,064335,-22612,-70383,096458,-19489,-71329
0000000684,0000569167,099935,043828,073316,068823,062644,-07370,-79970,096289,-04248,-80916
0000000685,0000570000,099869,055123,086568,081378,055061,008559,-81188,095530,011682,-82134
0000000686,0000570833,096171,066656,095109,090066,042316,023620,-73906,094256,026742,-74852
0000000687,0000571667,089203,077294,098106,094036,025654,036330,-58843,092590,039453,-59789
0000000688,0000572500,079653,085999,095281,092909,006710,045454,-37483,090695,048577,-38429
0000000689,0000573333,068451,091915,086892,086784,-12664,050092,-11897,088758,053215,-12843
0000000690,0000574167,056696,094459,073759,076260,-30565,049790,015406,086968,052912,014460
0000000691,0000575000,045539,093391,057184,062377,-45246,044587,041749,085500,047709,040803
0000000692,0000575833,036072,088808,038794,046488,-55266,034981,064543,084498,038103,063597
0000000693,0000576667,029226,081158,020408,030154,-59641,021914,081551,084060,025036,080605
0000000694,0000577500,025662,071195,003826,014969,-57958,006672,091134,084228,009795,090188
0000000695,0000578333,025737,059889,-09330,002422,-50370,-09255,092349,084987,-06132,091403
0000000696,0000579167,029444,048348,-17777,-06257,-37619,-24307,085074,086262,-21184,084128
0000000697,0000580000,036413,037698,-20711,-10231,-20966,-37020,070034,087928,-33897,069088
0000000698,0000580833,045970,028984,-17832,-09101,-02030,-46145,048675,089821,-43022,047729
0000000699,0000581667,057178,023060,-09408,-02975,017336,-50784,023092,091758,-47662,022146
0000000700,0000582500,068938,020499,003739,007539,035241,-50493,-04205,093548,-47371,-05151
0000000701,0000583333,080102,021558,020342,021423,049926,-45288,-30544,095017,-42166,-31490
0000000702,0000584167,089573,026135,038773,037314,059947,-35682,-53338,096019,-32559,-54284
0000000703,0000585000,096430,033773,057217,053653,064334,-22623,-70370,096458,-19501,-71316
0000000704,0000585833,099998,043729,073864,068842,062648,-07383,-79960,096289,-04261,-80906
0000000705,0000586667,099925,055029,087084,081391,055056,008545,-81167,095530,011667,-82112
0000000706,0000587500,096229,066564,095603,090081,042314,023603,-73895,094256,026725,-74840
0000000707,0000588333,089262,077206,098584,094055,025656,036315,-58838,092590,039438,-59784
0000000708,0000589167,079709,085910,095733,092921,006713,045433,-37471,090696,048555,-38417
0000000709,0000590000,068508,091831,087336,086801,-12657,050075,-11890,088759,053197,-12836
0000000710,0000590833,056752,094382,074201,076283,-30559,049776,015409,086968,052899,014463
0000000711,0000591667,045596,093312,057619,062398,-45234,044566,041743,085501,047689,040797
0000000712,0000592500,036127,088735,039230,046514,-55257,034964,064537,084499,038087,063591
0000000713,0000593333,029276,081091,020843,030180,-59636,021902,081552,084061,025025,080607
0000000714,0000594167,025716,071129,004265,015001,-57944,006661,091125,084230,009783,090179
0000000715,0000595000,025787,059827,-08892,002454,-50360,-09264,092345,084988,-06142,091399
0000000716,0000595833,029490,048288,-17345,-06228,-37616,-24318,085076,086263,-21195,084130
0000000717,0000596667,036462,037643,-20271,-10194,-20959,-37025,070024,087928,-33902,069078
0000000718,0000597500,046015,028929,-17398,-09067,-02025,-46151,048673,089822,-43028,047727
0000000719,0000598333,057220,023004,-08983,-02945,017341,-50793,023095,091758,-47671,022149
0000000720,0000599167,068979,020450,004164,007575,035240,-50494,-04201,093548,-47371,-05147
0000000721,0000600000,080142,021509,020755,021455,049925,-45293,-30540,095017,-42171,-31486
0000000722,0000600833,089608,026097,039177,037351,059939,-35675,-53342,096018,-32553,-54288
0000000723,0000601667,096346,033653,040314,051759,063175,-23719,-54250,096342,-20596,-64362
0000000724,0000602500,099889,043574,040314,065223,061679,-08311,-52702,096192,-05188,-75982
0000000725,0000603333,099802,054849,040314,076410,054085,007600,-51798,095433,010723,-77845
0000000726,0000604167,095108,057395,040314,074262,033546,004321,-56002,093379,082470,-86422
0000000727,0000605000,086749,057395,040314,065903,018320,001127,-58346,091856,090795,-74476
0000000728,0000605833,075898,057395,040314,055053,001531,-00204,-60826,090177,084156,-51139
0000000729,0000606667,063164,057395,040314,042318,-16914,-03902,-63924,088333,074741,-17401
0000000730,0000607500,062978,057395,040314,042133,-01930,-00252,-60292,081033,084306,028258
0000000731,0000608333,062978,057395,040314,042133,-02474,-00028,-60068,081458,055383,045421
0000000732,0000609167,062978,057395,040314,042133,-02798,-00590,-60630,079323,039428,076878
0000000733,0000610000,062978,057395,040314,042133,-02705,-00408,-60449,083107,-08770,083446
0000000734,0000610833,062978,057395,040314,042133,-02591,-00101,-60140,084211,-34559,097442
0000000735,0000611667,062978,057395,040314,042133,-02667,-00385,-60426,087262,-64234,095311
0000000736,0000612500,062978,057395,040314,042133,-03090,-00409,-60448,089029,-76473,088786
0000000737,0000613333,062978,057395,040314,042133,-02535,-00245,-60285,092040,-87293,073125
0000000738,0000614167,062978,057395,040314,042133,-02689,-00225,-60264,095562,-92985,047503
0000000739,0000615000,062978,057395,040314,042133,-02809,-00459,-60499,097724,-86388,022685
0000000740,0000615833,062978,057395,040314,042133,-02619,-00285,-60325,099932,-74754,-10487
0000000741,0000616667,062978,057395,040314,042133,-02605,-00228,-60268,099428,-46184,-34226
0000000742,0000617500,062978,057395,040314,042133,-02658,-00365,-60405,099894,-22634,-62902
0000000743,0000618333,062978,057395,040314,042133,-02692,-00287,-60327,097861,010286,-77540
0000000744,0000619167,062978,057395,040314,042133,-02578,-00250,-60290,096854,033014,-91652
0000000745,0000620000,062978,057395,040314,042133,-02677,-00247,-60287,093505,062464,-89056
0000000746,0000620833,062978,057395,040314,042133,-02670,-00297,-60336,091058,079870,-82679
0000000747,0000621667,062978,057395,040314,042133,-02624,-00247,-60287,087490,095750,-63413
0000000748,0000622500,062978,057395,040314,042133,-02639,-00235,-60274,085127,096976,-40778
0000000749,0000623333,062978,057395,040314,042133,-02646,-00288,-60328,082855,092210,-11364
0000000750,0000624167,062978,057395,040314,042133,-02643,-00258,-60298,081488,077069,018871
0000000751,0000625000,062978,057395,040314,042133,-02606,-00255,-60295,080856,055603,047294
0000000752,0000625833,062978,057395,040314,042133,-02647,-00271,-60310,080922,029390,072468
0000000753,0000626667,062978,057395,040314,042133,-02640,-00274,-60314,082308,-01204,089196
0000000754,0000627500,062978,057395,040314,042133,-02628,-00256,-60296,084080,-29475,099998
0000000755,0000628333,062978,057395,040314,042133,-02644,-00265,-60305,086951,-57452,098645
0000000756,0000629167,062978,057395,040314,042133,-02646,-00276,-60316,089548,-76408,090719
0000000757,0000630000,062978,057395,040314,042133,-02644,-00260,-60300,092736,-90375,071902
0000000758,0000630833,062978,057395,040314,042133,-02638,-00267,-60307,095215,-92280,049019
0000000759,0000631667,062978,057395,040314,042133,-02650,-00273,-60312,097690,-87531,019861
0000000760,0000632500,062978,057395,040314,042133,-02642,-00271,-60310,099074,-71894,-09236
0000000761,0000633333,062978,057395,040314,042133,-02640,-00268,-60307,099861,-50493,-38121
0000000762,0000634167,062978,057395,040314,042133,-02645,-00271,-60311,099488,-22639,-62112
0000000763,0000635000,062978,057395,040314,042133,-02644,-00274,-60314,098330,006935,-79924
0000000764,0000635833,062978,057395,040314,042133,-02643,-00268,-60308,096362,036302,-89456
0000000765,0000636667,062978,057395,040314,042133,-02642,-00270,-60310,093775,062401,-89513
0000000766,0000637500,062978,057395,040314,042133,-02647,-00272,-60312,090917,082292,-80921
0000000767,0000638333,062978,057395,040314,042133,-02643,-00269,-60309,087840,094951,-63351
0000000768,0000639167,062978,057395,040314,042133,-02643,-00269,-60309,085160,097875,-39855
0000000769,0000640000,062978,057395,040314,042133,-02645,-00271,-60310,082826,092409,-11120
0000000770,0000640833,062978,057395,040314,042133,-02643,-00270,-60310,081412,077268,018432
0000000771,0000641667,062978,057395,040314,042133,-02643,-00269,-60309,080691,055684,047319
0000000772,0000642500,062978,057395,040314,042133,-02643,-00270,-60310,081038,028083,071338
0000000773,0000643333,062978,057395,040314,042133,-02644,-00270,-60310,082165,-01229,089410
0000000774,0000644167,062978,057395,040314,042133,-02643,-00269,-60309,084192,-30709,098820
0000000775,0000645000,062978,057395,040314,042133,-02643,-00269,-60309,086748,-56488,099324
0000000776,0000645833,062978,057395,040314,042133,-02643,-00270,-60309,089687,-76833,090290
0000000777,0000646667,062978,057395,040314,042133,-02643,-00269,-60309,092652,-89260,072900
0000000778,0000647500,062978,057395,040314,042133,-02643,-00269,-60309,095379,-92711,048884
0000000779,0000648333,062978,057395,040314,042133,-02643,-00270,-60309,097631,-86842,020431
0000000780,0000649167,062978,057395,040314,042133,-02643,-00269,-60309,099133,-72037,-09339
0000000781,0000650000,062978,057395,040314,042133,-02643,-00269,-60309,099813,-50155,-37983
0000000782,0000650833,062978,057395,040314,042133,-02643,-00270,-60309,099497,-22831,-62209
0000000783,0000651667,062978,057395,040314,042133,-02643,-00270,-60309,098330,006700,-80163
0000000784,0000652500,062978,057395,040314,042133,-02643,-00269,-60309,096325,036154,-89558
0000000785,0000653333,062978,057395,040314,042133,-02643,-00269,-60309,093781,062096,-89885
0000000786,0000654167,062978,057395,040314,042133,-02643,-00270,-60309,090849,082457,-80802
0000000787,0000655000,062978,057395,040314,042133,-02643,-00270,-60309,087890,094796,-63546
0000000788,0000655833,062978,057395,040314,042133,-02643,-00270,-60309,085131,098228,-39524
0000000789,0000656667,062978,057395,040314,042133,-02643,-00270,-60309,082894,092243,-11230
0000000790,0000657500,062978,057395,040314,042133,-02643,-00270,-60309,081372,077601,018685
0000000791,0000658333,062978,057395,040314,042133,-02643,-00270,-60309,080725,055583,047228
0000000792,0000659167,062978,057395,040314,042133,-02643,-00270,-60309,081010,028366,071552
0000000793,0000660000,062978,057395,040314,042133,-02643,-00270,-60309,082189,-01340,089371
0000000794,0000660833,062978,057395,040314,042133,-02643,-00270,-60309,084175,-30687,098828
0000000795,0000661667,062978,057395,040314,042133,-02643,-00270,-60309,086743,-56663,099180
0000000796,0000662500,062978,057395,040314,042133,-02643,-00270,-60309,089674,-76911,090214
0000000797,0000663333,062978,057395,040314,042133,-02643,-00270,-60309,092643,-89270,072908
0000000798,0000664167,062978,057395,040314,042133,-02643,-00270,-60309,095391,-92739,048840
0000000799,0000665000,062978,057395,040314,042133,-02643,-00270,-60309,097624,-86789,020513
0000000800,0000665833,062978,057395,040314,042133,-02643,-00270,-60309,099149,-72101,-09400
0000000801,0000666667,062978,057395,040314,042133,-02643,-00270,-60309,099796,-50036,-37884
0000000802,0000667500,062978,057395,040314,042133,-02643,-00270,-60309,099517,-22861,-62248
0000000803,0000668333,062978,057395,040314,042133,-02643,-00270,-60309,098322,006829,-80054
0000000804,0000669167,062978,057395,040314,042133,-02643,-00270,-60309,096342,036104,-89583
0000000805,0000670000,062978,057395,040314,042133,-02643,-00270,-60309,093769,062138,-89888
0000000806,0000670833,062978,057395,040314,042133,-02643,-00270,-60309,090852,082371,-80885
0000000807,0000671667,062978,057395,040314,042133,-02643,-00270,-60309,087879,094796,-63553
0000000808,0000672500,062978,057395,040314,042133,-02643,-00270,-60309,085133,098229,-39544
0000000809,0000673333,062978,057395,040314,042133,-02643,-00270,-60309,082894,092261,-11227
0000000810,0000674167,062978,057395,040314,042133,-02643,-00270,-60309,081371,077585,018678
0000000811,0000675000,062978,057395,040314,042133,-02643,-00270,-60309,080723,055573,047208
0000000812,0000675833,062978,057395,040314,042133,-02643,-00270,-60309,081006,028395,071579
0000000813,0000676667,062978,057395,040314,042133,-02643,-00270,-60309,082197,-01325,089377
0000000814,0000677500,062978,057395,040314,042133,-02643,-00270,-60309,084172,-30641,098898
0000000815,0000678333,062978,057395,040314,042133,-02643,-00270,-60309,086748,-56686,099167
0000000816,0000679167,062978,057395,040314,042133,-02643,-00270,-60309,089667,-76897,090215
0000000817,0000680000,062978,057395,040314,042133,-02643,-00270,-60309,092645,-89324,072891
0000000818,0000680833,062978,057395,040314,042133,-02643,-00270,-60309,095388,-92723,048858
0000000819,0000681667,062978,057395,040314,042133,-02643,-00270,-60309,097627,-86795,020504
0000000820,0000682500,062978,057395,040314,042133,-02643,-00270,-60309,099148,-72111,-09402
0000000821,0000683333,062978,057395,040314,042133,-02643,-00270,-60309,099796,-50063,-37908
0000000822,0000684167,062978,057395,040314,042133,-02643,-00270,-60309,099514,-22865,-62255
0000000823,0000685000,062978,057395,040314,042133,-02643,-00270,-60309,098324,006839,-80061
0000000824,0000685833,062978,057395,040314,042133,-02643,-00270,-60309,096344,036122,-89572
0000000825,0000686667,062978,057395,040314,042133,-02643,-00270,-60309,093769,062150,-89864
0000000826,0000687500,062978,057395,040314,042133,-02643,-00270,-60309,090852,082376,-80913
0000000827,0000688333,062978,057395,040314,042133,-02643,-00270,-60309,087877,094798,-63558
0000000828,0000689167,062978,057395,040314,042133,-02643,-00270,-60309,085135,098215,-39548
0000000829,0000690000,062978,057395,040314,042133,-02643,-00270,-60309,082892,092294,-11216
0000000830,0000690833,062978,057395,040314,042133,-02643,-00270,-60309,081372,077583,018674
0000000831,0000691667,062978,057395,040314,042133,-02643,-00270,-60309,080722,055567,047200
0000000832,0000692500,062978,057395,040314,042133,-02643,-00270,-60309,081004,028384,071576
0000000833,0000693333,062978,057395,040314,042133,-02643,-00270,-60309,082195,-01322,089381
0000000834,0000694167,062978,057395,040314,042133,-02643,-00270,-60309,084174,-30633,098897
0000000835,0000695000,062978,057395,040314,042133,-02643,-00270,-60309,086748,-56688,099193
0000000836,0000695833,062978,057395,040314,042133,-02643,-00270,-60309,089667,-76901,090217
0000000837,0000696667,062978,057395,040314,042133,-02643,-00270,-60309,092644,-89324,072879
0000000838,0000697500,062978,057395,040314,042133,-02643,-00270,-60309,095388,-92741,048867
0000000839,0000698333,062978,057395,040314,042133,-02643,-00270,-60309,097629,-86794,020510
0000000840,0000699167,062978,057395,040314,042133,-02643,-00270,-60309,099148,-72096,-09392
0000000841,0000700000,062978,057395,040314,042133,-02643,-00270,-60309,099798,-50078,-37921
0000000842,0000700833,062978,057395,040314,042133,-02643,-00270,-60309,099513,-22872,-62262
0000000843,0000701667,062978,057395,040314,042133,-02643,-00270,-60309,098324,006831,-80062
0000000844,0000702500,062978,057395,040314,042133,-02643,-00270,-60309,096345,036134,-89584
0000000845,0000703333,062978,057395,040314,042133,-02643,-00270,-60309,093770,062156,-89863
0000000846,0000704167,062978,057395,040314,042133,-02643,-00270,-60309,090852,082371,-80904
0000000847,0000705000,062978,057395,040314,042133,-02643,-00270,-60309,087876,094810,-63576
0000000848,0000705833,062978,057395,040314,042133,-02643,-00270,-60309,085134,098215,-39552
0000000849,0000706667,062978,057395,040314,042133,-02643,-00270,-60309,082893,092288,-11212
0000000850,0000707500,062978,057395,040314,042133,-02643,-00270,-60309,081371,077602,018681
0000000851,0000708333,062978,057395,040314,042133,-02643,-00270,-60309,080722,055569,047202
0000000852,0000709167,062978,057395,040314,042133,-02643,-00270,-60309,081005,028377,071566
0000000853,0000710000,062978,057395,040314,042133,-02643,-00270,-60309,082193,-01326,089393
0000000854,0000710833,062978,057395,040314,042133,-02643,-00270,-60309,084174,-30634,098899
0000000855,0000711667,062978,057395,040314,042133,-02643,-00270,-60309,086748,-56679,099189
0000000856,0000712500,062978,057395,040314,042133,-02643,-00270,-60309,089667,-76915,090233
0000000857,0000713333,062978,057395,040314,042133,-02643,-00270,-60309,092644,-89327,072878
0000000858,0000714167,062978,057395,040314,042133,-02643,-00270,-60309,095388,-92737,048859
0000000859,0000715000,062978,057395,040314,042133,-02643,-00270,-60309,097630,-86809,020513
0000000860,0000715833,062978,057395,040314,042133,-02643,-00270,-60309,099148,-72095,-09390
0000000861,0000716667,062978,057395,040314,042133,-02643,-00270,-60309,099797,-50070,-37914
0000000862,0000717500,062978,057395,040314,042133,-02643,-00270,-60309,099514,-22878,-62276
0000000863,0000718333,062978,057395,040314,042133,-02643,-00270,-60309,098323,006828,-80067
0000000864,0000719167,062978,057395,040314,042133,-02643,-00270,-60309,096345,036130,-89577
0000000865,0000720000,062978,057395,040314,042133,-02643,-00270,-60309,093771,062168,-89878
0000000866,0000720833,062978,057395,040314,042133,-02643,-00270,-60309,090852,082375,-80904
0000000867,0000721667,062978,057395,040314,042133,-02643,-00270,-60309,087876,094800,-63570
0000000868,0000722500,062978,057395,040314,042133,-02643,-00270,-60309,085133,098229,-39562
0000000869,0000723333,062978,057395,040314,042133,-02643,-00270,-60309,082892,092288,-11214
0000000870,0000724167,062978,057395,040314,042133,-02643,-00270,-60309,081372,077596,018682
0000000871,0000725000,062978,057395,040314,042133,-02643,-00270,-60309,080720,055580,047211
0000000872,0000725833,062978,057395,040314,042133,-02643,-00270,-60309,081005,028377,071567
0000000873,0000726667,062978,057395,040314,042133,-02643,-00270,-60309,082194,-01328,089382
0000000874,0000727500,062978,057395,040314,042133,-02643,-00270,-60309,084172,-30641,098914
0000000875,0000728333,062978,057395,040314,042133,-02643,-00270,-60309,086748,-56679,099191
0000000876,0000729167,062978,057395,040314,042133,-02643,-00270,-60309,089667,-76905,090226
0000000877,0000730000,062978,057395,040314,042133,-02643,-00270,-60309,092644,-89343,072890
0000000878,0000730833,062978,057395,040314,042133,-02643,-00270,-60309,095387,-92739,048857
0000000879,0000731667,062978,057395,040314,042133,-02643,-00270,-60309,097629,-86802,020509
0000000880,0000732500,062978,057395,040314,042133,-02643,-00270,-60309,099150,-72107,-09392
0000000881,0000733333,062978,057395,040314,042133,-02643,-00270,-60309,099798,-50069,-37913
0000000882,0000734167,062978,057395,040314,042133,-02643,-00270,-60309,099513,-22874,-62269
0000000883,0000735000,062978,057395,040314,042133,-02643,-00270,-60309,098325,006828,-80082
0000000884,0000735833,062978,057395,040314,042133,-02643,-00270,-60309,096345,036129,-89579
0000000885,0000736667,062978,057395,040314,042133,-02643,-00270,-60309,093770,062162,-89868
0000000886,0000737500,062978,057395,040314,042133,-02643,-00270,-60309,090852,082389,-80917
0000000887,0000738333,062978,057395,040314,042133,-02643,-00270,-60309,087876,094802,-63570
0000000888,0000739167,062978,057395,040314,042133,-02643,-00270,-60309,085133,098219,-39558
0000000889,0000740000,062978,057395,040314,042133,-02643,-00270,-60309,082891,092302,-11217
0000000890,0000740833,062978,057395,040314,042133,-02643,-00270,-60309,081372,077596,018682
0000000891,0000741667,062978,057395,040314,042133,-02643,-00270,-60309,080721,055575,047208
0000000892,0000742500,062978,057395,040314,042133,-02643,-00270,-60309,081003,028382,071579
0000000893,0000743333,062978,057395,040314,042133,-02643,-00270,-60309,082194,-01329,089383
0000000894,0000744167,062978,057395,040314,042133,-02643,-00270,-60309,084173,-30639,098903
0000000895,0000745000,062978,057395,040314,042133,-02643,-00270,-60309,086748,-56689,099206
0000000896,0000745833,062978,057395,040314,042133,-02643,-00270,-60309,089667,-76905,090227
0000000897,0000746667,062978,057395,040314,042133,-02643,-00270,-60309,092644,-89333,072883
0000000898,0000747500,062978,057395,040314,042133,-02643,-00270,-60309,095388,-92755,048864
0000000899,0000748333,062978,057395,040314,042133,-02643,-00270,-60309,097629,-86803,020508
0000000900,0000749167,062978,057395,040314,042133,-02643,-00270,-60309,099149,-72100,-09392
0000000901,0000750000,062978,057395,040314,042133,-02643,-00270,-60309,099799,-50077,-37920
0000000902,0000750833,062978,057395,040314,042133,-02643,-00270,-60309,099514,-22874,-62269
0000000903,0000751667,062978,057395,040314,042133,-02643,-00270,-60309,098324,006828,-80073
0000000904,0000752500,062978,057395,040314,042133,-02643,-00270,-60309,096345,036134,-89595
0000000905,0000753333,062978,057395,040314,042133,-02643,-00270,-60309,093770,062162,-89869
0000000906,0000754167,062978,057395,040314,042133,-02643,-00270,-60309,090852,082381,-80908
0000000907,0000755000,062978,057395,040314,042133,-02643,-00270,-60309,087876,094817,-63580
0000000908,0000755833,062978,057395,040314,042133,-02643,-00270,-60309,085133,098219,-39557
0000000909,0000756667,062978,057395,040314,042133,-02643,-00270,-60309,082892,092292,-11215
0000000910,0000757500,062978,057395,040314,042133,-02643,-00270,-60309,081370,077607,018684
0000000911,0000758333,062978,057395,040314,042133,-02643,-00270,-60309,080721,055575,047209
0000000912,0000759167,062978,057395,040314,042133,-02643,-00270,-60309,081004,028379,071572
0000000913,0000760000,062978,057395,040314,042133,-02643,-00270,-60309,082193,-01330,089396
0000000914,0000760833,062978,057395,040314,042133,-02643,-00270,-60309,084173,-30639,098903
0000000915,0000761667,062978,057395,040314,042133,-02643,-00270,-60309,086748,-56683,099195
0000000916,0000762500,062978,057395,040314,042133,-02643,-00270,-60309,089667,-76918,090240
0000000917,0000763333,062978,057395,040314,042133,-02643,-00270,-60309,092644,-89333,072883
0000000918,0000764167,062978,057395,040314,042133,-02643,-00270,-60309,095388,-92744,048859
0000000919,0000765000,062978,057395,040314,042133,-02643,-00270,-60309,097630,-86817,020510
0000000920,0000765833,062978,057395,040314,042133,-02643,-00270,-60309,099149,-72100,-09392
0000000921,0000766667,062978,057395,040314,042133,-02643,-00270,-60309,099798,-50071,-37916
0000000922,0000767500,062978,057395,040314,042133,-02643,-00270,-60309,099515,-22877,-62279
0000000923,0000768333,062978,057395,040314,042133,-02643,-00270,-60309,098324,006829,-80073
0000000924,0000769167,062978,057395,040314,042133,-02643,-00270,-60309,096345,036131,-89585
0000000925,0000770000,062978,057395,040314,042133,-02643,-00270,-60309,093771,062172,-89884
0000000926,0000770833,062978,057395,040314,042133,-02643,-00270,-60309,090852,082381,-80908
0000000927,0000771667,062978,057395,040314,042133,-02643,-00270,-60309,087876,094807,-63572
0000000928,0000772500,062978,057395,040314,042133,-02643,-00270,-60309,085132,098234,-39564
0000000929,0000773333,062978,057395,040314,042133,-02643,-00270,-60309,082892,092291,-11215
0000000930,0000774167,062978,057395,040314,042133,-02643,-00270,-60309,081371,077598,018683
0000000931,0000775000,062978,057395,040314,042133,-02643,-00270,-60309,080720,055582,047216
0000000932,0000775833,062978,057395,040314,042133,-02643,-00270,-60309,081004,028379,071572
0000000933,0000776667,062978,057395,040314,042133,-02643,-00270,-60309,082194,-01330,089387
0000000934,0000777500,062978,057395,040314,042133,-02643,-00270,-60309,084172,-30645,098917
0000000935,0000778333,062978,057395,040314,042133,-02643,-00270,-60309,086748,-56683,099195
0000000936,0000779167,062978,057395,040314,042133,-02643,-00270,-60309,089667,-76909,090230
0000000937,0000780000,062978,057395,040314,042133,-02643,-00270,-60309,092645,-89347,072893
0000000938,0000780833,062978,057395,040314,042133,-02643,-00270,-60309,095388,-92744,048859
0000000939,0000781667,062978,057395,040314,042133,-02643,-00270,-60309,097629,-86807,020508
0000000940,0000782500,062978,057395,040314,042133,-02643,-00270,-60309,099150,-72111,-09395
0000000941,0000783333,062978,057395,040314,042133,-02643,-00270,-60309,099798,-50071,-37916
0000000942,0000784167,062978,057395,040314,042133,-02643,-00270,-60309,099514,-22874,-62272
0000000943,0000785000,062978,057395,040314,042133,-02643,-00270,-60309,098325,006830,-80086
0000000944,0000785833,062978,057395,040314,042133,-02643,-00270,-60309,096345,036131,-89585
0000000945,0000786667,062978,057395,040314,042133,-02643,-00270,-60309,093770,062165,-89873
0000000946,0000787500,062978,057395,040314,042133,-02643,-00270,-60309,090852,082394,-80921
0000000947,0000788333,062978,057395,040314,042133,-02643,-00270,-60309,087876,094807,-63572
0000000948,0000789167,062978,057395,040314,042133,-02643,-00270,-60309,085133,098223,-39558
0000000949,0000790000,062978,057395,040314,042133,-02643,-00270,-60309,082890,092305,-11217
0000000950,0000790833,062978,057395,040314,042133,-02643,-00270,-60309,081371,077597,018684
0000000951,0000791667,062978,057395,040314,042133,-02643,-00270,-60309,080721,055575,047211
0000000952,0000792500,062978,057395,040314,042133,-02643,-00270,-60309,081003,028382,071583
0000000953,0000793333,062978,057395,040314,042133,-02643,-00269,-60309,082194,-01330,089387
0000000954,0000794167,062978,057395,040314,042133,-02643,-00269,-60309,084173,-30642,098906
0000000955,0000795000,062978,057395,040314,042133,-02643,-00269,-60309,086748,-56693,099209
0000000956,0000795833,062978,057395,040314,042133,-02643,-00269,-60309,089667,-76909,090229
0000000957,0000796667,062978,057395,040314,042133,-02643,-00269,-60309,092644,-89336,072885
0000000958,0000797500,062978,057395,040314,042133,-02643,-00269,-60309,095389,-92758,048865
0000000959,0000798333,062978,057395,040314,042133,-02643,-00269,-60309,097629,-86806,020508
0000000960,0000799167,062978,057395,040314,042133,-02643,-00269,-60309,099149,-72102,-09394
0000000961,0000800000,062978,057395,040314,042133,-02643,-00269,-60309,099800,-50079,-37923
0000000962,0000800833,062978,057395,040314,042133,-02643,-00269,-60309,099514,-22873,-62272
0000000963,0000801667,062978,057395,040314,042133,-02643,-00269,-60309,098324,006830,-80077
0000000964,0000802500,062978,057395,040314,042133,-02643,-00269,-60309,096346,036137,-89599
0000000965,0000803333,062978,057395,040314,042133,-02643,-00269,-60309,093770,062166,-89873
0000000966,0000804167,062978,057395,040314,042133,-02643,-00269,-60309,090852,082385,-80910
0000000967,0000805000,062978,057395,040314,042133,-02643,-00269,-60309,087875,094821,-63581
0000000968,0000805833,062978,057395,040314,042133,-02643,-00269,-60309,085133,098223,-39557
0000000969,0000806667,062978,057395,040314,042133,-02643,-00269,-60309,082891,092294,-11214
0000000970,0000807500,062978,057395,040314,042133,-02643,-00269,-60309,081370,077608,018687
0000000971,0000808333,062978,057395,040314,042133,-02643,-00269,-60309,080721,055574,047211
0000000972,0000809167,062978,057395,040314,042133,-02643,-00269,-60309,081004,028378,071576
0000000973,0000810000,062978,057395,040314,042133,-02643,-00269,-60309,082193,-01332,089400
0000000974,0000810833,062978,057395,040314,042133,-02643,-00269,-60309,084173,-30642,098906
0000000975,0000811667,062978,057395,040314,042133,-02643,-00269,-60309,086748,-56686,099197
0000000976,0000812500,062978,057395,040314,042133,-02643,-00269,-60309,089667,-76921,090241
0000000977,0000813333,062978,057395,040314,042133,-02643,-00269,-60309,092644,-89335,072884
0000000978,0000814167,062978,057395,040314,042133,-02643,-00269,-60309,095388,-92747,048859
0000000979,0000815000,062978,057395,040314,042133,-02643,-00269,-60309,097630,-86819,020510
0000000980,0000815833,062978,057395,040314,042133,-02643,-00269,-60309,099149,-72101,-09394
0000000981,0000816667,062978,057395,040314,042133,-02643,-00269,-60309,099798,-50072,-37919
0000000982,0000817500,062978,057395,040314,042133,-02643,-00269,-60309,099515,-22877,-62283
0000000983,0000818333,062978,057395,040314,042133,-02643,-00269,-60309,098324,006831,-80077
0000000984,0000819167,062978,057395,040314,042133,-02643,-00269,-60309,096345,036134,-89588
0000000985,0000820000,062978,057395,040314,042133,-02643,-00269,-60309,093770,062175,-89887
0000000986,0000820833,062978,057395,040314,042133,-02643,-00269,-60309,090852,082385,-80910
0000000987,0000821667,062978,057395,040314,042133,-02643,-00269,-60309,087876,094811,-63573
0000000988,0000822500,062978,057395,040314,042133,-02643,-00269,-60309,085132,098237,-39563
0000000989,0000823333,062978,057395,040314,042133,-02643,-00269,-60309,082891,092293,-11213
0000000990,0000824167,062978,057395,040314,042133,-02643,-00269,-60309,081371,077599,018686
0000000991,0000825000,062978,057395,040314,042133,-02643,-00269,-60309,080719,055581,047219
0000000992,0000825833,062978,057395,040314,042133,-02643,-00269,-60309,081004,028377,071575
0000000993,0000826667,062978,057395,040314,042133,-02643,-00269,-60309,082194,-01332,089390
0000000994,0000827500,062978,057395,040314,042133,-02643,-00269,-60309,084172,-30648,098920
0000000995,0000828333,062978,057395,040314,042133,-02643,-00269,-60309,086748,-56686,099196
0000000996,0000829167,062978,057395,040314,042133,-02643,-00269,-60309,089667,-76912,090230
0000000997,0000830000,062978,057395,040314,042133,-02643,-00269,-60309,092645,-89349,072893
0000000998,0000830833,062978,057395,040314,042133,-02643,-00269,-60309,095388,-92745,048858
0000000999,0000831667,062978,057395,040314,042133,-02643,-00269,-60309,097629,-86808,020507
0000001000,0000832500,062978,057395,040314,042133,-02643,-00269,-60309,099150,-72112,-09397
0000001001,0000833333,062978,057395,040314,042133,-02643,-00269,-60309,099798,-50071,-37919
0000001002,0000834167,062978,057395,040314,042133,-02643,-00269,-60309,099514,-22873,-62275
0000001003,0000835000,062978,057395,040314,042133,-02643,-00269,-60309,098325,006832,-80090
0000001004,0000835833,062978,057395,040314,042133,-02643,-00269,-60309,096345,036134,-89588
0000001005,0000836667,062978,057395,040314,042133,-02643,-00269,-60309,093770,062169,-89876
0000001006,0000837500,062978,057395,040314,042133,-02643,-00269,-60309,090852,082397,-80922
0000001007,0000838333,062978,057395,040314,042133,-02643,-00269,-60309,087875,094810,-63572
0000001008,0000839167,062978,057395,040314,042133,-02643,-00269,-60309,085132,098226,-39556
0000001009,0000840000,062978,057395,040314,042133,-02643,-00269,-60309,082890,092306,-11214
0000001010,0000840833,062978,057395,040314,042133,-02643,-00269,-60309,081371,077597,018687
0000001011,0000841667,062978,057395,040314,042133,-02643,-00269,-60309,080720,055574,047214
0000001012,0000842500,062978,057395,040314,042133,-02643,-00269,-60309,081003,028379,071586
0000001013,0000843333,062978,057395,040314,042133,-02643,-00269,-60309,082194,-01333,089389
0000001014,0000844167,062978,057395,040314,042133,-02643,-00269,-60309,084173,-30644,098908
0000001015,0000845000,062978,057395,040314,042133,-02643,-00269,-60309,086748,-56695,099210
0000001016,0000845833,062978,057395,040314,042133,-02643,-00269,-60309,089668,-76911,090229
0000001017,0000846667,062978,057395,040314,042133,-02643,-00269,-60309,092645,-89338,072884
0000001018,0000847500,062978,057395,040314,042133,-02643,-00269,-60309,095389,-92759,048864
0000001019,0000848333,062978,057395,040314,042133,-02643,-00269,-60309,097629,-86807,020506
0000001020,0000849167,062978,057395,040314,042133,-02643,-00269,-60309,099149,-72102,-09396
0000001021,0000850000,062978,057395,040314,042133,-02643,-00269,-60309,099800,-50078,-37926
0000001022,0000850833,062978,057395,040314,042133,-02643,-00269,-60309,099514,-22872,-62275
0000001023,0000851667,062978,057395,040314,042133,-02643,-00269,-60309,098324,006832,-80080
0000001024,0000852500,062978,057395,040314,042133,-02643,-00269,-60309,096345,036140,-89602
0000001025,0000853333,062978,057395,040314,042133,-02643,-00269,-60309,093770,062169,-89875
0000001026,0000854167,062978,057395,040314,042133,-02643,-00269,-60309,090852,082388,-80911
0000001027,0000855000,062978,057395,040314,042133,-02643,-00269,-60309,087875,094824,-63581
0000001028,0000855833,062978,057395,040314,042133,-02643,-00269,-60309,085132,098225,-39555
0000001029,0000856667,062978,057395,040314,042133,-02643,-00269,-60309,082891,092295,-11211
0000001030,0000857500,062978,057395,040314,042133,-02643,-00269,-60309,081370,077608,018690
0000001031,0000858333,062978,057395,040314,042133,-02643,-00269,-60309,080721,055573,047215
0000001032,0000859167,062978,057395,040314,042133,-02643,-00269,-60309,081004,028375,071578
0000001033,0000860000,062978,057395,040314,042133,-02643,-00269,-60309,082193,-01334,089402
0000001034,0000860833,062978,057395,040314,042133,-02643,-00269,-60309,084173,-30644,098907
0000001035,0000861667,062978,057395,040314,042133,-02643,-00269,-60309,086748,-56688,099198
0000001036,0000862500,062978,057395,040314,042133,-02643,-00269,-60309,089667,-76923,090241
0000001037,0000863333,062978,057395,040314,042133,-02643,-00269,-60309,092645,-89337,072883
0000001038,0000864167,062978,057395,040314,042133,-02643,-00269,-60309,095388,-92747,048858
0000001039,0000865000,062978,057395,040314,042133,-02643,-00269,-60309,097630,-86819,020508
0000001040,0000865833,062978,057395,040314,042133,-02643,-00269,-60309,099149,-72101,-09396
0000001041,0000866667,062978,057395,040314,042133,-02643,-00269,-60309,099799,-50071,-37921
0000001042,0000867500,062978,057395,040314,042133,-02643,-00269,-60309,099515,-22875,-62285
0000001043,0000868333,062978,057395,040314,042133,-02643,-00269,-60309,098324,006833,-80079
0000001044,0000869167,062978,057395,040314,042133,-02643,-00269,-60309,096345,036137,-89590
0000001045,0000870000,062978,057395,040314,042133,-02643,-00269,-60309,093770,062178,-89888
0000001046,0000870833,062978,057395,040314,042133,-02643,-00269,-60309,090851,082388,-80910
0000001047,0000871667,062978,057395,040314,042133,-02643,-00269,-60309,087875,094813,-63572
0000001048,0000872500,062978,057395,040314,042133,-02643,-00269,-60309,085132,098239,-39561
0000001049,0000873333,062978,057395,040314,042133,-02643,-00269,-60309,082891,092293,-11210
0000001050,0000874167,062978,057395,040314,042133,-02643,-00269,-60309,081371,077598,018689
0000001051,0000875000,062978,057395,040314,042133,-02643,-00269,-60309,080719,055579,047222
0000001052,0000875833,062978,057395,040314,042133,-02643,-00269,-60309,081004,028374,071578
0000001053,0000876667,062978,057395,040314,042133,-02643,-00269,-60309,082194,-01335,089391
0000001054,0000877500,062978,057395,040314,042133,-02643,-00269,-60309,084172,-30650,098920
0000001055,0000878333,062978,057395,040314,042133,-02643,-00269,-60309,086748,-56688,099196
0000001056,0000879167,062978,057395,040314,042133,-02643,-00269,-60309,089668,-76913,090230
0000001057,0000880000,062978,057395,040314,042133,-02643,-00269,-60309,092645,-89350,072892
0000001058,0000880833,062978,057395,040314,042133,-02643,-00269,-60309,095388,-92746,048857
0000001059,0000881667,062978,057395,040314,042133,-02643,-00269,-60309,097630,-86808,020505
0000001060,0000882500,062978,057395,040314,042133,-02643,-00269,-60309,099150,-72112,-09399
0000001061,0000883333,062978,057395,040314,042133,-02643,-00269,-60309,099798,-50070,-37921
0000001062,0000884167,062978,057395,040314,042133,-02643,-00269,-60309,099514,-22871,-62278
0000001063,0000885000,062978,057395,040314,042133,-02643,-00269,-60309,098325,006834,-80092
0000001064,0000885833,062978,057395,040314,042133,-02643,-00269,-60309,096345,036137,-89590
0000001065,0000886667,062978,057395,040314,042133,-02643,-00269,-60309,093770,062172,-89877
0000001066,0000887500,062978,057395,040314,042133,-02643,-00269,-60309,090851,082400,-80922
0000001067,0000888333,062978,057395,040314,042133,-02643,-00269,-60309,087875,094812,-63571
0000001068,0000889167,062978,057395,040314,042133,-02643,-00269,-60309,085132,098227,-39554
0000001069,0000890000,062978,057395,040314,042133,-02643,-00269,-60309,082890,092306,-11211
0000001070,0000890833,062978,057395,040314,042133,-02643,-00269,-60309,081371,077596,018690
0000001071,0000891667,062978,057395,040314,042133,-02643,-00269,-60309,080720,055572,047217
0000001072,0000892500,062978,057395,040314,042133,-02643,-00269,-60309,081003,028377,071588
0000001073,0000893333,062978,057395,040314,042133,-02643,-00269,-60309,082194,-01335,089391
0000001074,0000894167,062978,057395,040314,042133,-02643,-00269,-60309,084173,-30647,098909
0000001075,0000895000,062978,057395,040314,042133,-02643,-00269,-60309,086748,-56697,099209
0000001076,0000895833,062978,057395,040314,042133,-02643,-00269,-60309,089668,-76912,090228
0000001077,0000896667,062978,057395,040314,042133,-02643,-00269,-60309,092645,-89338,072883
0000001078,0000897500,062978,057395,040314,042133,-02643,-00269,-60309,095389,-92760,048863
0000001079,0000898333,062978,057395,040314,042133,-02643,-00269,-60309,097629,-86807,020505
0000001080,0000899167,062978,057395,040314,042133,-02643,-00269,-60309,099149,-72102,-09398
0000001081,0000900000,062978,057395,040314,042133,-02643,-00269,-60309,099800,-50077,-37928
0000001082,0000900833,062978,057395,040314,042133,-02643,-00269,-60309,099514,-22870,-62277
0000001083,0000901667,062978,057395,040314,042133,-02643,-00269,-60309,098324,006835,-80082
0000001084,0000902500,062978,057395,040314,042133,-02643,-00269,-60309,096345,036143,-89603
0000001085,0000903333,062978,057395,040314,042133,-02643,-00269,-60309,093770,062172,-89876
0000001086,0000904167,062978,057395,040314,042133,-02643,-00269,-60309,090851,082391,-80911
0000001087,0000905000,062978,057395,040314,042133,-02643,-00269,-60309,087875,094826,-63580
0000001088,0000905833,062978,057395,040314,042133,-02643,-00269,-60309,085132,098226,-39553
0000001089,0000906667,062978,057395,040314,042133,-02643,-00269,-60309,082891,092295,-11208
0000001090,0000907500,062978,057395,040314,042133,-02643,-00269,-60309,081369,077606,018693
0000001091,0000908333,062978,057395,040314,042133,-02643,-00269,-60309,080720,055570,047218
0000001092,0000909167,062978,057395,040314,042133,-02643,-00269,-60309,081004,028373,071581
0000001093,0000910000,062978,057395,040314,042133,-02643,-00269,-60309,082193,-01337,089403
0000001094,0000910833,062978,057395,040314,042133,-02643,-00269,-60309,084173,-30647,098907
0000001095,0000911667,062978,057395,040314,042133,-02643,-00269,-60309,086749,-56690,099197
0000001096,0000912500,062978,057395,040314,042133,-02643,-00269,-60309,089668,-76924,090240
0000001097,0000913333,062978,057395,040314,042133,-02643,-00269,-60309,092645,-89337,072882
0000001098,0000914167,062978,057395,040314,042133,-02643,-00269,-60309,095388,-92748,048857
0000001099,0000915000,062978,057395,040314,042133,-02643,-00269,-60309,097631,-86819,020507
0000001100,0000915833,062978,057395,040314,042133,-02643,-00269,-60309,099149,-72101,-09398
0000001101,0000916667,062978,057395,040314,042133,-02643,-00269,-60309,099799,-50070,-37923
0000001102,0000917500,062978,057395,040314,042133,-02643,-00269,-60309,099515,-22873,-62288
0000001103,0000918333,062978,057395,040314,042133,-02643,-00269,-60309,098324,006835,-80081
0000001104,0000919167,062978,057395,040314,042133,-02643,-00269,-60309,096345,036139,-89592
0000001105,0000920000,062978,057395,040314,042133,-02643,-00269,-60309,093770,062181,-89889
0000001106,0000920833,062978,057395,040314,042133,-02643,-00269,-60309,090851,082391,-80910
0000001107,0000921667,062978,057395,040314,042133,-02643,-00269,-60309,087875,094815,-63571
0000001108,0000922500,062978,057395,040314,042133,-02643,-00269,-60309,085131,098239,-39559
0000001109,0000923333,062978,057395,040314,042133,-02643,-00269,-60309,082891,092293,-11207
0000001110,0000924167,062978,057395,040314,042133,-02643,-00269,-60309,081370,077596,018692
0000001111,0000925000,062978,057395,040314,042133,-02643,-00269,-60309,080719,055577,047225
0000001112,0000925833,062978,057395,040314,042133,-02643,-00269,-60309,081004,028372,071580
0000001113,0000926667,062978,057395,040314,042133,-02643,-00269,-60309,082194,-01337,089393
0000001114,0000927500,062978,057395,040314,042133,-02643,-00269,-60309,084172,-30652,098921
0000001115,0000928333,062978,057395,040314,042133,-02643,-00269,-60309,086749,-56689,099196
0000001116,0000929167,062978,057395,040314,042133,-02643,-00269,-60309,089668,-76914,090229
0000001117,0000930000,062978,057395,040314,042133,-02643,-00269,-60309,092645,-89350,072891
0000001118,0000930833,062978,057395,040314,042133,-02643,-00269,-60309,095388,-92746,048856
0000001119,0000931667,062978,057395,040314,042133,-02643,-00269,-60309,097630,-86808,020504
0000001120,0000932500,062978,057395,040314,042133,-02643,-00269,-60309,099150,-72111,-09400
0000001121,0000933333,062978,057395,040314,042133,-02643,-00269,-60309,099798,-50069,-37923
0000001122,0000934167,062978,057395,040314,042133,-02643,-00269,-60309,099514,-22869,-62280
0000001123,0000935000,062978,057395,040314,042133,-02643,-00269,-60309,098325,006837,-80094
0000001124,0000935833,062978,057395,040314,042133,-02643,-00269,-60309,096344,036139,-89591
0000001125,0000936667,062978,057395,040314,042133,-02643,-00269,-60309,093770,062175,-89878
0000001126,0000937500,062978,057395,040314,042133,-02643,-00269,-60309,090851,082403,-80922
0000001127,0000938333,062978,057395,040314,042133,-02643,-00269,-60309,087875,094814,-63569
0000001128,0000939167,062978,057395,040314,042133,-02643,-00269,-60309,085132,098228,-39552
0000001129,0000940000,062978,057395,040314,042133,-02643,-00269,-60309,082890,092306,-11209
0000001130,0000940833,062978,057395,040314,042133,-02643,-00269,-60309,081371,077595,018693
0000001131,0000941667,062978,057395,040314,042133,-02643,-00269,-60309,080720,055570,047220
0000001132,0000942500,062978,057395,040314,042133,-02643,-00269,-60309,081003,028374,071590
0000001133,0000943333,062978,057395,040314,042133,-02643,-00269,-60309,082194,-01338,089392
0000001134,0000944167,062978,057395,040314,042133,-02643,-00269,-60309,084173,-30649,098909
0000001135,0000945000,062978,057395,040314,042133,-02643,-00269,-60309,086748,-56698,099209
0000001136,0000945833,062978,057395,040314,042133,-02643,-00269,-60309,089668,-76913,090227
0000001137,0000946667,062978,057395,040314,042133,-02643,-00269,-60309,092645,-89339,072882
0000001138,0000947500,062978,057395,040314,042133,-02643,-00269,-60309,095389,-92760,048862
0000001139,0000948333,062978,057395,040314,042133,-02643,-00269,-60309,097630,-86806,020503
0000001140,0000949167,062978,057395,040314,042133,-02643,-00269,-60309,099149,-72101,-09399
0000001141,0000950000,062978,057395,040314,042133,-02643,-00269,-60309,099800,-50076,-37930
0000001142,0000950833,062978,057395,040314,042133,-02643,-00269,-60309,099514,-22869,-62279
0000001143,0000951667,062978,057395,040314,042133,-02643,-00269,-60309,098324,006837,-80084
0000001144,0000952500,062978,057395,040314,042133,-02643,-00269,-60308,096345,036145,-89605
0000001145,0000953333,062978,057395,040314,042133,-02643,-00269,-60308,093769,062174,-89876
0000001146,0000954167,062978,057395,040314,042133,-02643,-00269,-60308,090851,082393,-80911
0000001147,0000955000,062978,057395,040314,042133,-02643,-00269,-60308,087874,094828,-63579
0000001148,0000955833,062978,057395,040314,042133,-02643,-00269,-60308,085132,098226,-39551
0000001149,0000956667,062978,057395,040314,042133,-02643,-00269,-60308,082890,092294,-11206
0000001150,0000957500,062978,057395,040314,042133,-02643,-00269,-60308,081369,077605,018696
0000001151,0000958333,062978,057395,040314,042133,-02643,-00269,-60308,080720,055568,047220
0000001152,0000959167,062978,057395,040314,042133,-02643,-00269,-60308,081004,028370,071583
0000001153,0000960000,062978,057395,040314,042133,-02643,-00269,-60308,082193,-01339,089404
0000001154,0000960833,062978,057395,040314,042133,-02643,-00269,-60308,084173,-30649,098907
0000001155,0000961667,062978,057395,040314,042133,-02643,-00269,-60308,086749,-56691,099197
0000001156,0000962500,062978,057395,040314,042133,-02643,-00269,-60308,089668,-76925,090239
0000001157,0000963333,062978,057395,040314,042133,-02643,-00269,-60308,092645,-89337,072880
0000001158,0000964167,062978,057395,040314,042133,-02643,-00269,-60308,095388,-92747,048855
0000001159,0000965000,062978,057395,040314,042133,-02643,-00269,-60308,097631,-86819,020505
0000001160,0000965833,062978,057395,040314,042133,-02643,-00269,-60308,099149,-72100,-09399
0000001161,0000966667,062978,057395,040314,042133,-02643,-00269,-60308,099799,-50069,-37925
0000001162,0000967500,062978,057395,040314,042133,-02643,-00269,-60308,099515,-22872,-62289
0000001163,0000968333,062978,057395,040314,042133,-02643,-00269,-60308,098324,006837,-80083
0000001164,0000969167,062978,057395,040314,042133,-02643,-00269,-60308,096344,036141,-89593
0000001165,0000970000,062978,057395,040314,042133,-02643,-00269,-60308,093770,062184,-89890
0000001166,0000970833,062978,057395,040314,042133,-02643,-00269,-60308,090851,082393,-80910
0000001167,0000971667,062978,057395,040314,042133,-02643,-00269,-60308,087875,094817,-63570
0000001168,0000972500,062978,057395,040314,042133,-02643,-00269,-60308,085131,098240,-39557
0000001169,0000973333,062978,057395,040314,042133,-02643,-00269,-60308,082890,092293,-11205
0000001170,0000974167,062978,057395,040314,042133,-02643,-00269,-60308,081370,077595,018695
0000001171,0000975000,062978,057395,040314,042133,-02643,-00269,-60308,080719,055575,047227
0000001172,0000975833,062978,057395,040314,042133,-02643,-00269,-60308,081004,028369,071582
0000001173,0000976667,062978,057395,040314,042133,-02643,-00269,-60308,082194,-01339,089394
0000001174,0000977500,062978,057395,040314,042133,-02643,-00269,-60308,084173,-30654,098921
0000001175,0000978333,062978,057395,040314,042133,-02643,-00269,-60308,086749,-56691,099195
0000001176,0000979167,062978,057395,040314,042133,-02643,-00269,-60308,089668,-76915,090228
0000001177,0000980000,062978,057395,040314,042133,-02643,-00269,-60308,092645,-89350,072890
0000001178,0000980833,062978,057395,040314,042133,-02643,-00269,-60308,095388,-92746,048854
0000001179,0000981667,062978,057395,040314,042133,-02643,-00269,-60308,097630,-86807,020503
0000001180,0000982500,062978,057395,040314,042133,-02643,-00269,-60308,099150,-72110,-09402
0000001181,0000983333,062978,057395,040314,042133,-02643,-00269,-60308,099799,-50068,-37924
0000001182,0000984167,062978,057395,040314,042133,-02643,-00269,-60308,099514,-22868,-62281
0000001183,0000985000,062978,057395,040314,042133,-02643,-00269,-60308,098325,006838,-80095
0000001184,0000985833,062978,057395,040314,042133,-02643,-00269,-60308,096344,036141,-89592
0000001185,0000986667,062978,057395,040314,042133,-02643,-00269,-60308,093769,062177,-89878
0000001186,0000987500,062978,057395,040314,042133,-02643,-00269,-60308,090851,082405,-80922
0000001187,0000988333,062978,057395,040314,042133,-02643,-00269,-60308,087875,094815,-63568
0000001188,0000989167,062978,057395,040314,042133,-02643,-00269,-60308,085131,098228,-39550
0000001189,0000990000,062978,057395,040314,042133,-02643,-00269,-60308,082889,092305,-11206
0000001190,0000990833,062978,057395,040314,042133,-02643,-00269,-60308,081370,077594,018695
0000001191,0000991667,062978,057395,040314,042133,-02643,-00269,-60308,080720,055568,047222
0000001192,0000992500,062978,057395,040314,042133,-02643,-00269,-60308,081003,028372,071592
0000001193,0000993333,062978,057395,040314,042133,-02643,-00269,-60308,082194,-01340,089392
0000001194,0000994167,062978,057395,040314,042133,-02643,-00269,-60308,084173,-30650,098909
0000001195,0000995000,062978,057395,040314,042133,-02643,-00269,-60308,086748,-56699,099208
0000001196,0000995833,062978,057395,040314,042133,-02643,-00269,-60308,089668,-76914,090226
0000001197,0000996667,062978,057395,040314,042133,-02643,-00269,-60308,092645,-89339,072881
0000001198,0000997500,062978,057395,040314,042133,-02643,-00269,-60308,095389,-92759,048860
0000001199,0000998333,062978,057395,040314,042133,-02643,-00269,-60308,097630,-86806,020502
0000001200,0000999167,062978,057395,040314,042133,-02643,-00269,-60308,099149,-72101,-09400
0000001201,0001000000,062978,057395,040314,042133,-02643,-00269,-60308,099800,-50075,-37931
0000001202,0001000833,062978,057395,040314,042133,-02643,-00269,-60308,099514,-22868,-62281
0000001203,0001001667,062978,057395,040314,042133,-02643,-00269,-60308,098324,006838,-80085
0000001204,0001002500,062978,057395,040314,042133,-02643,-00269,-60308,096345,036147,-89606
0000001205,0001003333,062978,057395,040314,042133,-02643,-00269,-60308,093769,062176,-89877
0000001206,0001004167,062978,057395,040314,042133,-02643,-00269,-60308,090851,082395,-80911
0000001207,0001005000,062978,057395,040314,042133,-02643,-00269,-60308,087874,094829,-63578
0000001208,0001005833,062978,057395,040314,042133,-02643,-00269,-60308,085132,098227,-39549
0000001209,0001006667,062978,057395,040314,042133,-02643,-00269,-60308,082890,092294,-11203
0000001210,0001007500,062978,057395,040314,042133,-02643,-00269,-60308,081369,077604,018698
0000001211,0001008333,062978,057395,040314,042133,-02643,-00269,-60308,080720,055567,047222
0000001212,0001009167,062978,057395,040314,042133,-02643,-00269,-60308,081004,028368,071584
0000001213,0001010000,062978,057395,040314,042133,-02643,-00269,-60308,082193,-01341,089405
0000001214,0001010833,062978,057395,040314,042133,-02643,-00269,-60308,084174,-30650,098907
0000001215,0001011667,062978,057395,040314,042133,-02643,-00269,-60308,086749,-56692,099196
0000001216,0001012500,062978,057395,040314,042133,-02643,-00269,-60308,089668,-76925,090238
0000001217,0001013333,062978,057395,040314,042133,-02643,-00269,-60308,092645,-89337,072879
0000001218,0001014167,062978,057395,040314,042133,-02643,-00269,-60308,095389,-92747,048854
0000001219,0001015000,062978,057395,040314,042133,-02643,-00269,-60308,097631,-86818,020504
0000001220,0001015833,062978,057395,040314,042133,-02643,-00269,-60308,099149,-72099,-09400
0000001221,0001016667,062978,057395,040314,042133,-02643,-00269,-60308,099799,-50068,-37926
0000001222,0001017500,062978,057395,040314,042133,-02643,-00269,-60308,099515,-22871,-62290
0000001223,0001018333,062978,057395,040314,042133,-02643,-00269,-60308,098324,006839,-80084
0000001224,0001019167,062978,057395,040314,042133,-02643,-00269,-60308,096344,036143,-89594
0000001225,0001020000,062978,057395,040314,042133,-02643,-00269,-60308,093770,062185,-89890
0000001226,0001020833,062978,057395,040314,042133,-02643,-00269,-60308,090851,082394,-80910
0000001227,0001021667,062978,057395,040314,042133,-02643,-00269,-60308,087874,094818,-63569
0000001228,0001022500,062978,057395,040314,042133,-02643,-00269,-60308,085131,098241,-39555
0000001229,0001023333,062978,057395,040314,042133,-02643,-00269,-60308,082890,092293,-11203
0000001230,0001024167,062978,057395,040314,042133,-02643,-00269,-60308,081370,077594,018697
0000001231,0001025000,062978,057395,040314,042133,-02643,-00269,-60308,080719,055574,047229
0000001232,0001025833,062978,057395,040314,042133,-02643,-00269,-60308,081004,028367,071583
0000001233,0001026667,062978,057395,040314,042133,-02643,-00269,-60308,082194,-01341,089394
0000001234,0001027500,062978,057395,040314,042133,-02643,-00269,-60308,084173,-30655,098921
0000001235,0001028333,062978,057395,040314,042133,-02643,-00269,-60308,086749,-56691,099194
0000001236,0001029167,062978,057395,040314,042133,-02643,-00269,-60308,089668,-76915,090227
0000001237,0001030000,062978,057395,040314,042133,-02643,-00269,-60308,092645,-89350,072889
0000001238,0001030833,062978,057395,040314,042133,-02643,-00269,-60308,095388,-92745,048854
0000001239,0001031667,062978,057395,040314,042133,-02643,-00269,-60308,097630,-86807,020502
0000001240,0001032500,062978,057395,040314,042133,-02643,-00269,-60308,099150,-72110,-09402
0000001241,0001033333,062978,057395,040314,042133,-02643,-00269,-60308,099799,-50067,-37925
0000001242,0001034167,062978,057395,040314,042133,-02643,-00269,-60308,099514,-22867,-62282
0000001243,0001035000,062978,057395,040314,042133,-02643,-00269,-60308,098325,006839,-80096
0000001244,0001035833,062978,057395,040314,042133,-02643,-00269,-60308,096344,036143,-89593
0000001245,0001036667,062978,057395,040314,042133,-02643,-00269,-60308,093769,062178,-89879
0000001246,0001037500,062978,057395,040314,042133,-02643,-00269,-60308,090851,082406,-80922
0000001247,0001038333,062978,057395,040314,042133,-02643,-00269,-60308,087874,094816,-63568
0000001248,0001039167,062978,057395,040314,042133,-02643,-00269,-60308,085131,098229,-39549
0000001249,0001040000,062978,057395,040314,042133,-02643,-00269,-60308,082889,092305,-11204
0000001250,0001040833,062978,057395,040314,042133,-02643,-00269,-60308,081370,077593,018697
0000001251,0001041667,062978,057395,040314,042133,-02643,-00269,-60308,080720,055566,047224
0000001252,0001042500,062978,057395,040314,042133,-02643,-00269,-60308,081003,028371,071593
0000001253,0001043333,062978,057395,040314,042133,-02643,-00269,-60308,082194,-01341,089393
0000001254,0001044167,062978,057395,040314,042133,-02643,-00269,-60308,084174,-30651,098909
0000001255,0001045000,062978,057395,040314,042133,-02643,-00269,-60308,086749,-56700,099208
0000001256,0001045833,062978,057395,040314,042133,-02643,-00269,-60308,089668,-76914,090225
0000001257,0001046667,062978,057395,040314,042133,-02643,-00269,-60308,092645,-89339,072880
0000001258,0001047500,062978,057395,040314,042133,-02643,-00269,-60308,095389,-92759,048860
0000001259,0001048333,062978,057395,040314,042133,-02643,-00269,-60308,097630,-86805,020502
0000001260,0001049167,062978,057395,040314,042133,-02643,-00269,-60308,099149,-72100,-09401
0000001261,0001050000,062978,057395,040314,042133,-02643,-00269,-60308,099800,-50075,-37932
0000001262,0001050833,062978,057395,040314,042133,-02643,-00269,-60308,099514,-22867,-62281
0000001263,0001051667,062978,057395,040314,042133,-02643,-00269,-60308,098324,006839,-80086
0000001264,0001052500,062978,057395,040314,042133,-02643,-00269,-60308,096345,036148,-89606
0000001265,0001053333,062978,057395,040314,042133,-02643,-00269,-60308,093769,062178,-89877
0000001266,0001054167,062978,057395,040314,042133,-02643,-00269,-60308,090851,082396,-80911
0000001267,0001055000,062978,057395,040314,042133,-02643,-00269,-60308,087874,094830,-63577
0000001268,0001055833,062978,057395,040314,042133,-02643,-00269,-60308,085131,098227,-39548
0000001269,0001056667,062978,057395,040314,042133,-02643,-00269,-60308,082890,092294,-11202
0000001270,0001057500,062978,057395,040314,042133,-02643,-00269,-60308,081369,077603,018700
0000001271,0001058333,062978,057395,040314,042133,-02643,-00269,-60308,080720,055565,047223
0000001272,0001059167,062978,057395,040314,042133,-02643,-00269,-60308,081004,028367,071585
0000001273,0001060000,062978,057395,040314,042133,-02643,-00269,-60308,082193,-01342,089405
0000001274,0001060833,062978,057395,040314,042133,-02643,-00269,-60308,084174,-30651,098907
0000001275,0001061667,062978,057395,040314,042133,-02643,-00269,-60308,086749,-56693,099195
0000001276,0001062500,062978,057395,040314,042133,-02643,-00269,-60308,089668,-76925,090237
0000001277,0001063333,062978,057395,040314,042133,-02643,-00269,-60308,092645,-89337,072879
0000001278,0001064167,062978,057395,040314,042133,-02643,-00269,-60308,095389,-92747,048854
0000001279,0001065000,062978,057395,040314,042133,-02643,-00269,-60308,097631,-86818,020504
0000001280,0001065833,062978,057395,040314,042133,-02643,-00269,-60308,099149,-72099,-09400
0000001281,0001066667,062978,057395,040314,042133,-02643,-00269,-60308,099799,-50068,-37926
0000001282,0001067500,062978,057395,040314,042133,-02643,-00269,-60308,099515,-22870,-62291
0000001283,0001068333,062978,057395,040314,042133,-02643,-00269,-60308,098324,006839,-80085
0000001284,0001069167,062978,057395,040314,042133,-02643,-00269,-60308,096344,036144,-89595
0000001285,0001070000,062978,057395,040314,042133,-02643,-00269,-60308,093770,062186,-89891
0000001286,0001070833,062978,057395,040314,042133,-02643,-00269,-60308,090851,082395,-80910
0000001287,0001071667,062978,057395,040314,042133,-02643,-00269,-60308,087874,094818,-63568
0000001288,0001072500,062978,057395,040314,042133,-02643,-00269,-60308,085131,098241,-39554
0000001289,0001073333,062978,057395,040314,042133,-02643,-00269,-60308,082890,092292,-11201
0000001290,0001074167,062978,057395,040314,042133,-02643,-00269,-60308,081370,077593,018698
0000001291,0001075000,062978,057395,040314,042133,-02643,-00269,-60308,080719,055573,047230
0000001292,0001075833,062978,057395,040314,042133,-02643,-00269,-60308,081004,028366,071584
0000001293,0001076667,062978,057395,040314,042133,-02643,-00269,-60308,082194,-01342,089394
0000001294,0001077500,062978,057395,040314,042133,-02643,-00269,-60308,084173,-30656,098920
0000001295,0001078333,062978,057395,040314,042133,-02643,-00269,-60308,086749,-56692,099194
0000001296,0001079167,062978,057395,040314,042133,-02643,-00269,-60308,089668,-76915,090226
0000001297,0001080000,062978,057395,040314,042133,-02643,-00269,-60308,092645,-89350,072888
0000001298,0001080833,062978,057395,040314,042133,-02643,-00269,-60308,095388,-92745,048853
0000001299,0001081667,062978,057395,040314,042133,-02643,-00269,-60308,097630,-86806,020502
0000001300,0001082500,062978,057395,040314,042133,-02643,-00269,-60308,099150,-72110,-09402
0000001301,0001083333,062978,057395,040314,042133,-02643,-00269,-60308,099799,-50067,-37925
0000001302,0001084167,062978,057395,040314,042133,-02643,-00269,-60308,099514,-22867,-62283
0000001303,0001085000,062978,057395,040314,042133,-02643,-00269,-60308,098325,006840,-80097
0000001304,0001085833,062978,057395,040314,042133,-02643,-00269,-60308,096344,036143,-89593
0000001305,0001086667,062978,057395,040314,042133,-02643,-00269,-60308,093769,062179,-89879
0000001306,0001087500,062978,057395,040314,042133,-02643,-00269,-60308,090851,082407,-80922
0000001307,0001088333,062978,057395,040314,042133,-02643,-00269,-60308,087874,094817,-63567
0000001308,0001089167,062978,057395,040314,042133,-02643,-00269,-60308,085131,098229,-39548
0000001309,0001090000,062978,057395,040314,042133,-02643,-00269,-60308,082889,092305,-11203
0000001310,0001090833,062978,057395,040314,042133,-02643,-00269,-60308,081370,077592,018698
0000001311,0001091667,062978,057395,040314,042133,-02643,-00269,-60308,080720,055566,047225
0000001312,0001092500,062978,057395,040314,042133,-02643,-00269,-60308,081003,028370,071593
0000001313,0001093333,062978,057395,040314,042133,-02643,-00269,-60308,082194,-01342,089393
0000001314,0001094167,062978,057395,040314,042133,-02643,-00269,-60308,084174,-30652,098908
0000001315,0001095000,062978,057395,040314,042133,-02643,-00269,-60308,086749,-56700,099207
0000001316,0001095833,062978,057395,040314,042133,-02643,-00269,-60308,089668,-76913,090225
0000001317,0001096667,062978,057395,040314,042133,-02643,-00269,-60308,092645,-89338,072880
0000001318,0001097500,062978,057395,040314,042133,-02643,-00269,-60308,095389,-92758,048860
0000001319,0001098333,062978,057395,040314,042133,-02643,-00269,-60308,097630,-86805,020502
0000001320,0001099167,062978,057395,040314,042133,-02643,-00269,-60308,099149,-72100,-09401
0000001321,0001100000,062978,057395,040314,042133,-02643,-00269,-60308,099800,-50075,-37931
0000001322,0001100833,062978,057395,040314,042133,059453,-05154,-68502,099998,-29848,-63535
0000001323,0001101667,062978,057395,040314,042133,063365,024246,-78300,098063,004907,-82353
0000001324,0001102500,062978,057395,040314,042133,048646,057320,-83002,096512,028908,-92565
0000001325,0001103333,062978,057395,040314,042133,021548,082524,-84075,093579,060754,-91467
0000001326,0001104167,062978,057395,040314,042133,-02207,089116,-79167,091139,081322,-80158
0000001327,0001105000,062978,057395,040314,042133,-33043,097012,-64384,088154,097752,-60676
0000001328,0001105833,062978,057395,040314,042133,-58923,099998,-39818,085550,099998,-36758
0000001329,0001106667,062978,057395,040314,042133,-74222,093133,-08456,083087,093202,-09723
0000001330,0001107500,062978,057395,040314,042133,-83306,078326,024318,081379,078217,018956
0000001331,0001108333,062978,057395,040314,042133,-88783,055457,052766,080758,054921,047136
0000001332,0001109167,062978,057395,040314,042133,-87885,024965,074163,080916,029409,071597
0000001333,0001110000,062978,057395,040314,042133,-75972,-10121,089039,082304,-01560,089842
0000001334,0001110833,062978,057395,040314,042133,-57264,-40036,097410,084102,-28974,099365
0000001335,0001111667,062978,057395,040314,042133,-30031,-65379,098445,086794,-57488,099029
0000001336,0001112500,062978,057395,040314,042133,001131,-84562,090744,089419,-76469,089225
0000001337,0001113333,062978,057395,040314,042133,031911,-96206,074113,092556,-91081,071555
0000001338,0001114167,062978,057395,040314,042133,058142,-99031,049638,095189,-92530,047980
0000001339,0001115000,062978,057395,040314,042133,080090,-94616,020248,097625,-87460,020128
0000001340,0001115833,062978,057395,040314,042133,093840,-79790,-10227,099065,-71084,-09282
0000001341,0001116667,062978,057395,040314,042133,099998,-56679,-38246,099837,-49852,-37648
0000001342,0001117500,062978,057395,040314,042133,097886,-28532,-61562,099476,-21990,-62008
0000001343,0001118333,062978,057395,040314,042133,086416,002144,-78416,098325,007037,-80021
0000001344,0001119167,062978,057395,040314,042133,065630,032443,-87622,096326,036464,-89506
0000001345,0001120000,062978,057395,040314,042133,039505,058080,-88074,093777,062650,-89637
0000001346,0001120833,062978,057395,040314,042133,009543,077754,-79540,090884,082894,-80486
0000001347,0001121667,062978,057395,040314,042133,-21258,090416,-62431,087884,095447,-63217
0000001348,0001122500,062978,057395,040314,042133,-48679,093899,-38303,085165,098325,-39328
0000001349,0001123333,062978,057395,040314,042133,-70806,088342,-09631,082861,092592,-11208
0000001350,0001124167,062978,057395,040314,042133,-85966,073956,020376,081372,077197,018516
0000001351,0001125000,062978,057395,040314,042133,-92826,052171,048690,080667,055548,046960
0000001352,0001125833,062978,057395,040314,042133,-90039,024567,072615,081007,027939,071400
0000001353,0001126667,062978,057395,040314,042133,-78470,-05088,090043,082167,-01231,089324
0000001354,0001127500,062978,057395,040314,042133,-58775,-34247,099333,084191,-30938,098866
0000001355,0001128333,062978,057395,040314,042133,-32858,-59879,099662,086728,-56655,099132
0000001356,0001129167,062978,057395,040314,042133,-03329,-79728,090828,089676,-77173,090135
0000001357,0001130000,062978,057395,040314,042133,026352,-91678,073529,092632,-89376,072818
0000001358,0001130833,062978,057395,040314,042133,053667,-95038,049379,095400,-92888,048845
0000001359,0001131667,062978,057395,040314,042133,075825,-89128,020885,097638,-86736,020587
0000001360,0001132500,062978,057395,040314,042133,090749,-74344,-09031,099171,-72023,-09258
0000001361,0001133333,062978,057395,040314,042133,097139,-52228,-37406,099818,-49997,-37795
0000001362,0001134167,062978,057395,040314,042133,094319,-25000,-61508,099521,-22818,-62228
0000001363,0001135000,062978,057395,040314,042133,082376,004738,-79059,098333,006774,-80082
0000001364,0001135833,062978,057395,040314,042133,062482,033908,-88416,096343,036166,-89611
0000001365,0001136667,062978,057395,040314,042133,036696,059563,-88640,093777,062105,-89883
0000001366,0001137500,062978,057395,040314,042133,007424,079525,-79640,090847,082452,-80919
0000001367,0001138333,062978,057395,040314,042133,-22235,091698,-62220,087881,094749,-63583
0000001368,0001139167,062978,057395,040314,042133,-49443,094938,-38095,085124,098251,-39579
0000001369,0001140000,062978,057395,040314,042133,-71596,088856,-09703,082890,092189,-11262
0000001370,0001140833,062978,057395,040314,042133,-86615,074081,020164,081359,077587,018640
0000001371,0001141667,062978,057395,040314,042133,-92890,051905,048565,080721,055498,047191
0000001372,0001142500,062978,057395,040314,042133,-89921,024644,072755,080999,028396,071585
0000001373,0001143333,062978,057395,040314,042133,-77892,-05058,090385,082196,-01354,089412
0000001374,0001144167,062978,057395,040314,042133,-57972,-34256,099745,084173,-30617,098928
0000001375,0001145000,062978,057395,040314,042133,-32115,-60159,099911,086751,-56684,099221
0000001376,0001145833,062978,057395,040314,042133,-02919,-80194,090824,089668,-76904,090250
0000001377,0001146667,062978,057395,040314,042133,026773,-92438,073357,092645,-89324,072892
0000001378,0001147500,062978,057395,040314,042133,054088,-95710,049260,095391,-92744,048877
0000001379,0001148333,062978,057395,040314,042133,076318,-89628,020883,097631,-86783,020525
0000001380,0001149167,062978,057395,040314,042133,091315,-74798,-08975,099152,-72099,-09385
0000001381,0001150000,062978,057395,040314,042133,097638,-52692,-37392,099798,-50052,-37925
0000001382,0001150833,062978,057395,040314,042133,094642,-25465,-61592,099516,-22889,-62294
0000001383,0001151667,062978,057395,040314,042133,082582,004223,-79213,098322,006843,-80100
0000001384,0001152500,062978,057395,040314,042133,062703,033421,-88556,096345,036121,-89620
0000001385,0001153333,062978,057395,040314,042133,036898,059320,-88682,093767,062192,-89901
0000001386,0001154167,062978,057395,040314,042133,007725,079367,-79568,090851,082387,-80920
0000001387,0001155000,062978,057395,040314,042133,-21968,091627,-62130,087873,094837,-63581
0000001388,0001155833,062978,057395,040314,042133,-49266,094874,-38051,085131,098231,-39560
0000001389,0001156667,062978,057395,040314,042133,-71519,088802,-09697,082889,092301,-11207
0000001390,0001157500,062978,057395,040314,042133,-86549,074000,020149,081369,077600,018698
0000001391,0001158333,062978,057395,040314,042133,-92882,051904,048569,080719,055579,047232
0000001392,0001159167,062978,057395,040314,042133,-89886,024683,072779,081004,028374,071591
0000001393,0001160000,062978,057395,040314,042133,-77870,-04986,090427,082194,-01335,089410
0000001394,0001160833,062978,057395,040314,042133,-57986,-34207,099770,084173,-30647,098924
0000001395,0001161667,062978,057395,040314,042133,-32187,-60113,099886,086749,-56693,099201
0000001396,0001162500,062978,057395,040314,042133,-03016,-80175,090781,089668,-76919,090237
0000001397,0001163333,062978,057395,040314,042133,026685,-92428,073327,092646,-89353,072889
0000001398,0001164167,062978,057395,040314,042133,053993,-95657,049234,095388,-92748,048857
0000001399,0001165000,062978,057395,040314,042133,076252,-89572,020879,097631,-86823,020505
0000001400,0001165833,062978,057395,040314,042133,091271,-74743,-08970,099150,-72110,-09401
0000001401,0001166667,062978,057395,040314,042133,097582,-52632,-37384,099799,-50078,-37927
0000001402,0001167500,062978,057395,040314,042133,094580,-25413,-61595,099515,-22873,-62291
0000001403,0001168333,062978,057395,040314,042133,082546,004253,-79226,098325,006832,-80098
0000001404,0001169167,062978,057395,040314,042133,062657,033462,-88547,096345,036143,-89600
0000001405,0001170000,062978,057395,040314,042133,036877,059362,-88669,093770,062183,-89891
0000001406,0001170833,062978,057395,040314,042133,007714,079415,-79560,090851,082408,-80922
0000001407,0001171667,062978,057395,040314,042133,-21970,091653,-62110,087875,094823,-63572
0000001408,0001172500,062978,057395,040314,042133,-49279,094900,-38043,085131,098241,-39554
0000001409,0001173333,062978,057395,040314,042133,-71537,088816,-09700,082889,092307,-11205
0000001410,0001174167,062978,057395,040314,042133,-86557,073994,020141,081370,077598,018698
0000001411,0001175000,062978,057395,040314,042133,-92891,051902,048564,080719,055575,047229
0000001412,0001175833,062978,057395,040314,042133,-89896,024685,072783,081003,028372,071593
0000001413,0001176667,062978,057395,040314,042133,-77861,-04988,090421,082194,-01339,089397
0000001414,0001177500,062978,057395,040314,042133,-57983,-34213,099768,084173,-30654,098918
0000001415,0001178333,062978,057395,040314,042133,-32191,-60125,099889,086748,-56697,099206
0000001416,0001179167,062978,057395,040314,042133,-03014,-80182,090769,089668,-76917,090230
0000001417,0001180000,062978,057395,040314,042133,026686,-92437,073322,092645,-89347,072889
0000001418,0001180833,062978,057395,040314,042133,054004,-95672,049239,095389,-92759,048862
0000001419,0001181667,062978,057395,040314,042133,076256,-89568,020882,097630,-86811,020506
0000001420,0001182500,062978,057395,040314,042133,091283,-74746,-08965,099150,-72111,-09399
0000001421,0001183333,062978,057395,040314,042133,097597,-52640,-37385,099800,-50077,-37928
0000001422,0001184167,062978,057395,040314,042133,094581,-25418,-61589,099515,-22872,-62283
0000001423,0001185000,062978,057395,040314,042133,082551,004248,-79225,098325,006837,-80095
0000001424,0001185833,062978,057395,040314,042133,062668,033460,-88555,096345,036146,-89607
0000001425,0001186667,062978,057395,040314,042133,036880,059355,-88662,093770,062180,-89884
0000001426,0001187500,062978,057395,040314,042133,007719,079413,-79559,090851,082406,-80922
0000001427,0001188333,062978,057395,040314,042133,-21969,091658,-62116,087874,094830,-63579
0000001428,0001189167,062978,057395,040314,042133,-49275,094890,-38042,085131,098234,-39552
0000001429,0001190000,062978,057395,040314,042133,-71536,088812,-09702,082889,092305,-11205
0000001430,0001190833,062978,057395,040314,042133,-86566,073998,020141,081369,077604,018698
0000001431,0001191667,062978,057395,040314,042133,-92884,051897,048560,080720,055569,047224
0000001432,0001192500,062978,057395,040314,042133,-89895,024684,072783,081003,028372,071591
0000001433,0001193333,062978,057395,040314,042133,-77867,-04988,090428,082193,-01340,089403
0000001434,0001194167,062978,057395,040314,042133,-57979,-34209,099760,084173,-30650,098911
0000001435,0001195000,062978,057395,040314,042133,-32191,-60124,099888,086748,-56697,099205
0000001436,0001195833,062978,057395,040314,042133,-03016,-80188,090776,089668,-76922,090237
0000001437,0001196667,062978,057395,040314,042133,026683,-92428,073318,092645,-89340,072884
0000001438,0001197500,062978,057395,040314,042133,054003,-95669,049239,095389,-92757,048862
0000001439,0001198333,062978,057395,040314,042133,076262,-89574,020885,097630,-86818,020508
0000001440,0001199167,062978,057395,040314,042133,091275,-74740,-08963,099150,-72105,-09397
0000001441,0001200000,062978,057395,040314,042133,097596,-52639,-37384,099800,-50077,-37928
0000001442,0001200833,062978,057395,040314,042133,094588,-25420,-61594,099516,-22874,-62288
0000001443,0001201667,062978,057395,040314,042133,082545,004247,-79219,098325,006836,-80088
0000001444,0001202500,062978,057395,040314,042133,062667,033460,-88554,096345,036145,-89606
0000001445,0001203333,062978,057395,040314,042133,036882,059360,-88670,093770,062185,-89892
0000001446,0001204167,062978,057395,040314,042133,007718,079407,-79553,090851,082399,-80916
0000001447,0001205000,062978,057395,040314,042133,-21970,091658,-62116,087874,094829,-63579
0000001448,0001205833,062978,057395,040314,042133,-49279,094898,-38046,085131,098242,-39556
0000001449,0001206667,062978,057395,040314,042133,-71531,088805,-09701,082890,092299,-11204
0000001450,0001207500,062978,057395,040314,042133,-86565,073997,020141,081369,077603,018698
0000001451,0001208333,062978,057395,040314,042133,-92892,051901,048563,080719,055574,047228
0000001452,0001209167,062978,057395,040314,042133,-89888,024683,072778,081004,028370,071586
0000001453,0001210000,062978,057395,040314,042133,-77866,-04988,090427,082193,-01340,089402
0000001454,0001210833,062978,057395,040314,042133,-57984,-34211,099768,084173,-30652,098919
0000001455,0001211667,062978,057395,040314,042133,-32189,-60119,099880,086749,-56691,099198
0000001456,0001212500,062978,057395,040314,042133,-03016,-80186,090775,089668,-76921,090237
0000001457,0001213333,062978,057395,040314,042133,026685,-92435,073323,092645,-89347,072890
0000001458,0001214167,062978,057395,040314,042133,053998,-95662,049237,095388,-92750,048859
0000001459,0001215000,062978,057395,040314,042133,076260,-89573,020886,097630,-86818,020508
0000001460,0001215833,062978,057395,040314,042133,091282,-74747,-08963,099150,-72112,-09398
0000001461,0001216667,062978,057395,040314,042133,097589,-52636,-37380,099799,-50074,-37924
0000001462,0001217500,062978,057395,040314,042133,094587,-25421,-61594,099515,-22874,-62287
0000001463,0001218333,062978,057395,040314,042133,082552,004247,-79226,098325,006836,-80095
0000001464,0001219167,062978,057395,040314,042133,062663,033457,-88548,096345,036142,-89599
0000001465,0001220000,062978,057395,040314,042133,036883,059360,-88670,093770,062184,-89891
0000001466,0001220833,062978,057395,040314,042133,007719,079414,-79560,090851,082406,-80924
0000001467,0001221667,062978,057395,040314,042133,-21968,091651,-62111,087874,094822,-63574
0000001468,0001222500,062978,057395,040314,042133,-49279,094897,-38045,085131,098241,-39556
0000001469,0001223333,062978,057395,040314,042133,-71538,088813,-09702,082889,092306,-11206
0000001470,0001224167,062978,057395,040314,042133,-86558,073992,020140,081370,077598,018696
0000001471,0001225000,062978,057395,040314,042133,-92891,051901,048563,080719,055574,047227
0000001472,0001225833,062978,057395,040314,042133,-89895,024685,072783,081003,028372,071591
0000001473,0001226667,062978,057395,040314,042133,-77860,-04987,090420,082194,-01339,089396
0000001474,0001227500,062978,057395,040314,042133,-57983,-34211,099767,084173,-30652,098918
0000001475,0001228333,062978,057395,040314,042133,-32192,-60123,099888,086748,-56696,099206
0000001476,0001229167,062978,057395,040314,042133,-03016,-80180,090769,089668,-76914,090230
0000001477,0001230000,062978,057395,040314,042133,026684,-92434,073323,092645,-89346,072890
0000001478,0001230833,062978,057395,040314,042133,054001,-95669,049241,095389,-92757,048863
0000001479,0001231667,062978,057395,040314,042133,076254,-89567,020885,097630,-86811,020507
0000001480,0001232500,062978,057395,040314,042133,091281,-74746,-08962,099150,-72112,-09397
0000001481,0001233333,062978,057395,040314,042133,097597,-52641,-37383,099800,-50079,-37927
0000001482,0001234167,062978,057395,040314,042133,094581,-25420,-61588,099515,-22873,-62282
0000001483,0001235000,062978,057395,040314,042133,082552,004246,-79225,098325,006835,-80094
0000001484,0001235833,062978,057395,040314,042133,062669,033460,-88556,096345,036144,-89607
0000001485,0001236667,062978,057395,040314,042133,036881,059355,-88663,093770,062179,-89884
0000001486,0001237500,062978,057395,040314,042133,007719,079413,-79560,090851,082405,-80923
0000001487,0001238333,062978,057395,040314,042133,-21969,091659,-62117,087874,094830,-63580
0000001488,0001239167,062978,057395,040314,042133,-49275,094890,-38042,085131,098234,-39553
0000001489,0001240000,062978,057395,040314,042133,-71537,088812,-09702,082889,092306,-11206
0000001490,0001240833,062978,057395,040314,042133,-86566,073998,020141,081369,077605,018697
0000001491,0001241667,062978,057395,040314,042133,-92884,051897,048560,080720,055570,047224
0000001492,0001242500,062978,057395,040314,042133,-89894,024685,072782,081003,028372,071590
0000001493,0001243333,062978,057395,040314,042133,-77867,-04987,090427,082193,-01339,089402
0000001494,0001244167,062978,057395,040314,042133,-57979,-34208,099759,084173,-30649,098910
0000001495,0001245000,062978,057395,040314,042133,-32192,-60122,099887,086748,-56695,099205
0000001496,0001245833,062978,057395,040314,042133,-03017,-80186,090776,089668,-76921,090238
0000001497,0001246667,062978,057395,040314,042133,026681,-92427,073318,092645,-89339,072885
0000001498,0001247500,062978,057395,040314,042133,054000,-95668,049241,095389,-92756,048863
0000001499,0001248333,062978,057395,040314,042133,076260,-89574,020887,097630,-86819,020509
0000001500,0001249167,062978,057395,040314,042133,091274,-74741,-08960,099149,-72106,-09395
0000001501,0001250000,062978,057395,040314,042133,097596,-52641,-37382,099800,-50079,-37926
0000001502,0001250833,062978,057395,040314,042133,094589,-25422,-61593,099516,-22876,-62287
0000001503,0001251667,062978,057395,040314,042133,082546,004245,-79219,098325,006834,-80088
0000001504,0001252500,062978,057395,040314,042133,062669,033459,-88555,096345,036144,-89606
0000001505,0001253333,062978,057395,040314,042133,036884,059360,-88671,093770,062184,-89892
0000001506,0001254167,062978,057395,040314,042133,007720,079407,-79554,090851,082399,-80917
0000001507,0001255000,062978,057395,040314,042133,-21969,091659,-62117,087874,094829,-63580
0000001508,0001255833,062978,057395,040314,042133,-49279,094899,-38046,085131,098242,-39557
0000001509,0001256667,062978,057395,040314,042133,-71532,088806,-09701,082890,092299,-11206
0000001510,0001257500,062978,057395,040314,042133,-86565,073997,020141,081369,077604,018697
0000001511,0001258333,062978,057395,040314,042133,-92892,051902,048563,080719,055575,047227
0000001512,0001259167,062978,057395,040314,042133,-89887,024683,072777,081004,028371,071585
0000001513,0001260000,062978,057395,040314,042133,-77866,-04987,090426,082193,-01339,089401
0000001514,0001260833,062978,057395,040314,042133,-57984,-34210,099767,084173,-30651,098918
0000001515,0001261667,062978,057395,040314,042133,-32190,-60117,099880,086748,-56690,099198
0000001516,0001262500,062978,057395,040314,042133,-03018,-80185,090775,089668,-76920,090237
0000001517,0001263333,062978,057395,040314,042133,026682,-92434,073324,092645,-89346,072891
0000001518,0001264167,062978,057395,040314,042133,053996,-95661,049238,095388,-92749,048861
0000001519,0001265000,062978,057395,040314,042133,076258,-89573,020888,097630,-86818,020510
0000001520,0001265833,062978,057395,040314,042133,091281,-74748,-08961,099150,-72113,-09396
0000001521,0001266667,062978,057395,040314,042133,097589,-52638,-37378,099799,-50075,-37922
0000001522,0001267500,062978,057395,040314,042133,094588,-25423,-61592,099515,-22876,-62286
0000001523,0001268333,062978,057395,040314,042133,082554,004245,-79226,098325,006834,-80094
0000001524,0001269167,062978,057395,040314,042133,062665,033456,-88548,096345,036141,-89599
0000001525,0001270000,062978,057395,040314,042133,036884,059359,-88671,093770,062183,-89892
0000001526,0001270833,062978,057395,040314,042133,007720,079414,-79562,090851,082405,-80925
0000001527,0001271667,062978,057395,040314,042133,-21967,091652,-62112,087875,094822,-63575
0000001528,0001272500,062978,057395,040314,042133,-49279,094898,-38046,085131,098241,-39557
0000001529,0001273333,062978,057395,040314,042133,-71538,088813,-09703,082889,092307,-11207
0000001530,0001274167,062978,057395,040314,042133,-86558,073992,020139,081370,077599,018695
0000001531,0001275000,062978,057395,040314,042133,-92891,051901,048563,080719,055575,047226
0000001532,0001275833,062978,057395,040314,042133,-89895,024686,072782,081003,028373,071590
0000001533,0001276667,062978,057395,040314,042133,-77860,-04986,090419,082194,-01338,089395
0000001534,0001277500,062978,057395,040314,042133,-57984,-34209,099766,084173,-30650,098917
0000001535,0001278333,062978,057395,040314,042133,-32193,-60121,099887,086748,-56694,099206
0000001536,0001279167,062978,057395,040314,042133,-03018,-80178,090769,089667,-76913,090231
0000001537,0001280000,062978,057395,040314,042133,026682,-92433,073324,092645,-89345,072891
0000001538,0001280833,062978,057395,040314,042133,053999,-95669,049243,095388,-92757,048865
0000001539,0001281667,062978,057395,040314,042133,076252,-89567,020888,097629,-86811,020509
0000001540,0001282500,062978,057395,040314,042133,091280,-74747,-08960,099150,-72113,-09395
0000001541,0001283333,062978,057395,040314,042133,097597,-52643,-37381,099800,-50080,-37925
0000001542,0001284167,062978,057395,040314,042133,094581,-25422,-61587,099515,-22875,-62281
0000001543,0001285000,062978,057395,040314,042133,082553,004244,-79225,098325,006834,-80093
0000001544,0001285833,062978,057395,040314,042133,062671,033458,-88556,096346,036143,-89607
0000001545,0001286667,062978,057395,040314,042133,036882,059354,-88664,093770,062178,-89885
0000001546,0001287500,062978,057395,040314,042133,007721,079413,-79561,090851,082404,-80924
0000001547,0001288333,062978,057395,040314,042133,-21969,091660,-62118,087874,094830,-63581
0000001548,0001289167,062978,057395,040314,042133,-49275,094891,-38043,085131,098234,-39555
0000001549,0001290000,062978,057395,040314,042133,-71537,088813,-09703,082889,092306,-11207
0000001550,0001290833,062978,057395,040314,042133,-86566,073998,020140,081369,077605,018696
0000001551,0001291667,062978,057395,040314,042133,-92884,051898,048559,080720,055571,047222
0000001552,0001292500,062978,057395,040314,042133,-89894,024686,072781,081003,028373,071589
0000001553,0001293333,062978,057395,040314,042133,-77867,-04986,090426,082193,-01338,089401
0000001554,0001294167,062978,057395,040314,042133,-57979,-34206,099758,084173,-30647,098910
0000001555,0001295000,062978,057395,040314,042133,-32193,-60120,099886,086748,-56694,099205
0000001556,0001295833,062978,057395,040314,042133,-03019,-80184,090776,089667,-76919,090238
0000001557,0001296667,062978,057395,040314,042133,026679,-92425,073319,092644,-89338,072886
0000001558,0001297500,062978,057395,040314,042133,053998,-95668,049243,095388,-92756,048865
0000001559,0001298333,062978,057395,040314,042133,076258,-89575,020890,097630,-86819,020511
0000001560,0001299167,062978,057395,040314,042133,091273,-74742,-08958,099149,-72107,-09394
0000001561,0001300000,062978,057395,040314,042133,097596,-52643,-37380,099800,-50080,-37924
0000001562,0001300833,062978,057395,040314,042133,094589,-25425,-61592,099516,-22878,-62286
0000001563,0001301667,062978,057395,040314,042133,082548,004243,-79218,098325,006833,-80087
0000001564,0001302500,062978,057395,040314,042133,062671,033458,-88555,096346,036142,-89606
0000001565,0001303333,062978,057395,040314,042133,036886,059359,-88672,093770,062182,-89893
0000001566,0001304167,062978,057395,040314,042133,007721,079407,-79555,090851,082398,-80918
0000001567,0001305000,062978,057395,040314,042133,-21968,091659,-62118,087874,094829,-63581
0000001568,0001305833,062978,057395,040314,042133,-49279,094899,-38047,085131,098242,-39559
0000001569,0001306667,062978,057395,040314,042133,-71532,088806,-09702,082890,092300,-11207
0000001570,0001307500,062978,057395,040314,042133,-86565,073998,020140,081369,077605,018696
0000001571,0001308333,062978,057395,040314,042133,-92892,051902,048562,080719,055576,047226
0000001572,0001309167,062978,057395,040314,042133,-89887,024684,072776,081004,028372,071584
0000001573,0001310000,062978,057395,040314,042133,-77866,-04986,090425,082193,-01337,089400
0000001574,0001310833,062978,057395,040314,042133,-57985,-34208,099766,084172,-30650,098917
0000001575,0001311667,062978,057395,040314,042133,-32191,-60115,099879,086748,-56689,099198
0000001576,0001312500,062978,057395,040314,042133,-03020,-80183,090775,089667,-76918,090237
0000001577,0001313333,062978,057395,040314,042133,026680,-92432,073325,092645,-89346,072892
0000001578,0001314167,062978,057395,040314,042133,053993,-95660,049240,095388,-92749,048862
0000001579,0001315000,062978,057395,040314,042133,076256,-89574,020890,097630,-86818,020511
0000001580,0001315833,062978,057395,040314,042133,091280,-74749,-08958,099150,-72114,-09394
0000001581,0001316667,062978,057395,040314,042133,097589,-52640,-37376,099799,-50077,-37920
0000001582,0001317500,062978,057395,040314,042133,094589,-25425,-61591,099516,-22878,-62285
0000001583,0001318333,062978,057395,040314,042133,082555,004243,-79225,098325,006832,-80094
0000001584,0001319167,062978,057395,040314,042133,062667,033455,-88549,096345,036139,-89599
0000001585,0001320000,062978,057395,040314,042133,036886,059359,-88672,093770,062182,-89892
0000001586,0001320833,062978,057395,040314,042133,007722,079414,-79563,090851,082404,-80926
0000001587,0001321667,062978,057395,040314,042133,-21966,091653,-62113,087875,094822,-63576
0000001588,0001322500,062978,057395,040314,042133,-49279,094899,-38047,085131,098241,-39559
0000001589,0001323333,062978,057395,040314,042133,-71538,088814,-09704,082889,092307,-11209
0000001590,0001324167,062978,057395,040314,042133,-86558,073993,020139,081370,077600,018694
0000001591,0001325000,062978,057395,040314,042133,-92891,051902,048562,080719,055576,047225
0000001592,0001325833,062978,057395,040314,042133,-89895,024686,072781,081003,028375,071589
0000001593,0001326667,062978,057395,040314,042133,-77860,-04985,090418,082194,-01336,089394
0000001594,0001327500,062978,057395,040314,042133,-57984,-34208,099765,084173,-30649,098916
0000001595,0001328333,062978,057395,040314,042133,-32194,-60120,099887,086748,-56693,099206
0000001596,0001329167,062978,057395,040314,042133,-03020,-80176,090769,089667,-76912,090231
0000001597,0001330000,062978,057395,040314,042133,026679,-92431,073325,092645,-89345,072892
0000001598,0001330833,062978,057395,040314,042133,053997,-95668,049244,095388,-92757,048866
0000001599,0001331667,062978,057395,040314,042133,076250,-89567,020890,097629,-86812,020511
0000001600,0001332500,062978,057395,040314,042133,091279,-74749,-08957,099150,-72114,-09393
0000001601,0001333333,062978,057395,040314,042133,097596,-52645,-37379,099800,-50082,-37923
0000001602,0001334167,062978,057395,040314,042133,094582,-25424,-61585,099515,-22877,-62279
0000001603,0001335000,062978,057395,040314,042133,082555,004242,-79225,098325,006832,-80093
0000001604,0001335833,062978,057395,040314,042133,062673,033457,-88557,096346,036141,-89606
0000001605,0001336667,062978,057395,040314,042133,036884,059354,-88665,093770,062177,-89885
0000001606,0001337500,062978,057395,040314,042133,007722,079413,-79563,090851,082404,-80925
0000001607,0001338333,062978,057395,040314,042133,-21968,091660,-62120,087874,094830,-63582
0000001608,0001339167,062978,057395,040314,042133,-49274,094892,-38044,085131,098234,-39556
0000001609,0001340000,062978,057395,040314,042133,-71537,088814,-09704,082889,092307,-11209
0000001610,0001340833,062978,057395,040314,042133,-86566,073999,020139,081369,077606,018695
0000001611,0001341667,062978,057395,040314,042133,-92884,051898,048558,080720,055572,047221
0000001612,0001342500,062978,057395,040314,042133,-89894,024686,072780,081003,028375,071588
0000001613,0001343333,062978,057395,040314,042133,-77867,-04985,090425,082193,-01336,089401
0000001614,0001344167,062978,057395,040314,042133,-57980,-34205,099757,084173,-30646,098909
0000001615,0001345000,062978,057395,040314,042133,-32194,-60119,099886,086748,-56692,099205
0000001616,0001345833,062978,057395,040314,042133,-03021,-80182,090776,089667,-76918,090238
0000001617,0001346667,062978,057395,040314,042133,026677,-92424,073320,092644,-89337,072887
0000001618,0001347500,062978,057395,040314,042133,053996,-95667,049244,095388,-92756,048866
0000001619,0001348333,062978,057395,040314,042133,076256,-89575,020892,097630,-86819,020513
0000001620,0001349167,062978,057395,040314,042133,091272,-74744,-08955,099149,-72108,-09392
0000001621,0001350000,062978,057395,040314,042133,097596,-52645,-37378,099800,-50082,-37923
0000001622,0001350833,063011,057319,040744,042133,094756,-25719,-61464,099500,-22597,-62410
0000001623,0001351667,063062,057248,040939,042133,082768,003974,-79169,098301,007096,-80115
0000001624,0001352500,063125,057191,040880,042133,062940,033224,-88591,096318,036346,-89537
0000001625,0001353333,063193,057151,040601,042133,037174,059256,-88857,093742,062378,-89803
0000001626,0001354167,063258,057134,040128,042133,007999,079328,-79755,090824,082451,-80700
0000001627,0001355000,063313,057141,039508,042133,-21715,091664,-62377,087853,094787,-63323
0000001628,0001355833,063351,057171,038827,042133,-49082,094992,-38337,085116,098114,-39283
0000001629,0001356667,063369,057221,038146,042133,-71405,088930,-09953,082884,092053,-10899
0000001630,0001357500,063365,057286,037542,042133,-86517,074215,019875,081373,077337,018929
0000001631,0001358333,063338,057359,037085,042133,-92932,052152,048354,080731,055274,047408
0000001632,0001359167,063290,057434,036812,042133,-90003,024944,072632,081024,028067,071686
0000001633,0001360000,063226,057503,036765,042133,-78048,-04709,090330,082219,-01586,089384
0000001634,0001360833,063150,057559,036946,042133,-58215,-33992,099780,084203,-30870,098834
0000001635,0001361667,063071,057599,037340,042133,-32442,-59952,099967,086780,-56829,099021
0000001636,0001362500,062995,057618,037921,042133,-03270,-80091,090934,089697,-76968,089988
0000001637,0001363333,062928,057613,038631,042133,026458,-92445,073560,092670,-89323,072614
0000001638,0001364167,062878,057586,039411,042133,053823,-95742,049491,095407,-92619,048545
0000001639,0001365000,062848,057538,040187,042133,076155,-89737,021154,097640,-86614,020209
0000001640,0001365833,062842,057474,040885,042133,091262,-74975,-08713,099150,-71853,-09659
0000001641,0001366667,062860,057401,041441,042133,097656,-52893,-37190,099790,-49771,-38135
0000001642,0001367500,062899,057326,041800,042133,094736,-25702,-61461,099498,-22579,-62407
0000001643,0001368333,062956,057256,041927,042133,082770,003985,-79182,098301,007107,-80128
0000001644,0001369167,063024,057199,041816,042133,062927,033237,-88591,096317,036360,-89537
0000001645,0001370000,063096,057161,041479,042133,037167,059194,-88788,093741,062317,-89734
0000001646,0001370833,063165,057144,040955,042133,007997,079333,-79757,090824,082456,-80703
0000001647,0001371667,063224,057151,040298,042133,-21725,091653,-62355,087852,094775,-63301
0000001648,0001372500,063267,057180,039576,042133,-49091,094980,-38316,085115,098103,-39262
0000001649,0001373333,063288,057230,038864,042133,-71421,088976,-09981,082882,092098,-10927
0000001650,0001374167,063287,057294,038232,042133,-86523,074207,019889,081372,077330,018943
0000001651,0001375000,063263,057367,037741,042133,-92938,052156,048355,080731,055278,047409
0000001652,0001375833,063219,057442,037443,042133,-90019,024954,072638,081022,028077,071692
0000001653,0001376667,063157,057511,037365,042133,-78050,-04733,090356,082219,-01611,089410
0000001654,0001377500,063085,057568,037518,042133,-58220,-33989,099782,084202,-30867,098836
0000001655,0001378333,063008,057608,037890,042133,-32454,-59960,099987,086779,-56838,099041
0000001656,0001379167,062934,057626,038447,042133,-03277,-80091,090941,089697,-76968,089995
0000001657,0001380000,062870,057621,039138,042133,026450,-92426,073549,092669,-89304,072603
0000001658,0001380833,062822,057593,039899,042133,053818,-95750,049504,095406,-92627,048558
0000001659,0001381667,062795,057545,040656,042133,076142,-89725,021155,097639,-86602,020209
0000001660,0001382500,062790,057481,041337,042133,091253,-74968,-08713,099150,-71845,-09659
0000001661,0001383333,062810,057408,041874,042133,097657,-52906,-37178,099790,-49783,-38124
0000001662,0001384167,062851,057332,042215,042133,094724,-25697,-61454,099497,-22575,-62399
0000001663,0001385000,062909,057263,042327,042133,082763,003982,-79172,098301,007104,-80118
0000001664,0001385833,062979,057206,042200,042133,062927,033236,-88590,096317,036358,-89536
0000001665,0001386667,063053,057167,041849,042133,037160,059196,-88782,093740,062318,-89728
0000001666,0001387500,063124,057150,041311,042133,007991,079331,-79749,090823,082453,-80695
0000001667,0001388333,063184,057156,040641,042133,-21731,091663,-62359,087851,094785,-63305
0000001668,0001389167,063228,057186,039908,042133,-49092,094977,-38312,085115,098100,-39258
0000001669,0001390000,063251,057235,039183,042133,-71425,088972,-09974,082882,092094,-10919
0000001670,0001390833,063252,057299,038539,042133,-86535,074216,019892,081371,077339,018946
0000001671,0001391667,063229,057372,038038,042133,-92935,052152,048357,080731,055274,047411
0000001672,0001392500,063185,057447,037728,042133,-90023,024953,072643,081022,028075,071697
0000001673,0001393333,063125,057516,037640,042133,-78060,-04730,090364,082218,-01608,089418
0000001674,0001394167,063054,057573,037784,042133,-58220,-33987,099779,084202,-30864,098834
0000001675,0001395000,062978,057612,038146,042133,-32457,-59958,099988,086779,-56836,099042
0000001676,0001395833,062905,057630,038694,042133,-03282,-80095,090950,089696,-76973,090004
0000001677,0001396667,062842,057625,039377,042133,026444,-92420,073549,092669,-89298,072603
0000001678,0001397500,062795,057597,040130,042133,053814,-95747,049506,095406,-92625,048560
0000001679,0001398333,062768,057548,040879,042133,076145,-89732,021160,097639,-86610,020214
0000001680,0001399167,062765,057484,041551,042133,091243,-74963,-08708,099149,-71840,-09653
0000001681,0001400000,062786,057411,042081,042133,097653,-52904,-37176,099790,-49782,-38122
0000001682,0001400833,062827,057336,042415,042133,094729,-25700,-61455,099497,-22578,-62401
0000001683,0001401667,062887,057266,042520,042133,082755,003982,-79164,098300,007104,-80110
0000001684,0001402500,062957,057209,042387,042133,062924,033236,-88588,096317,036359,-89534
0000001685,0001403333,063032,057170,042030,042133,037160,059200,-88787,093740,062323,-89733
0000001686,0001404167,063103,057153,041486,042133,007989,079326,-79742,090823,082448,-80688
0000001687,0001405000,063164,057159,040810,042133,-21733,091662,-62356,087851,094785,-63302
0000001688,0001405833,063209,057189,040071,042133,-49098,094985,-38314,085114,098108,-39260
0000001689,0001406667,063233,057238,039341,042133,-71422,088966,-09971,082882,092089,-10917
0000001690,0001407500,063234,057302,038691,042133,-86536,074215,019894,081371,077338,018948
0000001691,0001408333,063212,057375,038185,042133,-92946,052157,048362,080730,055279,047416
0000001692,0001409167,063169,057449,037870,042133,-90018,024952,072639,081022,028074,071693
0000001693,0001410000,063109,057518,037778,042133,-78062,-04730,090365,082218,-01608,089419
0000001694,0001410833,063038,057575,037917,042133,-58227,-33989,099788,084202,-30866,098843
0000001695,0001411667,062963,057614,038275,042133,-32457,-59953,099983,086779,-56831,099037
0000001696,0001412500,062890,057632,038819,042133,-03284,-80094,090951,089696,-76971,090005
0000001697,0001413333,062828,057627,039498,042133,026443,-92427,073556,092669,-89304,072611
0000001698,0001414167,062781,057599,040247,042133,053808,-95740,049505,095405,-92617,048559
0000001699,0001415000,062755,057550,040992,042133,076142,-89731,021162,097639,-86609,020216
0000001700,0001415833,062752,057486,041661,042133,091249,-74969,-08707,099149,-71847,-09653
0000001701,0001416667,062773,057413,042187,042133,097645,-52901,-37171,099789,-49778,-38117
0000001702,0001417500,062815,057338,042517,042133,094726,-25700,-61454,099497,-22578,-62399
0000001703,0001418333,062875,057268,042619,042133,082760,003982,-79169,098300,007104,-80115
0000001704,0001419167,062946,057211,042483,042133,062919,033234,-88579,096316,036356,-89525
0000001705,0001420000,063021,057171,042123,042133,037159,059200,-88786,093740,062322,-89732
0000001706,0001420833,063093,057154,041576,042133,007988,079332,-79748,090823,082455,-80694
0000001707,0001421667,063154,057161,040898,042133,-21732,091655,-62350,087851,094778,-63296
0000001708,0001422500,063199,057190,040156,042133,-49099,094985,-38313,085114,098107,-39259
0000001709,0001423333,063223,057239,039423,042133,-71429,088974,-09972,082881,092096,-10918
0000001710,0001424167,063224,057303,038771,042133,-86531,074210,019893,081371,077333,018947
0000001711,0001425000,063203,057376,038261,042133,-92946,052157,048362,080730,055279,047416
0000001712,0001425833,063160,057450,037944,042133,-90027,024954,072646,081022,028077,071700
0000001713,0001426667,063100,057519,037850,042133,-78057,-04729,090359,082219,-01607,089413
0000001714,0001427500,063030,057576,037986,042133,-58227,-33988,099788,084202,-30866,098843
0000001715,0001428333,062955,057616,038342,042133,-32461,-59957,099991,086778,-56835,099046
0000001716,0001429167,062883,057633,038885,042133,-03285,-80088,090945,089696,-76965,090000
0000001717,0001430000,062820,057628,039562,042133,026442,-92426,073557,092669,-89303,072611
0000001718,0001430833,062774,057600,040308,042133,053811,-95748,049509,095405,-92625,048564
0000001719,0001431667,062748,057551,041051,042133,076135,-89724,021162,097638,-86602,020216
0000001720,0001432500,062746,057487,041718,042133,091247,-74969,-08706,099149,-71846,-09652
0000001721,0001433333,062767,057414,042242,042133,097652,-52906,-37173,099789,-49783,-38119
0000001722,0001434167,062809,057339,042571,042133,094719,-25699,-61447,099496,-22576,-62393
0000001723,0001435000,062869,057269,042671,042133,082759,003982,-79168,098300,007104,-80114
0000001724,0001435833,062940,057211,042534,042133,062923,033236,-88587,096317,036359,-89533
0000001725,0001436667,063015,057172,042172,042133,037156,059195,-88778,093740,062318,-89724
0000001726,0001437500,063087,057155,041624,042133,007988,079332,-79747,090823,082454,-80693
0000001727,0001438333,063149,057162,040944,042133,-21735,091663,-62356,087851,094786,-63302
0000001728,0001439167,063194,057191,040201,042133,-49096,094978,-38309,085115,098100,-39255
0000001729,0001440000,063218,057240,039466,042133,-71429,088973,-09971,082881,092096,-10917
0000001730,0001440833,063220,057304,038813,042133,-86539,074217,019895,081370,077339,018949
0000001731,0001441667,063198,057377,038302,042133,-92939,052153,048359,080730,055275,047413
0000001732,0001442500,063155,057451,037984,042133,-90027,024954,072645,081022,028077,071700
0000001733,0001443333,063096,057520,037887,042133,-78065,-04729,090367,082218,-01607,089421
0000001734,0001444167,063026,057577,038023,042133,-58224,-33985,099782,084202,-30863,098836
0000001735,0001445000,062951,057616,038378,042133,-32461,-59957,099991,086778,-56834,099045
0000001736,0001445833,062879,057634,038920,042133,-03286,-80094,090953,089696,-76971,090007
0000001737,0001446667,062816,057629,039596,042133,026439,-92419,073552,092668,-89296,072607
0000001738,0001447500,062770,057600,040341,042133,053810,-95747,049510,095405,-92624,048564
0000001739,0001448333,062744,057552,041083,042133,076141,-89732,021164,097638,-86609,020218
0000001740,0001449167,062742,057488,041749,042133,091240,-74963,-08704,099148,-71841,-09650
0000001741,0001450000,062763,057415,042272,042133,097650,-52905,-37172,099789,-49783,-38118
0000001742,0001450833,062806,057339,042600,042133,094726,-25701,-61452,099497,-22579,-62398
0000001743,0001451667,062866,057269,042699,042133,082753,003981,-79161,098300,007103,-80107
0000001744,0001452500,062937,057212,042561,042133,062923,033236,-88586,096317,036358,-89532
0000001745,0001453333,063012,057173,042199,042133,037159,059200,-88786,093740,062323,-89732
0000001746,0001454167,063084,057156,041650,042133,007987,079326,-79740,090823,082448,-80686
0000001747,0001455000,063146,057162,040969,042133,-21735,091663,-62355,087851,094785,-63301
0000001748,0001455833,063191,057191,040225,042133,-49100,094986,-38313,085114,098108,-39259
0000001749,0001456667,063215,057240,039490,042133,-71424,088967,-09970,082882,092089,-10916
0000001750,0001457500,063217,057304,038835,042133,-86538,074216,019895,081370,077339,018949
0000001751,0001458333,063195,057377,038324,042133,-92948,052158,048363,080730,055280,047417
0000001752,0001459167,063153,057451,038005,042133,-90020,024953,072640,081022,028075,071695
0000001753,0001460000,063094,057520,037908,042133,-78064,-04729,090366,082218,-01607,089420
0000001754,0001460833,063023,057577,038043,042133,-58229,-33988,099790,084201,-30865,098844
0000001755,0001461667,062948,057617,038398,042133,-32459,-59952,099984,086778,-56829,099038
0000001756,0001462500,062876,057634,038938,042133,-03287,-80093,090952,089696,-76970,090007
0000001757,0001463333,062814,057629,039614,042133,026440,-92426,073558,092668,-89304,072613
0000001758,0001464167,062768,057601,040359,042133,053805,-95739,049507,095405,-92617,048561
0000001759,0001465000,062743,057552,041100,042133,076140,-89731,021164,097638,-86609,020219
0000001760,0001465833,062740,057488,041765,042133,091247,-74970,-08704,099149,-71847,-09650
0000001761,0001466667,062761,057415,042288,042133,097643,-52902,-37169,099789,-49779,-38114
0000001762,0001467500,062804,057339,042615,042133,094726,-25701,-61452,099497,-22579,-62397
0000001763,0001468333,062864,057270,042714,042133,082760,003981,-79168,098300,007103,-80114
0000001764,0001469167,062935,057212,042575,042133,062918,033233,-88579,096316,036356,-89524
0000001765,0001470000,063010,057173,042213,042133,037158,059200,-88785,093740,062322,-89731
0000001766,0001470833,063083,057156,041664,042133,007988,079333,-79748,090823,082455,-80693
0000001767,0001471667,063144,057162,040983,042133,-21733,091656,-62350,087851,094778,-63296
0000001768,0001472500,063190,057191,040238,042133,-49100,094985,-38312,085114,098108,-39258
0000001769,0001473333,063214,057240,039502,042133,-71430,088975,-09971,082881,092097,-10917
0000001770,0001474167,063216,057304,038847,042133,-86532,074211,019894,081371,077333,018948
0000001771,0001475000,063194,057377,038335,042133,-92947,052157,048363,080730,055280,047417
0000001772,0001475833,063152,057452,038016,042133,-90028,024955,072646,081021,028077,071700
0000001773,0001476667,063092,057521,037919,042133,-78058,-04729,090360,082218,-01606,089414
0000001774,0001477500,063022,057577,038053,042133,-58229,-33987,099789,084201,-30865,098843
0000001775,0001478333,062947,057617,038408,042133,-32463,-59956,099992,086778,-56834,099046
0000001776,0001479167,062875,057635,038949,042133,-03287,-80087,090946,089696,-76964,090000
0000001777,0001480000,062813,057629,039624,042133,026440,-92425,073558,092668,-89303,072612
0000001778,0001480833,062767,057601,040368,042133,053809,-95747,049511,095405,-92625,048565
0000001779,0001481667,062741,057552,041109,042133,076134,-89725,021164,097638,-86602,020218
0000001780,0001482500,062739,057488,041774,042133,091246,-74969,-08704,099149,-71847,-09650
0000001781,0001483333,062760,057415,042296,042133,097651,-52906,-37172,099789,-49784,-38117
0000001782,0001484167,062803,057340,042623,042133,094719,-25700,-61446,099496,-22577,-62392
0000001783,0001485000,062863,057270,042722,042133,082759,003981,-79167,098300,007103,-80113
0000001784,0001485833,062934,057212,042583,042133,062924,033236,-88586,096317,036358,-89532
0000001785,0001486667,063010,057173,042220,042133,037156,059195,-88778,093740,062317,-89724
0000001786,0001487500,063082,057156,041671,042133,007988,079332,-79747,090823,082455,-80693
0000001787,0001488333,063143,057162,040990,042133,-21735,091664,-62356,087851,094786,-63302
0000001788,0001489167,063189,057192,040245,042133,-49096,094978,-38309,085115,098101,-39255
0000001789,0001490000,063213,057241,039509,042133,-71430,088974,-09971,082881,092096,-10917
0000001790,0001490833,063215,057305,038854,042133,-86539,074217,019895,081370,077340,018949
0000001791,0001491667,063193,057377,038342,042133,-92940,052153,048360,080730,055276,047414
0000001792,0001492500,063151,057452,038021,042133,-90027,024955,072646,081022,028077,071700
0000001793,0001493333,063092,057521,037924,042133,-78065,-04729,090367,082218,-01606,089421
0000001794,0001494167,063021,057578,038059,042133,-58224,-33985,099782,084202,-30862,098836
0000001795,0001495000,062947,057617,038414,042133,-32462,-59956,099991,086778,-56833,099045
0000001796,0001495833,062875,057635,038954,042133,-03288,-80093,090953,089696,-76970,090008
0000001797,0001496667,062813,057629,039629,042133,026438,-92418,073553,092668,-89296,072607
0000001798,0001497500,062767,057601,040374,042133,053808,-95746,049511,095405,-92624,048565
0000001799,0001498333,062741,057552,041114,042133,076140,-89732,021165,097638,-86610,020220
0000001800,0001499167,062739,057488,041779,042133,091239,-74964,-08702,099148,-71841,-09648
0000001801,0001500000,062760,057415,042301,042133,097650,-52906,-37171,099789,-49784,-38117
0000001802,0001500833,062802,057340,042627,042133,094726,-25702,-61452,099497,-22580,-62397
0000001803,0001501667,062862,057270,042726,042133,082753,003980,-79161,098300,007103,-80107
0000001804,0001502500,062934,057212,042587,042133,062923,033235,-88586,096317,036358,-89531
0000001805,0001503333,063009,057173,042225,042133,037159,059200,-88786,093740,062322,-89732
0000001806,0001504167,063081,057156,041675,042133,007987,079326,-79741,090823,082449,-80687
0000001807,0001505000,063143,057162,040994,042133,-21735,091663,-62355,087851,094786,-63301
0000001808,0001505833,063188,057191,040249,042133,-49101,094986,-38313,085114,098109,-39259
0000001809,0001506667,063213,057241,039513,042133,-71425,088967,-09970,082882,092090,-10916
0000001810,0001507500,063215,057305,038857,042133,-86539,074217,019895,081370,077339,018949
0000001811,0001508333,063193,057377,038345,042133,-92948,052158,048363,080729,055280,047417
0000001812,0001509167,063151,057452,038025,042133,-90020,024953,072641,081022,028075,071695
0000001813,0001510000,063091,057521,037927,042133,-78064,-04729,090366,082218,-01606,089420
0000001814,0001510833,063021,057578,038062,042133,-58230,-33987,099790,084201,-30865,098844
0000001815,0001511667,062946,057617,038417,042133,-32460,-59951,099984,086778,-56829,099038
0000001816,0001512500,062874,057635,038957,042133,-03288,-80092,090953,089696,-76970,090007
0000001817,0001513333,062812,057629,039632,042133,026439,-92426,073559,092668,-89303,072613
0000001818,0001514167,062766,057601,040376,042133,053804,-95739,049508,095405,-92617,048562
0000001819,0001515000,062741,057552,041117,042133,076139,-89731,021165,097638,-86609,020220
0000001820,0001515833,062738,057488,041781,042133,091246,-74970,-08703,099149,-71848,-09649
0000001821,0001516667,062760,057415,042303,042133,097643,-52902,-37168,099789,-49780,-38113
0000001822,0001517500,062802,057340,042629,042133,094726,-25702,-61451,099497,-22579,-62397
0000001823,0001518333,062862,057270,042728,042133,082760,003980,-79168,098300,007103,-80114
0000001824,0001519167,062933,057212,042589,042133,062919,033233,-88579,096316,036355,-89525
0000001825,0001520000,063009,057173,042227,042133,037159,059200,-88785,093740,062322,-89731
0000001826,0001520833,063081,057156,041678,042133,007988,079333,-79748,090823,082455,-80694
0000001827,0001521667,063143,057162,040997,042133,-21733,091656,-62350,087851,094779,-63296
0000001828,0001522500,063188,057191,040252,042133,-49100,094986,-38312,085114,098108,-39258
0000001829,0001523333,063213,057240,039515,042133,-71431,088975,-09971,082881,092097,-10917
0000001830,0001524167,063214,057304,038859,042133,-86532,074211,019894,081371,077334,018948
0000001831,0001525000,063193,057377,038346,042133,-92947,052157,048363,080730,055280,047417
0000001832,0001525833,063150,057452,038026,042133,-90028,024955,072646,081021,028077,071700
0000001833,0001526667,063091,057521,037929,042133,-78058,-04728,090360,082218,-01606,089414
0000001834,0001527500,063021,057578,038063,042133,-58229,-33987,099789,084201,-30864,098843
0000001835,0001528333,062946,057617,038418,042133,-32463,-59956,099992,086778,-56834,099046
0000001836,0001529167,062874,057635,038959,042133,-03287,-80086,090946,089696,-76964,090000
0000001837,0001530000,062812,057629,039634,042133,026439,-92425,073558,092668,-89302,072612
0000001838,0001530833,062766,057601,040378,042133,053808,-95747,049512,095405,-92624,048566
0000001839,0001531667,062741,057552,041119,042133,076133,-89725,021164,097638,-86602,020219
0000001840,0001532500,062738,057488,041783,042133,091245,-74970,-08703,099149,-71847,-09649
0000001841,0001533333,062759,057415,042304,042133,097651,-52907,-37171,099789,-49784,-38117
0000001842,0001534167,062802,057340,042630,042133,094719,-25700,-61446,099496,-22578,-62392
0000001843,0001535000,062862,057270,042729,042133,082760,003980,-79167,098300,007103,-80113
0000001844,0001535833,062933,057212,042590,042133,062924,033235,-88587,096317,036358,-89532
0000001845,0001536667,063009,057173,042228,042133,037156,059195,-88779,093740,062318,-89724
0000001846,0001537500,063081,057156,041679,042133,007988,079332,-79747,090823,082455,-80693
0000001847,0001538333,063143,057162,040998,042133,-21735,091664,-62356,087851,094787,-63302
0000001848,0001539167,063188,057191,040253,042133,-49097,094979,-38309,085115,098101,-39255
0000001849,0001540000,063213,057240,039516,042133,-71430,088974,-09971,082881,092097,-10917
0000001850,0001540833,063214,057304,038860,042133,-86540,074217,019895,081370,077340,018949
0000001851,0001541667,063193,057377,038347,042133,-92940,052153,048360,080730,055276,047414
0000001852,0001542500,063150,057452,038027,042133,-90027,024954,072646,081022,028077,071700
0000001853,0001543333,063091,057521,037929,042133,-78065,-04729,090367,082218,-01606,089421
0000001854,0001544167,063021,057578,038064,042133,-58224,-33984,099782,084202,-30862,098836
0000001855,0001545000,062946,057617,038419,042133,-32463,-59956,099991,086778,-56833,099045
0000001856,0001545833,062874,057635,038960,042133,-03288,-80093,090953,089696,-76970,090008
0000001857,0001546667,062812,057629,039635,042133,026437,-92418,073553,092668,-89295,072607
0000001858,0001547500,062766,057601,040379,042133,053808,-95746,049511,095405,-92624,048565
0000001859,0001548333,062741,057552,041119,042133,076139,-89732,021166,097638,-86610,020220
0000001860,0001549167,062738,057488,041783,042133,091239,-74964,-08702,099148,-71842,-09648
0000001861,0001550000,062759,057415,042304,042133,097650,-52906,-37171,099789,-49784,-38117
0000001862,0001550833,062802,057340,042631,042133,094727,-25703,-61451,099497,-22580,-62397
0000001863,0001551667,062862,057270,042729,042133,082754,003980,-79161,098300,007102,-80107
0000001864,0001552500,062933,057212,042590,042133,062924,033235,-88586,096317,036358,-89532
0000001865,0001553333,063009,057173,042228,042133,037159,059200,-88787,093740,062323,-89732
0000001866,0001554167,063081,057156,041679,042133,007987,079327,-79741,090823,082449,-80687
0000001867,0001555000,063143,057162,040999,042133,-21735,091663,-62356,087851,094786,-63301
0000001868,0001555833,063188,057191,040253,042133,-49101,094987,-38313,085114,098109,-39259
0000001869,0001556667,063213,057240,039517,042133,-71425,088968,-09970,082882,092090,-10916
0000001870,0001557500,063214,057304,038860,042133,-86539,074217,019895,081370,077339,018950
0000001871,0001558333,063193,057377,038347,042133,-92948,052158,048363,080729,055280,047418
0000001872,0001559167,063150,057452,038027,042133,-90020,024953,072641,081022,028075,071695
0000001873,0001560000,063091,057521,037929,042133,-78064,-04729,090366,082218,-01606,089420
0000001874,0001560833,063021,057578,038064,042133,-58229,-33987,099790,084201,-30865,098844
0000001875,0001561667,062946,057617,038419,042133,-32460,-59951,099984,086778,-56829,099038
0000001876,0001562500,062874,057635,038960,042133,-03288,-80092,090953,089696,-76969,090007
0000001877,0001563333,062812,057629,039635,042133,026439,-92425,073559,092668,-89303,072613
0000001878,0001564167,062766,057601,040379,042133,053804,-95739,049508,095405,-92616,048562
0000001879,0001565000,062741,057552,041120,042133,076138,-89731,021166,097638,-86609,020220
0000001880,0001565833,062738,057488,041783,042133,091246,-74970,-08703,099149,-71848,-09649
0000001881,0001566667,062759,057415,042304,042133,097643,-52903,-37167,099789,-49780,-38113
0000001882,0001567500,062802,057340,042631,042133,094726,-25702,-61451,099497,-22580,-62397
0000001883,0001568333,062862,057270,042729,042133,082761,003980,-79168,098300,007103,-80114
0000001884,0001569167,062933,057212,042590,042133,062919,033233,-88579,096316,036355,-89525
0000001885,0001570000,063009,057173,042229,042133,037159,059200,-88786,093740,062322,-89732
0000001886,0001570833,063081,057156,041680,042133,007988,079333,-79748,090823,082456,-80694
0000001887,0001571667,063143,057162,040999,042133,-21733,091657,-62351,087851,094779,-63296
0000001888,0001572500,063188,057191,040254,042133,-49101,094986,-38312,085114,098108,-39258
0000001889,0001573333,063213,057240,039517,042133,-71431,088975,-09971,082881,092098,-10917
0000001890,0001574167,063214,057304,038860,042133,-86533,074211,019894,081371,077334,018949
0000001891,0001575000,063193,057377,038347,042133,-92947,052157,048363,080730,055279,047418
0000001892,0001575833,063150,057452,038027,042133,-90028,024955,072646,081021,028077,071701
0000001893,0001576667,063091,057521,037929,042133,-78058,-04729,090360,082218,-01606,089414
0000001894,0001577500,063021,057578,038064,042133,-58229,-33987,099789,084201,-30865,098843
0000001895,0001578333,062946,057617,038419,042133,-32463,-59956,099992,086778,-56834,099046
0000001896,0001579167,062874,057635,038960,042133,-03287,-80086,090946,089696,-76963,090000
0000001897,0001580000,062812,057629,039635,042133,026439,-92425,073558,092668,-89302,072612
0000001898,0001580833,062766,057601,040380,042133,053808,-95747,049512,095405,-92624,048566
0000001899,0001581667,062741,057552,041120,042133,076133,-89725,021165,097638,-86602,020219
0000001900,0001582500,062738,057488,041783,042133,091245,-74970,-08703,099149,-71847,-09649
0000001901,0001583333,062760,057415,042304,042133,097651,-52907,-37171,099789,-49785,-38117
0000001902,0001584167,062802,057340,042630,042133,094719,-25700,-61446,099496,-22578,-62392
0000001903,0001585000,062862,057270,042729,042133,082760,003980,-79167,098300,007103,-80113
0000001904,0001585833,062933,057212,042590,042133,062924,033236,-88587,096317,036358,-89533
0000001905,0001586667,063009,057173,042228,042133,037156,059195,-88779,093740,062318,-89725
0000001906,0001587500,063081,057156,041680,042133,007988,079333,-79748,090823,082455,-80693
0000001907,0001588333,063143,057162,040999,042133,-21735,091665,-62356,087851,094787,-63302
0000001908,0001589167,063188,057191,040254,042133,-49097,094979,-38309,085115,098101,-39255
0000001909,0001590000,063213,057240,039517,042133,-71431,088974,-09970,082881,092097,-10916
0000001910,0001590833,063214,057304,038860,042133,-86540,074217,019896,081370,077340,018950
0000001911,0001591667,063193,057377,038347,042133,-92940,052153,048360,080730,055275,047414
0000001912,0001592500,063150,057452,038026,042133,-90027,024954,072646,081022,028076,071700
0000001913,0001593333,063091,057521,037929,042133,-78065,-04729,090367,082218,-01607,089421
0000001914,0001594167,063021,057578,038064,042133,-58224,-33985,099782,084202,-30862,098836
0000001915,0001595000,062946,057617,038419,042133,-32462,-59956,099991,086778,-56833,099045
0000001916,0001595833,062874,057635,038960,042133,-03288,-80093,090953,089696,-76970,090007
0000001917,0001596667,062812,057629,039636,042133,026437,-92418,073553,092668,-89295,072607
0000001918,0001597500,062766,057601,040380,042133,053808,-95746,049511,095405,-92623,048565
0000001919,0001598333,062741,057552,041120,042133,076139,-89732,021166,097638,-86610,020220
0000001920,0001599167,062738,057488,041783,042133,091239,-74964,-08702,099148,-71842,-09648
0000001921,0001600000,062760,057415,042304,042133,097650,-52907,-37171,099789,-49784,-38117
0000001922,0001600833,062802,057339,042630,042133,094727,-25703,-61451,099497,-22580,-62397
0000001923,0001601667,062862,057270,042729,042133,082754,003980,-79161,098300,007102,-80107
0000001924,0001602500,062933,057212,042590,042133,062924,033236,-88586,096317,036358,-89532
0000001925,0001603333,063009,057173,042229,042133,037159,059201,-88787,093740,062323,-89733
0000001926,0001604167,063081,057156,041680,042133,007987,079327,-79741,090823,082450,-80687
0000001927,0001605000,063143,057162,040999,042133,-21736,091664,-62356,087851,094787,-63301
0000001928,0001605833,063188,057191,040254,042133,-49102,094987,-38313,085114,098110,-39258
0000001929,0001606667,063213,057240,039517,042133,-71426,088968,-09969,082882,092090,-10915
0000001930,0001607500,063214,057304,038860,042133,-86540,074216,019896,081370,077339,018950
0000001931,0001608333,063193,057377,038347,042133,-92948,052157,048364,080729,055280,047418
0000001932,0001609167,063151,057452,038026,042133,-90020,024952,072641,081022,028074,071695
0000001933,0001610000,063091,057521,037929,042133,-78064,-04730,090366,082218,-01607,089420
0000001934,0001610833,063021,057578,038064,042133,-58229,-33988,099789,084201,-30865,098844
0000001935,0001611667,062946,057617,038419,042133,-32460,-59951,099984,086778,-56829,099038
0000001936,0001612500,062874,057635,038960,042133,-03287,-80092,090952,089696,-76969,090006
0000001937,0001613333,062812,057629,039636,042133,026439,-92425,073559,092668,-89303,072613
0000001938,0001614167,062766,057601,040380,042133,053804,-95739,049508,095405,-92616,048562
0000001939,0001615000,062741,057552,041120,042133,076138,-89731,021166,097638,-86609,020220
0000001940,0001615833,062738,057488,041783,042133,091246,-74970,-08703,099149,-71848,-09649
0000001941,0001616667,062760,057415,042304,042133,097643,-52903,-37168,099789,-49780,-38113
0000001942,0001617500,062802,057339,042630,042133,094726,-25702,-61451,099497,-22580,-62397
0000001943,0001618333,062862,057270,042729,042133,082761,003980,-79168,098300,007103,-80114
0000001944,0001619167,062933,057212,042590,042133,062919,033233,-88579,096316,036356,-89525
0000001945,0001620000,063009,057173,042228,042133,037159,059200,-88786,093740,062323,-89732
0000001946,0001620833,063081,057156,041680,042133,007987,079334,-79748,090823,082456,-80694
0000001947,0001621667,063143,057162,040999,042133,-21734,091657,-62350,087851,094780,-63296
0000001948,0001622500,063188,057191,040254,042133,-49102,094986,-38312,085114,098109,-39258
0000001949,0001623333,063213,057240,039517,042133,-71432,088975,-09970,082881,092098,-10916
0000001950,0001624167,063214,057304,038860,042133,-86533,074211,019895,081371,077333,018949
0000001951,0001625000,063193,057377,038347,042133,-92948,052156,048364,080730,055279,047418
0000001952,0001625833,063151,057452,038026,042133,-90028,024954,072647,081022,028076,071701
0000001953,0001626667,063091,057521,037929,042133,-78058,-04729,090360,082219,-01607,089414
0000001954,0001627500,063021,057578,038064,042133,-58228,-33988,099789,084201,-30865,098843
0000001955,0001628333,062946,057617,038419,042133,-32462,-59956,099991,086778,-56834,099046
0000001956,0001629167,062874,057635,038961,042133,-03287,-80086,090946,089696,-76964,090000
0000001957,0001630000,062812,057629,039636,042133,026439,-92424,073558,092668,-89302,072612
0000001958,0001630833,062766,057601,040380,042133,053808,-95747,049511,095405,-92624,048565
0000001959,0001631667,062741,057552,041120,042133,076133,-89725,021164,097638,-86602,020219
0000001960,0001632500,062738,057488,041783,042133,091245,-74970,-08703,099149,-71847,-09649
0000001961,0001633333,062760,057415,042304,042133,097651,-52907,-37171,099789,-49785,-38117
0000001962,0001634167,062802,057339,042629,042133,094719,-25700,-61446,099496,-22578,-62392
0000001963,0001635000,062862,057270,042728,042133,082760,003981,-79168,098300,007103,-80114
0000001964,0001635833,062933,057212,042590,042133,062924,033236,-88587,096317,036359,-89533
0000001965,0001636667,063009,057173,042228,042133,037156,059196,-88779,093740,062319,-89725
0000001966,0001637500,063081,057156,041680,042133,007987,079334,-79748,090823,082456,-80694
0000001967,0001638333,063143,057162,041000,042133,-21736,091665,-62356,087851,094788,-63302
0000001968,0001639167,063188,057191,040254,042133,-49098,094979,-38308,085115,098102,-39254
0000001969,0001640000,063213,057240,039517,042133,-71432,088974,-09970,082881,092097,-10916
0000001970,0001640833,063215,057304,038860,042133,-86541,074217,019897,081370,077339,018951
0000001971,0001641667,063193,057377,038346,042133,-92941,052152,048361,080730,055275,047415
0000001972,0001642500,063151,057452,038025,042133,-90027,024953,072647,081022,028076,071701
0000001973,0001643333,063091,057521,037928,042133,-78064,-04730,090367,082218,-01607,089421
0000001974,0001644167,063021,057577,038064,042133,-58223,-33985,099782,084202,-30863,098836
0000001975,0001645000,062946,057617,038419,042133,-32462,-59956,099990,086778,-56834,099045
0000001976,0001645833,062874,057634,038960,042133,-03287,-80093,090953,089696,-76970,090007
0000001977,0001646667,062812,057629,039636,042133,026438,-92418,073553,092668,-89295,072607
0000001978,0001647500,062766,057601,040380,042133,053808,-95746,049511,095405,-92623,048565
0000001979,0001648333,062741,057552,041120,042133,076139,-89732,021166,097638,-86609,020220
0000001980,0001649167,062739,057488,041783,042133,091239,-74964,-08702,099148,-71841,-09648
0000001981,0001650000,062760,057415,042303,042133,097650,-52906,-37171,099789,-49784,-38117
0000001982,0001650833,062802,057339,042629,042133,094727,-25702,-61452,099497,-22580,-62398
0000001983,0001651667,062862,057270,042728,042133,082754,003980,-79162,098300,007103,-80107
0000001984,0001652500,062933,057212,042589,042133,062923,033236,-88587,096317,036359,-89533
0000001985,0001653333,063009,057173,042228,042133,037159,059201,-88787,093740,062324,-89733
0000001986,0001654167,063081,057156,041680,042133,007986,079328,-79741,090823,082450,-80687
0000001987,0001655000,063143,057162,041000,042133,-21737,091665,-62355,087851,094787,-63301
0000001988,0001655833,063188,057191,040254,042133,-49103,094987,-38312,085114,098110,-39258
0000001989,0001656667,063213,057240,039517,042133,-71426,088968,-09968,082882,092090,-10914
0000001990,0001657500,063215,057304,038860,042133,-86540,074216,019897,081370,077338,018951
0000001991,0001658333,063193,057377,038346,042133,-92949,052156,048365,080729,055279,047419
0000001992,0001659167,063151,057451,038025,042133,-90020,024951,072642,081022,028073,071696
0000001993,0001660000,063091,057521,037928,042133,-78063,-04730,090367,082218,-01608,089421
0000001994,0001660833,063021,057577,038063,042133,-58228,-33988,099790,084201,-30866,098844
0000001995,0001661667,062946,057617,038419,042133,-32459,-59952,099983,086778,-56829,099038
0000001996,0001662500,062874,057634,038960,042133,-03287,-80092,090952,089696,-76970,090006
0000001997,0001663333,062812,057629,039636,042133,026440,-92425,073558,092668,-89303,072612
0000001998,0001664167,062766,057600,040380,042133,053804,-95739,049507,095405,-92616,048561
0000001999,0001665000,062741,057552,041120,042133,076139,-89731,021165,097638,-86608,020219
0000002000,0001665833,062739,057488,041783,042133,091246,-74970,-08703,099149,-71848,-09649
0000002001,0001666667,062760,057415,042303,042133,097643,-52902,-37168,099789,-49780,-38114
0000002002,0001667500,062802,057339,042629,042133,094726,-25702,-61452,099497,-22579,-62397
0000002003,0001668333,062862,057270,042728,042133,082761,003981,-79169,098300,007103,-80115
0000002004,0001669167,062933,057212,042589,042133,062919,033234,-88580,096316,036356,-89526
0000002005,0001670000,063009,057173,042228,042133,037158,059201,-88786,093740,062324,-89732
0000002006,0001670833,063081,057156,041680,042133,007987,079335,-79748,090823,082457,-80694
0000002007,0001671667,063143,057162,040999,042133,-21735,091658,-62350,087851,094780,-63296
0000002008,0001672500,063188,057191,040254,042133,-49103,094987,-38311,085114,098109,-39257
0000002009,0001673333,063213,057240,039517,042133,-71433,088975,-09969,082881,092098,-10915
0000002010,0001674167,063215,057304,038860,042133,-86534,074210,019896,081371,077333,018950
0000002011,0001675000,063193,057377,038346,042133,-92948,052155,048365,080730,055278,047419
0000002012,0001675833,063151,057451,038025,042133,-90028,024953,072648,081022,028075,071702
0000002013,0001676667,063091,057521,037928,042133,-78057,-04730,090360,082219,-01608,089415
0000002014,0001677500,063021,057577,038063,042133,-58227,-33989,099789,084202,-30866,098843
0000002015,0001678333,062946,057617,038419,042133,-32461,-59957,099991,086778,-56834,099045
0000002016,0001679167,062874,057634,038960,042133,-03286,-80086,090945,089696,-76964,089999
0000002017,0001680000,062812,057629,039636,042133,026440,-92424,073557,092668,-89302,072611
0000002018,0001680833,062766,057600,040380,042133,053809,-95747,049511,095405,-92624,048565
0000002019,0001681667,062741,057552,041120,042133,076133,-89724,021164,097638,-86602,020218
0000002020,0001682500,062739,057488,041783,042133,091246,-74969,-08704,099149,-71847,-09650
0000002021,0001683333,062760,057415,042303,042133,097651,-52907,-37172,099789,-49784,-38118
0000002022,0001684167,062803,057339,042628,042133,094719,-25700,-61447,099496,-22577,-62393
0000002023,0001685000,062862,057270,042727,042133,082760,003981,-79168,098300,007104,-80114
0000002024,0001685833,062933,057212,042589,042133,062924,033237,-88588,096317,036359,-89534
0000002025,0001686667,063009,057173,042228,042133,037155,059197,-88780,093740,062319,-89725
0000002026,0001687500,063081,057156,041680,042133,007986,079334,-79748,090823,082457,-80693
0000002027,0001688333,063143,057162,040999,042133,-21737,091666,-62356,087851,094788,-63302
0000002028,0001689167,063188,057191,040254,042133,-49099,094980,-38308,085114,098102,-39254
0000002029,0001690000,063213,057240,039517,042133,-71433,088974,-09969,082881,092097,-10915
0000002030,0001690833,063215,057304,038859,042133,-86541,074216,019898,081370,077339,018952
0000002031,0001691667,063193,057377,038346,042133,-92941,052151,048362,080730,055274,047416
0000002032,0001692500,063151,057451,038024,042133,-90027,024952,072648,081022,028075,071702
0000002033,0001693333,063091,057521,037927,042133,-78064,-04731,090368,082218,-01609,089422
0000002034,0001694167,063021,057577,038063,042133,-58223,-33986,099782,084202,-30864,098836
0000002035,0001695000,062946,057617,038418,042133,-32461,-59957,099990,086778,-56834,099044
0000002036,0001695833,062874,057634,038960,042133,-03286,-80093,090952,089696,-76971,090006
0000002037,0001696667,062812,057629,039636,042133,026438,-92418,073552,092668,-89295,072606
0000002038,0001697500,062766,057600,040380,042133,053808,-95746,049510,095405,-92623,048564
0000002039,0001698333,062741,057552,041120,042133,076139,-89732,021165,097638,-86609,020219
0000002040,0001699167,062739,057488,041782,042133,091239,-74964,-08703,099148,-71841,-09649
0000002041,0001700000,062760,057414,042303,042133,097650,-52906,-37172,099789,-49783,-38118
0000002042,0001700833,062803,057339,042628,042133,094727,-25702,-61452,099497,-22579,-62398
0000002043,0001701667,062862,057270,042727,042133,082754,003981,-79162,098300,007104,-80108
0000002044,0001702500,062933,057212,042589,042133,062923,033237,-88587,096317,036359,-89533
0000002045,0001703333,063009,057173,042228,042133,037158,059202,-88787,093740,062325,-89733
0000002046,0001704167,063081,057156,041680,042133,007985,079329,-79741,090823,082451,-80687
0000002047,0001705000,063143,057162,040999,042133,-21738,091665,-62355,087851,094788,-63301
0000002048,0001705833,063188,057191,040254,042133,-49104,094988,-38311,085114,098110,-39257
0000002049,0001706667,063213,057240,039517,042133,-71427,088967,-09967,082882,092090,-10913
0000002050,0001707500,063215,057304,038859,042133,-86541,074215,019898,081370,077338,018952
0000002051,0001708333,063193,057377,038345,042133,-92949,052155,048366,080729,055278,047420
0000002052,0001709167,063151,057451,038024,042133,-90020,024950,072643,081022,028072,071697
0000002053,0001710000,063091,057521,037927,042133,-78063,-04732,090367,082218,-01609,089421
0000002054,0001710833,063021,057577,038062,042133,-58227,-33989,099790,084202,-30867,098844
0000002055,0001711667,062946,057617,038418,042133,-32458,-59952,099983,086779,-56830,099037
0000002056,0001712500,062874,057634,038960,042133,-03286,-80093,090951,089696,-76970,090005
0000002057,0001713333,062812,057629,039636,042133,026441,-92425,073557,092668,-89303,072612
0000002058,0001714167,062766,057600,040380,042133,053805,-95738,049507,095405,-92616,048561
0000002059,0001715000,062741,057552,041120,042133,076139,-89731,021164,097638,-86608,020219
0000002060,0001715833,062739,057488,041782,042133,091247,-74970,-08704,099149,-71847,-09650
0000002061,0001716667,062760,057414,042302,042133,097643,-52902,-37169,099789,-49779,-38114
0000002062,0001717500,062803,057339,042628,042133,094726,-25701,-61452,099497,-22579,-62398
0000002063,0001718333,062862,057270,042726,042133,082761,003982,-79169,098300,007104,-80115
0000002064,0001719167,062934,057212,042588,042133,062918,033235,-88580,096316,036357,-89526
0000002065,0001720000,063009,057173,042227,042133,037157,059202,-88787,093740,062325,-89733
0000002066,0001720833,063081,057156,041680,042133,007986,079336,-79748,090823,082458,-80694
0000002067,0001721667,063143,057162,040999,042133,-21736,091659,-62350,087851,094781,-63295
0000002068,0001722500,063188,057191,040254,042133,-49104,094987,-38310,085114,098109,-39256
0000002069,0001723333,063213,057240,039517,042133,-71434,088975,-09968,082881,092097,-10914
0000002070,0001724167,063215,057304,038859,042133,-86534,074210,019898,081371,077332,018952
0000002071,0001725000,063193,057377,038345,042133,-92948,052155,048366,080730,055277,047420
0000002072,0001725833,063151,057451,038024,042133,-90028,024952,072649,081022,028074,071703
0000002073,0001726667,063092,057520,037927,042133,-78057,-04732,090361,082219,-01609,089415
0000002074,0001727500,063021,057577,038062,042133,-58226,-33990,099789,084202,-30867,098843
0000002075,0001728333,062946,057617,038418,042133,-32460,-59958,099991,086778,-56835,099045
0000002076,0001729167,062874,057634,038960,042133,-03285,-80087,090945,089696,-76964,089999
0000002077,0001730000,062812,057629,039636,042133,026441,-92425,073557,092668,-89302,072611
0000002078,0001730833,062766,057600,040380,042133,053809,-95746,049510,095405,-92624,048564
0000002079,0001731667,062741,057552,041120,042133,076134,-89724,021163,097638,-86601,020217
0000002080,0001732500,062739,057488,041782,042133,091246,-74969,-08704,099149,-71846,-09650
0000002081,0001733333,062760,057414,042302,042133,097651,-52906,-37172,099789,-49784,-38118
0000002082,0001734167,062803,057339,042627,042133,094719,-25699,-61447,099496,-22577,-62393
0000002083,0001735000,062862,057270,042726,042133,082760,003982,-79169,098300,007105,-80115
0000002084,0001735833,062934,057212,042588,042133,062923,033238,-88588,096317,036360,-89534
0000002085,0001736667,063009,057173,042227,042133,037155,059198,-88780,093740,062320,-89726
0000002086,0001737500,063081,057156,041679,042133,007985,079335,-79747,090823,082458,-80693
0000002087,0001738333,063143,057162,040999,042133,-21738,091666,-62355,087850,094789,-63301
0000002088,0001739167,063188,057191,040254,042133,-49100,094980,-38307,085114,098102,-39253
0000002089,0001740000,063213,057240,039517,042133,-71434,088974,-09968,082881,092096,-10913
0000002090,0001740833,063215,057304,038859,042133,-86542,074216,019899,081370,077338,018953
0000002091,0001741667,063193,057377,038345,042133,-92941,052150,048363,080730,055273,047418
0000002092,0001742500,063151,057451,038024,042133,-90027,024951,072648,081022,028073,071703
0000002093,0001743333,063092,057520,037926,042133,-78063,-04732,090368,082218,-01610,089422
0000002094,0001744167,063021,057577,038062,042133,-58222,-33987,099782,084202,-30865,098836
0000002095,0001745000,062946,057617,038418,042133,-32460,-59957,099990,086778,-56835,099044
0000002096,0001745833,062874,057634,038960,042133,-03285,-80093,090952,089696,-76971,090006
0000002097,0001746667,062812,057629,039636,042133,026439,-92418,073551,092668,-89295,072605
0000002098,0001747500,062766,057600,040380,042133,053809,-95745,049509,095405,-92623,048563
0000002099,0001748333,062741,057552,041120,042133,076140,-89731,021164,097638,-86609,020218
0000002100,0001749167,062739,057488,041782,042133,091239,-74963,-08703,099148,-71841,-09649
0000002101,0001750000,062760,057414,042302,042133,097650,-52905,-37172,099789,-49783,-38118
0000002102,0001750833,062803,057339,042627,042133,094727,-25701,-61453,099497,-22578,-62399
0000002103,0001751667,062863,057270,042726,042133,082754,003982,-79163,098300,007104,-80109
0000002104,0001752500,062934,057212,042588,042133,062923,033238,-88588,096317,036360,-89533
0000002105,0001753333,063009,057173,042227,042133,037157,059203,-88788,093740,062326,-89734
0000002106,0001754167,063081,057156,041679,042133,007984,079329,-79741,090823,082452,-80687
0000002107,0001755000,063143,057162,040999,042133,-21739,091666,-62354,087850,094788,-63300
0000002108,0001755833,063188,057191,040254,042133,-49105,094988,-38310,085114,098110,-39256
0000002109,0001756667,063213,057240,039517,042133,-71428,088967,-09966,082881,092090,-10912
0000002110,0001757500,063215,057304,038859,042133,-86541,074215,019900,081370,077337,018954
0000002111,0001758333,063194,057377,038344,042133,-92949,052154,048367,080729,055277,047421
0000002112,0001759167,063151,057451,038023,042133,-90020,024949,072644,081022,028071,071698
0000002113,0001760000,063092,057520,037926,042133,-78062,-04733,090368,082218,-01610,089422
0000002114,0001760833,063021,057577,038062,042133,-58227,-33990,099790,084202,-30868,098844
0000002115,0001761667,062946,057617,038418,042133,-32457,-59953,099983,086779,-56831,099037
0000002116,0001762500,062874,057634,038960,042133,-03285,-80093,090951,089696,-76970,090005
0000002117,0001763333,062812,057629,039636,042133,026441,-92425,073557,092668,-89303,072611
0000002118,0001764167,062767,057600,040380,042133,053805,-95738,049506,095405,-92616,048560
0000002119,0001765000,062741,057552,041120,042133,076140,-89730,021164,097638,-86608,020218
0000002120,0001765833,062739,057488,041782,042133,091247,-74969,-08705,099149,-71847,-09651
0000002121,0001766667,062760,057414,042301,042133,097643,-52901,-37169,099789,-49779,-38115
0000002122,0001767500,062803,057339,042627,042133,094726,-25700,-61453,099497,-22578,-62399
0000002123,0001768333,062863,057270,042726,042133,082760,003982,-79170,098300,007105,-80116
0000002124,0001769167,062934,057212,042587,042133,062918,033236,-88581,096316,036358,-89527
0000002125,0001770000,063009,057173,042227,042133,037157,059203,-88787,093740,062325,-89733
0000002126,0001770833,063081,057156,041679,042133,007985,079336,-79748,090823,082459,-80694
0000002127,0001771667,063143,057162,040999,042133,-21737,091659,-62349,087851,094782,-63295
0000002128,0001772500,063188,057191,040254,042133,-49105,094987,-38309,085114,098110,-39255
0000002129,0001773333,063213,057240,039516,042133,-71435,088975,-09967,082881,092097,-10913
0000002130,0001774167,063215,057304,038859,042133,-86535,074209,019899,081371,077332,018953
0000002131,0001775000,063194,057377,038344,042133,-92948,052154,048367,080729,055276,047422
0000002132,0001775833,063151,057451,038023,042133,-90027,024951,072650,081022,028073,071704
0000002133,0001776667,063092,057520,037926,042133,-78056,-04733,090361,082219,-01610,089416
0000002134,0001777500,063021,057577,038062,042133,-58226,-33991,099789,084202,-30868,098843
0000002135,0001778333,062946,057617,038418,042133,-32459,-59958,099991,086778,-56836,099045
0000002136,0001779167,062874,057634,038960,042133,-03284,-80087,090944,089696,-76965,089998
0000002137,0001780000,062812,057629,039636,042133,026442,-92425,073556,092668,-89302,072610
0000002138,0001780833,062767,057600,040380,042133,053810,-95746,049509,095405,-92624,048563
0000002139,0001781667,062741,057552,041119,042133,076134,-89724,021162,097638,-86601,020216
0000002140,0001782500,062739,057487,041782,042133,091246,-74968,-08705,099149,-71846,-09651
0000002141,0001783333,062760,057414,042301,042133,097651,-52905,-37173,099789,-49783,-38119
0000002142,0001784167,062803,057339,042626,042133,094719,-25698,-61448,099496,-22576,-62394
0000002143,0001785000,062863,057270,042725,042133,082759,003983,-79169,098300,007105,-80115
0000002144,0001785833,062934,057212,042587,042133,062923,033239,-88589,096317,036361,-89535
0000002145,0001786667,063009,057173,042227,042133,037154,059199,-88780,093740,062321,-89726
0000002146,0001787500,063081,057156,041679,042133,007984,079336,-79747,090823,082458,-80693
0000002147,0001788333,063143,057162,040999,042133,-21740,091667,-62355,087850,094789,-63300
0000002148,0001789167,063188,057191,040254,042133,-49101,094980,-38306,085114,098103,-39252
0000002149,0001790000,063213,057240,039516,042133,-71435,088974,-09966,082881,092096,-10912
0000002150,0001790833,063215,057304,038858,042133,-86543,074215,019900,081370,077338,018954
0000002151,0001791667,063194,057377,038344,042133,-92941,052149,048365,080730,055272,047419
0000002152,0001792500,063151,057451,038023,042133,-90026,024950,072649,081022,028072,071703
0000002153,0001793333,063092,057520,037925,042133,-78062,-04733,090369,082218,-01611,089423
0000002154,0001794167,063021,057577,038062,042133,-58221,-33988,099782,084202,-30866,098836
0000002155,0001795000,062946,057617,038418,042133,-32459,-59958,099990,086778,-56836,099044
0000002156,0001795833,062874,057634,038960,042133,-03284,-80094,090951,089696,-76971,090005
0000002157,0001796667,062812,057629,039636,042133,026440,-92418,073551,092668,-89295,072605
0000002158,0001797500,062767,057600,040380,042133,053810,-95745,049508,095405,-92623,048563
0000002159,0001798333,062741,057551,041119,042133,076140,-89731,021163,097638,-86608,020218
0000002160,0001799167,062739,057487,041781,042133,091240,-74963,-08704,099148,-71840,-09650
0000002161,0001800000,062760,057414,042301,042133,097651,-52905,-37173,099789,-49782,-38119
0000002162,0001800833,062803,057339,042626,042133,094727,-25700,-61454,099497,-22578,-62400
0000002163,0001801667,062863,057270,042725,042133,082753,003983,-79163,098300,007105,-80109
0000002164,0001802500,062934,057212,042587,042133,062922,033239,-88588,096317,036361,-89534
0000002165,0001803333,063009,057173,042226,042133,037157,059204,-88788,093740,062326,-89734
0000002166,0001804167,063081,057156,041679,042133,007983,079330,-79741,090823,082453,-80687
0000002167,0001805000,063143,057162,040999,042133,-21740,091666,-62354,087850,094789,-63300
0000002168,0001805833,063189,057191,040254,042133,-49106,094988,-38309,085114,098111,-39255
0000002169,0001806667,063213,057240,039516,042133,-71429,088967,-09965,082881,092090,-10911
0000002170,0001807500,063215,057304,038858,042133,-86542,074214,019901,081370,077337,018955
0000002171,0001808333,063194,057377,038344,042133,-92949,052154,048368,080729,055276,047423
0000002172,0001809167,063151,057451,038023,042133,-90019,024948,072645,081022,028070,071699
0000002173,0001810000,063092,057520,037925,042133,-78061,-04734,090368,082218,-01611,089422
0000002174,0001810833,063021,057577,038061,042133,-58226,-33991,099790,084202,-30869,098844
0000002175,0001811667,062946,057617,038418,042133,-32456,-59954,099983,086779,-56831,099037
0000002176,0001812500,062874,057634,038960,042133,-03284,-80093,090950,089696,-76971,090004
0000002177,0001813333,062812,057629,039636,042133,026442,-92425,073556,092669,-89303,072610
0000002178,0001814167,062767,057600,040380,042133,053806,-95738,049505,095405,-92616,048559
0000002179,0001815000,062741,057551,041119,042133,076140,-89730,021163,097638,-86607,020217
0000002180,0001815833,062739,057487,041781,042133,091247,-74969,-08706,099149,-71846,-09651
0000002181,0001816667,062760,057414,042301,042133,097643,-52901,-37170,099789,-49778,-38116
0000002182,0001817500,062803,057339,042626,042133,094726,-25700,-61453,099497,-22577,-62399
0000002183,0001818333,062863,057270,042725,042133,082760,003983,-79170,098300,007106,-80116
0000002184,0001819167,062934,057212,042587,042133,062917,033236,-88581,096316,036359,-89527
0000002185,0001820000,063009,057173,042226,042133,037156,059204,-88787,093740,062326,-89733
0000002186,0001820833,063081,057156,041679,042133,007984,079337,-79748,090823,082460,-80694
0000002187,0001821667,063143,057162,040999,042133,-21738,091660,-62349,087850,094782,-63294
0000002188,0001822500,063189,057191,040254,042133,-49106,094987,-38309,085114,098110,-39255
0000002189,0001823333,063213,057240,039516,042133,-71436,088974,-09966,082881,092097,-10912
0000002190,0001824167,063215,057304,038858,042133,-86536,074208,019900,081371,077331,018954
0000002191,0001825000,063194,057377,038344,042133,-92948,052153,048368,080729,055275,047423
0000002192,0001825833,063151,057451,038022,042133,-90027,024949,072650,081022,028072,071704
0000002193,0001826667,063092,057520,037925,042133,-78055,-04734,090362,082219,-01611,089416
0000002194,0001827500,063021,057577,038061,042133,-58225,-33991,099789,084202,-30869,098843
0000002195,0001828333,062946,057617,038417,042133,-32459,-59959,099990,086778,-56836,099044
0000002196,0001829167,062874,057634,038960,042133,-03283,-80087,090944,089696,-76965,089998
0000002197,0001830000,062812,057629,039636,042133,026442,-92425,073555,092669,-89302,072609
0000002198,0001830833,062767,057600,040380,042133,053810,-95746,049508,095405,-92624,048563
0000002199,0001831667,062741,057551,041119,042133,076134,-89723,021162,097638,-86601,020216
0000002200,0001832500,062739,057487,041781,042133,091246,-74968,-08706,099149,-71845,-09652
0000002201,0001833333,062760,057414,042301,042133,097651,-52905,-37174,099789,-49782,-38120
0000002202,0001834167,062803,057339,042626,042133,094719,-25698,-61449,099496,-22575,-62394
0000002203,0001835000,062863,057270,042724,042133,082759,003984,-79170,098300,007106,-80116
0000002204,0001835833,062934,057212,042587,042133,062922,033239,-88589,096317,036362,-89535
0000002205,0001836667,063009,057173,042226,042133,037153,059200,-88780,093740,062322,-89726
0000002206,0001837500,063081,057156,041679,042133,007983,079337,-79747,090823,082459,-80693
0000002207,0001838333,063143,057162,040999,042133,-21741,091667,-62354,087850,094790,-63300
0000002208,0001839167,063189,057191,040254,042133,-49102,094980,-38305,085114,098103,-39251
0000002209,0001840000,063213,057240,039516,042133,-71435,088974,-09965,082881,092096,-10911
0000002210,0001840833,063215,057304,038858,042133,-86543,074215,019901,081370,077337,018956
0000002211,0001841667,063194,057377,038343,042133,-92941,052149,048365,080730,055271,047420
0000002212,0001842500,063151,057451,038022,042133,-90026,024949,072650,081022,028071,071704
0000002213,0001843333,063092,057520,037925,042133,-78062,-04734,090369,082218,-01612,089423
0000002214,0001844167,063021,057577,038061,042133,-58220,-33989,099782,084202,-30867,098836
0000002215,0001845000,062946,057617,038417,042133,-32458,-59959,099989,086779,-56836,099044
0000002216,0001845833,062874,057634,038960,042133,-03284,-80094,090951,089696,-76972,090005
0000002217,0001846667,062813,057629,039636,042133,026441,-92418,073550,092668,-89295,072604
0000002218,0001847500,062767,057600,040380,042133,053810,-95745,049508,095405,-92623,048562
0000002219,0001848333,062741,057551,041119,042133,076141,-89731,021163,097638,-86608,020217
0000002220,0001849167,062739,057487,041781,042133,091240,-74962,-08705,099148,-71840,-09651
0000002221,0001850000,062760,057414,042300,042133,097651,-52904,-37174,099789,-49782,-38119
0000002222,0001850833,062803,057339,042625,042133,094727,-25700,-61454,099497,-22577,-62400
0000002223,0001851667,062863,057269,042724,042133,082753,003983,-79164,098300,007106,-80109
0000002224,0001852500,062934,057212,042586,042133,062922,033239,-88588,096316,036362,-89534
0000002225,0001853333,063009,057173,042226,042133,037156,059205,-88788,093740,062327,-89734
0000002226,0001854167,063081,057156,041679,042133,007983,079331,-79741,090823,082453,-80687
0000002227,0001855000,063143,057162,040999,042133,-21741,091667,-62353,087850,094789,-63299
0000002228,0001855833,063189,057191,040254,042133,-49107,094988,-38309,085114,098111,-39255
0000002229,0001856667,063213,057240,039516,042133,-71430,088967,-09964,082881,092089,-10910
0000002230,0001857500,063215,057304,038858,042133,-86543,074214,019902,081370,077336,018956
0000002231,0001858333,063194,057377,038343,042133,-92949,052153,048369,080729,055275,047423
0000002232,0001859167,063151,057451,038022,042133,-90019,024947,072645,081022,028069,071699
0000002233,0001860000,063092,057520,037924,042133,-78061,-04735,090368,082218,-01612,089423
0000002234,0001860833,063021,057577,038060,042133,-58225,-33992,099790,084202,-30870,098844
0000002235,0001861667,062946,057617,038417,042133,-32455,-59954,099982,086779,-56832,099036
0000002236,0001862500,062874,057634,038960,042133,-03283,-80094,090950,089696,-76971,090004
0000002237,0001863333,062813,057629,039636,042133,026443,-92426,073555,092669,-89303,072610
0000002238,0001864167,062767,057600,040380,042133,053806,-95738,049504,095405,-92615,048558
0000002239,0001865000,062741,057551,041119,042133,076140,-89730,021162,097638,-86607,020216
0000002240,0001865833,062739,057487,041781,042133,091247,-74968,-08706,099149,-71846,-09652
0000002241,0001866667,062760,057414,042300,042133,097643,-52900,-37171,099789,-49778,-38116
0000002242,0001867500,062803,057339,042625,042133,094726,-25699,-61454,099497,-22577,-62400
0000002243,0001868333,062863,057269,042724,042133,082760,003984,-79171,098300,007106,-80117
0000002244,0001869167,062934,057212,042586,042133,062917,033237,-88581,096316,036360,-89527
0000002245,0001870000,063009,057173,042226,042133,037155,059204,-88787,093740,062327,-89733
0000002246,0001870833,063081,057156,041679,042133,007983,079338,-79748,090823,082460,-80694
0000002247,0001871667,063143,057162,040999,042133,-21739,091660,-62348,087850,094783,-63294
0000002248,0001872500,063189,057191,040254,042133,-49107,094987,-38308,085114,098110,-39254
0000002249,0001873333,063214,057240,039516,042133,-71436,088974,-09965,082881,092097,-10911
0000002250,0001874167,063215,057304,038858,042133,-86536,074208,019901,081371,077330,018955
0000002251,0001875000,063194,057377,038343,042133,-92948,052152,048369,080729,055274,047423
0000002252,0001875833,063151,057451,038021,042133,-90027,024949,072651,081022,028071,071705
0000002253,0001876667,063092,057520,037924,042133,-78055,-04735,090362,082219,-01612,089416
0000002254,0001877500,063021,057577,038060,042133,-58224,-33992,099789,084202,-30870,098843
0000002255,0001878333,062946,057617,038417,042133,-32458,-59960,099990,086779,-56837,099044
0000002256,0001879167,062874,057634,038960,042133,-03283,-80088,090943,089696,-76965,089997
0000002257,0001880000,062813,057628,039636,042133,026443,-92425,073555,092669,-89302,072609
0000002258,0001880833,062767,057600,040380,042133,053811,-95746,049508,095405,-92623,048562
0000002259,0001881667,062741,057551,041119,042133,076135,-89723,021161,097638,-86600,020215
0000002260,0001882500,062739,057487,041781,042133,091247,-74967,-08706,099149,-71845,-09652
0000002261,0001883333,062761,057414,042300,042133,097651,-52905,-37174,099789,-49782,-38120
0000002262,0001884167,062803,057339,042625,042133,094719,-25697,-61449,099496,-22575,-62395
0000002263,0001885000,062863,057269,042723,042133,082759,003984,-79170,098300,007107,-80116
0000002264,0001885833,062934,057212,042586,042133,062922,033240,-88589,096317,036362,-89535
0000002265,0001886667,063009,057173,042225,042133,037153,059200,-88780,093740,062323,-89726
0000002266,0001887500,063081,057156,041679,042133,007983,079337,-79747,090823,082460,-80693
0000002267,0001888333,063143,057162,040999,042133,-21741,091668,-62354,087850,094790,-63300
0000002268,0001889167,063189,057191,040254,042133,-49103,094980,-38305,085114,098103,-39250
0000002269,0001890000,063214,057240,039516,042133,-71436,088973,-09965,082881,092096,-10911
0000002270,0001890833,063215,057304,038857,042133,-86543,074214,019902,081370,077337,018956
0000002271,0001891667,063194,057377,038343,042133,-92941,052148,048366,080730,055270,047420
0000002272,0001892500,063151,057451,038021,042133,-90026,024948,072651,081022,028070,071705
0000002273,0001893333,063092,057520,037924,042133,-78061,-04735,090369,082218,-01613,089423
0000002274,0001894167,063021,057577,038060,042133,-58219,-33990,099782,084202,-30867,098836
0000002275,0001895000,062946,057617,038417,042133,-32457,-59959,099989,086779,-56837,099043
0000002276,0001895833,062874,057634,038960,042133,-03283,-80094,090950,089696,-76972,090004
0000002277,0001896667,062813,057628,039636,042133,026441,-92418,073549,092668,-89295,072604
0000002278,0001897500,062767,057600,040380,042133,053811,-95745,049507,095405,-92622,048561
0000002279,0001898333,062741,057551,041119,042133,076141,-89730,021162,097638,-86608,020216
0000002280,0001899167,062739,057487,041781,042133,091240,-74962,-08705,099148,-71839,-09651
0000002281,0001900000,062761,057414,042300,042133,097651,-52904,-37174,099789,-49781,-38120
0000002282,0001900833,062803,057339,042625,042133,094727,-25699,-61455,099497,-22577,-62400
0000002283,0001901667,062863,057269,042723,042133,082753,003984,-79164,098300,007106,-80110
0000002284,0001902500,062934,057212,042586,042133,062921,033240,-88588,096316,036362,-89534
0000002285,0001903333,063009,057173,042225,042133,037156,059205,-88788,093740,062328,-89734
0000002286,0001904167,063081,057156,041678,042133,007982,079331,-79741,090823,082454,-80687
0000002287,0001905000,063143,057162,040999,042133,-21741,091667,-62353,087850,094790,-63299
0000002288,0001905833,063189,057191,040254,042133,-49107,094988,-38308,085114,098111,-39254
0000002289,0001906667,063214,057240,039516,042133,-71431,088967,-09963,082881,092089,-10909
0000002290,0001907500,063215,057304,038857,042133,-86543,074213,019902,081370,077336,018957
0000002291,0001908333,063194,057376,038342,042133,-92949,052152,048370,080729,055275,047424
0000002292,0001909167,063151,057451,038021,042133,-90019,024946,072646,081022,028068,071700
0000002293,0001910000,063092,057520,037924,042133,-78061,-04735,090369,082218,-01613,089423
0000002294,0001910833,063021,057577,038060,042133,-58224,-33993,099790,084202,-30870,098844
0000002295,0001911667,062946,057617,038417,042133,-32454,-59955,099982,086779,-56832,099036
0000002296,0001912500,062875,057634,038960,042133,-03283,-80094,090949,089696,-76971,090003
0000002297,0001913333,062813,057628,039636,042133,026443,-92425,073555,092669,-89303,072609
0000002298,0001914167,062767,057600,040380,042133,053807,-95738,049504,095405,-92615,048558
0000002299,0001915000,062741,057551,041119,042133,076140,-89729,021162,097638,-86607,020216
0000002300,0001915833,062739,057487,041781,042133,091247,-74968,-08706,099149,-71846,-09652
0000002301,0001916667,062761,057414,042299,042133,097643,-52900,-37171,099789,-49777,-38117
0000002302,0001917500,062803,057339,042624,042133,094726,-25699,-61454,099497,-22576,-62400
0000002303,0001918333,062863,057269,042723,042133,082760,003984,-79171,098300,007107,-80117
0000002304,0001919167,062934,057212,042585,042133,062917,033238,-88582,096316,036360,-89527
0000002305,0001920000,063009,057173,042225,042133,037155,059205,-88787,093740,062327,-89733
0000002306,0001920833,063081,057156,041678,042133,007982,079338,-79748,090823,082461,-80694
0000002307,0001921667,063143,057162,040999,042133,-21740,091660,-62348,087850,094783,-63294
0000002308,0001922500,063189,057191,040254,042133,-49107,094988,-38308,085114,098110,-39253
0000002309,0001923333,063214,057239,039516,042133,-71437,088974,-09965,082881,092097,-10910
0000002310,0001924167,063215,057304,038857,042133,-86536,074208,019901,081371,077330,018956
0000002311,0001925000,063194,057376,038342,042133,-92949,052151,048370,080729,055274,047424
0000002312,0001925833,063151,057451,038021,042133,-90027,024948,072651,081022,028070,071706
0000002313,0001926667,063092,057520,037923,042133,-78054,-04735,090362,082219,-01613,089417
0000002314,0001927500,063021,057577,038060,042133,-58224,-33993,099789,084202,-30870,098843
0000002315,0001928333,062946,057617,038417,042133,-32457,-59960,099990,086779,-56837,099044
0000002316,0001929167,062875,057634,038960,042133,-03282,-80088,090943,089696,-76965,089997
0000002317,0001930000,062813,057628,039636,042133,026443,-92425,073554,092669,-89302,072608
0000002318,0001930833,062767,057600,040380,042133,053811,-95746,049508,095405,-92623,048562
0000002319,0001931667,062742,057551,041119,042133,076135,-89723,021161,097638,-86600,020215
0000002320,0001932500,062739,057487,041780,042133,091247,-74967,-08707,099149,-71845,-09652
0000002321,0001933333,062761,057414,042299,042133,097651,-52904,-37174,099789,-49782,-38120
0000002322,0001934167,062803,057339,042624,042133,094719,-25697,-61449,099496,-22574,-62395
0000002323,0001935000,062863,057269,042723,042133,082759,003984,-79170,098300,007107,-80116
0000002324,0001935833,062934,057212,042585,042133,062922,033240,-88589,096316,036363,-89535
0000002325,0001936667,063009,057173,042225,042133,037152,059201,-88780,093740,062323,-89726
0000002326,0001937500,063081,057156,041678,042133,007982,079338,-79747,090823,082460,-80693
0000002327,0001938333,063143,057162,040999,042133,-21742,091668,-62354,087850,094791,-63299
0000002328,0001939167,063189,057191,040253,042133,-49103,094981,-38304,085114,098103,-39250
0000002329,0001940000,063214,057239,039516,042133,-71436,088973,-09964,082881,092096,-10910
0000002330,0001940833,063215,057304,038857,042133,-86544,074214,019903,081370,077336,018957
0000002331,0001941667,063194,057376,038342,042133,-92941,052147,048367,080730,055270,047421
0000002332,0001942500,063151,057451,038020,042133,-90026,024947,072651,081022,028070,071705
0000002333,0001943333,063092,057520,037923,042133,-78061,-04736,090370,082218,-01613,089424
0000002334,0001944167,063021,057577,038060,042133,-58219,-33990,099782,084202,-30868,098836
0000002335,0001945000,062946,057617,038416,042133,-32457,-59959,099989,086779,-56837,099043
0000002336,0001945833,062875,057634,038959,042133,-03283,-80094,090950,089696,-76972,090004
0000002337,0001946667,062813,057628,039636,042133,026442,-92418,073549,092668,-89295,072603
0000002338,0001947500,062767,057600,040380,042133,053811,-95745,049507,095405,-92622,048561
0000002339,0001948333,062742,057551,041119,042133,076141,-89730,021162,097638,-86608,020216
0000002340,0001949167,062739,057487,041780,042133,091240,-74962,-08705,099148,-71839,-09651
0000002341,0001950000,062761,057414,042299,042133,097651,-52904,-37174,099789,-49781,-38120
0000002342,0001950833,062803,057339,042624,042133,094727,-25699,-61455,099497,-22577,-62401
0000002343,0001951667,062863,057269,042722,042133,082753,003984,-79164,098300,007107,-80110
0000002344,0001952500,062934,057212,042585,042133,062921,033240,-88589,096316,036363,-89534
0000002345,0001953333,063009,057173,042225,042133,037155,059205,-88788,093740,062328,-89734
0000002346,0001954167,063081,057156,041678,042133,007982,079332,-79741,090822,082454,-80687
0000002347,0001955000,063143,057162,040999,042133,-21742,091667,-62353,087850,094790,-63299
0000002348,0001955833,063189,057191,040253,042133,-49108,094989,-38308,085114,098111,-39254
0000002349,0001956667,063214,057239,039516,042133,-71431,088967,-09963,082881,092089,-10909
0000002350,0001957500,063215,057303,038857,042133,-86543,074213,019903,081370,077335,018957
0000002351,0001958333,063194,057376,038342,042133,-92949,052152,048370,080729,055274,047424
0000002352,0001959167,063151,057451,038020,042133,-90019,024946,072646,081022,028068,071700
0000002353,0001960000,063092,057520,037923,042133,-78060,-04736,090369,082218,-01613,089423
0000002354,0001960833,063021,057577,038059,042133,-58224,-33993,099790,084202,-30870,098844
0000002355,0001961667,062946,057617,038416,042133,-32454,-59955,099982,086779,-56832,099036
0000002356,0001962500,062875,057634,038959,042133,-03282,-80094,090949,089696,-76971,090003
0000002357,0001963333,062813,057628,039636,042133,026443,-92425,073555,092669,-89303,072609
0000002358,0001964167,062767,057600,040380,042133,053807,-95738,049504,095405,-92615,048558
0000002359,0001965000,062742,057551,041119,042133,076140,-89729,021162,097638,-86607,020216
0000002360,0001965833,062739,057487,041780,042133,091247,-74968,-08707,099149,-71845,-09652
0000002361,0001966667,062761,057414,042299,042133,097643,-52900,-37171,099789,-49777,-38117
0000002362,0001967500,062803,057339,042624,042133,094726,-25699,-61454,099497,-22576,-62400
0000002363,0001968333,062863,057269,042722,042133,082760,003984,-79171,098300,007107,-80117
0000002364,0001969167,062934,057212,042585,042133,062917,033238,-88582,096316,036360,-89527
0000002365,0001970000,063009,057173,042225,042133,037155,059205,-88787,093740,062328,-89733
0000002366,0001970833,063081,057155,041678,042133,007982,079338,-79748,090823,082461,-80694
0000002367,0001971667,063143,057162,040999,042133,-21740,091661,-62348,087850,094783,-63294
0000002368,0001972500,063189,057190,040253,042133,-49108,094988,-38307,085114,098110,-39253
0000002369,0001973333,063214,057239,039515,042133,-71437,088974,-09964,082881,092097,-10910
0000002370,0001974167,063215,057303,038857,042133,-86536,074207,019902,081371,077330,018956
0000002371,0001975000,063194,057376,038342,042133,-92949,052151,048370,080729,055274,047424
0000002372,0001975833,063152,057451,038020,042133,-90026,024948,072652,081022,028070,071706
0000002373,0001976667,063092,057520,037923,042133,-78054,-04736,090362,082219,-01613,089417
0000002374,0001977500,063021,057577,038059,042133,-58223,-33993,099789,084202,-30870,098843
0000002375,0001978333,062946,057617,038416,042133,-32457,-59960,099990,086779,-56837,099044
0000002376,0001979167,062875,057634,038959,042133,-03282,-80088,090943,089696,-76965,089997
0000002377,0001980000,062813,057628,039636,042133,026443,-92425,073554,092669,-89302,072608
0000002378,0001980833,062767,057600,040380,042133,053811,-95746,049507,095405,-92623,048562
0000002379,0001981667,062742,057551,041119,042133,076135,-89723,021161,097638,-86600,020215
0000002380,0001982500,062739,057487,041780,042133,091246,-74967,-08707,099149,-71845,-09652
0000002381,0001983333,062761,057414,042299,042133,097651,-52904,-37174,099789,-49782,-38120
0000002382,0001984167,062803,057339,042623,042133,094719,-25697,-61449,099496,-22574,-62395
0000002383,0001985000,062863,057269,042722,042133,082759,003984,-79170,098300,007107,-80116
0000002384,0001985833,062934,057212,042585,042133,062922,033240,-88589,096316,036363,-89535
0000002385,0001986667,063009,057173,042225,042133,037152,059201,-88780,093740,062323,-89726
0000002386,0001987500,063081,057155,041678,042133,007982,079338,-79747,090823,082460,-80693
0000002387,0001988333,063143,057162,040999,042133,-21742,091668,-62354,087850,094791,-63299
0000002388,0001989167,063189,057190,040253,042133,-49104,094981,-38304,085114,098103,-39250
0000002389,0001990000,063214,057239,039515,042133,-71437,088973,-09964,082881,092096,-10910
0000002390,0001990833,063216,057303,038857,042133,-86544,074214,019903,081370,077336,018957
0000002391,0001991667,063194,057376,038342,042133,-92941,052147,048367,080730,055270,047421
0000002392,0001992500,063152,057451,038020,042133,-90026,024947,072651,081022,028070,071705
0000002393,0001993333,063092,057520,037922,042133,-78061,-04736,090370,082218,-01613,089424
0000002394,0001994167,063021,057577,038059,042133,-58219,-33990,099782,084202,-30868,098836
0000002395,0001995000,062947,057617,038416,042133,-32457,-59959,099989,086779,-56837,099043
0000002396,0001995833,062875,057634,038959,042133,-03283,-80094,090950,089696,-76972,090004
0000002397,0001996667,062813,057628,039636,042133,026441,-92418,073549,092668,-89295,072603
0000002398,0001997500,062767,057600,040380,042133,053811,-95745,049507,095405,-92622,048561
0000002399,0001998333,062742,057551,041119,042133,076141,-89730,021162,097638,-86608,020216
0000002400,0001999167,062740,057487,041780,042133,091240,-74962,-08705,099148,-71839,-09651
0000002401,0002000000,062761,057414,042299,042133,097650,-52904,-37174,099789,-49781,-38120
0000002402,0002000833,062803,057339,042623,042133,094727,-25699,-61455,099497,-22577,-62401
0000002403,0002001667,062863,057269,042722,042133,082753,003984,-79164,098300,007106,-80110
0000002404,0002002500,062934,057212,042584,042133,062921,033240,-88589,096316,036363,-89535
0000002405,0002003333,063009,057173,042225,042133,037155,059206,-88788,093740,062328,-89734
0000002406,0002004167,063081,057155,041678,042133,007982,079332,-79741,090822,082454,-80687
0000002407,0002005000,063143,057162,040999,042133,-21742,091668,-62353,087850,094790,-63299
0000002408,0002005833,063189,057190,040253,042133,-49108,094989,-38308,085114,098111,-39254
0000002409,0002006667,063214,057239,039515,042133,-71431,088967,-09963,082881,092089,-10909
0000002410,0002007500,063216,057303,038857,042133,-86543,074213,019903,081370,077335,018957
0000002411,0002008333,063194,057376,038341,042133,-92949,052152,048370,080729,055274,047425
0000002412,0002009167,063152,057451,038020,042133,-90019,024945,072646,081022,028068,071700
0000002413,0002010000,063092,057520,037922,042133,-78060,-04736,090369,082218,-01613,089423
0000002414,0002010833,063021,057577,038059,042133,-58224,-33993,099790,084202,-30870,098844
0000002415,0002011667,062947,057616,038416,042133,-32454,-59955,099982,086779,-56832,099036
0000002416,0002012500,062875,057634,038959,042133,-03282,-80094,090949,089696,-76971,090003
0000002417,0002013333,062813,057628,039636,042133,026443,-92425,073555,092669,-89303,072609
0000002418,0002014167,062767,057600,040380,042133,053807,-95737,049504,095405,-92615,048558
0000002419,0002015000,062742,057551,041119,042133,076140,-89729,021162,097638,-86607,020216
0000002420,0002015833,062740,057487,041780,042133,091247,-74968,-08706,099149,-71845,-09652
0000002421,0002016667,062761,057414,042298,042133,097643,-52900,-37171,099789,-49777,-38117
0000002422,0002017500,062803,057339,042623,042133,094726,-25699,-61454,099497,-22576,-62400
0000002423,0002018333,062863,057269,042722,042133,082760,003984,-79171,098300,007107,-80117
0000002424,0002019167,062934,057212,042584,042133,062917,033238,-88582,096316,036360,-89528
0000002425,0002020000,063009,057173,042224,042133,037155,059205,-88787,093740,062328,-89733
0000002426,0002020833,063081,057155,041678,042133,007982,079338,-79748,090823,082461,-80694
0000002427,0002021667,063143,057162,040998,042133,-21740,091661,-62348,087850,094783,-63294
0000002428,0002022500,063189,057190,040253,042133,-49108,094988,-38307,085114,098110,-39253
0000002429,0002023333,063214,057239,039515,042133,-71437,088974,-09964,082881,092097,-10910
0000002430,0002024167,063216,057303,038857,042133,-86537,074207,019902,081371,077330,018956
0000002431,0002025000,063194,057376,038341,042133,-92949,052151,048370,080729,055274,047424
0000002432,0002025833,063152,057451,038019,042133,-90026,024948,072652,081022,028070,071706
0000002433,0002026667,063092,057520,037922,042133,-78054,-04736,090362,082219,-01613,089417
0000002434,0002027500,063021,057577,038058,042133,-58223,-33993,099789,084202,-30870,098843
0000002435,0002028333,062947,057617,038416,042133,-32457,-59960,099989,086779,-56837,099044
0000002436,0002029167,062875,057634,038959,042133,-03282,-80088,090942,089696,-76965,089997
0000002437,0002030000,062813,057628,039636,042133,026443,-92424,073554,092669,-89302,072608
0000002438,0002030833,062767,057600,040380,042133,053811,-95745,049507,095405,-92623,048562
0000002439,0002031667,062742,057551,041118,042133,076134,-89723,021161,097638,-86600,020215
0000002440,0002032500,062740,057487,041780,042133,091246,-74967,-08706,099149,-71845,-09652
0000002441,0002033333,062761,057414,042298,042133,097651,-52904,-37174,099789,-49782,-38120
0000002442,0002034167,062803,057339,042623,042133,094719,-25697,-61449,099496,-22575,-62395
0000002443,0002035000,062863,057269,042721,042133,082759,003984,-79170,098300,007107,-80116
0000002444,0002035833,062934,057212,042584,042133,062922,033240,-88589,096317,036363,-89535
0000002445,0002036667,063009,057173,042224,042133,037153,059201,-88780,093740,062323,-89726
0000002446,0002037500,063081,057155,041678,042133,007982,079338,-79747,090823,082460,-80693
0000002447,0002038333,063143,057161,040999,042133,-21742,091668,-62354,087850,094791,-63300
0000002448,0002039167,063189,057190,040253,042133,-49104,094981,-38304,085114,098103,-39250
0000002449,0002040000,063214,057239,039515,042133,-71437,088973,-09964,082881,092096,-10910
0000002450,0002040833,063216,057303,038856,042133,-86544,074214,019903,081370,077336,018957
0000002451,0002041667,063194,057376,038341,042133,-92941,052147,048367,080730,055270,047421
0000002452,0002042500,063152,057451,038019,042133,-90026,024947,072651,081022,028070,071705
0000002453,0002043333,063092,057520,037922,042133,-78061,-04736,090369,082218,-01613,089424
0000002454,0002044167,063021,057577,038058,042133,-58219,-33990,099782,084202,-30868,098836
0000002455,0002045000,062947,057616,038416,042133,-32457,-59959,099989,086779,-56837,099043
0000002456,0002045833,062875,057634,038959,042133,-03283,-80094,090950,089696,-76972,090004
0000002457,0002046667,062813,057628,039636,042133,026441,-92417,073549,092668,-89295,072603
0000002458,0002047500,062767,057600,040380,042133,053810,-95745,049507,095405,-92622,048561
0000002459,0002048333,062742,057551,041118,042133,076140,-89730,021162,097638,-86608,020217
0000002460,0002049167,062740,057487,041780,042133,091240,-74962,-08705,099148,-71839,-09651
0000002461,0002050000,062761,057414,042298,042133,097650,-52904,-37174,099789,-49781,-38120
0000002462,0002050833,062803,057339,042623,042133,094727,-25700,-61454,099497,-22577,-62400
0000002463,0002051667,062863,057269,042721,042133,082753,003984,-79164,098300,007106,-80110
0000002464,0002052500,062934,057212,042584,042133,062922,033240,-88589,096316,036362,-89535
0000002465,0002053333,063009,057173,042224,042133,037156,059205,-88788,093740,062328,-89734
0000002466,0002054167,063081,057155,041678,042133,007982,079332,-79741,090823,082454,-80687
0000002467,0002055000,063143,057161,040998,042133,-21742,091668,-62353,087850,094790,-63299
0000002468,0002055833,063189,057190,040253,042133,-49108,094989,-38308,085114,098111,-39254
0000002469,0002056667,063214,057239,039515,042133,-71431,088967,-09963,082881,092089,-10909
0000002470,0002057500,063216,057303,038856,042133,-86543,074213,019903,081370,077336,018957
0000002471,0002058333,063194,057376,038341,042133,-92949,052152,048370,080729,055274,047424
0000002472,0002059167,063152,057451,038019,042133,-90019,024946,072646,081022,028068,071700
0000002473,0002060000,063092,057520,037922,042133,-78060,-04736,090369,082218,-01613,089423
0000002474,0002060833,063022,057577,038058,042133,-58224,-33993,099789,084202,-30870,098844
0000002475,0002061667,062947,057616,038416,042133,-32454,-59955,099982,086779,-56832,099036
0000002476,0002062500,062875,057634,038959,042133,-03283,-80093,090949,089696,-76971,090003
0000002477,0002063333,062813,057628,039635,042133,026443,-92425,073555,092669,-89302,072609
0000002478,0002064167,062767,057600,040380,042133,053806,-95737,049504,095405,-92615,048558
0000002479,0002065000,062742,057551,041118,042133,076140,-89729,021162,097638,-86607,020216
0000002480,0002065833,062740,057487,041780,042133,091247,-74968,-08706,099149,-71846,-09652
0000002481,0002066667,062761,057414,042298,042133,097643,-52900,-37170,099789,-49778,-38116
0000002482,0002067500,062803,057339,042622,042133,094726,-25699,-61454,099497,-22577,-62400
0000002483,0002068333,062863,057269,042721,042133,082760,003984,-79171,098300,007106,-80117
0000002484,0002069167,062934,057212,042583,042133,062917,033237,-88582,096316,036360,-89527
0000002485,0002070000,063009,057173,042224,042133,037155,059205,-88787,093740,062327,-89733
0000002486,0002070833,063081,057155,041678,042133,007983,079338,-79748,090823,082461,-80694
0000002487,0002071667,063143,057161,040998,042133,-21740,091661,-62348,087850,094783,-63294
0000002488,0002072500,063189,057190,040253,042133,-49107,094988,-38308,085114,098110,-39254
0000002489,0002073333,063214,057239,039515,042133,-71437,088974,-09965,082881,092097,-10910
0000002490,0002074167,063216,057303,038856,042133,-86536,074208,019902,081371,077330,018956
0000002491,0002075000,063194,057376,038341,042133,-92949,052151,048370,080729,055274,047424
0000002492,0002075833,063152,057451,038019,042133,-90026,024948,072651,081022,028070,071706
0000002493,0002076667,063092,057520,037921,042133,-78054,-04735,090362,082219,-01613,089416
0000002494,0002077500,063022,057577,038058,042133,-58223,-33992,099789,084202,-30870,098843
0000002495,0002078333,062947,057616,038415,042133,-32457,-59959,099989,086779,-56837,099044
0000002496,0002079167,062875,057634,038959,042133,-03282,-80087,090942,089696,-76965,089997
0000002497,0002080000,062813,057628,039635,042133,026443,-92424,073554,092669,-89302,072608
0000002498,0002080833,062767,057600,040379,042133,053810,-95745,049508,095405,-92623,048562
0000002499,0002081667,062742,057551,041118,042133,076134,-89723,021161,097638,-86600,020215
0000002500,0002082500,062740,057487,041779,042133,091246,-74967,-08706,099149,-71845,-09652
0000002501,0002083333,062761,057414,042298,042133,097651,-52905,-37174,099789,-49782,-38119
0000002502,0002084167,062803,057339,042622,042133,094719,-25698,-61449,099496,-22575,-62394
0000002503,0002085000,062863,057269,042721,042133,082759,003984,-79170,098300,007106,-80116
0000002504,0002085833,062934,057212,042583,042133,062922,033240,-88589,096317,036362,-89535
0000002505,0002086667,063009,057173,042224,042133,037153,059200,-88781,093740,062323,-89726
0000002506,0002087500,063081,057155,041678,042133,007983,079338,-79747,090823,082460,-80693
0000002507,0002088333,063143,057161,040998,042133,-21742,091668,-62354,087850,094791,-63300
0000002508,0002089167,063189,057190,040253,042133,-49103,094981,-38305,085114,098103,-39250
0000002509,0002090000,063214,057239,039515,042133,-71436,088974,-09964,082881,092096,-10910
0000002510,0002090833,063216,057303,038856,042133,-86544,074214,019903,081370,077336,018957
0000002511,0002091667,063194,057376,038341,042133,-92941,052148,048367,080730,055270,047421
0000002512,0002092500,063152,057451,038019,042133,-90026,024948,072651,081022,028070,071705
0000002513,0002093333,063092,057520,037921,042133,-78061,-04735,090369,082218,-01613,089423
0000002514,0002094167,063022,057577,038058,042133,-58219,-33990,099781,084202,-30867,098836
0000002515,0002095000,062947,057616,038415,042133,-32457,-59959,099989,086779,-56836,099043
0000002516,0002095833,062875,057634,038959,042133,-03283,-80094,090950,089696,-76971,090004
0000002517,0002096667,062813,057628,039635,042133,026441,-92417,073549,092668,-89295,072603
0000002518,0002097500,062767,057600,040379,042133,053810,-95744,049507,095405,-92622,048562
0000002519,0002098333,062742,057551,041118,042133,076140,-89730,021163,097638,-86608,020217
0000002520,0002099167,062740,057487,041779,042133,091239,-74962,-08704,099148,-71840,-09650
0000002521,0002100000,062761,057414,042298,042133,097650,-52904,-37173,099789,-49782,-38119
0000002522,0002100833,062803,057339,042622,042133,094727,-25700,-61454,099497,-22578,-62400
0000002523,0002101667,062863,057269,042720,042133,082753,003983,-79164,098300,007106,-80110
0000002524,0002102500,062934,057212,042583,042133,062922,033239,-88589,096317,036362,-89534
0000002525,0002103333,063009,057173,042224,042133,037156,059205,-88788,093740,062327,-89734
0000002526,0002104167,063081,057155,041677,042133,007982,079331,-79741,090823,082454,-80687
0000002527,0002105000,063143,057161,040998,042133,-21741,091668,-62353,087850,094790,-63299
0000002528,0002105833,063189,057190,040253,042133,-49108,094989,-38308,085114,098111,-39254
0000002529,0002106667,063214,057239,039515,042133,-71431,088967,-09963,082881,092090,-10909
0000002530,0002107500,063216,057303,038856,042133,-86543,074213,019903,081370,077336,018957
0000002531,0002108333,063194,057376,038340,042133,-92949,052152,048370,080729,055275,047424
0000002532,0002109167,063152,057451,038018,042133,-90019,024946,072646,081022,028068,071700
0000002533,0002110000,063092,057520,037921,042133,-78060,-04735,090368,082218,-01613,089423
0000002534,0002110833,063022,057577,038058,042133,-58224,-33992,099789,084202,-30870,098843
0000002535,0002111667,062947,057616,038415,042133,-32455,-59954,099981,086779,-56832,099036
0000002536,0002112500,062875,057634,038958,042133,-03283,-80093,090949,089696,-76970,090003
0000002537,0002113333,062813,057628,039635,042133,026442,-92425,073555,092669,-89302,072609
0000002538,0002114167,062767,057600,040379,042133,053806,-95737,049504,095405,-92615,048559
0000002539,0002115000,062742,057551,041118,042133,076139,-89729,021163,097638,-86607,020217
0000002540,0002115833,062740,057487,041779,042133,091246,-74968,-08705,099149,-71846,-09651
0000002541,0002116667,062761,057414,042297,042133,097643,-52901,-37170,099789,-49778,-38116
0000002542,0002117500,062804,057339,042622,042133,094726,-25700,-61453,099497,-22577,-62399
0000002543,0002118333,062863,057269,042720,042133,082760,003983,-79171,098300,007106,-80116
0000002544,0002119167,062934,057212,042583,042133,062918,033237,-88582,096316,036359,-89527
0000002545,0002120000,063009,057173,042224,042133,037156,059204,-88788,093740,062327,-89733
0000002546,0002120833,063081,057155,041677,042133,007983,079338,-79748,090823,082461,-80694
0000002547,0002121667,063143,057161,040998,042133,-21739,091661,-62349,087850,094783,-63294
0000002548,0002122500,063189,057190,040253,042133,-49107,094988,-38308,085114,098110,-39254
0000002549,0002123333,063214,057239,039515,042133,-71437,088975,-09965,082881,092097,-10911
0000002550,0002124167,063216,057303,038856,042133,-86536,074208,019901,081371,077330,018955
0000002551,0002125000,063194,057376,038340,042133,-92949,052152,048370,080729,055274,047424
0000002552,0002125833,063152,057451,038018,042133,-90026,024948,072651,081022,028071,071705
0000002553,0002126667,063092,057520,037921,042133,-78054,-04735,090362,082219,-01612,089416
0000002554,0002127500,063022,057577,038057,042133,-58224,-33992,099788,084202,-30869,098843
0000002555,0002128333,062947,057616,038415,042133,-32458,-59959,099989,086779,-56836,099043
0000002556,0002129167,062875,057634,038958,042133,-03283,-80087,090943,089696,-76964,089997
0000002557,0002130000,062813,057628,039635,042133,026442,-92424,073554,092669,-89301,072609
0000002558,0002130833,062767,057600,040379,042133,053810,-95745,049508,095405,-92623,048562
0000002559,0002131667,062742,057551,041118,042133,076134,-89723,021162,097638,-86600,020216
0000002560,0002132500,062740,057487,041779,042133,091246,-74968,-08705,099149,-71845,-09651
0000002561,0002133333,062761,057414,042297,042133,097651,-52905,-37173,099789,-49783,-38119
0000002562,0002134167,062804,057339,042622,042133,094719,-25698,-61448,099496,-22576,-62394
0000002563,0002135000,062863,057269,042720,042133,082760,003983,-79170,098300,007105,-80116
0000002564,0002135833,062934,057212,042583,042133,062923,033239,-88589,096317,036362,-89535
0000002565,0002136667,063009,057173,042223,042133,037154,059200,-88781,093740,062322,-89727
0000002566,0002137500,063081,057155,041677,042133,007983,079337,-79748,090823,082460,-80694
0000002567,0002138333,063143,057161,040998,042133,-21741,091668,-62354,087850,094791,-63300
0000002568,0002139167,063189,057190,040253,042133,-49103,094981,-38305,085114,098103,-39251
0000002569,0002140000,063214,057239,039515,042133,-71436,088974,-09965,082881,092096,-10911
0000002570,0002140833,063216,057303,038856,042133,-86544,074214,019902,081370,077337,018956
0000002571,0002141667,063194,057376,038340,042133,-92941,052148,048366,080730,055270,047420
0000002572,0002142500,063152,057451,038018,042133,-90026,024948,072650,081022,028070,071705
0000002573,0002143333,063092,057520,037921,042133,-78061,-04735,090369,082218,-01612,089423
0000002574,0002144167,063022,057577,038057,042133,-58219,-33989,099781,084202,-30867,098835
0000002575,0002145000,062947,057616,038415,042133,-32457,-59958,099988,086779,-56836,099043
0000002576,0002145833,062875,057634,038958,042133,-03284,-80093,090950,089696,-76971,090004
0000002577,0002146667,062813,057628,039635,042133,026440,-92417,073549,092668,-89294,072604
0000002578,0002147500,062767,057600,040379,042133,053809,-95744,049508,095405,-92622,048562
0000002579,0002148333,062742,057551,041118,042133,076139,-89730,021164,097638,-86608,020218
0000002580,0002149167,062740,057487,041779,042133,091239,-74962,-08704,099148,-71840,-09650
0000002581,0002150000,062761,057414,042297,042133,097650,-52905,-37172,099789,-49782,-38118
0000002582,0002150833,062804,057339,042622,042133,094727,-25701,-61453,099497,-22578,-62399
0000002583,0002151667,062863,057269,042720,042133,082754,003982,-79163,098300,007105,-80109
0000002584,0002152500,062934,057212,042583,042133,062922,033239,-88589,096317,036361,-89534
0000002585,0002153333,063009,057173,042223,042133,037157,059205,-88789,093740,062327,-89734
0000002586,0002154167,063081,057155,041677,042133,007983,079331,-79742,090823,082454,-80687
0000002587,0002155000,063143,057161,040998,042133,-21741,091667,-62354,087850,094790,-63300
0000002588,0002155833,063189,057190,040253,042133,-49107,094989,-38309,085114,098111,-39255
0000002589,0002156667,063214,057239,039515,042133,-71431,088967,-09964,082881,092090,-10910
0000002590,0002157500,063216,057303,038856,042133,-86543,074214,019902,081370,077336,018956
0000002591,0002158333,063194,057376,038340,042133,-92949,052153,048370,080729,055275,047424
0000002592,0002159167,063152,057451,038018,042133,-90019,024946,072645,081022,028069,071699
0000002593,0002160000,063092,057520,037920,042133,-78060,-04735,090368,082218,-01612,089422
0000002594,0002160833,063022,057577,038057,042133,-58225,-33992,099789,084202,-30869,098843
0000002595,0002161667,062947,057616,038415,042133,-32455,-59954,099981,086779,-56831,099036
0000002596,0002162500,062875,057634,038958,042133,-03284,-80092,090949,089696,-76970,090003
0000002597,0002163333,062813,057628,039635,042133,026442,-92424,073555,092668,-89302,072609
0000002598,0002164167,062767,057600,040379,042133,053805,-95737,049505,095405,-92615,048559
0000002599,0002165000,062742,057551,041118,042133,076139,-89729,021163,097638,-86607,020218
0000002600,0002165833,062740,057487,041779,042133,091246,-74969,-08705,099149,-71846,-09650
0000002601,0002166667,062761,057414,042297,042133,097643,-52901,-37169,099789,-49779,-38115
0000002602,0002167500,062804,057339,042621,042133,094726,-25701,-61453,099497,-22578,-62399
0000002603,0002168333,062863,057269,042720,042133,082761,003982,-79170,098300,007105,-80116
0000002604,0002169167,062934,057212,042583,042133,062918,033236,-88581,096316,036359,-89527
0000002605,0002170000,063009,057173,042223,042133,037157,059204,-88788,093740,062326,-89734
0000002606,0002170833,063081,057155,041677,042133,007984,079338,-79749,090823,082460,-80695
0000002607,0002171667,063143,057161,040998,042133,-21739,091661,-62349,087850,094783,-63295
0000002608,0002172500,063189,057190,040253,042133,-49107,094988,-38309,085114,098111,-39254
0000002609,0002173333,063214,057239,039515,042133,-71437,088975,-09966,082881,092097,-10911
0000002610,0002174167,063216,057303,038856,042133,-86536,074208,019901,081371,077331,018955
0000002611,0002175000,063194,057376,038340,042133,-92948,052152,048369,080729,055275,047423
0000002612,0002175833,063152,057451,038018,042133,-90027,024949,072651,081022,028071,071705
0000002613,0002176667,063092,057520,037920,042133,-78055,-04734,090362,082219,-01612,089416
0000002614,0002177500,063022,057577,038057,042133,-58224,-33991,099788,084202,-30869,098842
0000002615,0002178333,062947,057616,038414,042133,-32458,-59958,099989,086778,-56836,099043
0000002616,0002179167,062875,057634,038958,042133,-03284,-80086,090943,089696,-76964,089997
0000002617,0002180000,062813,057628,039635,042133,026441,-92423,073555,092668,-89301,072609
0000002618,0002180833,062767,057600,040379,042133,053809,-95745,049509,095405,-92623,048563
0000002619,0002181667,062742,057551,041118,042133,076133,-89723,021163,097638,-86600,020217
0000002620,0002182500,062740,057487,041779,042133,091245,-74968,-08704,099149,-71846,-09650
0000002621,0002183333,062761,057414,042297,042133,097651,-52906,-37172,099789,-49783,-38118
0000002622,0002184167,062804,057339,042621,042133,094719,-25699,-61448,099496,-22577,-62393
0000002623,0002185000,062863,057269,042720,042133,082760,003982,-79169,098300,007105,-80115
0000002624,0002185833,062934,057212,042583,042133,062924,033239,-88589,096317,036361,-89535
0000002625,0002186667,063009,057173,042223,042133,037154,059199,-88781,093740,062322,-89727
0000002626,0002187500,063081,057155,041677,042133,007984,079337,-79748,090823,082460,-80694
0000002627,0002188333,063143,057161,040998,042133,-21740,091668,-62355,087850,094791,-63301
0000002628,0002189167,063189,057190,040253,042133,-49103,094981,-38306,085114,098103,-39251
0000002629,0002190000,063214,057239,039515,042133,-71436,088974,-09965,082881,092097,-10911
0000002630,0002190833,063216,057303,038856,042133,-86543,074215,019902,081370,077337,018956
0000002631,0002191667,063194,057376,038340,042133,-92941,052148,048366,080730,055271,047420
0000002632,0002192500,063152,057451,038017,042133,-90026,024948,072650,081022,028071,071704
0000002633,0002193333,063092,057520,037920,042133,-78061,-04734,090369,082218,-01612,089423
0000002634,0002194167,063022,057577,038057,042133,-58220,-33989,099781,084202,-30866,098835
0000002635,0002195000,062947,057616,038414,042133,-32458,-59958,099988,086779,-56835,099043
0000002636,0002195833,062875,057634,038958,042133,-03284,-80093,090950,089696,-76970,090004
0000002637,0002196667,062813,057628,039635,042133,026439,-92416,073550,092668,-89294,072604
0000002638,0002197500,062767,057600,040379,042133,053808,-95744,049508,095405,-92622,048563
0000002639,0002198333,062742,057551,041118,042133,076139,-89730,021164,097638,-86608,020218
0000002640,0002199167,062740,057487,041779,042133,091239,-74963,-08703,099148,-71840,-09649
0000002641,0002200000,062761,057414,042297,042133,097650,-52906,-37172,099789,-49783,-38118
0000002642,0002200833,062804,057339,042621,042133,094727,-25701,-61453,099497,-22579,-62399
0000002643,0002201667,062863,057269,042719,042133,082754,003982,-79163,098300,007104,-80109
0000002644,0002202500,062934,057212,042582,042133,062923,033238,-88588,096317,036361,-89534
0000002645,0002203333,063009,057173,042223,042133,037157,059204,-88789,093740,062327,-89735
0000002646,0002204167,063081,057155,041677,042133,007984,079331,-79742,090823,082453,-80688
0000002647,0002205000,063143,057161,040998,042133,-21740,091667,-62354,087850,094790,-63300
0000002648,0002205833,063189,057190,040253,042133,-49107,094989,-38310,085114,098111,-39255
0000002649,0002206667,063214,057239,039515,042133,-71430,088967,-09965,082881,092090,-10910
0000002650,0002207500,063216,057303,038855,042133,-86543,074214,019901,081370,077336,018956
0000002651,0002208333,063194,057376,038340,042133,-92949,052153,048369,080729,055275,047423
0000002652,0002209167,063152,057451,038017,042133,-90019,024947,072645,081022,028069,071699
0000002653,0002210000,063092,057520,037920,042133,-78061,-04734,090368,082218,-01612,089422
0000002654,0002210833,063022,057577,038057,042133,-58225,-33991,099789,084202,-30869,098843
0000002655,0002211667,062947,057616,038414,042133,-32456,-59953,099981,086779,-56831,099036
0000002656,0002212500,062875,057634,038958,042133,-03284,-80092,090949,089696,-76970,090003
0000002657,0002213333,062813,057628,039635,042133,026441,-92424,073556,092668,-89302,072610
0000002658,0002214167,062767,057600,040379,042133,053804,-95737,049505,095405,-92615,048560
0000002659,0002215000,062742,057551,041118,042133,076138,-89730,021164,097638,-86607,020218
0000002660,0002215833,062740,057487,041779,042133,091246,-74969,-08704,099149,-71847,-09650
0000002661,0002216667,062761,057414,042297,042133,097643,-52902,-37168,099789,-49779,-38114
0000002662,0002217500,062804,057339,042621,042133,094726,-25701,-61452,099497,-22579,-62398
0000002663,0002218333,062863,057269,042719,042133,082761,003982,-79170,098300,007104,-80116
0000002664,0002219167,062934,057212,042582,042133,062919,033235,-88581,096316,036358,-89527
0000002665,0002220000,063009,057173,042223,042133,037157,059203,-88788,093740,062326,-89734
0000002666,0002220833,063081,057155,041677,042133,007984,079337,-79749,090823,082460,-80695
0000002667,0002221667,063143,057161,040998,042133,-21738,091660,-62350,087850,094783,-63295
0000002668,0002222500,063189,057190,040253,042133,-49106,094988,-38309,085114,098111,-39255
0000002669,0002223333,063214,057239,039515,042133,-71436,088975,-09966,082881,092098,-10912
0000002670,0002224167,063216,057303,038856,042133,-86536,074209,019900,081371,077331,018954
0000002671,0002225000,063194,057376,038340,042133,-92948,052153,048369,080729,055275,047423
0000002672,0002225833,063152,057451,038017,042133,-90027,024949,072650,081022,028072,071704
0000002673,0002226667,063092,057520,037920,042133,-78055,-04734,090361,082219,-01611,089415
0000002674,0002227500,063022,057577,038056,042133,-58224,-33991,099788,084202,-30868,098842
0000002675,0002228333,062947,057616,038414,042133,-32459,-59958,099989,086778,-56835,099043
0000002676,0002229167,062875,057634,038958,042133,-03284,-80086,090943,089696,-76963,089997
0000002677,0002230000,062813,057628,039635,042133,026441,-92423,073555,092668,-89301,072609
0000002678,0002230833,062767,057600,040379,042133,053808,-95745,049509,095405,-92622,048563
0000002679,0002231667,062742,057551,041118,042133,076132,-89723,021163,097638,-86600,020217
0000002680,0002232500,062740,057487,041778,042133,091245,-74969,-08704,099149,-71846,-09650
0000002681,0002233333,062761,057414,042297,042133,097651,-52906,-37172,099789,-49784,-38117
0000002682,0002234167,062804,057339,042621,042133,094719,-25700,-61447,099496,-22577,-62393
0000002683,0002235000,062863,057269,042719,042133,082760,003982,-79169,098300,007104,-80115
0000002684,0002235833,062934,057212,042582,042133,062924,033238,-88589,096317,036360,-89535
0000002685,0002236667,063009,057173,042223,042133,037155,059199,-88781,093740,062321,-89727
0000002686,0002237500,063081,057155,041677,042133,007984,079337,-79748,090823,082459,-80694
0000002687,0002238333,063143,057161,040998,042133,-21740,091668,-62355,087850,094791,-63301
0000002688,0002239167,063189,057190,040253,042133,-49102,094981,-38306,085114,098104,-39252
0000002689,0002240000,063214,057239,039515,042133,-71436,088974,-09966,082881,092097,-10912
0000002690,0002240833,063216,057303,038855,042133,-86543,074215,019901,081370,077337,018955
0000002691,0002241667,063194,057376,038340,042133,-92941,052149,048365,080730,055271,047419
0000002692,0002242500,063152,057451,038017,042133,-90026,024949,072650,081022,028071,071704
0000002693,0002243333,063092,057520,037919,042133,-78062,-04734,090368,082218,-01611,089422
0000002694,0002244167,063022,057577,038056,042133,-58220,-33988,099781,084202,-30866,098835
0000002695,0002245000,062947,057616,038414,042133,-32458,-59957,099988,086778,-56835,099043
0000002696,0002245833,062875,057634,038958,042133,-03285,-80092,090950,089696,-76970,090004
0000002697,0002246667,062813,057628,039635,042133,026439,-92416,073550,092668,-89294,072604
0000002698,0002247500,062767,057600,040379,042133,053808,-95744,049509,095405,-92622,048563
0000002699,0002248333,062742,057551,041118,042133,076138,-89731,021165,097638,-86608,020219
0000002700,0002249167,062740,057487,041778,042133,091238,-74963,-08702,099148,-71841,-09648
0000002701,0002250000,062761,057414,042296,042133,097650,-52906,-37171,099789,-49784,-38117
0000002702,0002250833,062804,057339,042621,042133,094727,-25702,-61452,099497,-22580,-62398
0000002703,0002251667,062863,057269,042719,042133,082755,003981,-79163,098300,007103,-80109
0000002704,0002252500,062934,057212,042582,042133,062924,033238,-88588,096317,036360,-89534
0000002705,0002253333,063009,057173,042223,042133,037158,059204,-88789,093740,062326,-89735
0000002706,0002254167,063081,057155,041677,042133,007984,079331,-79742,090823,082453,-80688
0000002707,0002255000,063143,057161,040998,042133,-21740,091667,-62355,087850,094790,-63301
0000002708,0002255833,063189,057190,040253,042133,-49106,094989,-38310,085114,098112,-39256
0000002709,0002256667,063214,057239,039515,042133,-71430,088968,-09965,082881,092090,-10911
0000002710,0002257500,063216,057303,038855,042133,-86543,074214,019901,081370,077337,018955
0000002711,0002258333,063195,057376,038339,042133,-92949,052153,048369,080729,055276,047423
0000002712,0002259167,063152,057451,038017,042133,-90019,024947,072644,081022,028070,071699
0000002713,0002260000,063092,057520,037919,042133,-78061,-04734,090368,082218,-01611,089422
0000002714,0002260833,063022,057577,038056,042133,-58225,-33991,099789,084202,-30868,098843
0000002715,0002261667,062947,057616,038414,042133,-32456,-59953,099981,086779,-56830,099036
0000002716,0002262500,062875,057634,038958,042133,-03285,-80092,090949,089696,-76969,090003
0000002717,0002263333,062813,057628,039635,042133,026440,-92424,073556,092668,-89301,072610
0000002718,0002264167,062767,057600,040379,042133,053804,-95737,049506,095405,-92614,048560
0000002719,0002265000,062742,057551,041118,042133,076138,-89730,021165,097638,-86607,020219
0000002720,0002265833,062740,057487,041778,042133,091245,-74970,-08703,099149,-71847,-09649
0000002721,0002266667,062761,057414,042296,042133,097643,-52902,-37168,099789,-49780,-38114
0000002722,0002267500,062804,057339,042621,042133,094726,-25702,-61452,099497,-22579,-62398
0000002723,0002268333,062863,057269,042719,042133,082761,003981,-79170,098300,007104,-80116
0000002724,0002269167,062934,057212,042582,042133,062919,033235,-88581,096316,036357,-89527
0000002725,0002270000,063009,057173,042223,042133,037158,059203,-88788,093740,062326,-89734
0000002726,0002270833,063082,057155,041677,042133,007985,079337,-79749,090823,082460,-80695
0000002727,0002271667,063143,057161,040998,042133,-21738,091660,-62350,087851,094783,-63296
0000002728,0002272500,063189,057190,040253,042133,-49106,094988,-38310,085114,098111,-39256
0000002729,0002273333,063214,057239,039515,042133,-71436,088975,-09967,082881,092098,-10912
0000002730,0002274167,063216,057303,038855,042133,-86536,074209,019900,081371,077331,018954
0000002731,0002275000,063195,057376,038339,042133,-92948,052153,048368,080729,055275,047422
0000002732,0002275833,063152,057451,038017,042133,-90027,024950,072650,081022,028072,071704
0000002733,0002276667,063092,057520,037919,042133,-78055,-04733,090361,082219,-01611,089415
0000002734,0002277500,063022,057577,038056,042133,-58225,-33990,099788,084202,-30868,098842
0000002735,0002278333,062947,057616,038414,042133,-32459,-59957,099989,086778,-56835,099043
0000002736,0002279167,062875,057634,038958,042133,-03285,-80086,090943,089696,-76963,089997
0000002737,0002280000,062813,057628,039635,042133,026440,-92423,073555,092668,-89300,072610
0000002738,0002280833,062767,057600,040379,042133,053808,-95745,049510,095405,-92622,048564
0000002739,0002281667,062742,057551,041117,042133,076132,-89723,021164,097638,-86601,020218
0000002740,0002282500,062740,057487,041778,042133,091245,-74969,-08703,099149,-71846,-09649
0000002741,0002283333,062761,057414,042296,042133,097651,-52907,-37171,099789,-49785,-38117
0000002742,0002284167,062804,057339,042620,042133,094720,-25700,-61447,099496,-22578,-62392
0000002743,0002285000,062863,057269,042719,042133,082761,003981,-79169,098300,007103,-80115
0000002744,0002285833,062934,057212,042582,042133,062925,033237,-88589,096317,036360,-89535
0000002745,0002286667,063009,057173,042223,042133,037155,059198,-88781,093740,062321,-89727
0000002746,0002287500,063082,057155,041677,042133,007985,079336,-79749,090823,082459,-80695
0000002747,0002288333,063143,057161,040998,042133,-21739,091668,-62356,087850,094791,-63302
0000002748,0002289167,063189,057190,040253,042133,-49102,094981,-38307,085114,098104,-39252
0000002749,0002290000,063214,057239,039515,042133,-71435,088975,-09966,082881,092097,-10912
0000002750,0002290833,063216,057303,038855,042133,-86543,074215,019901,081370,077338,018955
0000002751,0002291667,063195,057376,038339,042133,-92941,052149,048365,080730,055272,047419
0000002752,0002292500,063152,057451,038017,042133,-90026,024949,072649,081022,028072,071703
0000002753,0002293333,063092,057520,037919,042133,-78062,-04733,090368,082218,-01611,089422
0000002754,0002294167,063022,057577,038056,042133,-58220,-33988,099781,084202,-30865,098835
0000002755,0002295000,062947,057616,038414,042133,-32459,-59957,099988,086778,-56834,099043
0000002756,0002295833,062875,057634,038957,042133,-03285,-80092,090950,089696,-76970,090004
0000002757,0002296667,062813,057628,039635,042133,026438,-92416,073550,092668,-89293,072605
0000002758,0002297500,062767,057600,040379,042133,053807,-95744,049509,095405,-92622,048564
0000002759,0002298333,062742,057551,041117,042133,076138,-89731,021165,097638,-86608,020220
0000002760,0002299167,062740,057487,041778,042133,091238,-74963,-08702,099148,-71841,-09648
0000002761,0002300000,062761,057414,042296,042133,097650,-52907,-37171,099789,-49784,-38116
0000002762,0002300833,062804,057339,042620,042133,094727,-25703,-61452,099497,-22580,-62398
0000002763,0002301667,062863,057269,042719,042133,082755,003980,-79162,098300,007103,-80108
0000002764,0002302500,062934,057212,042582,042133,062924,033237,-88588,096317,036360,-89534
0000002765,0002303333,063009,057173,042223,042133,037159,059203,-88789,093740,062326,-89735
0000002766,0002304167,063082,057155,041677,042133,007985,079330,-79743,090823,082453,-80688
0000002767,0002305000,063143,057161,040998,042133,-21739,091667,-62355,087850,094790,-63301
0000002768,0002305833,063189,057190,040253,042133,-49106,094989,-38310,085114,098112,-39256
0000002769,0002306667,063214,057239,039515,042133,-71430,088968,-09965,082881,092090,-10911
0000002770,0002307500,063216,057303,038855,042133,-86542,074215,019901,081370,077337,018955
0000002771,0002308333,063195,057376,038339,042133,-92949,052154,048368,080729,055276,047422
0000002772,0002309167,063152,057451,038017,042133,-90019,024948,072644,081022,028070,071698
0000002773,0002310000,063092,057520,037919,042133,-78061,-04733,090367,082218,-01611,089421
0000002774,0002310833,063022,057577,038056,042133,-58226,-33990,099789,084202,-30868,098843
0000002775,0002311667,062947,057616,038414,042133,-32456,-59952,099981,086779,-56830,099036
0000002776,0002312500,062875,057634,038957,042133,-03285,-80091,090949,089696,-76969,090004
0000002777,0002313333,062813,057628,039634,042133,026440,-92424,073556,092668,-89301,072610
0000002778,0002314167,062767,057600,040379,042133,053803,-95737,049506,095405,-92614,048561
0000002779,0002315000,062742,057551,041117,042133,076137,-89730,021165,097638,-86607,020219
0000002780,0002315833,062740,057487,041778,042133,091245,-74970,-08703,099149,-71847,-09649
0000002781,0002316667,062761,057414,042296,042133,097643,-52903,-37167,099789,-49780,-38113
0000002782,0002317500,062804,057339,042620,042133,094727,-25702,-61451,099497,-22580,-62397
0000002783,0002318333,062863,057269,042719,042133,082762,003981,-79169,098300,007103,-80115
0000002784,0002319167,062934,057212,042581,042133,062920,033234,-88581,096316,036357,-89527
0000002785,0002320000,063009,057173,042223,042133,037158,059203,-88788,093740,062325,-89734
0000002786,0002320833,063082,057155,041677,042133,007986,079337,-79750,090823,082459,-80696
0000002787,0002321667,063143,057161,040998,042133,-21737,091660,-62350,087851,094783,-63296
0000002788,0002322500,063189,057190,040253,042133,-49106,094988,-38310,085114,098111,-39256
0000002789,0002323333,063214,057239,039514,042133,-71436,088975,-09967,082881,092098,-10913
0000002790,0002324167,063216,057303,038855,042133,-86536,074209,019899,081371,077332,018953
0000002791,0002325000,063195,057376,038339,042133,-92948,052153,048368,080729,055276,047422
0000002792,0002325833,063152,057451,038016,042133,-90027,024950,072650,081022,028073,071704
0000002793,0002326667,063092,057520,037919,042133,-78055,-04733,090361,082219,-01610,089415
0000002794,0002327500,063022,057577,038056,042133,-58225,-33990,099788,084202,-30868,098842
0000002795,0002328333,062947,057616,038413,042133,-32459,-59957,099989,086778,-56835,099043
0000002796,0002329167,062875,057634,038957,042133,-03285,-80085,090943,089696,-76963,089997
0000002797,0002330000,062813,057628,039634,042133,026440,-92423,073556,092668,-89300,072610
0000002798,0002330833,062767,057600,040379,042133,053807,-95745,049510,095405,-92622,048564
0000002799,0002331667,062742,057551,041117,042133,076132,-89723,021164,097637,-86601,020218
0000002800,0002332500,062740,057487,041778,042133,091244,-74969,-08703,099149,-71847,-09648
0000002801,0002333333,062761,057414,042296,042133,097651,-52907,-37171,099789,-49785,-38116
0000002802,0002334167,062804,057339,042620,042133,094720,-25701,-61446,099496,-22578,-62392
0000002803,0002335000,062863,057269,042718,042133,082761,003980,-79169,098300,007103,-80115
0000002804,0002335833,062934,057212,042581,042133,062925,033237,-88589,096317,036359,-89535
0000002805,0002336667,063009,057173,042222,042133,037156,059198,-88781,093740,062321,-89727
0000002806,0002337500,063082,057155,041677,042133,007985,079336,-79749,090823,082459,-80695
0000002807,0002338333,063143,057161,040998,042133,-21739,091668,-62356,087850,094790,-63302
0000002808,0002339167,063189,057190,040253,042133,-49102,094981,-38307,085114,098104,-39253
0000002809,0002340000,063214,057239,039514,042133,-71435,088975,-09967,082881,092097,-10913
0000002810,0002340833,063216,057303,038855,042133,-86543,074216,019900,081370,077338,018955
0000002811,0002341667,063195,057376,038339,042133,-92941,052149,048365,080730,055272,047419
0000002812,0002342500,063152,057451,038016,042133,-90026,024950,072649,081022,028072,071703
0000002813,0002343333,063093,057520,037919,042133,-78062,-04733,090368,082218,-01611,089422
0000002814,0002344167,063022,057577,038056,042133,-58221,-33987,099781,084202,-30865,098835
0000002815,0002345000,062947,057616,038413,042133,-32459,-59957,099988,086778,-56834,099043
0000002816,0002345833,062875,057634,038957,042133,-03286,-80092,090950,089696,-76969,090004
0000002817,0002346667,062813,057628,039634,042133,026438,-92416,073551,092668,-89293,072605
0000002818,0002347500,062767,057600,040379,042133,053807,-95744,049510,095405,-92621,048564
0000002819,0002348333,062742,057551,041117,042133,076138,-89731,021166,097638,-86608,020220
0000002820,0002349167,062740,057487,041778,042133,091238,-74964,-08701,099148,-71841,-09647
0000002821,0002350000,062761,057414,042296,042133,097650,-52907,-37170,099789,-49784,-38116
0000002822,0002350833,062804,057339,042620,042133,094728,-25703,-61452,099497,-22581,-62398
0000002823,0002351667,062863,057269,042718,042133,082755,003980,-79162,098300,007102,-80108
0000002824,0002352500,062934,057212,042581,042133,062924,033237,-88588,096317,036359,-89534
0000002825,0002353333,063009,057173,042222,042133,037159,059203,-88789,093740,062325,-89735
0000002826,0002354167,063082,057155,041677,042133,007985,079330,-79743,090823,082453,-80689
0000002827,0002355000,063143,057161,040998,042133,-21739,091667,-62356,087850,094790,-63301
0000002828,0002355833,063189,057190,040253,042133,-49106,094989,-38311,085114,098112,-39257
0000002829,0002356667,063214,057239,039514,042133,-71430,088968,-09966,082881,092091,-10912
0000002830,0002357500,063216,057303,038855,042133,-86542,074215,019900,081370,077337,018954
0000002831,0002358333,063195,057376,038339,042133,-92949,052154,048368,080729,055276,047422
0000002832,0002359167,063152,057451,038016,042133,-90019,024948,072644,081022,028070,071698
0000002833,0002360000,063093,057520,037918,042133,-78061,-04733,090367,082218,-01611,089421
0000002834,0002360833,063022,057577,038055,042133,-58226,-33990,099789,084202,-30868,098843
0000002835,0002361667,062947,057616,038413,042133,-32457,-59952,099981,086779,-56830,099036
0000002836,0002362500,062875,057634,038957,042133,-03286,-80091,090950,089696,-76969,090004
0000002837,0002363333,062813,057628,039634,042133,026440,-92423,073556,092668,-89301,072611
0000002838,0002364167,062767,057600,040379,042133,053803,-95737,049507,095405,-92614,048561
0000002839,0002365000,062742,057551,041117,042133,076137,-89730,021166,097638,-86607,020220
0000002840,0002365833,062740,057487,041778,042133,091245,-74970,-08702,099149,-71848,-09648
0000002841,0002366667,062761,057414,042296,042133,097643,-52903,-37167,099789,-49781,-38113
0000002842,0002367500,062804,057339,042620,042133,094727,-25703,-61451,099497,-22580,-62397
0000002843,0002368333,062863,057269,042718,042133,082762,003980,-79169,098300,007103,-80115
0000002844,0002369167,062934,057212,042581,042133,062920,033234,-88581,096316,036357,-89527
0000002845,0002370000,063009,057173,042222,042133,037159,059203,-88788,093740,062325,-89734
0000002846,0002370833,063082,057155,041677,042133,007986,079337,-79750,090823,082459,-80696
0000002847,0002371667,063143,057161,040998,042133,-21737,091660,-62351,087851,094783,-63296
0000002848,0002372500,063189,057190,040253,042133,-49105,094988,-38310,085114,098111,-39256
0000002849,0002373333,063214,057239,039514,042133,-71436,088976,-09967,082881,092098,-10913
0000002850,0002374167,063216,057303,038855,042133,-86536,074209,019899,081371,077332,018953
0000002851,0002375000,063195,057376,038339,042133,-92948,052153,048368,080729,055276,047422
0000002852,0002375833,063152,057451,038016,042133,-90027,024950,072650,081022,028073,071704
0000002853,0002376667,063093,057520,037919,042133,-78055,-04733,090361,082219,-01610,089415
0000002854,0002377500,063022,057577,038055,042133,-58225,-33990,099788,084202,-30867,098842
0000002855,0002378333,062947,057616,038413,042133,-32460,-59957,099989,086778,-56834,099043
0000002856,0002379167,062875,057634,038957,042133,-03285,-80085,090943,089696,-76963,089997
0000002857,0002380000,062813,057628,039634,042133,026440,-92423,073556,092668,-89300,072610
0000002858,0002380833,062767,057600,040379,042133,053807,-95745,049510,095405,-92622,048565
0000002859,0002381667,062742,057551,041117,042133,076131,-89723,021165,097637,-86601,020219
0000002860,0002382500,062740,057487,041778,042133,091244,-74969,-08702,099149,-71847,-09648
0000002861,0002383333,062761,057414,042296,042133,097651,-52908,-37170,099789,-49785,-38116
0000002862,0002384167,062804,057339,042619,042133,094720,-25701,-61446,099496,-22579,-62392
0000002863,0002385000,062863,057269,042718,042133,082761,003980,-79169,098300,007103,-80114
0000002864,0002385833,062934,057212,042581,042133,062925,033237,-88589,096317,036359,-89535
0000002865,0002386667,063009,057173,042222,042133,037156,059198,-88781,093740,062320,-89727
0000002866,0002387500,063082,057155,041677,042133,007986,079336,-79749,090823,082459,-80695
0000002867,0002388333,063143,057161,040998,042133,-21739,091668,-62356,087850,094791,-63302
0000002868,0002389167,063189,057190,040253,042133,-49101,094981,-38307,085114,098104,-39253
0000002869,0002390000,063214,057239,039514,042133,-71435,088975,-09967,082881,092097,-10913
0000002870,0002390833,063216,057303,038855,042133,-86543,074216,019900,081370,077338,018954
0000002871,0002391667,063195,057376,038339,042133,-92941,052150,048365,080730,055272,047419
0000002872,0002392500,063152,057451,038016,042133,-90026,024950,072649,081022,028072,071703
0000002873,0002393333,063093,057520,037918,042133,-78062,-04733,090368,082218,-01610,089422
0000002874,0002394167,063022,057577,038055,042133,-58221,-33987,099781,084202,-30865,098835
0000002875,0002395000,062947,057616,038413,042133,-32459,-59956,099988,086778,-56834,099043
0000002876,0002395833,062875,057634,038957,042133,-03286,-80092,090950,089696,-76969,090005
0000002877,0002396667,062813,057628,039634,042133,026438,-92416,073551,092668,-89293,072605
0000002878,0002397500,062767,057600,040379,042133,053807,-95744,049510,095405,-92621,048564
0000002879,0002398333,062742,057551,041117,042133,076138,-89731,021166,097638,-86608,020220
0000002880,0002399167,062740,057487,041778,042133,091238,-74964,-08701,099148,-71841,-09647
0000002881,0002400000,062761,057414,042295,042133,097650,-52907,-37170,099789,-49785,-38116
0000002882,0002400833,062804,057339,042620,042133,094728,-25703,-61452,099497,-22581,-62397
0000002883,0002401667,062863,057269,042718,042133,082755,003980,-79162,098300,007102,-80108
0000002884,0002402500,062934,057212,042581,042133,062925,033237,-88588,096317,036359,-89534
0000002885,0002403333,063009,057173,042222,042133,037159,059203,-88789,093740,062325,-89735
0000002886,0002404167,063082,057155,041676,042133,007985,079330,-79743,090823,082453,-80689
0000002887,0002405000,063143,057161,040998,042133,-21739,091667,-62356,087850,094790,-63302
0000002888,0002405833,063189,057190,040253,042133,-49106,094989,-38311,085114,098112,-39257
0000002889,0002406667,063214,057239,039514,042133,-71430,088968,-09966,082881,092091,-10912
0000002890,0002407500,063216,057303,038855,042133,-86542,074215,019900,081370,077337,018954
0000002891,0002408333,063195,057376,038338,042133,-92949,052154,048368,080729,055277,047422
0000002892,0002409167,063152,057451,038016,042133,-90019,024948,072644,081022,028071,071698
0000002893,0002410000,063093,057520,037918,042133,-78061,-04733,090367,082218,-01611,089421
0000002894,0002410833,063022,057577,038055,042133,-58226,-33990,099789,084202,-30867,098843
0000002895,0002411667,062947,057616,038413,042133,-32457,-59952,099981,086779,-56829,099036
0000002896,0002412500,062875,057634,038957,042133,-03286,-80091,090950,089696,-76969,090004
0000002897,0002413333,062813,057628,039634,042133,026440,-92423,073557,092668,-89301,072611
0000002898,0002414167,062767,057599,040378,042133,053803,-95737,049507,095405,-92614,048561
0000002899,0002415000,062742,057551,041117,042133,076137,-89730,021166,097638,-86607,020220
0000002900,0002415833,062740,057487,041778,042133,091245,-74970,-08702,099149,-71848,-09648
0000002901,0002416667,062761,057414,042295,042133,097643,-52903,-37167,099789,-49781,-38113
0000002902,0002417500,062804,057339,042619,042133,094727,-25703,-61451,099497,-22580,-62397
0000002903,0002418333,062863,057269,042718,042133,082762,003980,-79169,098301,007102,-80115
0000002904,0002419167,062934,057212,042581,042133,062920,033234,-88581,096316,036356,-89527
0000002905,0002420000,063009,057173,042222,042133,037159,059202,-88788,093740,062325,-89734
0000002906,0002420833,063082,057155,041676,042133,007986,079337,-79750,090823,082459,-80696
0000002907,0002421667,063143,057161,040998,042133,-21737,091660,-62351,087851,094783,-63297
0000002908,0002422500,063189,057190,040253,042133,-49105,094989,-38310,085114,098111,-39256
0000002909,0002423333,063214,057239,039514,042133,-71436,088976,-09967,082881,092098,-10913
0000002910,0002424167,063216,057303,038855,042133,-86536,074209,019899,081371,077332,018953
0000002911,0002425000,063195,057376,038338,042133,-92949,052153,048368,080729,055276,047422
0000002912,0002425833,063152,057451,038016,042133,-90027,024950,072650,081022,028073,071704
0000002913,0002426667,063093,057520,037918,042133,-78055,-04733,090361,082219,-01610,089415
0000002914,0002427500,063022,057577,038055,042133,-58225,-33990,099788,084202,-30867,098842
0000002915,0002428333,062947,057616,038413,042133,-32460,-59957,099989,086778,-56834,099043
0000002916,0002429167,062875,057634,038957,042133,-03285,-80085,090943,089696,-76963,089997
0000002917,0002430000,062813,057628,039634,042133,026439,-92423,073556,092668,-89300,072610
0000002918,0002430833,062767,057599,040378,042133,053807,-95745,049510,095405,-92622,048565
0000002919,0002431667,062742,057551,041117,042133,076131,-89723,021165,097637,-86601,020219
0000002920,0002432500,062740,057487,041778,042133,091244,-74969,-08702,099149,-71847,-09648
0000002921,0002433333,062761,057414,042295,042133,097651,-52908,-37170,099789,-49785,-38116
0000002922,0002434167,062804,057339,042619,042133,094720,-25701,-61446,099496,-22579,-62392
0000002923,0002435000,062863,057269,042718,042133,082761,003980,-79169,098300,007103,-80114
0000002924,0002435833,062934,057212,042581,042133,062925,033237,-88589,096317,036359,-89535
0000002925,0002436667,063009,057173,042222,042133,037156,059198,-88781,093740,062320,-89727
0000002926,0002437500,063082,057155,041676,042133,007986,079336,-79749,090823,082459,-80695
0000002927,0002438333,063143,057161,040998,042133,-21739,091668,-62356,087850,094791,-63302
0000002928,0002439167,063189,057190,040253,042133,-49101,094981,-38307,085114,098104,-39253
0000002929,0002440000,063214,057239,039514,042133,-71435,088975,-09967,082881,092097,-10913
0000002930,0002440833,063216,057303,038855,042133,-86543,074216,019900,081370,077338,018954
0000002931,0002441667,063195,057376,038338,042133,-92941,052150,048365,080730,055272,047419
0000002932,0002442500,063152,057451,038016,042133,-90026,024950,072649,081022,028072,071703
0000002933,0002443333,063093,057520,037918,042133,-78062,-04733,090368,082218,-01611,089422
0000002934,0002444167,063022,057577,038055,042133,-58221,-33987,099781,084202,-30865,098835
0000002935,0002445000,062947,057616,038413,042133,-32459,-59956,099988,086778,-56834,099043
0000002936,0002445833,062875,057634,038957,042133,-03286,-80092,090950,089696,-76969,090004
0000002937,0002446667,062813,057628,039634,042133,026438,-92416,073551,092668,-89293,072605
0000002938,0002447500,062767,057599,040378,042133,053807,-95744,049510,095405,-92621,048564
0000002939,0002448333,062742,057551,041117,042133,076138,-89731,021166,097638,-86608,020220
0000002940,0002449167,062740,057487,041777,042133,091238,-74964,-08701,099148,-71841,-09647
0000002941,0002450000,062761,057414,042295,042133,097650,-52907,-37170,099789,-49785,-38116
0000002942,0002450833,062804,057339,042619,042133,094728,-25703,-61452,099497,-22581,-62397
0000002943,0002451667,062863,057269,042717,042133,082755,003980,-79162,098300,007102,-80108
0000002944,0002452500,062934,057212,042581,042133,062925,033237,-88588,096317,036359,-89534
0000002945,0002453333,063010,057173,042222,042133,037159,059203,-88789,093740,062325,-89735
0000002946,0002454167,063082,057155,041676,042133,007985,079330,-79743,090823,082453,-80689
0000002947,0002455000,063143,057161,040998,042133,-21739,091667,-62356,087850,094790,-63302
0000002948,0002455833,063189,057190,040253,042133,-49106,094989,-38311,085114,098112,-39257
0000002949,0002456667,063214,057239,039514,042133,-71430,088968,-09966,082881,092091,-10912
0000002950,0002457500,063216,057303,038854,042133,-86543,074215,019900,081370,077337,018955
0000002951,0002458333,063195,057376,038338,042133,-92949,052154,048368,080729,055277,047422
0000002952,0002459167,063152,057451,038016,042133,-90019,024948,072644,081022,028070,071698
0000002953,0002460000,063093,057520,037918,042133,-78061,-04733,090367,082218,-01611,089421
0000002954,0002460833,063022,057577,038055,042133,-58226,-33990,099789,084202,-30868,098843
0000002955,0002461667,062947,057616,038413,042133,-32457,-59952,099981,086779,-56829,099036
0000002956,0002462500,062875,057634,038957,042133,-03286,-80091,090950,089696,-76969,090004
0000002957,0002463333,062813,057628,039634,042133,026440,-92423,073556,092668,-89301,072611
0000002958,0002464167,062767,057599,040378,042133,053803,-95737,049507,095405,-92614,048561
0000002959,0002465000,062742,057551,041117,042133,076137,-89730,021166,097638,-86607,020220
0000002960,0002465833,062740,057487,041777,042133,091245,-74970,-08702,099149,-71848,-09648
0000002961,0002466667,062761,057414,042295,042133,097643,-52903,-37167,099789,-49781,-38113
0000002962,0002467500,062804,057339,042619,042133,094727,-25703,-61451,099497,-22580,-62397
0000002963,0002468333,062863,057269,042718,042133,082762,003980,-79169,098301,007103,-80115
0000002964,0002469167,062934,057212,042580,042133,062920,033234,-88581,096316,036356,-89527
0000002965,0002470000,063010,057173,042222,042133,037159,059203,-88789,093740,062325,-89734
0000002966,0002470833,063082,057155,041676,042133,007986,079337,-79750,090823,082460,-80696
0000002967,0002471667,063143,057161,040998,042133,-21737,091661,-62351,087851,094783,-63297
0000002968,0002472500,063189,057190,040253,042133,-49106,094989,-38310,085114,098111,-39256
0000002969,0002473333,063214,057239,039514,042133,-71436,088976,-09967,082881,092098,-10913
0000002970,0002474167,063216,057303,038855,042133,-86536,074209,019899,081371,077332,018953
0000002971,0002475000,063195,057376,038338,042133,-92949,052153,048368,080729,055276,047422
0000002972,0002475833,063152,057451,038015,042133,-90027,024950,072650,081022,028073,071704
0000002973,0002476667,063093,057520,037918,042133,-78055,-04733,090361,082219,-01610,089415
0000002974,0002477500,063022,057577,038055,042133,-58225,-33990,099788,084202,-30867,098842
0000002975,0002478333,062947,057616,038412,042133,-32460,-59957,099989,086778,-56834,099043
0000002976,0002479167,062875,057634,038957,042133,-03285,-80085,090943,089696,-76963,089997
0000002977,0002480000,062813,057628,039634,042133,026440,-92423,073556,092668,-89300,072610
0000002978,0002480833,062767,057599,040378,042133,053807,-95745,049510,095405,-92622,048565
0000002979,0002481667,062742,057551,041117,042133,076131,-89723,021165,097637,-86601,020219
0000002980,0002482500,062740,057487,041777,042133,091244,-74969,-08702,099149,-71847,-09648
0000002981,0002483333,062761,057414,042295,042133,097651,-52908,-37170,099789,-49785,-38116
0000002982,0002484167,062804,057339,042619,042133,094720,-25701,-61446,099496,-22579,-62392
0000002983,0002485000,062864,057269,042717,042133,082761,003980,-79169,098300,007103,-80115
0000002984,0002485833,062934,057212,042580,042133,062925,033237,-88589,096317,036359,-89535
0000002985,0002486667,063010,057173,042221,042133,037156,059198,-88782,093740,062321,-89727
0000002986,0002487500,063082,057155,041676,042133,007986,079336,-79749,090823,082459,-80695
0000002987,0002488333,063144,057161,040998,042133,-21739,091668,-62356,087850,094791,-63302
0000002988,0002489167,063189,057190,040253,042133,-49102,094982,-38307,085114,098104,-39253
0000002989,0002490000,063214,057239,039514,042133,-71435,088975,-09967,082881,092097,-10913
0000002990,0002490833,063216,057303,038854,042133,-86543,074216,019900,081370,077338,018955
0000002991,0002491667,063195,057376,038338,042133,-92942,052149,048365,080730,055272,047419
0000002992,0002492500,063152,057451,038015,042133,-90026,024950,072649,081022,028072,071703
0000002993,0002493333,063093,057520,037918,042133,-78062,-04733,090368,082218,-01611,089422
0000002994,0002494167,063022,057577,038055,042133,-58221,-33987,099781,084202,-30865,098835
0000002995,0002495000,062947,057616,038412,042133,-32459,-59957,099988,086778,-56834,099043
0000002996,0002495833,062875,057634,038957,042133,-03286,-80092,090950,089696,-76969,090004
0000002997,0002496667,062813,057628,039634,042133,026438,-92416,073551,092668,-89293,072605
0000002998,0002497500,062767,057599,040378,042133,053807,-95744,049510,095405,-92621,048564
0000002999,0002498333,062742,057551,041117,042133,076138,-89731,021166,097638,-86608,020220
0000003000,0002499167,062740,057487,041777,042133,091238,-74964,-08701,099148,-71841,-09647
0000003001,0002500000,062761,057414,042295,042133,097650,-52907,-37170,099789,-49785,-38116
