0000000001,0000000000,063178,061106,066800,066934,096059,-52717,-37273
0000000002,0000000833,063221,061031,066832,066934,093121,-25505,-61546
0000000003,0000001667,063280,060962,066842,066934,081155,004177,-79262
0000000004,0000002500,063351,060905,066828,066934,061329,033437,-88697
0000000005,0000003333,063426,060866,066792,066934,035554,059397,-88881
0000000006,0000004167,063498,060848,066738,066934,006382,079530,-79842
0000000007,0000005000,063560,060854,066670,066934,-23345,091874,-62460
0000000008,0000005833,063606,060883,066595,066934,-50707,095180,-38404
0000000009,0000006667,063631,060932,066522,066934,-73035,089166,-10062
0000000010,0000007500,063633,060996,066456,066934,-88155,074418,019806
0000000011,0000008333,063611,061069,066404,066934,-94546,052345,048270
0000000012,0000009167,063569,061144,066372,066934,-91623,025142,072550
0000000013,0000010000,063509,061213,066362,066934,-79671,-04540,090280
0000000014,0000010833,063439,061270,066375,066934,-59822,-33794,099686
0000000015,0000011667,063363,061309,066411,066934,-34057,-59759,099886
0000000016,0000012500,063291,061327,066466,066934,-04887,-79904,090860
0000000017,0000013333,063230,061321,066534,066934,024838,-92222,073454
0000000018,0000014167,063184,061292,066608,066934,052203,-95543,049409
0000000019,0000015000,063159,061243,066682,066934,074543,-89543,021069
0000000020,0000015833,063157,061179,066748,066934,089638,-74769,-08800
0000000021,0000016667,063178,061106,066799,066934,096043,-52707,-37266
0000000022,0000017500,063221,061031,066832,066934,093134,-25509,-61556
0000000023,0000018333,063280,060962,066842,066934,081155,004177,-79262
0000000024,0000019167,063351,060905,066828,066934,061319,033432,-88682
0000000025,0000020000,063426,060866,066792,066934,035560,059406,-88896
0000000026,0000020833,063498,060848,066738,066934,006382,079530,-79842
0000000027,0000021667,063560,060854,066670,066934,-23341,091860,-62449
0000000028,0000022500,063606,060883,066595,066934,-50715,095196,-38411
0000000029,0000023333,063631,060932,066521,066934,-73035,089166,-10062
0000000030,0000024167,063633,060996,066455,066934,-88141,074406,019804
0000000031,0000025000,063612,061069,066404,066934,-94561,052354,048277
0000000032,0000025833,063569,061144,066371,066934,-91623,025143,072550
0000000033,0000026667,063509,061213,066362,066934,-79658,-04539,090267
0000000034,0000027500,063439,061270,066375,066934,-59832,-33799,099701
0000000035,0000028333,063363,061309,066411,066934,-34058,-59759,099886
0000000036,0000029167,063291,061327,066466,066934,-04885,-79892,090847
0000000037,0000030000,063230,061321,066533,066934,024842,-92236,073464
0000000038,0000030833,063184,061292,066608,066934,052203,-95542,049409
0000000039,0000031667,063159,061243,066682,066934,074532,-89528,021066
0000000040,0000032500,063157,061179,066748,066934,089652,-74780,-08802
0000000041,0000033333,063178,061106,066799,066934,096043,-52707,-37266
0000000042,0000034167,063221,061032,066832,066934,093120,-25505,-61546
0000000043,0000035000,063280,060962,066842,066934,081168,004178,-79276
0000000044,0000035833,063351,060905,066828,066934,061319,033432,-88682
0000000045,0000036667,063426,060866,066792,066934,035554,059397,-88882
0000000046,0000037500,063498,060848,066738,066934,006383,079542,-79856
0000000047,0000038333,063560,060854,066670,066934,-23341,091860,-62449
0000000048,0000039167,063606,060883,066595,066934,-50707,095181,-38404
0000000049,0000040000,063631,060932,066521,066934,-73047,089181,-10064
0000000050,0000040833,063633,060996,066455,066934,-88141,074407,019804
0000000051,0000041667,063611,061069,066404,066934,-94546,052345,048270
0000000052,0000042500,063569,061144,066371,066934,-91638,025147,072561
0000000053,0000043333,063509,061213,066362,066934,-79658,-04539,090266
0000000054,0000044167,063439,061270,066375,066934,-59822,-33794,099686
0000000055,0000045000,063363,061309,066411,066934,-34063,-59768,099900
0000000056,0000045833,063291,061327,066466,066934,-04886,-79892,090847
0000000057,0000046667,063230,061321,066533,066934,024838,-92222,073453
0000000058,0000047500,063184,061292,066608,066934,052211,-95558,049416
0000000059,0000048333,063159,061243,066682,066934,074532,-89528,021066
0000000060,0000049167,063157,061179,066748,066934,089638,-74768,-08800
0000000061,0000050000,063178,061106,066799,066934,096058,-52716,-37273
0000000062,0000050833,063221,061032,066832,066934,093120,-25505,-61546
0000000063,0000051667,063280,060962,066842,066934,081155,004177,-79263
0000000064,0000052500,063351,060905,066828,066934,061329,033437,-88697
0000000065,0000053333,063426,060866,066792,066934,035554,059397,-88882
0000000066,0000054167,063498,060848,066738,066934,006382,079530,-79842
0000000067,0000055000,063560,060854,066670,066934,-23345,091875,-62460
0000000068,0000055833,063606,060883,066595,066934,-50707,095181,-38405
0000000069,0000056667,063631,060932,066521,066934,-73035,089166,-10062
0000000070,0000057500,063633,060996,066455,066934,-88155,074418,019807
0000000071,0000058333,063612,061069,066404,066934,-94546,052345,048270
0000000072,0000059167,063569,061144,066371,066934,-91623,025143,072550
0000000073,0000060000,063509,061213,066362,066934,-79671,-04540,090280
0000000074,0000060833,063439,061270,066375,066934,-59822,-33794,099686
0000000075,0000061667,063363,061309,066411,066934,-34057,-59759,099886
0000000076,0000062500,063291,061327,066466,066934,-04886,-79904,090860
0000000077,0000063333,063230,061321,066533,066934,024838,-92222,073453
0000000078,0000064167,063184,061292,066608,066934,052203,-95542,049409
0000000079,0000065000,063159,061244,066682,066934,074543,-89543,021069
0000000080,0000065833,063157,061179,066748,066934,089638,-74769,-08800
0000000081,0000066667,063178,061106,066799,066934,096043,-52707,-37266
0000000082,0000067500,063221,061032,066832,066934,093134,-25509,-61556
0000000083,0000068333,063280,060962,066841,066934,081155,004177,-79262
0000000084,0000069167,063351,060905,066828,066934,061319,033432,-88682
0000000085,0000070000,063426,060866,066792,066934,035560,059406,-88896
0000000086,0000070833,063498,060848,066737,066934,006382,079530,-79842
0000000087,0000071667,063560,060854,066670,066934,-23341,091860,-62449
0000000088,0000072500,063606,060883,066595,066934,-50715,095196,-38411
0000000089,0000073333,063631,060932,066521,066934,-73035,089167,-10062
0000000090,0000074167,063633,060996,066455,066934,-88141,074406,019804
0000000091,0000075000,063612,061069,066404,066934,-94561,052354,048277
0000000092,0000075833,063569,061144,066371,066934,-91623,025143,072550
0000000093,0000076667,063509,061213,066362,066934,-79658,-04539,090267
0000000094,0000077500,063439,061270,066375,066934,-59832,-33799,099701
0000000095,0000078333,063363,061309,066411,066934,-34057,-59759,099886
0000000096,0000079167,063291,061327,066466,066934,-04885,-79892,090847
0000000097,0000080000,063230,061321,066533,066934,024842,-92236,073464
0000000098,0000080833,063184,061292,066608,066934,052203,-95542,049409
0000000099,0000081667,063159,061243,066682,066934,074532,-89528,021066
0000000100,0000082500,063157,061179,066748,066934,089652,-74780,-08802
0000000101,0000083333,063178,061106,066799,066934,096043,-52707,-37266
0000000102,0000084167,063221,061032,066832,066934,093120,-25504,-61546
0000000103,0000085000,063280,060962,066842,066934,081168,004178,-79276
0000000104,0000085833,063351,060905,066828,066934,061319,033432,-88682
0000000105,0000086667,063426,060866,066792,066934,035554,059397,-88882
0000000106,0000087500,063498,060848,066738,066934,006383,079542,-79856
0000000107,0000088333,063560,060854,066670,066934,-23341,091860,-62449
0000000108,0000089167,063606,060883,066595,066934,-50707,095181,-38404
0000000109,0000090000,063631,060932,066521,066934,-73047,089181,-10064
0000000110,0000090833,063633,060996,066455,066934,-88141,074407,019804
0000000111,0000091667,063612,061069,066404,066934,-94546,052345,048270
0000000112,0000092500,063569,061144,066371,066934,-91638,025147,072561
0000000113,0000093333,063509,061213,066362,066934,-79658,-04539,090266
0000000114,0000094167,063439,061270,066375,066934,-59822,-33794,099686
0000000115,0000095000,063363,061309,066411,066934,-34063,-59768,099900
0000000116,0000095833,063291,061327,066466,066934,-04886,-79892,090847
0000000117,0000096667,063230,061321,066533,066934,024838,-92222,073453
0000000118,0000097500,063184,061292,066608,066934,052211,-95557,049416
0000000119,0000098333,063159,061243,066682,066934,074532,-89528,021066
0000000120,0000099167,063157,061179,066748,066934,089638,-74768,-08800
0000000121,0000100000,063178,061106,066799,066934,096058,-52716,-37273
0000000122,0000100833,063221,061032,066832,066934,093120,-25505,-61546
0000000123,0000101667,063280,060962,066841,066934,081155,004177,-79263
0000000124,0000102500,063351,060905,066828,066934,061329,033437,-88697
0000000125,0000103333,063426,060866,066792,066934,035554,059397,-88882
0000000126,0000104167,063498,060848,066737,066934,006382,079530,-79842
0000000127,0000105000,063560,060854,066670,066934,-23345,091875,-62460
0000000128,0000105833,063606,060883,066595,066934,-50707,095181,-38405
0000000129,0000106667,063631,060932,066521,066934,-73035,089166,-10062
0000000130,0000107500,063633,060996,066455,066934,-88155,074418,019807
0000000131,0000108333,063612,061069,066404,066934,-94546,052345,048270
0000000132,0000109167,063569,061144,066371,066934,-91623,025143,072550
0000000133,0000110000,063509,061213,066361,066934,-79671,-04540,090280
0000000134,0000110833,063439,061270,066375,066934,-59822,-33794,099686
0000000135,0000111667,063363,061309,066411,066934,-34057,-59759,099886
0000000136,0000112500,063291,061327,066466,066934,-04886,-79904,090860
0000000137,0000113333,063230,061321,066533,066934,024838,-92222,073453
0000000138,0000114167,063184,061292,066608,066934,052203,-95542,049409
0000000139,0000115000,063159,061244,066682,066934,074543,-89543,021069
0000000140,0000115833,063157,061179,066748,066934,089638,-74769,-08800
0000000141,0000116667,063178,061106,066799,066934,096043,-52707,-37266
0000000142,0000117500,063221,061032,066832,066934,093134,-25509,-61556
0000000143,0000118333,063280,060962,066841,066934,081155,004177,-79262
0000000144,0000119167,063351,060905,066828,066934,061319,033432,-88682
0000000145,0000120000,063426,060866,066792,066934,035560,059406,-88896
0000000146,0000120833,063498,060848,066737,066934,006382,079530,-79842
0000000147,0000121667,063560,060854,066670,066934,-23341,091860,-62449
0000000148,0000122500,063606,060883,066595,066934,-50715,095196,-38411
0000000149,0000123333,063631,060932,066521,066934,-73035,089167,-10062
0000000150,0000124167,063633,060996,066455,066934,-88141,074406,019804
0000000151,0000125000,063612,061069,066404,066934,-94561,052354,048277
0000000152,0000125833,063569,061144,066371,066934,-91623,025143,072550
0000000153,0000126667,063509,061213,066362,066934,-79658,-04539,090267
0000000154,0000127500,063439,061270,066375,066934,-59832,-33799,099701
0000000155,0000128333,063363,061309,066411,066934,-34057,-59759,099886
0000000156,0000129167,063291,061327,066466,066934,-04885,-79892,090847
0000000157,0000130000,063230,061321,066533,066934,024842,-92236,073464
0000000158,0000130833,063184,061292,066608,066934,052203,-95542,049409
0000000159,0000131667,063159,061243,066682,066934,074532,-89528,021066
0000000160,0000132500,063157,061179,066748,066934,089652,-74780,-08802
0000000161,0000133333,063178,061106,066799,066934,096043,-52707,-37266
0000000162,0000134167,063221,061032,066832,066934,093120,-25504,-61546
0000000163,0000135000,063280,060962,066842,066934,081168,004178,-79276
0000000164,0000135833,063351,060905,066828,066934,061319,033432,-88682
0000000165,0000136667,063426,060866,066792,066934,035554,059397,-88882
0000000166,0000137500,063498,060848,066737,066934,006383,079542,-79856
0000000167,0000138333,063560,060854,066670,066934,-23341,091860,-62449
0000000168,0000139167,063606,060883,066595,066934,-50707,095181,-38404
0000000169,0000140000,063631,060932,066521,066934,-73047,089181,-10064
0000000170,0000140833,063633,060996,066455,066934,-88141,074407,019804
0000000171,0000141667,063612,061069,066404,066934,-94546,052345,048270
0000000172,0000142500,063569,061144,066371,066934,-91638,025147,072561
0000000173,0000143333,063509,061213,066362,066934,-79658,-04539,090267
0000000174,0000144167,063439,061270,066375,066934,-59822,-33794,099686
0000000175,0000145000,063363,061309,066411,066934,-34063,-59768,099900
0000000176,0000145833,063291,061327,066466,066934,-04886,-79892,090847
0000000177,0000146667,063230,061321,066533,066934,024838,-92222,073453
0000000178,0000147500,063184,061292,066608,066934,052211,-95557,049416
0000000179,0000148333,063159,061243,066682,066934,074532,-89528,021066
0000000180,0000149167,063157,061179,066748,066934,089638,-74768,-08800
0000000181,0000150000,063178,061106,066799,066934,096058,-52716,-37273
0000000182,0000150833,063221,061032,066832,066934,093120,-25505,-61546
0000000183,0000151667,063280,060962,066841,066934,081155,004177,-79263
0000000184,0000152500,063351,060905,066828,066934,061329,033437,-88697
0000000185,0000153333,063426,060866,066792,066934,035554,059397,-88882
0000000186,0000154167,063498,060848,066737,066934,006382,079530,-79842
0000000187,0000155000,063560,060854,066670,066934,-23345,091875,-62460
0000000188,0000155833,063606,060883,066595,066934,-50707,095181,-38405
0000000189,0000156667,063631,060932,066521,066934,-73035,089166,-10062
0000000190,0000157500,063633,060996,066455,066934,-88155,074418,019807
0000000191,0000158333,063612,061069,066404,066934,-94546,052345,048270
0000000192,0000159167,063569,061144,066371,066934,-91623,025143,072550
0000000193,0000160000,063509,061213,066361,066934,-79671,-04540,090280
0000000194,0000160833,063439,061270,066375,066934,-59822,-33794,099686
0000000195,0000161667,063363,061309,066411,066934,-34057,-59759,099886
0000000196,0000162500,063291,061327,066466,066934,-04886,-79904,090860
0000000197,0000163333,063230,061321,066533,066934,024838,-92222,073453
0000000198,0000164167,063184,061292,066608,066934,052203,-95542,049409
0000000199,0000165000,063159,061244,066682,066934,074543,-89543,021069
0000000200,0000165833,063157,061179,066748,066934,089638,-74768,-08800
0000000201,0000166667,063178,061106,066799,066934,096043,-52707,-37266
0000000202,0000167500,063221,061032,066832,066934,093134,-25509,-61556
0000000203,0000168333,063280,060962,066841,066934,081155,004177,-79262
0000000204,0000169167,063351,060905,066828,066934,061319,033432,-88682
0000000205,0000170000,063426,060866,066792,066934,035560,059406,-88896
0000000206,0000170833,063498,060848,066737,066934,006382,079530,-79842
0000000207,0000171667,063560,060854,066670,066934,-23341,091860,-62449
0000000208,0000172500,063606,060883,066595,066934,-50715,095196,-38411
0000000209,0000173333,063631,060932,066521,066934,-73035,089167,-10062
0000000210,0000174167,063633,060996,066455,066934,-88141,074406,019804
0000000211,0000175000,063612,061069,066404,066934,-94561,052354,048277
0000000212,0000175833,063569,061144,066371,066934,-91623,025143,072550
0000000213,0000176667,063509,061213,066362,066934,-79658,-04539,090267
0000000214,0000177500,063439,061270,066375,066934,-59832,-33799,099701
0000000215,0000178333,063363,061309,066411,066934,-34057,-59759,099886
0000000216,0000179167,063291,061327,066466,066934,-04885,-79892,090847
0000000217,0000180000,063230,061321,066533,066934,024842,-92236,073464
0000000218,0000180833,063184,061292,066608,066934,052203,-95542,049409
0000000219,0000181667,063159,061244,066682,066934,074532,-89528,021066
0000000220,0000182500,063157,061179,066748,066934,089652,-74780,-08802
0000000221,0000183333,063178,061106,066799,066934,096043,-52707,-37266
0000000222,0000184167,063221,061032,066832,066934,093120,-25504,-61546
0000000223,0000185000,063280,060962,066842,066934,081168,004178,-79276
0000000224,0000185833,063351,060905,066828,066934,061319,033432,-88682
0000000225,0000186667,063426,060866,066792,066934,035554,059397,-88882
0000000226,0000187500,063498,060848,066737,066934,006383,079542,-79856
0000000227,0000188333,063560,060854,066670,066934,-23341,091860,-62449
0000000228,0000189167,063606,060883,066595,066934,-50707,095181,-38404
0000000229,0000190000,063631,060932,066521,066934,-73047,089181,-10064
0000000230,0000190833,063633,060996,066455,066934,-88141,074407,019804
0000000231,0000191667,063612,061069,066404,066934,-94546,052345,048270
0000000232,0000192500,063569,061144,066371,066934,-91638,025147,072561
0000000233,0000193333,063509,061213,066362,066934,-79658,-04539,090267
0000000234,0000194167,063439,061270,066375,066934,-59822,-33794,099686
0000000235,0000195000,063363,061309,066411,066934,-34063,-59768,099900
0000000236,0000195833,063291,061327,066466,066934,-04886,-79892,090847
0000000237,0000196667,063230,061321,066533,066934,024838,-92222,073453
0000000238,0000197500,063184,061292,066608,066934,052211,-95557,049416
0000000239,0000198333,063159,061244,066682,066934,074532,-89528,021066
0000000240,0000199167,063157,061179,066748,066934,089638,-74768,-08800
0000000241,0000200000,063178,061106,066799,066934,096058,-52716,-37273
0000000242,0000200833,063221,061032,066832,066934,093120,-25505,-61546
0000000243,0000201667,063280,060962,066841,066934,081155,004177,-79263
0000000244,0000202500,063351,060905,066828,066934,061329,033437,-88697
0000000245,0000203333,063426,060866,066792,066934,035554,059397,-88882
0000000246,0000204167,063498,060848,066737,066934,006382,079530,-79842
0000000247,0000205000,063560,060854,066670,066934,-23345,091875,-62460
0000000248,0000205833,063606,060883,066595,066934,-50707,095181,-38405
0000000249,0000206667,063631,060932,066521,066934,-73035,089166,-10062
0000000250,0000207500,063633,060996,066455,066934,-88155,074418,019807
0000000251,0000208333,063612,061069,066404,066934,-94546,052345,048270
0000000252,0000209167,063569,061144,066371,066934,-91623,025143,072550
0000000253,0000210000,063509,061213,066361,066934,-79671,-04540,090280
0000000254,0000210833,063439,061270,066375,066934,-59822,-33794,099686
0000000255,0000211667,063363,061309,066411,066934,-34057,-59759,099886
0000000256,0000212500,063291,061327,066466,066934,-04886,-79904,090860
0000000257,0000213333,063230,061321,066533,066934,024838,-92222,073453
0000000258,0000214167,063184,061292,066608,066934,052203,-95542,049409
0000000259,0000215000,063159,061244,066682,066934,074543,-89543,021069
0000000260,0000215833,063157,061179,066748,066934,089638,-74768,-08800
0000000261,0000216667,063178,061106,066799,066934,096043,-52707,-37266
0000000262,0000217500,063221,061032,066832,066934,093134,-25509,-61556
0000000263,0000218333,063280,060962,066841,066934,081155,004177,-79262
0000000264,0000219167,063351,060905,066828,066934,061319,033432,-88682
0000000265,0000220000,063426,060866,066792,066934,035560,059406,-88896
0000000266,0000220833,063498,060848,066737,066934,006382,079530,-79842
0000000267,0000221667,063560,060854,066670,066934,-23341,091860,-62449
0000000268,0000222500,063606,060883,066595,066934,-50715,095196,-38411
0000000269,0000223333,063631,060932,066521,066934,-73035,089167,-10062
0000000270,0000224167,063633,060996,066455,066934,-88141,074406,019804
0000000271,0000225000,063612,061069,066404,066934,-94561,052354,048277
0000000272,0000225833,063569,061144,066371,066934,-91623,025143,072550
0000000273,0000226667,063509,061213,066362,066934,-79658,-04539,090267
0000000274,0000227500,063439,061270,066375,066934,-59832,-33799,099701
0000000275,0000228333,063363,061309,066411,066934,-34057,-59759,099886
0000000276,0000229167,063291,061327,066466,066934,-04885,-79892,090847
0000000277,0000230000,063230,061321,066533,066934,024842,-92236,073464
0000000278,0000230833,063184,061292,066608,066934,052203,-95542,049409
0000000279,0000231667,063159,061244,066682,066934,074532,-89528,021066
0000000280,0000232500,063157,061179,066748,066934,089652,-74780,-08802
0000000281,0000233333,063178,061106,066799,066934,096043,-52707,-37266
0000000282,0000234167,063221,061032,066832,066934,093120,-25504,-61546
0000000283,0000235000,063280,060962,066842,066934,081167,004178,-79276
0000000284,0000235833,063351,060905,066828,066934,061319,033432,-88682
0000000285,0000236667,063426,060866,066792,066934,035554,059397,-88882
0000000286,0000237500,063498,060848,066737,066934,006383,079542,-79856
0000000287,0000238333,063560,060854,066670,066934,-23341,091860,-62449
0000000288,0000239167,063606,060883,066595,066934,-50707,095181,-38404
0000000289,0000240000,063631,060932,066521,066934,-73047,089181,-10064
0000000290,0000240833,063633,060996,066455,066934,-88141,074407,019804
0000000291,0000241667,063612,061069,066404,066934,-94546,052345,048270
0000000292,0000242500,063569,061144,066371,066934,-91638,025147,072561
0000000293,0000243333,063509,061213,066362,066934,-79658,-04539,090267
0000000294,0000244167,063439,061270,066375,066934,-59822,-33794,099686
0000000295,0000245000,063363,061309,066411,066934,-34063,-59768,099900
0000000296,0000245833,063291,061327,066466,066934,-04886,-79892,090847
0000000297,0000246667,063230,061321,066533,066934,024838,-92222,073453
0000000298,0000247500,063184,061292,066608,066934,052211,-95557,049416
0000000299,0000248333,063159,061244,066682,066934,074532,-89528,021066
0000000300,0000249167,063157,061179,066748,066934,089638,-74768,-08800
0000000301,0000250000,063178,061106,066799,066934,096058,-52716,-37273
0000000302,0000250833,063221,061032,066832,066934,093120,-25505,-61546
0000000303,0000251667,063280,060962,066841,066934,081155,004177,-79262
0000000304,0000252500,063351,060905,066828,066934,061329,033437,-88697
0000000305,0000253333,063426,060866,066792,066934,035554,059397,-88882
0000000306,0000254167,063498,060848,066737,066934,006382,079530,-79842
0000000307,0000255000,063560,060854,066670,066934,-23345,091875,-62460
0000000308,0000255833,063606,060883,066595,066934,-50707,095181,-38405
0000000309,0000256667,063631,060932,066521,066934,-73035,089166,-10062
0000000310,0000257500,063633,060996,066455,066934,-88155,074418,019807
0000000311,0000258333,063612,061069,066404,066934,-94546,052345,048270
0000000312,0000259167,063569,061144,066371,066934,-91623,025143,072550
0000000313,0000260000,063509,061213,066361,066934,-79671,-04540,090280
0000000314,0000260833,063439,061270,066375,066934,-59822,-33794,099686
0000000315,0000261667,063363,061309,066411,066934,-34057,-59759,099886
0000000316,0000262500,063291,061327,066466,066934,-04886,-79904,090860
0000000317,0000263333,063230,061321,066533,066934,024838,-92222,073453
0000000318,0000264167,063184,061292,066608,066934,052203,-95542,049409
0000000319,0000265000,063159,061244,066682,066934,074543,-89543,021069
0000000320,0000265833,063157,061179,066748,066934,089638,-74768,-08800
0000000321,0000266667,063178,061106,066799,066934,096043,-52707,-37266
0000000322,0000267500,063221,061032,066832,066934,093134,-25509,-61556
0000000323,0000268333,063280,060962,066841,066934,081155,004177,-79262
0000000324,0000269167,063351,060905,066828,066934,061319,033432,-88682
0000000325,0000270000,063426,060866,066792,066934,035560,059406,-88896
0000000326,0000270833,063498,060848,066737,066934,006382,079530,-79842
0000000327,0000271667,063560,060854,066670,066934,-23341,091860,-62449
0000000328,0000272500,063606,060883,066595,066934,-50715,095196,-38411
0000000329,0000273333,063631,060932,066521,066934,-73035,089167,-10062
0000000330,0000274167,063633,060996,066455,066934,-88141,074406,019804
0000000331,0000275000,063612,061069,066404,066934,-94561,052354,048277
0000000332,0000275833,063569,061144,066371,066934,-91623,025143,072550
0000000333,0000276667,063509,061213,066362,066934,-79658,-04539,090267
0000000334,0000277500,063439,061270,066375,066934,-59832,-33799,099701
0000000335,0000278333,063363,061309,066411,066934,-34057,-59759,099886
0000000336,0000279167,063291,061327,066466,066934,-04885,-79892,090847
0000000337,0000280000,063230,061321,066533,066934,024842,-92236,073464
0000000338,0000280833,063184,061292,066608,066934,052203,-95542,049409
0000000339,0000281667,063159,061244,066682,066934,074532,-89528,021066
0000000340,0000282500,063157,061179,066748,066934,089652,-74780,-08802
0000000341,0000283333,063178,061106,066799,066934,096043,-52707,-37266
0000000342,0000284167,063221,061032,066832,066934,093120,-25504,-61546
0000000343,0000285000,063280,060962,066842,066934,081167,004178,-79276
0000000344,0000285833,063351,060905,066828,066934,061319,033432,-88682
0000000345,0000286667,063426,060866,066792,066934,035554,059397,-88882
0000000346,0000287500,063498,060848,066737,066934,006383,079542,-79856
0000000347,0000288333,063560,060854,066670,066934,-23341,091860,-62449
0000000348,0000289167,063606,060883,066595,066934,-50707,095181,-38404
0000000349,0000290000,063631,060932,066521,066934,-73047,089181,-10064
0000000350,0000290833,063633,060996,066455,066934,-88141,074407,019804
0000000351,0000291667,063612,061069,066404,066934,-94546,052345,048270
0000000352,0000292500,063569,061144,066371,066934,-91638,025147,072561
0000000353,0000293333,063509,061213,066362,066934,-79658,-04539,090267
0000000354,0000294167,063439,061270,066375,066934,-59822,-33794,099686
0000000355,0000295000,063363,061309,066411,066934,-34063,-59768,099900
0000000356,0000295833,063291,061327,066466,066934,-04886,-79892,090847
0000000357,0000296667,063230,061321,066533,066934,024838,-92222,073453
0000000358,0000297500,063184,061292,066608,066934,052211,-95557,049416
0000000359,0000298333,063159,061244,066682,066934,074532,-89528,021066
0000000360,0000299167,063157,061179,066748,066934,089638,-74768,-08800
0000000361,0000300000,063178,061106,066799,066934,096058,-52716,-37273
0000000362,0000300833,063221,061032,066832,066934,093120,-25505,-61546
0000000363,0000301667,063280,060962,066841,066934,081155,004177,-79262
0000000364,0000302500,063351,060905,066828,066934,061329,033437,-88697
0000000365,0000303333,063426,060866,066792,066934,035554,059397,-88882
0000000366,0000304167,063498,060848,066737,066934,006382,079530,-79842
0000000367,0000305000,063560,060854,066670,066934,-23345,091875,-62460
0000000368,0000305833,063606,060883,066595,066934,-50707,095181,-38405
0000000369,0000306667,063631,060932,066521,066934,-73035,089166,-10062
0000000370,0000307500,063633,060996,066455,066934,-88155,074418,019807
0000000371,0000308333,063612,061069,066404,066934,-94546,052345,048270
0000000372,0000309167,063569,061144,066371,066934,-91623,025143,072550
0000000373,0000310000,063509,061213,066361,066934,-79671,-04540,090280
0000000374,0000310833,063439,061270,066375,066934,-59822,-33794,099686
0000000375,0000311667,063363,061309,066411,066934,-34057,-59759,099886
0000000376,0000312500,063291,061327,066466,066934,-04886,-79904,090860
0000000377,0000313333,063230,061321,066533,066934,024838,-92222,073453
0000000378,0000314167,063184,061292,066608,066934,052203,-95542,049409
0000000379,0000315000,063159,061244,066682,066934,074543,-89543,021069
0000000380,0000315833,063157,061179,066748,066934,089638,-74768,-08800
0000000381,0000316667,063178,061106,066799,066934,096043,-52707,-37266
0000000382,0000317500,063221,061032,066832,066934,093134,-25509,-61556
0000000383,0000318333,063280,060962,066841,066934,081155,004177,-79262
0000000384,0000319167,063351,060905,066828,066934,061319,033432,-88682
0000000385,0000320000,063426,060866,066792,066934,035560,059406,-88896
0000000386,0000320833,063498,060848,066737,066934,006382,079530,-79842
0000000387,0000321667,063560,060854,066670,066934,-23341,091860,-62449
0000000388,0000322500,063606,060883,066595,066934,-50715,095196,-38411
0000000389,0000323333,063631,060932,066521,066934,-73035,089167,-10062
0000000390,0000324167,063633,060996,066455,066934,-88141,074406,019804
0000000391,0000325000,063612,061069,066404,066934,-94561,052354,048277
0000000392,0000325833,063569,061144,066371,066934,-91623,025143,072550
0000000393,0000326667,063509,061213,066362,066934,-79658,-04539,090267
0000000394,0000327500,063439,061270,066375,066934,-59832,-33799,099701
0000000395,0000328333,063363,061309,066411,066934,-34057,-59759,099886
0000000396,0000329167,063291,061327,066466,066934,-04885,-79892,090847
0000000397,0000330000,063230,061321,066533,066934,024842,-92236,073464
0000000398,0000330833,063184,061292,066608,066934,052203,-95542,049409
0000000399,0000331667,063159,061244,066682,066934,074532,-89528,021066
0000000400,0000332500,063157,061179,066748,066934,089652,-74780,-08802
0000000401,0000333333,063178,061106,066799,066934,096043,-52707,-37266
0000000402,0000334167,063221,061032,066832,066934,093120,-25504,-61546
0000000403,0000335000,063280,060962,066842,066934,081167,004178,-79276
0000000404,0000335833,063351,060905,066828,066934,061319,033432,-88682
0000000405,0000336667,063426,060866,066792,066934,035554,059397,-88882
0000000406,0000337500,063498,060848,066737,066934,006383,079542,-79856
0000000407,0000338333,063560,060854,066670,066934,-23341,091860,-62449
0000000408,0000339167,063606,060883,066595,066934,-50707,095181,-38404
0000000409,0000340000,063631,060932,066521,066934,-73047,089181,-10064
0000000410,0000340833,063633,060996,066455,066934,-88141,074407,019804
0000000411,0000341667,063612,061069,066404,066934,-94546,052345,048270
0000000412,0000342500,063569,061144,066371,066934,-91638,025147,072561
0000000413,0000343333,063509,061213,066362,066934,-79658,-04539,090267
0000000414,0000344167,063439,061270,066375,066934,-59822,-33794,099686
0000000415,0000345000,063363,061309,066411,066934,-34063,-59768,099901
0000000416,0000345833,063291,061327,066466,066934,-04886,-79892,090847
0000000417,0000346667,063230,061321,066533,066934,024838,-92222,073453
0000000418,0000347500,063184,061292,066608,066934,052211,-95557,049416
0000000419,0000348333,063159,061244,066682,066934,074532,-89528,021066
0000000420,0000349167,063157,061179,066748,066934,089638,-74768,-08800
0000000421,0000350000,063178,061106,066799,066934,096058,-52716,-37273
0000000422,0000350833,063221,061032,066832,066934,093120,-25505,-61546
0000000423,0000351667,063280,060962,066841,066934,081155,004177,-79262
0000000424,0000352500,063351,060905,066828,066934,061329,033437,-88697
0000000425,0000353333,063426,060866,066792,066934,035554,059397,-88882
0000000426,0000354167,063498,060848,066737,066934,006382,079530,-79842
0000000427,0000355000,063560,060854,066670,066934,-23345,091874,-62460
0000000428,0000355833,063606,060883,066595,066934,-50707,095181,-38405
0000000429,0000356667,063631,060932,066521,066934,-73035,089166,-10062
0000000430,0000357500,063633,060996,066455,066934,-88155,074418,019807
0000000431,0000358333,063612,061069,066404,066934,-94546,052345,048270
0000000432,0000359167,063569,061144,066371,066934,-91623,025143,072550
0000000433,0000360000,063509,061213,066361,066934,-79671,-04540,090280
0000000434,0000360833,063439,061270,066375,066934,-59822,-33794,099686
0000000435,0000361667,063363,061309,066411,066934,-34057,-59759,099886
0000000436,0000362500,063291,061327,066466,066934,-04886,-79904,090860
0000000437,0000363333,063230,061321,066533,066934,024838,-92222,073453
0000000438,0000364167,063184,061292,066608,066934,052203,-95542,049409
0000000439,0000365000,063159,061244,066682,066934,074543,-89543,021069
0000000440,0000365833,063157,061179,066748,066934,089638,-74768,-08800
0000000441,0000366667,063178,061106,066799,066934,096043,-52707,-37266
0000000442,0000367500,063221,061032,066832,066934,093134,-25509,-61556
0000000443,0000368333,063280,060962,066841,066934,081155,004177,-79262
0000000444,0000369167,063351,060905,066828,066934,061319,033432,-88682
0000000445,0000370000,063426,060866,066792,066934,035560,059406,-88896
0000000446,0000370833,063498,060848,066737,066934,006382,079530,-79842
0000000447,0000371667,063560,060854,066670,066934,-23341,091860,-62449
0000000448,0000372500,063606,060883,066595,066934,-50715,095196,-38411
0000000449,0000373333,063631,060932,066521,066934,-73035,089167,-10062
0000000450,0000374167,063633,060996,066455,066934,-88141,074406,019804
0000000451,0000375000,063612,061069,066404,066934,-94561,052354,048277
0000000452,0000375833,063569,061144,066371,066934,-91623,025143,072550
0000000453,0000376667,063509,061213,066362,066934,-79658,-04539,090267
0000000454,0000377500,063439,061270,066375,066934,-59832,-33799,099701
0000000455,0000378333,063363,061309,066411,066934,-34057,-59759,099886
0000000456,0000379167,063291,061327,066466,066934,-04885,-79892,090847
0000000457,0000380000,063230,061321,066533,066934,024842,-92236,073464
0000000458,0000380833,063184,061292,066608,066934,052203,-95542,049409
0000000459,0000381667,063159,061244,066682,066934,074532,-89528,021066
0000000460,0000382500,063157,061179,066748,066934,089652,-74780,-08802
0000000461,0000383333,063178,061106,066799,066934,096043,-52707,-37266
0000000462,0000384167,063221,061032,066832,066934,093120,-25504,-61546
0000000463,0000385000,063280,060962,066842,066934,081167,004178,-79276
0000000464,0000385833,063351,060905,066828,066934,061319,033432,-88682
0000000465,0000386667,063426,060866,066792,066934,035554,059397,-88882
0000000466,0000387500,063498,060848,066737,066934,006383,079542,-79856
0000000467,0000388333,063560,060854,066670,066934,-23341,091860,-62449
0000000468,0000389167,063606,060883,066595,066934,-50707,095181,-38404
0000000469,0000390000,063631,060932,066521,066934,-73047,089181,-10064
0000000470,0000390833,063633,060996,066455,066934,-88141,074407,019804
0000000471,0000391667,063612,061069,066404,066934,-94546,052345,048270
0000000472,0000392500,063569,061144,066371,066934,-91638,025147,072561
0000000473,0000393333,063509,061213,066362,066934,-79658,-04539,090267
0000000474,0000394167,063439,061270,066375,066934,-59822,-33794,099686
0000000475,0000395000,063363,061309,066411,066934,-34063,-59768,099901
0000000476,0000395833,063291,061327,066466,066934,-04886,-79892,090847
0000000477,0000396667,063230,061321,066533,066934,024838,-92222,073453
0000000478,0000397500,063184,061292,066608,066934,052211,-95557,049416
0000000479,0000398333,063159,061244,066682,066934,074532,-89528,021066
0000000480,0000399167,063157,061179,066748,066934,089638,-74768,-08800
0000000481,0000400000,063178,061106,066799,066934,096058,-52716,-37273
0000000482,0000400833,063221,061032,066832,066934,093120,-25505,-61546
0000000483,0000401667,063280,060962,066841,066934,081155,004177,-79262
0000000484,0000402500,063351,060905,066828,066934,061329,033437,-88697
0000000485,0000403333,063426,060866,066792,066934,035554,059397,-88882
0000000486,0000404167,063498,060848,066737,066934,006382,079530,-79842
0000000487,0000405000,063560,060854,066670,066934,-23345,091874,-62460
0000000488,0000405833,063606,060883,066595,066934,-50707,095181,-38405
0000000489,0000406667,063631,060932,066521,066934,-73035,089166,-10062
0000000490,0000407500,063633,060996,066455,066934,-88155,074418,019807
0000000491,0000408333,063612,061069,066404,066934,-94546,052345,048270
0000000492,0000409167,063569,061144,066371,066934,-91623,025143,072550
0000000493,0000410000,063509,061213,066361,066934,-79671,-04540,090280
0000000494,0000410833,063439,061270,066375,066934,-59822,-33794,099686
0000000495,0000411667,063363,061309,066411,066934,-34057,-59759,099886
0000000496,0000412500,063291,061327,066466,066934,-04886,-79904,090860
0000000497,0000413333,063230,061321,066533,066934,024838,-92222,073453
0000000498,0000414167,063184,061292,066608,066934,052203,-95542,049409
0000000499,0000415000,063159,061244,066682,066934,074543,-89543,021069
0000000500,0000415833,063157,061179,066748,066934,089638,-74768,-08800
0000000501,0000416667,063178,061106,066799,066934,096043,-52707,-37266
0000000502,0000417500,063221,061032,066832,066934,093134,-25509,-61556
0000000503,0000418333,063280,060962,066841,066934,081155,004177,-79262
0000000504,0000419167,063351,060905,066828,066934,061319,033432,-88682
0000000505,0000420000,063426,060866,066792,066934,035560,059406,-88896
0000000506,0000420833,063498,060848,066737,066934,006382,079530,-79842
0000000507,0000421667,063560,060854,066670,066934,-23341,091860,-62449
0000000508,0000422500,063606,060883,066595,066934,-50715,095196,-38411
0000000509,0000423333,063631,060932,066521,066934,-73035,089167,-10062
0000000510,0000424167,063633,060996,066455,066934,-88141,074406,019804
0000000511,0000425000,063612,061069,066404,066934,-94561,052354,048277
0000000512,0000425833,063569,061144,066371,066934,-91623,025143,072550
0000000513,0000426667,063509,061213,066362,066934,-79658,-04539,090267
0000000514,0000427500,063439,061270,066375,066934,-59832,-33799,099701
0000000515,0000428333,063363,061309,066411,066934,-34057,-59759,099886
0000000516,0000429167,063291,061327,066466,066934,-04885,-79892,090847
0000000517,0000430000,063230,061321,066533,066934,024842,-92236,073464
0000000518,0000430833,063184,061292,066608,066934,052203,-95542,049409
0000000519,0000431667,063159,061244,066682,066934,074532,-89528,021066
0000000520,0000432500,063157,061179,066748,066934,089652,-74780,-08802
0000000521,0000433333,063178,061106,066799,066934,096043,-52707,-37266
0000000522,0000434167,063221,061032,066832,066934,093120,-25504,-61546
0000000523,0000435000,063280,060962,066842,066934,081167,004178,-79276
0000000524,0000435833,063351,060905,066828,066934,061319,033432,-88682
0000000525,0000436667,063426,060866,066792,066934,035554,059397,-88882
0000000526,0000437500,063498,060848,066737,066934,006383,079542,-79856
0000000527,0000438333,063560,060854,066670,066934,-23341,091860,-62449
0000000528,0000439167,063606,060883,066595,066934,-50707,095181,-38404
0000000529,0000440000,063631,060932,066521,066934,-73047,089181,-10064
0000000530,0000440833,063633,060996,066455,066934,-88141,074407,019804
0000000531,0000441667,063612,061069,066404,066934,-94546,052345,048270
0000000532,0000442500,063569,061144,066371,066934,-91638,025147,072561
0000000533,0000443333,063509,061213,066362,066934,-79658,-04539,090267
0000000534,0000444167,063439,061270,066375,066934,-59822,-33794,099686
0000000535,0000445000,063363,061309,066411,066934,-34063,-59768,099901
0000000536,0000445833,063291,061327,066466,066934,-04886,-79892,090847
0000000537,0000446667,063230,061321,066533,066934,024838,-92222,073453
0000000538,0000447500,063184,061292,066608,066934,052211,-95557,049416
0000000539,0000448333,063159,061244,066682,066934,074532,-89528,021066
0000000540,0000449167,063157,061179,066748,066934,089638,-74768,-08800
0000000541,0000450000,063178,061106,066799,066934,096058,-52716,-37273
0000000542,0000450833,063221,061032,066832,066934,093120,-25505,-61546
0000000543,0000451667,063280,060962,066841,066934,081155,004177,-79262
0000000544,0000452500,063351,060905,066828,066934,061329,033437,-88697
0000000545,0000453333,063426,060866,066792,066934,035554,059397,-88882
0000000546,0000454167,063498,060848,066737,066934,006382,079530,-79842
0000000547,0000455000,063560,060854,066670,066934,-23345,091874,-62460
0000000548,0000455833,063606,060883,066595,066934,-50707,095181,-38405
0000000549,0000456667,063631,060932,066521,066934,-73035,089166,-10062
0000000550,0000457500,063633,060996,066455,066934,-88155,074418,019807
0000000551,0000458333,063612,061069,066404,066934,-94546,052345,048270
0000000552,0000459167,063569,061144,066371,066934,-91623,025143,072550
0000000553,0000460000,063509,061213,066361,066934,-79671,-04540,090280
0000000554,0000460833,063439,061270,066375,066934,-59822,-33794,099686
0000000555,0000461667,063363,061309,066411,066934,-34057,-59759,099886
0000000556,0000462500,063291,061327,066466,066934,-04886,-79904,090860
0000000557,0000463333,063230,061321,066533,066934,024838,-92222,073453
0000000558,0000464167,063184,061292,066608,066934,052203,-95542,049409
0000000559,0000465000,063159,061244,066682,066934,074543,-89543,021069
0000000560,0000465833,063157,061179,066748,066934,089638,-74768,-08800
0000000561,0000466667,063178,061106,066799,066934,096043,-52707,-37266
0000000562,0000467500,063221,061032,066832,066934,093134,-25509,-61556
0000000563,0000468333,063280,060962,066841,066934,081155,004177,-79262
0000000564,0000469167,063351,060905,066828,066934,061319,033432,-88682
0000000565,0000470000,063426,060866,066792,066934,035560,059406,-88896
0000000566,0000470833,063498,060848,066737,066934,006382,079530,-79842
0000000567,0000471667,063560,060854,066670,066934,-23341,091860,-62449
0000000568,0000472500,063606,060883,066595,066934,-50715,095196,-38411
0000000569,0000473333,063631,060932,066521,066934,-73035,089167,-10062
0000000570,0000474167,063633,060996,066455,066934,-88141,074406,019804
0000000571,0000475000,063612,061069,066404,066934,-94561,052354,048277
0000000572,0000475833,063569,061144,066371,066934,-91623,025143,072550
0000000573,0000476667,063509,061213,066362,066934,-79658,-04539,090267
0000000574,0000477500,063439,061270,066375,066934,-59832,-33799,099701
0000000575,0000478333,063363,061309,066411,066934,-34057,-59759,099886
0000000576,0000479167,063291,061327,066466,066934,-04885,-79892,090847
0000000577,0000480000,063230,061321,066533,066934,024842,-92236,073464
0000000578,0000480833,063184,061292,066608,066934,052203,-95542,049409
0000000579,0000481667,063159,061244,066682,066934,074532,-89528,021066
0000000580,0000482500,063157,061179,066748,066934,089652,-74780,-08802
0000000581,0000483333,063178,061106,066799,066934,096043,-52707,-37266
0000000582,0000484167,063221,061032,066832,066934,093120,-25504,-61546
0000000583,0000485000,063280,060962,066842,066934,081167,004178,-79276
0000000584,0000485833,063351,060905,066828,066934,061319,033432,-88682
0000000585,0000486667,063426,060866,066792,066934,035554,059397,-88881
0000000586,0000487500,063498,060848,066737,066934,006383,079542,-79856
0000000587,0000488333,063560,060854,066670,066934,-23341,091860,-62449
0000000588,0000489167,063606,060883,066595,066934,-50707,095181,-38404
0000000589,0000490000,063631,060932,066521,066934,-73047,089181,-10064
0000000590,0000490833,063633,060996,066455,066934,-88141,074407,019804
0000000591,0000491667,063612,061069,066404,066934,-94546,052345,048270
0000000592,0000492500,063569,061144,066371,066934,-91638,025147,072561
0000000593,0000493333,063509,061213,066362,066934,-79658,-04539,090267
0000000594,0000494167,063439,061270,066375,066934,-59822,-33794,099686
0000000595,0000495000,063363,061309,066411,066934,-34063,-59768,099901
0000000596,0000495833,063291,061327,066466,066934,-04886,-79892,090847
0000000597,0000496667,063230,061321,066533,066934,024838,-92222,073453
0000000598,0000497500,063184,061292,066608,066934,052211,-95557,049416
0000000599,0000498333,063159,061244,066682,066934,074532,-89528,021066
0000000600,0000499167,063157,061179,066748,066934,089638,-74768,-08800
0000000601,0000500000,063178,061106,066799,066934,096058,-52716,-37273
0000000602,0000500833,077239,055310,058535,066934,025168,-07022,-12076
0000000603,0000501667,084476,056163,050445,066934,036425,-04110,-26245
0000000604,0000502500,089480,059923,041681,066934,058120,-05052,-46999
0000000605,0000503333,090165,066598,034321,066934,033561,018937,-46429
0000000606,0000504167,086075,075332,029677,066934,025340,031586,-50857
0000000607,0000505000,080064,083659,027361,066934,022877,038204,-55012
0000000608,0000505833,071715,091136,028233,066934,-03357,053897,-44471
0000000609,0000506667,061509,097044,032530,066934,-18554,059009,-34385
0000000610,0000507500,051727,099998,039359,066934,-27357,056617,-23191
0000000611,0000508333,042763,099934,048387,066934,-45092,055551,-04390
0000000612,0000509167,035279,096897,058908,066934,-52737,046217,012589
0000000613,0000510000,030699,090754,069631,066934,-52688,031386,027371
0000000614,0000510833,029161,082234,079688,066934,-53713,017170,042612
0000000615,0000511667,030693,072199,088192,066934,-46453,-00226,052749
0000000616,0000512500,035519,061393,094172,066934,-33207,-18161,057438
0000000617,0000513333,042996,050948,097140,066934,-20062,-32321,058453
0000000618,0000514167,052324,041900,096860,066934,-03322,-44108,053500
0000000619,0000515000,062790,035002,093291,066934,014620,-51921,043370
0000000620,0000515833,073275,030974,086836,066934,029377,-53577,030270
0000000621,0000516667,082710,030216,078158,066934,042186,-50412,014294
0000000622,0000517500,090282,032726,068077,066934,051424,-42512,-02842
0000000623,0000518333,095192,038282,057611,066934,054716,-29859,-18788
0000000624,0000519167,096936,046339,047809,066934,053185,-14502,-32614
0000000625,0000520000,095405,056065,039614,066934,046790,002170,-42890
0000000626,0000520833,090718,066514,033852,066934,035350,018951,-48231
0000000627,0000521667,083321,076660,031103,066934,020772,033751,-48453
0000000628,0000522500,073974,085486,031624,066934,004376,045194,-43501
0000000629,0000523333,063576,092127,035381,066934,-12658,052380,-33652
0000000630,0000524167,053139,095927,042018,066934,-28243,054368,-20056
0000000631,0000525000,043700,096507,050878,066934,-40918,051017,-04029
0000000632,0000525833,036177,093800,061106,066934,-49667,042765,012971
0000000633,0000526667,031306,088069,071710,066934,-53409,030299,029180
0000000634,0000527500,029564,079867,081653,066934,-51821,014863,043027
0000000635,0000528333,031125,069991,089969,066934,-45171,-01971,053212
0000000636,0000529167,035835,059402,095848,066934,-33994,-18622,058685
0000000637,0000530000,043232,049128,098724,066934,-19403,-33455,058927
0000000638,0000530833,052596,040172,098316,066934,-02887,-44982,053939
0000000639,0000531667,063008,033409,094667,066934,013999,-52108,044178
0000000640,0000532500,073452,029486,088146,066934,029601,-54145,030613
0000000641,0000533333,082905,028791,079388,066934,042354,-50865,014581
0000000642,0000534167,090438,031389,069257,066934,051038,-42606,-02363
0000000643,0000535000,095323,037012,058749,066934,054815,-30188,-18558
0000000644,0000535833,097075,045114,048895,066934,053283,-14804,-32409
0000000645,0000536667,095520,054896,040667,066934,046608,002024,-42563
0000000646,0000537500,090821,065395,034868,066934,035456,018649,-48035
0000000647,0000538333,083429,075582,032073,066934,020896,033450,-48276
0000000648,0000539167,074070,084453,032561,066934,004366,044966,-43263
0000000649,0000540000,063663,091142,036279,066934,-12513,052083,-33500
0000000650,0000540833,053224,094986,042874,066934,-28098,054096,-19928
0000000651,0000541667,043776,095605,051702,066934,-40854,050805,-03882
0000000652,0000542500,036242,092943,061899,066934,-49543,042544,013068
0000000653,0000543333,031361,087250,072473,066934,-53309,030113,029266
0000000654,0000544167,029614,079081,082388,066934,-51780,014728,043122
0000000655,0000545000,031164,069237,090682,066934,-45119,-02102,053290
0000000656,0000545833,035867,058676,096541,066934,-33967,-18733,058769
0000000657,0000546667,043263,048429,099392,066934,-19415,-33535,059019
0000000658,0000547500,052622,039495,098966,066934,-02892,-45068,054030
0000000659,0000548333,063034,032750,095300,066934,013988,-52195,044277
0000000660,0000549167,073477,028852,088755,066934,029572,-54217,030715
0000000661,0000550000,082930,028175,079979,066934,042339,-50948,014678
0000000662,0000550833,090467,030789,069829,066934,051033,-42694,-02269
0000000663,0000551667,095347,036435,059302,066934,054798,-30265,-18464
0000000664,0000552500,097101,044554,049429,066934,053279,-14885,-32324
0000000665,0000553333,095549,054354,041181,066934,046611,001945,-42487
0000000666,0000554167,090845,064871,035369,066934,035449,018574,-47954
0000000667,0000555000,083455,075074,032556,066934,020894,033376,-48201
0000000668,0000555833,074097,083963,033025,066934,004365,044898,-43194
0000000669,0000556667,063689,090663,036732,066934,-12516,052009,-33423
0000000670,0000557500,053250,094524,043309,066934,-28099,054024,-19855
0000000671,0000558333,043802,095161,052121,066934,-40857,050737,-03811
0000000672,0000559167,036271,092509,062303,066934,-49536,042469,013137
0000000673,0000560000,031389,086833,072862,066934,-53301,030040,029331
0000000674,0000560833,029639,078681,082764,066934,-51774,014659,043184
0000000675,0000561667,031193,068850,091040,066934,-45102,-02168,053340
0000000676,0000562500,035892,058304,096888,066934,-33951,-18794,058815
0000000677,0000563333,043283,048070,099730,066934,-19402,-33593,059064
0000000678,0000564167,052642,039153,099289,066934,-02880,-45112,054061
0000000679,0000565000,063051,032418,095616,066934,013996,-52235,044309
0000000680,0000565833,073491,028528,089064,066934,029577,-54256,030749
0000000681,0000566667,082941,027866,080278,066934,042333,-50975,014711
0000000682,0000567500,090478,030486,070121,066934,051024,-42723,-02232
0000000683,0000568333,095360,036138,059585,066934,054792,-30298,-18424
0000000684,0000569167,097109,044268,049707,066934,053263,-14918,-32276
0000000685,0000570000,095561,054073,041449,066934,046601,001908,-42439
0000000686,0000570833,090861,064598,035625,066934,035445,018534,-47910
0000000687,0000571667,083469,074808,032808,066934,020890,033330,-48151
0000000688,0000572500,074113,083706,033265,066934,004367,044852,-43150
0000000689,0000573333,063706,090417,036961,066934,-12511,051968,-33387
0000000690,0000574167,053268,094283,043533,066934,-28088,053976,-19819
0000000691,0000575000,043819,094931,052335,066934,-40845,050695,-03781
0000000692,0000575833,036285,092290,062509,066934,-49529,042435,013164
0000000693,0000576667,031406,086618,073060,066934,-53286,030004,029351
0000000694,0000577500,029652,078476,082956,066934,-51762,014628,043204
0000000695,0000578333,031202,068653,091229,066934,-45096,-02196,053362
0000000696,0000579167,035904,058113,097067,066934,-33941,-18817,058827
0000000697,0000580000,043292,047886,099906,066934,-19395,-33614,059079
0000000698,0000580833,052648,038972,099463,066934,-02876,-45135,054080
0000000699,0000581667,063056,032247,095781,066934,013998,-52249,044320
0000000700,0000582500,073496,028361,089227,066934,029577,-54271,030764
0000000701,0000583333,082946,027700,080438,066934,042334,-50993,014728
0000000702,0000584167,090479,030329,070276,066934,051017,-42733,-02214
0000000703,0000585000,095363,035983,059738,066934,054786,-30311,-18405
0000000704,0000585833,097116,044115,049854,066934,053261,-14933,-32259
0000000705,0000586667,095563,053926,041595,066934,046591,001892,-42413
0000000706,0000587500,090866,064453,035765,066934,035439,018517,-47886
0000000707,0000588333,083476,074667,032940,066934,020887,033313,-48131
0000000708,0000589167,074119,083566,033398,066934,004364,044828,-43123
0000000709,0000590000,063714,090284,037087,066934,-12512,051945,-33364
0000000710,0000590833,053276,094156,043652,066934,-28089,053959,-19800
0000000711,0000591667,043829,094803,052452,066934,-40838,050669,-03761
0000000712,0000592500,036294,092169,062621,066934,-49523,042413,013180
0000000713,0000593333,031412,086505,073168,066934,-53284,029986,029367
0000000714,0000594167,029662,078363,083058,066934,-51751,014609,043212
0000000715,0000595000,031209,068547,091329,066934,-45089,-02212,053370
0000000716,0000595833,035907,058011,097166,066934,-33937,-18832,058839
0000000717,0000596667,043298,047788,099998,066934,-19389,-33622,059080
0000000718,0000597500,052652,038878,099555,066934,-02873,-45143,054085
0000000719,0000598333,063058,032153,095873,066934,014000,-52259,044329
0000000720,0000599167,073496,028274,089314,066934,029574,-54272,030768
0000000721,0000600000,082946,027612,080525,066934,042331,-50997,014735
0000000722,0000600833,090475,030252,070357,066934,051006,-42726,-02210
0000000723,0000601667,096593,037193,066601,076238,061217,-23794,007926
0000000724,0000602500,099998,046961,066601,089411,060973,-07161,009461
0000000725,0000603333,099614,057932,066601,099998,054141,009486,010601
0000000726,0000604167,095054,061088,066601,098593,031226,004246,005828
0000000727,0000605000,086745,061088,066601,090285,015815,001316,003544
0000000728,0000605833,075968,061088,066601,079507,-00883,-00359,000993
0000000729,0000606667,063395,061088,066601,066934,-16830,-03474,-01563
0000000730,0000607500,063395,061088,066601,066934,-03534,-00116,001786
0000000731,0000608333,063395,061088,066601,066934,-04100,-00048,001855
0000000732,0000609167,063395,061088,066601,066934,-04293,-00657,001246
0000000733,0000610000,063395,061088,066601,066934,-04146,-00229,001673
0000000734,0000610833,063395,061088,066601,066934,-04030,-00091,001812
0000000735,0000611667,063395,061088,066601,066934,-04219,-00376,001526
0000000736,0000612500,063395,061088,066601,066934,-04415,-00277,001626
0000000737,0000613333,063395,061088,066601,066934,-04006,-00155,001748
0000000738,0000614167,063395,061088,066601,066934,-04215,-00166,001737
0000000739,0000615000,063395,061088,066601,066934,-04228,-00336,001567
0000000740,0000615833,063395,061088,066601,066934,-04095,-00167,001736
0000000741,0000616667,063395,061088,066601,066934,-04068,-00166,001737
0000000742,0000617500,063395,061088,066601,066934,-04141,-00268,001634
0000000743,0000618333,063395,061088,066601,066934,-04134,-00189,001714
0000000744,0000619167,063395,061088,066601,066934,-04037,-00174,001729
0000000745,0000620000,063395,061088,066601,066934,-04151,-00184,001719
0000000746,0000620833,063395,061088,066601,066934,-04124,-00211,001692
0000000747,0000621667,063395,061088,066601,066934,-04095,-00159,001743
0000000748,0000622500,063395,061088,066601,066934,-04115,-00174,001729
0000000749,0000623333,063395,061088,066601,066934,-04125,-00208,001695
0000000750,0000624167,063395,061088,066601,066934,-04109,-00175,001728
0000000751,0000625000,063395,061088,066601,066934,-04091,-00185,001718
0000000752,0000625833,063395,061088,066601,066934,-04127,-00198,001705
0000000753,0000626667,063395,061088,066601,066934,-04107,-00197,001706
0000000754,0000627500,063395,061088,066601,066934,-04107,-00183,001719
0000000755,0000628333,063395,061088,066601,066934,-04119,-00194,001708
0000000756,0000629167,063395,061088,066601,066934,-04120,-00200,001702
0000000757,0000630000,063395,061088,066601,066934,-04117,-00186,001716
0000000758,0000630833,063395,061088,066601,066934,-04114,-00194,001709
0000000759,0000631667,063395,061088,066601,066934,-04126,-00198,001705
0000000760,0000632500,063395,061088,066601,066934,-04115,-00194,001709
0000000761,0000633333,063395,061088,066601,066934,-04116,-00192,001710
0000000762,0000634167,063395,061088,066601,066934,-04120,-00197,001706
0000000763,0000635000,063395,061088,066601,066934,-04117,-00197,001706
0000000764,0000635833,063395,061088,066601,066934,-04116,-00193,001710
0000000765,0000636667,063395,061088,066601,066934,-04117,-00195,001708
0000000766,0000637500,063395,061088,066601,066934,-04120,-00196,001707
0000000767,0000638333,063395,061088,066601,066934,-04116,-00193,001709
0000000768,0000639167,063395,061088,066601,066934,-04117,-00193,001709
0000000769,0000640000,063395,061088,066601,066934,-04118,-00195,001708
0000000770,0000640833,063395,061088,066601,066934,-04117,-00194,001709
0000000771,0000641667,063395,061088,066601,066934,-04117,-00193,001710
0000000772,0000642500,063395,061088,066601,066934,-04117,-00194,001708
0000000773,0000643333,063395,061088,066601,066934,-04117,-00194,001709
0000000774,0000644167,063395,061088,066601,066934,-04116,-00194,001709
0000000775,0000645000,063395,061088,066601,066934,-04117,-00194,001709
0000000776,0000645833,063395,061088,066601,066934,-04117,-00194,001709
0000000777,0000646667,063395,061088,066601,066934,-04117,-00194,001709
0000000778,0000647500,063395,061088,066601,066934,-04117,-00194,001709
0000000779,0000648333,063395,061088,066601,066934,-04117,-00194,001709
0000000780,0000649167,063395,061088,066601,066934,-04117,-00194,001709
0000000781,0000650000,063395,061088,066601,066934,-04117,-00194,001709
0000000782,0000650833,063395,061088,066601,066934,-04117,-00194,001709
0000000783,0000651667,063395,061088,066601,066934,-04117,-00194,001709
0000000784,0000652500,063395,061088,066601,066934,-04117,-00194,001709
0000000785,0000653333,063395,061088,066601,066934,-04117,-00194,001709
0000000786,0000654167,063395,061088,066601,066934,-04117,-00194,001709
0000000787,0000655000,063395,061088,066601,066934,-04117,-00194,001709
0000000788,0000655833,063395,061088,066601,066934,-04117,-00194,001709
0000000789,0000656667,063395,061088,066601,066934,-04117,-00194,001709
0000000790,0000657500,063395,061088,066601,066934,-04117,-00194,001709
0000000791,0000658333,063395,061088,066601,066934,-04117,-00194,001709
0000000792,0000659167,063395,061088,066601,066934,-04117,-00194,001709
0000000793,0000660000,063395,061088,066601,066934,-04117,-00194,001709
0000000794,0000660833,063395,061088,066601,066934,-04117,-00194,001709
0000000795,0000661667,063395,061088,066601,066934,-04117,-00194,001709
0000000796,0000662500,063395,061088,066601,066934,-04117,-00194,001709
0000000797,0000663333,063395,061088,066601,066934,-04117,-00194,001709
0000000798,0000664167,063395,061088,066601,066934,-04117,-00194,001709
0000000799,0000665000,063395,061088,066601,066934,-04117,-00194,001709
0000000800,0000665833,063395,061088,066601,066934,-04117,-00194,001709
0000000801,0000666667,063395,061088,066601,066934,-04117,-00194,001709
0000000802,0000667500,063395,061088,066601,066934,-04117,-00194,001709
0000000803,0000668333,063395,061088,066601,066934,-04117,-00194,001709
0000000804,0000669167,063395,061088,066601,066934,-04117,-00194,001709
0000000805,0000670000,063395,061088,066601,066934,-04117,-00194,001709
0000000806,0000670833,063395,061088,066601,066934,-04117,-00194,001709
0000000807,0000671667,063395,061088,066601,066934,-04117,-00194,001709
0000000808,0000672500,063395,061088,066601,066934,-04117,-00194,001709
0000000809,0000673333,063395,061088,066601,066934,-04117,-00194,001709
0000000810,0000674167,063395,061088,066601,066934,-04117,-00194,001709
0000000811,0000675000,063395,061088,066601,066934,-04117,-00194,001709
0000000812,0000675833,063395,061088,066601,066934,-04117,-00194,001709
0000000813,0000676667,063395,061088,066601,066934,-04117,-00194,001709
0000000814,0000677500,063395,061088,066601,066934,-04117,-00194,001709
0000000815,0000678333,063395,061088,066601,066934,-04117,-00194,001709
0000000816,0000679167,063395,061088,066601,066934,-04117,-00194,001709
0000000817,0000680000,063395,061088,066601,066934,-04117,-00194,001709
0000000818,0000680833,063395,061088,066601,066934,-04117,-00194,001709
0000000819,0000681667,063395,061088,066601,066934,-04117,-00194,001709
0000000820,0000682500,063395,061088,066601,066934,-04117,-00194,001709
0000000821,0000683333,063395,061088,066601,066934,-04117,-00194,001709
0000000822,0000684167,063395,061088,066601,066934,-04117,-00194,001709
0000000823,0000685000,063395,061088,066601,066934,-04117,-00194,001709
0000000824,0000685833,063395,061088,066601,066934,-04117,-00194,001709
0000000825,0000686667,063395,061088,066601,066934,-04117,-00194,001709
0000000826,0000687500,063395,061088,066601,066934,-04117,-00194,001709
0000000827,0000688333,063395,061088,066601,066934,-04117,-00194,001709
0000000828,0000689167,063395,061088,066601,066934,-04117,-00194,001709
0000000829,0000690000,063395,061088,066601,066934,-04117,-00194,001709
0000000830,0000690833,063395,061088,066601,066934,-04117,-00194,001709
0000000831,0000691667,063395,061088,066601,066934,-04117,-00194,001709
0000000832,0000692500,063395,061088,066601,066934,-04117,-00194,001709
0000000833,0000693333,063395,061088,066601,066934,-04117,-00194,001709
0000000834,0000694167,063395,061088,066601,066934,-04117,-00194,001709
0000000835,0000695000,063395,061088,066601,066934,-04117,-00194,001709
0000000836,0000695833,063395,061088,066601,066934,-04117,-00194,001709
0000000837,0000696667,063395,061088,066601,066934,-04117,-00194,001709
0000000838,0000697500,063395,061088,066601,066934,-04117,-00194,001709
0000000839,0000698333,063395,061088,066601,066934,-04117,-00194,001709
0000000840,0000699167,063395,061088,066601,066934,-04117,-00194,001709
0000000841,0000700000,063395,061088,066601,066934,-04117,-00194,001709
0000000842,0000700833,063395,061088,066601,066934,-04117,-00194,001709
0000000843,0000701667,063395,061088,066601,066934,-04117,-00194,001709
0000000844,0000702500,063395,061088,066601,066934,-04117,-00194,001709
0000000845,0000703333,063395,061088,066601,066934,-04117,-00194,001709
0000000846,0000704167,063395,061088,066601,066934,-04117,-00194,001709
0000000847,0000705000,063395,061088,066601,066934,-04117,-00194,001709
0000000848,0000705833,063395,061088,066601,066934,-04117,-00194,001709
0000000849,0000706667,063395,061088,066601,066934,-04117,-00194,001709
0000000850,0000707500,063395,061088,066601,066934,-04117,-00194,001709
0000000851,0000708333,063395,061088,066601,066934,-04117,-00194,001709
0000000852,0000709167,063395,061088,066601,066934,-04117,-00194,001709
0000000853,0000710000,063395,061088,066601,066934,-04117,-00194,001709
0000000854,0000710833,063395,061088,066601,066934,-04117,-00194,001709
0000000855,0000711667,063395,061088,066601,066934,-04117,-00194,001709
0000000856,0000712500,063395,061088,066601,066934,-04117,-00194,001709
0000000857,0000713333,063395,061088,066601,066934,-04117,-00194,001709
0000000858,0000714167,063395,061088,066601,066934,-04117,-00194,001709
0000000859,0000715000,063395,061088,066601,066934,-04117,-00194,001709
0000000860,0000715833,063395,061088,066601,066934,-04117,-00194,001709
0000000861,0000716667,063395,061088,066601,066934,-04117,-00194,001709
0000000862,0000717500,063395,061088,066601,066934,-04117,-00194,001709
0000000863,0000718333,063395,061088,066601,066934,-04117,-00194,001709
0000000864,0000719167,063395,061088,066601,066934,-04117,-00194,001709
0000000865,0000720000,063395,061088,066601,066934,-04117,-00194,001709
0000000866,0000720833,063395,061088,066601,066934,-04117,-00194,001709
0000000867,0000721667,063395,061088,066601,066934,-04117,-00194,001709
0000000868,0000722500,063395,061088,066601,066934,-04117,-00194,001709
0000000869,0000723333,063395,061088,066601,066934,-04117,-00194,001709
0000000870,0000724167,063395,061088,066601,066934,-04117,-00194,001709
0000000871,0000725000,063395,061088,066601,066934,-04117,-00194,001709
0000000872,0000725833,063395,061088,066601,066934,-04117,-00194,001709
0000000873,0000726667,063395,061088,066601,066934,-04117,-00194,001709
0000000874,0000727500,063395,061088,066601,066934,-04117,-00194,001709
0000000875,0000728333,063395,061088,066601,066934,-04117,-00194,001709
0000000876,0000729167,063395,061088,066601,066934,-04117,-00194,001709
0000000877,0000730000,063395,061088,066601,066934,-04117,-00194,001709
0000000878,0000730833,063395,061088,066601,066934,-04117,-00194,001709
0000000879,0000731667,063395,061088,066601,066934,-04117,-00194,001709
0000000880,0000732500,063395,061088,066601,066934,-04117,-00194,001709
0000000881,0000733333,063395,061088,066601,066934,-04117,-00194,001709
0000000882,0000734167,063395,061088,066601,066934,-04117,-00194,001709
0000000883,0000735000,063395,061088,066601,066934,-04117,-00194,001709
0000000884,0000735833,063395,061088,066601,066934,-04117,-00194,001709
0000000885,0000736667,063395,061088,066601,066934,-04117,-00194,001709
0000000886,0000737500,063395,061088,066601,066934,-04117,-00194,001709
0000000887,0000738333,063395,061088,066601,066934,-04117,-00194,001709
0000000888,0000739167,063395,061088,066601,066934,-04117,-00194,001709
0000000889,0000740000,063395,061088,066601,066934,-04117,-00194,001709
0000000890,0000740833,063395,061088,066601,066934,-04117,-00194,001709
0000000891,0000741667,063395,061088,066601,066934,-04117,-00194,001709
0000000892,0000742500,063395,061088,066601,066934,-04117,-00194,001709
0000000893,0000743333,063395,061088,066601,066934,-04117,-00194,001709
0000000894,0000744167,063395,061088,066601,066934,-04117,-00194,001709
0000000895,0000745000,063395,061088,066601,066934,-04117,-00194,001709
0000000896,0000745833,063395,061088,066601,066934,-04117,-00194,001709
0000000897,0000746667,063395,061088,066601,066934,-04117,-00194,001709
0000000898,0000747500,063395,061088,066601,066934,-04117,-00194,001709
0000000899,0000748333,063395,061088,066601,066934,-04117,-00194,001709
0000000900,0000749167,063395,061088,066601,066934,-04117,-00194,001709
0000000901,0000750000,063395,061088,066601,066934,-04117,-00194,001709
0000000902,0000750833,063395,061088,066601,066934,-04117,-00194,001709
0000000903,0000751667,063395,061088,066601,066934,-04117,-00194,001709
0000000904,0000752500,063395,061088,066601,066934,-04117,-00194,001709
0000000905,0000753333,063395,061088,066601,066934,-04117,-00194,001709
0000000906,0000754167,063395,061088,066601,066934,-04117,-00194,001709
0000000907,0000755000,063395,061088,066601,066934,-04117,-00194,001709
0000000908,0000755833,063395,061088,066601,066934,-04117,-00194,001709
0000000909,0000756667,063395,061088,066601,066934,-04117,-00194,001709
0000000910,0000757500,063395,061088,066601,066934,-04117,-00194,001709
0000000911,0000758333,063395,061088,066601,066934,-04117,-00194,001709
0000000912,0000759167,063395,061088,066601,066934,-04117,-00194,001709
0000000913,0000760000,063395,061088,066601,066934,-04117,-00194,001709
0000000914,0000760833,063395,061088,066601,066934,-04117,-00194,001709
0000000915,0000761667,063395,061088,066601,066934,-04117,-00194,001709
0000000916,0000762500,063395,061088,066601,066934,-04117,-00194,001709
0000000917,0000763333,063395,061088,066601,066934,-04117,-00194,001709
0000000918,0000764167,063395,061088,066601,066934,-04117,-00194,001709
0000000919,0000765000,063395,061088,066601,066934,-04117,-00194,001709
0000000920,0000765833,063395,061088,066601,066934,-04117,-00194,001709
0000000921,0000766667,063395,061088,066601,066934,-04117,-00194,001709
0000000922,0000767500,063395,061088,066601,066934,-04117,-00194,001709
0000000923,0000768333,063395,061088,066601,066934,-04117,-00194,001709
0000000924,0000769167,063395,061088,066601,066934,-04117,-00194,001709
0000000925,0000770000,063395,061088,066601,066934,-04117,-00194,001709
0000000926,0000770833,063395,061088,066601,066934,-04117,-00194,001709
0000000927,0000771667,063395,061088,066601,066934,-04117,-00194,001709
0000000928,0000772500,063395,061088,066601,066934,-04117,-00194,001709
0000000929,0000773333,063395,061088,066601,066934,-04117,-00194,001709
0000000930,0000774167,063395,061088,066601,066934,-04117,-00194,001709
0000000931,0000775000,063395,061088,066601,066934,-04117,-00194,001709
0000000932,0000775833,063395,061088,066601,066934,-04117,-00194,001709
0000000933,0000776667,063395,061088,066601,066934,-04117,-00194,001709
0000000934,0000777500,063395,061088,066601,066934,-04117,-00194,001709
0000000935,0000778333,063395,061088,066601,066934,-04117,-00194,001709
0000000936,0000779167,063395,061088,066601,066934,-04117,-00194,001709
0000000937,0000780000,063395,061088,066601,066934,-04117,-00194,001709
0000000938,0000780833,063395,061088,066601,066934,-04117,-00194,001709
0000000939,0000781667,063395,061088,066601,066934,-04117,-00194,001709
0000000940,0000782500,063395,061088,066601,066934,-04117,-00194,001709
0000000941,0000783333,063395,061088,066601,066934,-04117,-00194,001709
0000000942,0000784167,063395,061088,066601,066934,-04117,-00194,001709
0000000943,0000785000,063395,061088,066601,066934,-04117,-00194,001709
0000000944,0000785833,063395,061088,066601,066934,-04117,-00194,001709
0000000945,0000786667,063395,061088,066601,066934,-04117,-00194,001709
0000000946,0000787500,063395,061088,066601,066934,-04117,-00194,001709
0000000947,0000788333,063395,061088,066601,066934,-04117,-00194,001709
0000000948,0000789167,063395,061088,066601,066934,-04117,-00194,001709
0000000949,0000790000,063395,061088,066601,066934,-04117,-00194,001709
0000000950,0000790833,063395,061088,066601,066934,-04117,-00194,001709
0000000951,0000791667,063395,061088,066601,066934,-04117,-00194,001709
0000000952,0000792500,063395,061088,066601,066934,-04117,-00194,001709
0000000953,0000793333,063395,061088,066601,066934,-04117,-00194,001709
0000000954,0000794167,063395,061088,066601,066934,-04117,-00194,001709
0000000955,0000795000,063395,061088,066601,066934,-04117,-00194,001709
0000000956,0000795833,063395,061088,066601,066934,-04117,-00194,001709
0000000957,0000796667,063395,061088,066601,066934,-04117,-00194,001709
0000000958,0000797500,063395,061088,066601,066934,-04117,-00194,001709
0000000959,0000798333,063395,061088,066601,066934,-04117,-00194,001709
0000000960,0000799167,063395,061088,066601,066934,-04117,-00194,001709
0000000961,0000800000,063395,061088,066601,066934,-04117,-00194,001709
0000000962,0000800833,063395,061088,066601,066934,-04117,-00194,001709
0000000963,0000801667,063395,061088,066601,066934,-04117,-00194,001709
0000000964,0000802500,063395,061088,066601,066934,-04117,-00194,001709
0000000965,0000803333,063395,061088,066601,066934,-04117,-00194,001709
0000000966,0000804167,063395,061088,066601,066934,-04117,-00194,001709
0000000967,0000805000,063395,061088,066601,066934,-04117,-00194,001709
0000000968,0000805833,063395,061088,066601,066934,-04117,-00194,001709
0000000969,0000806667,063395,061088,066601,066934,-04117,-00194,001709
0000000970,0000807500,063395,061088,066601,066934,-04117,-00194,001709
0000000971,0000808333,063395,061088,066601,066934,-04117,-00194,001709
0000000972,0000809167,063395,061088,066601,066934,-04117,-00194,001709
0000000973,0000810000,063395,061088,066601,066934,-04117,-00194,001709
0000000974,0000810833,063395,061088,066601,066934,-04117,-00194,001709
0000000975,0000811667,063395,061088,066601,066934,-04117,-00194,001709
0000000976,0000812500,063395,061088,066601,066934,-04117,-00194,001709
0000000977,0000813333,063395,061088,066601,066934,-04117,-00194,001709
0000000978,0000814167,063395,061088,066601,066934,-04117,-00194,001709
0000000979,0000815000,063395,061088,066601,066934,-04117,-00194,001709
0000000980,0000815833,063395,061088,066601,066934,-04117,-00194,001709
0000000981,0000816667,063395,061088,066601,066934,-04117,-00194,001709
0000000982,0000817500,063395,061088,066601,066934,-04117,-00194,001709
0000000983,0000818333,063395,061088,066601,066934,-04117,-00194,001709
0000000984,0000819167,063395,061088,066601,066934,-04117,-00194,001709
0000000985,0000820000,063395,061088,066601,066934,-04117,-00194,001709
0000000986,0000820833,063395,061088,066601,066934,-04117,-00194,001709
0000000987,0000821667,063395,061088,066601,066934,-04117,-00194,001709
0000000988,0000822500,063395,061088,066601,066934,-04117,-00194,001709
0000000989,0000823333,063395,061088,066601,066934,-04117,-00194,001709
0000000990,0000824167,063395,061088,066601,066934,-04117,-00194,001709
0000000991,0000825000,063395,061088,066601,066934,-04117,-00194,001709
0000000992,0000825833,063395,061088,066601,066934,-04117,-00194,001709
0000000993,0000826667,063395,061088,066601,066934,-04117,-00194,001709
0000000994,0000827500,063395,061088,066601,066934,-04117,-00194,001709
0000000995,0000828333,063395,061088,066601,066934,-04117,-00194,001709
0000000996,0000829167,063395,061088,066601,066934,-04117,-00194,001709
0000000997,0000830000,063395,061088,066601,066934,-04117,-00194,001709
0000000998,0000830833,063395,061088,066601,066934,-04117,-00194,001709
0000000999,0000831667,063395,061088,066601,066934,-04117,-00194,001709
0000001000,0000832500,063395,061088,066601,066934,-04117,-00194,001709
0000001001,0000833333,063395,061088,066601,066934,-04117,-00194,001709
0000001002,0000834167,063395,061088,066601,066934,-04117,-00194,001709
0000001003,0000835000,063395,061088,066601,066934,-04117,-00194,001709
0000001004,0000835833,063395,061088,066601,066934,-04117,-00194,001709
0000001005,0000836667,063395,061088,066601,066934,-04117,-00194,001709
0000001006,0000837500,063395,061088,066601,066934,-04117,-00194,001709
0000001007,0000838333,063395,061088,066601,066934,-04117,-00194,001709
0000001008,0000839167,063395,061088,066601,066934,-04117,-00194,001709
0000001009,0000840000,063395,061088,066601,066934,-04117,-00194,001709
0000001010,0000840833,063395,061088,066601,066934,-04117,-00194,001709
0000001011,0000841667,063395,061088,066601,066934,-04117,-00194,001709
0000001012,0000842500,063395,061088,066601,066934,-04117,-00194,001709
0000001013,0000843333,063395,061088,066601,066934,-04117,-00194,001709
0000001014,0000844167,063395,061088,066601,066934,-04117,-00194,001709
0000001015,0000845000,063395,061088,066601,066934,-04117,-00194,001709
0000001016,0000845833,063395,061088,066601,066934,-04117,-00194,001709
0000001017,0000846667,063395,061088,066601,066934,-04117,-00194,001709
0000001018,0000847500,063395,061088,066601,066934,-04117,-00194,001709
0000001019,0000848333,063395,061088,066601,066934,-04117,-00194,001709
0000001020,0000849167,063395,061088,066601,066934,-04117,-00194,001709
0000001021,0000850000,063395,061088,066601,066934,-04117,-00194,001709
0000001022,0000850833,063395,061088,066601,066934,-04117,-00194,001709
0000001023,0000851667,063395,061088,066601,066934,-04117,-00194,001709
0000001024,0000852500,063395,061088,066601,066934,-04117,-00194,001709
0000001025,0000853333,063395,061088,066601,066934,-04117,-00194,001709
0000001026,0000854167,063395,061088,066601,066934,-04117,-00194,001709
0000001027,0000855000,063395,061088,066601,066934,-04117,-00194,001709
0000001028,0000855833,063395,061088,066601,066934,-04117,-00194,001709
0000001029,0000856667,063395,061088,066601,066934,-04117,-00194,001709
0000001030,0000857500,063395,061088,066601,066934,-04117,-00194,001709
0000001031,0000858333,063395,061088,066601,066934,-04117,-00194,001709
0000001032,0000859167,063395,061088,066601,066934,-04117,-00194,001709
0000001033,0000860000,063395,061088,066601,066934,-04117,-00194,001709
0000001034,0000860833,063395,061088,066601,066934,-04117,-00194,001709
0000001035,0000861667,063395,061088,066601,066934,-04117,-00194,001709
0000001036,0000862500,063395,061088,066601,066934,-04117,-00194,001709
0000001037,0000863333,063395,061088,066601,066934,-04117,-00194,001709
0000001038,0000864167,063395,061088,066601,066934,-04117,-00194,001709
0000001039,0000865000,063395,061088,066601,066934,-04117,-00194,001709
0000001040,0000865833,063395,061088,066601,066934,-04117,-00194,001709
0000001041,0000866667,063395,061088,066601,066934,-04117,-00194,001709
0000001042,0000867500,063395,061088,066601,066934,-04117,-00194,001709
0000001043,0000868333,063395,061088,066601,066934,-04117,-00194,001709
0000001044,0000869167,063395,061088,066601,066934,-04117,-00194,001709
0000001045,0000870000,063395,061088,066601,066934,-04117,-00194,001709
0000001046,0000870833,063395,061088,066601,066934,-04117,-00194,001709
0000001047,0000871667,063395,061088,066601,066934,-04117,-00194,001709
0000001048,0000872500,063395,061088,066601,066934,-04117,-00194,001709
0000001049,0000873333,063395,061088,066601,066934,-04117,-00194,001709
0000001050,0000874167,063395,061088,066601,066934,-04117,-00194,001709
0000001051,0000875000,063395,061088,066601,066934,-04117,-00194,001709
0000001052,0000875833,063395,061088,066601,066934,-04117,-00194,001709
0000001053,0000876667,063395,061088,066601,066934,-04117,-00194,001709
0000001054,0000877500,063395,061088,066601,066934,-04117,-00194,001709
0000001055,0000878333,063395,061088,066601,066934,-04117,-00194,001709
0000001056,0000879167,063395,061088,066601,066934,-04117,-00194,001709
0000001057,0000880000,063395,061088,066601,066934,-04117,-00194,001709
0000001058,0000880833,063395,061088,066601,066934,-04117,-00194,001709
0000001059,0000881667,063395,061088,066601,066934,-04117,-00194,001709
0000001060,0000882500,063395,061088,066601,066934,-04117,-00194,001709
0000001061,0000883333,063395,061088,066601,066934,-04117,-00194,001709
0000001062,0000884167,063395,061088,066601,066934,-04117,-00194,001709
0000001063,0000885000,063395,061088,066601,066934,-04117,-00194,001709
0000001064,0000885833,063395,061088,066601,066934,-04117,-00194,001709
0000001065,0000886667,063395,061088,066601,066934,-04117,-00194,001709
0000001066,0000887500,063395,061088,066601,066934,-04117,-00194,001709
0000001067,0000888333,063395,061088,066601,066934,-04117,-00194,001709
0000001068,0000889167,063395,061088,066601,066934,-04117,-00194,001709
0000001069,0000890000,063395,061088,066601,066934,-04117,-00194,001709
0000001070,0000890833,063395,061088,066601,066934,-04117,-00194,001709
0000001071,0000891667,063395,061088,066601,066934,-04117,-00194,001709
0000001072,0000892500,063395,061088,066601,066934,-04117,-00194,001709
0000001073,0000893333,063395,061088,066601,066934,-04117,-00194,001709
0000001074,0000894167,063395,061088,066601,066934,-04117,-00194,001709
0000001075,0000895000,063395,061088,066601,066934,-04117,-00194,001709
0000001076,0000895833,063395,061088,066601,066934,-04117,-00194,001709
0000001077,0000896667,063395,061088,066601,066934,-04117,-00194,001709
0000001078,0000897500,063395,061088,066601,066934,-04117,-00194,001709
0000001079,0000898333,063395,061088,066601,066934,-04117,-00194,001709
0000001080,0000899167,063395,061088,066601,066934,-04117,-00194,001709
0000001081,0000900000,063395,061088,066601,066934,-04117,-00194,001709
0000001082,0000900833,063395,061088,066601,066934,-04117,-00194,001709
0000001083,0000901667,063395,061088,066601,066934,-04117,-00194,001709
0000001084,0000902500,063395,061088,066601,066934,-04117,-00194,001709
0000001085,0000903333,063395,061088,066601,066934,-04117,-00194,001709
0000001086,0000904167,063395,061088,066601,066934,-04117,-00194,001709
0000001087,0000905000,063395,061088,066601,066934,-04117,-00194,001709
0000001088,0000905833,063395,061088,066601,066934,-04117,-00194,001709
0000001089,0000906667,063395,061088,066601,066934,-04117,-00194,001709
0000001090,0000907500,063395,061088,066601,066934,-04117,-00194,001709
0000001091,0000908333,063395,061088,066601,066934,-04117,-00194,001709
0000001092,0000909167,063395,061088,066601,066934,-04117,-00194,001709
0000001093,0000910000,063395,061088,066601,066934,-04117,-00194,001709
0000001094,0000910833,063395,061088,066601,066934,-04117,-00194,001709
0000001095,0000911667,063395,061088,066601,066934,-04117,-00194,001709
0000001096,0000912500,063395,061088,066601,066934,-04117,-00194,001709
0000001097,0000913333,063395,061088,066601,066934,-04117,-00194,001709
0000001098,0000914167,063395,061088,066601,066934,-04117,-00194,001709
0000001099,0000915000,063395,061088,066601,066934,-04117,-00194,001709
0000001100,0000915833,063395,061088,066601,066934,-04117,-00194,001709
0000001101,0000916667,063395,061088,066601,066934,-04117,-00194,001709
0000001102,0000917500,063395,061088,066601,066934,-04117,-00194,001709
0000001103,0000918333,063395,061088,066601,066934,-04117,-00194,001709
0000001104,0000919167,063395,061088,066601,066934,-04117,-00194,001709
0000001105,0000920000,063395,061088,066601,066934,-04117,-00194,001709
0000001106,0000920833,063395,061088,066601,066934,-04117,-00194,001709
0000001107,0000921667,063395,061088,066601,066934,-04117,-00194,001709
0000001108,0000922500,063395,061088,066601,066934,-04117,-00194,001709
0000001109,0000923333,063395,061088,066601,066934,-04117,-00194,001709
0000001110,0000924167,063395,061088,066601,066934,-04117,-00194,001709
0000001111,0000925000,063395,061088,066601,066934,-04117,-00194,001709
0000001112,0000925833,063395,061088,066601,066934,-04117,-00194,001709
0000001113,0000926667,063395,061088,066601,066934,-04117,-00194,001709
0000001114,0000927500,063395,061088,066601,066934,-04117,-00194,001709
0000001115,0000928333,063395,061088,066601,066934,-04117,-00194,001709
0000001116,0000929167,063395,061088,066601,066934,-04117,-00194,001709
0000001117,0000930000,063395,061088,066601,066934,-04117,-00194,001709
0000001118,0000930833,063395,061088,066601,066934,-04117,-00194,001709
0000001119,0000931667,063395,061088,066601,066934,-04117,-00194,001709
0000001120,0000932500,063395,061088,066601,066934,-04117,-00194,001709
0000001121,0000933333,063395,061088,066601,066934,-04117,-00194,001709
0000001122,0000934167,063395,061088,066601,066934,-04117,-00194,001709
0000001123,0000935000,063395,061088,066601,066934,-04117,-00194,001709
0000001124,0000935833,063395,061088,066601,066934,-04117,-00194,001709
0000001125,0000936667,063395,061088,066601,066934,-04117,-00194,001709
0000001126,0000937500,063395,061088,066601,066934,-04117,-00194,001709
0000001127,0000938333,063395,061088,066601,066934,-04117,-00194,001709
0000001128,0000939167,063395,061088,066601,066934,-04117,-00194,001709
0000001129,0000940000,063395,061088,066601,066934,-04117,-00194,001709
0000001130,0000940833,063395,061088,066601,066934,-04117,-00194,001709
0000001131,0000941667,063395,061088,066601,066934,-04117,-00194,001709
0000001132,0000942500,063395,061088,066601,066934,-04117,-00194,001709
0000001133,0000943333,063395,061088,066601,066934,-04117,-00194,001709
0000001134,0000944167,063395,061088,066601,066934,-04117,-00194,001709
0000001135,0000945000,063395,061088,066601,066934,-04117,-00194,001709
0000001136,0000945833,063395,061088,066601,066934,-04117,-00194,001709
0000001137,0000946667,063395,061088,066601,066934,-04117,-00194,001709
0000001138,0000947500,063395,061088,066601,066934,-04117,-00194,001709
0000001139,0000948333,063395,061088,066601,066934,-04117,-00194,001709
0000001140,0000949167,063395,061088,066601,066934,-04117,-00194,001709
0000001141,0000950000,063395,061088,066601,066934,-04117,-00194,001709
0000001142,0000950833,063395,061088,066601,066934,-04117,-00194,001709
0000001143,0000951667,063395,061088,066601,066934,-04117,-00194,001709
0000001144,0000952500,063395,061088,066601,066934,-04117,-00194,001709
0000001145,0000953333,063395,061088,066601,066934,-04117,-00194,001709
0000001146,0000954167,063395,061088,066601,066934,-04117,-00194,001709
0000001147,0000955000,063395,061088,066601,066934,-04117,-00194,001709
0000001148,0000955833,063395,061088,066601,066934,-04117,-00194,001709
0000001149,0000956667,063395,061088,066601,066934,-04117,-00194,001709
0000001150,0000957500,063395,061088,066601,066934,-04117,-00194,001709
0000001151,0000958333,063395,061088,066601,066934,-04117,-00194,001709
0000001152,0000959167,063395,061088,066601,066934,-04117,-00194,001709
0000001153,0000960000,063395,061088,066601,066934,-04117,-00194,001709
0000001154,0000960833,063395,061088,066601,066934,-04117,-00194,001709
0000001155,0000961667,063395,061088,066601,066934,-04117,-00194,001709
0000001156,0000962500,063395,061088,066601,066934,-04117,-00194,001709
0000001157,0000963333,063395,061088,066601,066934,-04117,-00194,001709
0000001158,0000964167,063395,061088,066601,066934,-04117,-00194,001709
0000001159,0000965000,063395,061088,066601,066934,-04117,-00194,001709
0000001160,0000965833,063395,061088,066601,066934,-04117,-00194,001709
0000001161,0000966667,063395,061088,066601,066934,-04117,-00194,001709
0000001162,0000967500,063395,061088,066601,066934,-04117,-00194,001709
0000001163,0000968333,063395,061088,066601,066934,-04117,-00194,001709
0000001164,0000969167,063395,061088,066601,066934,-04117,-00194,001709
0000001165,0000970000,063395,061088,066601,066934,-04117,-00194,001709
0000001166,0000970833,063395,061088,066601,066934,-04117,-00194,001709
0000001167,0000971667,063395,061088,066601,066934,-04117,-00194,001709
0000001168,0000972500,063395,061088,066601,066934,-04117,-00194,001709
0000001169,0000973333,063395,061088,066601,066934,-04117,-00194,001709
0000001170,0000974167,063395,061088,066601,066934,-04117,-00194,001709
0000001171,0000975000,063395,061088,066601,066934,-04117,-00194,001709
0000001172,0000975833,063395,061088,066601,066934,-04117,-00194,001709
0000001173,0000976667,063395,061088,066601,066934,-04117,-00194,001709
0000001174,0000977500,063395,061088,066601,066934,-04117,-00194,001709
0000001175,0000978333,063395,061088,066601,066934,-04117,-00194,001709
0000001176,0000979167,063395,061088,066601,066934,-04117,-00194,001709
0000001177,0000980000,063395,061088,066601,066934,-04117,-00194,001709
0000001178,0000980833,063395,061088,066601,066934,-04117,-00194,001709
0000001179,0000981667,063395,061088,066601,066934,-04117,-00194,001709
0000001180,0000982500,063395,061088,066601,066934,-04117,-00194,001709
0000001181,0000983333,063395,061088,066601,066934,-04117,-00194,001709
0000001182,0000984167,063395,061088,066601,066934,-04117,-00194,001709
0000001183,0000985000,063395,061088,066601,066934,-04117,-00194,001709
0000001184,0000985833,063395,061088,066601,066934,-04117,-00194,001709
0000001185,0000986667,063395,061088,066601,066934,-04117,-00194,001709
0000001186,0000987500,063395,061088,066601,066934,-04117,-00194,001709
0000001187,0000988333,063395,061088,066601,066934,-04117,-00194,001709
0000001188,0000989167,063395,061088,066601,066934,-04117,-00194,001709
0000001189,0000990000,063395,061088,066601,066934,-04117,-00194,001709
0000001190,0000990833,063395,061088,066601,066934,-04117,-00194,001709
0000001191,0000991667,063395,061088,066601,066934,-04117,-00194,001709
0000001192,0000992500,063395,061088,066601,066934,-04117,-00194,001709
0000001193,0000993333,063395,061088,066601,066934,-04117,-00194,001709
0000001194,0000994167,063395,061088,066601,066934,-04117,-00194,001709
0000001195,0000995000,063395,061088,066601,066934,-04117,-00194,001709
0000001196,0000995833,063395,061088,066601,066934,-04117,-00194,001709
0000001197,0000996667,063395,061088,066601,066934,-04117,-00194,001709
0000001198,0000997500,063395,061088,066601,066934,-04117,-00194,001709
0000001199,0000998333,063395,061088,066601,066934,-04117,-00194,001709
0000001200,0000999167,063395,061088,066601,066934,-04117,-00194,001709
0000001201,0001000000,063395,061088,066601,066934,-04117,-00194,001709
0000001202,0001000833,063395,061088,066601,066934,-04117,-00194,001709
0000001203,0001001667,063395,061088,066601,066934,-04117,-00194,001709
0000001204,0001002500,063395,061088,066601,066934,-04117,-00194,001709
0000001205,0001003333,063395,061088,066601,066934,-04117,-00194,001709
0000001206,0001004167,063395,061088,066601,066934,-04117,-00194,001709
0000001207,0001005000,063395,061088,066601,066934,-04117,-00194,001709
0000001208,0001005833,063395,061088,066601,066934,-04117,-00194,001709
0000001209,0001006667,063395,061088,066601,066934,-04117,-00194,001709
0000001210,0001007500,063395,061088,066601,066934,-04117,-00194,001709
0000001211,0001008333,063395,061088,066601,066934,-04117,-00194,001709
0000001212,0001009167,063395,061088,066601,066934,-04117,-00194,001709
0000001213,0001010000,063395,061088,066601,066934,-04117,-00194,001709
0000001214,0001010833,063395,061088,066601,066934,-04117,-00194,001709
0000001215,0001011667,063395,061088,066601,066934,-04117,-00194,001709
0000001216,0001012500,063395,061088,066601,066934,-04117,-00194,001709
0000001217,0001013333,063395,061088,066601,066934,-04117,-00194,001709
0000001218,0001014167,063395,061088,066601,066934,-04117,-00194,001709
0000001219,0001015000,063395,061088,066601,066934,-04117,-00194,001709
0000001220,0001015833,063395,061088,066601,066934,-04117,-00194,001709
0000001221,0001016667,063395,061088,066601,066934,-04117,-00194,001709
0000001222,0001017500,063395,061088,066601,066934,-04117,-00194,001709
0000001223,0001018333,063395,061088,066601,066934,-04117,-00194,001709
0000001224,0001019167,063395,061088,066601,066934,-04117,-00194,001709
0000001225,0001020000,063395,061088,066601,066934,-04117,-00194,001709
0000001226,0001020833,063395,061088,066601,066934,-04117,-00194,001709
0000001227,0001021667,063395,061088,066601,066934,-04117,-00194,001709
0000001228,0001022500,063395,061088,066601,066934,-04117,-00194,001709
0000001229,0001023333,063395,061088,066601,066934,-04117,-00194,001709
0000001230,0001024167,063395,061088,066601,066934,-04117,-00194,001709
0000001231,0001025000,063395,061088,066601,066934,-04117,-00194,001709
0000001232,0001025833,063395,061088,066601,066934,-04117,-00194,001709
0000001233,0001026667,063395,061088,066601,066934,-04117,-00194,001709
0000001234,0001027500,063395,061088,066601,066934,-04117,-00194,001709
0000001235,0001028333,063395,061088,066601,066934,-04117,-00194,001709
0000001236,0001029167,063395,061088,066601,066934,-04117,-00194,001709
0000001237,0001030000,063395,061088,066601,066934,-04117,-00194,001709
0000001238,0001030833,063395,061088,066601,066934,-04117,-00194,001709
0000001239,0001031667,063395,061088,066601,066934,-04117,-00194,001709
0000001240,0001032500,063395,061088,066601,066934,-04117,-00194,001709
0000001241,0001033333,063395,061088,066601,066934,-04117,-00194,001709
0000001242,0001034167,063395,061088,066601,066934,-04117,-00194,001709
0000001243,0001035000,063395,061088,066601,066934,-04117,-00194,001709
0000001244,0001035833,063395,061088,066601,066934,-04117,-00194,001709
0000001245,0001036667,063395,061088,066601,066934,-04117,-00194,001709
0000001246,0001037500,063395,061088,066601,066934,-04117,-00194,001709
0000001247,0001038333,063395,061088,066601,066934,-04117,-00194,001709
0000001248,0001039167,063395,061088,066601,066934,-04117,-00194,001709
0000001249,0001040000,063395,061088,066601,066934,-04117,-00194,001709
0000001250,0001040833,063395,061088,066601,066934,-04117,-00194,001709
0000001251,0001041667,063395,061088,066601,066934,-04117,-00194,001709
0000001252,0001042500,063395,061088,066601,066934,-04117,-00194,001709
0000001253,0001043333,063395,061088,066601,066934,-04117,-00194,001709
0000001254,0001044167,063395,061088,066601,066934,-04117,-00194,001709
0000001255,0001045000,063395,061088,066601,066934,-04117,-00194,001709
0000001256,0001045833,063395,061088,066601,066934,-04117,-00194,001709
0000001257,0001046667,063395,061088,066601,066934,-04117,-00194,001709
0000001258,0001047500,063395,061088,066601,066934,-04117,-00194,001709
0000001259,0001048333,063395,061088,066601,066934,-04117,-00194,001709
0000001260,0001049167,063395,061088,066601,066934,-04117,-00194,001709
0000001261,0001050000,063395,061088,066601,066934,-04117,-00194,001709
0000001262,0001050833,063395,061088,066601,066934,-04117,-00194,001709
0000001263,0001051667,063395,061088,066601,066934,-04117,-00194,001709
0000001264,0001052500,063395,061088,066601,066934,-04117,-00194,001709
0000001265,0001053333,063395,061088,066601,066934,-04117,-00194,001709
0000001266,0001054167,063395,061088,066601,066934,-04117,-00194,001709
0000001267,0001055000,063395,061088,066601,066934,-04117,-00194,001709
0000001268,0001055833,063395,061088,066601,066934,-04117,-00194,001709
0000001269,0001056667,063395,061088,066601,066934,-04117,-00194,001709
0000001270,0001057500,063395,061088,066601,066934,-04117,-00194,001709
0000001271,0001058333,063395,061088,066601,066934,-04117,-00194,001709
0000001272,0001059167,063395,061088,066601,066934,-04117,-00194,001709
0000001273,0001060000,063395,061088,066601,066934,-04117,-00194,001709
0000001274,0001060833,063395,061088,066601,066934,-04117,-00194,001709
0000001275,0001061667,063395,061088,066601,066934,-04117,-00194,001709
0000001276,0001062500,063395,061088,066601,066934,-04117,-00194,001709
0000001277,0001063333,063395,061088,066601,066934,-04117,-00194,001709
0000001278,0001064167,063395,061088,066601,066934,-04117,-00194,001709
0000001279,0001065000,063395,061088,066601,066934,-04117,-00194,001709
0000001280,0001065833,063395,061088,066601,066934,-04117,-00194,001709
0000001281,0001066667,063395,061088,066601,066934,-04117,-00194,001709
0000001282,0001067500,063395,061088,066601,066934,-04117,-00194,001709
0000001283,0001068333,063395,061088,066601,066934,-04117,-00194,001709
0000001284,0001069167,063395,061088,066601,066934,-04117,-00194,001709
0000001285,0001070000,063395,061088,066601,066934,-04117,-00194,001709
0000001286,0001070833,063395,061088,066601,066934,-04117,-00194,001709
0000001287,0001071667,063395,061088,066601,066934,-04117,-00194,001709
0000001288,0001072500,063395,061088,066601,066934,-04117,-00194,001709
0000001289,0001073333,063395,061088,066601,066934,-04117,-00194,001709
0000001290,0001074167,063395,061088,066601,066934,-04117,-00194,001709
0000001291,0001075000,063395,061088,066601,066934,-04117,-00194,001709
0000001292,0001075833,063395,061088,066601,066934,-04117,-00194,001709
0000001293,0001076667,063395,061088,066601,066934,-04117,-00194,001709
0000001294,0001077500,063395,061088,066601,066934,-04117,-00194,001709
0000001295,0001078333,063395,061088,066601,066934,-04117,-00194,001709
0000001296,0001079167,063395,061088,066601,066934,-04117,-00194,001709
0000001297,0001080000,063395,061088,066601,066934,-04117,-00194,001709
0000001298,0001080833,063395,061088,066601,066934,-04117,-00194,001709
0000001299,0001081667,063395,061088,066601,066934,-04117,-00194,001709
0000001300,0001082500,063395,061088,066601,066934,-04117,-00194,001709
0000001301,0001083333,063395,061088,066601,066934,-04117,-00194,001709
0000001302,0001084167,063395,061088,066601,066934,-04117,-00194,001709
0000001303,0001085000,063395,061088,066601,066934,-04117,-00194,001709
0000001304,0001085833,063395,061088,066601,066934,-04117,-00194,001709
0000001305,0001086667,063395,061088,066601,066934,-04117,-00194,001709
0000001306,0001087500,063395,061088,066601,066934,-04117,-00194,001709
0000001307,0001088333,063395,061088,066601,066934,-04117,-00194,001709
0000001308,0001089167,063395,061088,066601,066934,-04117,-00194,001709
0000001309,0001090000,063395,061088,066601,066934,-04117,-00194,001709
0000001310,0001090833,063395,061088,066601,066934,-04117,-00194,001709
0000001311,0001091667,063395,061088,066601,066934,-04117,-00194,001709
0000001312,0001092500,063395,061088,066601,066934,-04117,-00194,001709
0000001313,0001093333,063395,061088,066601,066934,-04117,-00194,001709
0000001314,0001094167,063395,061088,066601,066934,-04117,-00194,001709
0000001315,0001095000,063395,061088,066601,066934,-04117,-00194,001709
0000001316,0001095833,063395,061088,066601,066934,-04117,-00194,001709
0000001317,0001096667,063395,061088,066601,066934,-04117,-00194,001709
0000001318,0001097500,063395,061088,066601,066934,-04117,-00194,001709
0000001319,0001098333,063395,061088,066601,066934,-04117,-00194,001709
0000001320,0001099167,063395,061088,066601,066934,-04117,-00194,001709
0000001321,0001100000,063395,061088,066601,066934,-04117,-00194,001709
0000001322,0001100833,063395,061088,066601,066934,056740,-06156,-47182
0000001323,0001101667,063395,061088,066601,066934,055954,018574,-68246
0000001324,0001102500,063395,061088,066601,066934,037406,047819,-77270
0000001325,0001103333,063395,061088,066601,066934,011088,073804,-77300
0000001326,0001104167,063395,061088,066601,066934,-06535,086558,-73932
0000001327,0001105000,063395,061088,066601,066934,-34562,097267,-57614
0000001328,0001105833,063395,061088,066601,066934,-60699,099998,-34004
0000001329,0001106667,063395,061088,066601,066934,-77644,091497,-07431
0000001330,0001107500,063395,061088,066601,066934,-88523,074903,021130
0000001331,0001108333,063395,061088,066601,066934,-93809,052226,049106
0000001332,0001109167,063395,061088,066601,066934,-90346,024300,072565
0000001333,0001110000,063395,061088,066601,066934,-75293,-07637,088432
0000001334,0001110833,063395,061088,066601,066934,-55816,-36784,097756
0000001335,0001111667,063395,061088,066601,066934,-29316,-62858,097688
0000001336,0001112500,063395,061088,066601,066934,000746,-83139,088431
0000001337,0001113333,063395,061088,066601,066934,030857,-95450,070937
0000001338,0001114167,063395,061088,066601,066934,057205,-98159,047168
0000001339,0001115000,063395,061088,066601,066934,080224,-92670,018289
0000001340,0001115833,063395,061088,066601,066934,094358,-77461,-11287
0000001341,0001116667,063395,061088,066601,066934,099998,-54869,-39366
0000001342,0001117500,063395,061088,066601,066934,097085,-27520,-63468
0000001343,0001118333,063395,061088,066601,066934,084868,002408,-80891
0000001344,0001119167,063395,061088,066601,066934,063724,032346,-89647
0000001345,0001120000,063395,061088,066601,066934,037863,058249,-89805
0000001346,0001120833,063395,061088,066601,066934,008357,078376,-80641
0000001347,0001121667,063395,061088,066601,066934,-22350,091129,-62813
0000001348,0001122500,063395,061088,066601,066934,-49873,094508,-38646
0000001349,0001123333,063395,061088,066601,066934,-72341,088607,-10156
0000001350,0001124167,063395,061088,066601,066934,-87713,074006,019873
0000001351,0001125000,063395,061088,066601,066934,-94587,052205,048508
0000001352,0001125833,063395,061088,066601,066934,-91514,024885,072646
0000001353,0001126667,063395,061088,066601,066934,-79818,-04643,090398
0000001354,0001127500,063395,061088,066601,066934,-60106,-33785,099806
0000001355,0001128333,063395,061088,066601,066934,-34390,-59618,099998
0000001356,0001129167,063395,061088,066601,066934,-05089,-79695,090878
0000001357,0001130000,063395,061088,066601,066934,024421,-91815,073541
0000001358,0001130833,063395,061088,066601,066934,051810,-95101,049413
0000001359,0001131667,063395,061088,066601,066934,074104,-89052,021018
0000001360,0001132500,063395,061088,066601,066934,089081,-74215,-08820
0000001361,0001133333,063395,061088,066601,066934,095440,-52128,-37251
0000001362,0001134167,063395,061088,066601,066934,092556,-24963,-61494
0000001363,0001135000,063395,061088,066601,066934,080542,004706,-79119
0000001364,0001135833,063395,061088,066601,066934,060675,033903,-88460
0000001365,0001136667,063395,061088,066601,066934,035025,059695,-88644
0000001366,0001137500,063395,061088,066601,066934,005840,079744,-79547
0000001367,0001138333,063395,061088,066601,066934,-23785,091949,-62135
0000001368,0001139167,063395,061088,066601,066934,-51026,095154,-38079
0000001369,0001140000,063395,061088,066601,066934,-73209,089041,-09764
0000001370,0001140833,063395,061088,066601,066934,-88253,074240,020089
0000001371,0001141667,063395,061088,066601,066934,-94496,052095,048472
0000001372,0001142500,063395,061088,066601,066934,-91492,024867,072683
0000001373,0001143333,063395,061088,066601,066934,-79446,-04818,090317
0000001374,0001144167,063395,061088,066601,066934,-59548,-34039,099649
0000001375,0001145000,063395,061088,066601,066934,-33719,-59968,099765
0000001376,0001145833,063395,061088,066601,066934,-04546,-80026,090658
0000001377,0001146667,063395,061088,066601,066934,025151,-92264,073197
0000001378,0001147500,063395,061088,066601,066934,052485,-95516,049108
0000001379,0001148333,063395,061088,066601,066934,074732,-89416,020754
0000001380,0001149167,063395,061088,066601,066934,089737,-74578,-09093
0000001381,0001150000,063395,061088,066601,066934,096054,-52475,-37513
0000001382,0001150833,063395,061088,066601,066934,093049,-25256,-61722
0000001383,0001151667,063395,061088,066601,066934,080981,004425,-79335
0000001384,0001152500,063395,061088,066601,066934,061110,033632,-88673
0000001385,0001153333,063395,061088,066601,066934,035311,059537,-88783
0000001386,0001154167,063395,061088,066601,066934,006141,079585,-79663
0000001387,0001155000,063395,061088,066601,066934,-23555,091841,-62221
0000001388,0001155833,063395,061088,066601,066934,-50860,095079,-38151
0000001389,0001156667,063395,061088,066601,066934,-73124,088995,-09800
0000001390,0001157500,063395,061088,066601,066934,-88158,074188,020043
0000001391,0001158333,063395,061088,066601,066934,-94488,052093,048466
0000001392,0001159167,063395,061088,066601,066934,-91488,024876,072681
0000001393,0001160000,063395,061088,066601,066934,-79470,-04792,090332
0000001394,0001160833,063395,061088,066601,066934,-59587,-34015,099673
0000001395,0001161667,063395,061088,066601,066934,-33791,-59923,099785
0000001396,0001162500,063395,061088,066601,066934,-04622,-79987,090681
0000001397,0001163333,063395,061088,066601,066934,025081,-92237,073227
0000001398,0001164167,063395,061088,066601,066934,052392,-95462,049139
0000001399,0001165000,063395,061088,066601,066934,074654,-89372,020786
0000001400,0001165833,063395,061088,066601,066934,089673,-74543,-09062
0000001401,0001166667,063395,061088,066601,066934,095981,-52433,-37479
0000001402,0001167500,063395,061088,066601,066934,092976,-25216,-61691
0000001403,0001168333,063395,061088,066601,066934,080942,004451,-79322
0000001404,0001169167,063395,061088,066601,066934,061052,033660,-88643
0000001405,0001170000,063395,061088,066601,066934,035272,059560,-88764
0000001406,0001170833,063395,061088,066601,066934,006109,079613,-79653
0000001407,0001171667,063395,061088,066601,066934,-23575,091849,-62204
0000001408,0001172500,063395,061088,066601,066934,-50885,095093,-38138
0000001409,0001173333,063395,061088,066601,066934,-73142,089008,-09796
0000001410,0001174167,063395,061088,066601,066934,-88161,074186,020045
0000001411,0001175000,063395,061088,066601,066934,-94493,052095,048468
0000001412,0001175833,063395,061088,066601,066934,-91496,024879,072687
0000001413,0001176667,063395,061088,066601,066934,-79461,-04794,090324
0000001414,0001177500,063395,061088,066601,066934,-59582,-34018,099670
0000001415,0001178333,063395,061088,066601,066934,-33791,-59930,099791
0000001416,0001179167,063395,061088,066601,066934,-04614,-79987,090670
0000001417,0001180000,063395,061088,066601,066934,025087,-92240,073223
0000001418,0001180833,063395,061088,066601,066934,052404,-95474,049139
0000001419,0001181667,063395,061088,066601,066934,074656,-89370,020783
0000001420,0001182500,063395,061088,066601,066934,089682,-74548,-09065
0000001421,0001183333,063395,061088,066601,066934,095996,-52442,-37485
0000001422,0001184167,063395,061088,066601,066934,092978,-25219,-61689
0000001423,0001185000,063395,061088,066601,066934,080948,004446,-79324
0000001424,0001185833,063395,061088,066601,066934,061064,033659,-88653
0000001425,0001186667,063395,061088,066601,066934,035275,059553,-88759
0000001426,0001187500,063395,061088,066601,066934,006115,079610,-79655
0000001427,0001188333,063395,061088,066601,066934,-23574,091855,-62212
0000001428,0001189167,063395,061088,066601,066934,-50879,095085,-38137
0000001429,0001190000,063395,061088,066601,066934,-73140,089006,-09797
0000001430,0001190833,063395,061088,066601,066934,-88168,074192,020046
0000001431,0001191667,063395,061088,066601,066934,-94485,052091,048464
0000001432,0001192500,063395,061088,066601,066934,-91495,024878,072686
0000001433,0001193333,063395,061088,066601,066934,-79467,-04794,090331
0000001434,0001194167,063395,061088,066601,066934,-59579,-34014,099663
0000001435,0001195000,063395,061088,066601,066934,-33791,-59929,099789
0000001436,0001195833,063395,061088,066601,066934,-04616,-79992,090677
0000001437,0001196667,063395,061088,066601,066934,025083,-92232,073218
0000001438,0001197500,063395,061088,066601,066934,052402,-95473,049140
0000001439,0001198333,063395,061088,066601,066934,074661,-89377,020786
0000001440,0001199167,063395,061088,066601,066934,089674,-74542,-09062
0000001441,0001200000,063395,061088,066601,066934,095994,-52441,-37483
0000001442,0001200833,063395,061088,066601,066934,092985,-25222,-61693
0000001443,0001201667,063395,061088,066601,066934,080942,004446,-79318
0000001444,0001202500,063395,061088,066601,066934,061063,033659,-88652
0000001445,0001203333,063395,061088,066601,066934,035278,059558,-88767
0000001446,0001204167,063395,061088,066601,066934,006114,079604,-79649
0000001447,0001205000,063395,061088,066601,066934,-23574,091855,-62211
0000001448,0001205833,063395,061088,066601,066934,-50883,095093,-38141
0000001449,0001206667,063395,061088,066601,066934,-73134,089000,-09796
0000001450,0001207500,063395,061088,066601,066934,-88167,074191,020045
0000001451,0001208333,063395,061088,066601,066934,-94493,052095,048468
0000001452,0001209167,063395,061088,066601,066934,-91488,024877,072681
0000001453,0001210000,063395,061088,066601,066934,-79467,-04793,090330
0000001454,0001210833,063395,061088,066601,066934,-59584,-34017,099670
0000001455,0001211667,063395,061088,066601,066934,-33789,-59924,099782
0000001456,0001212500,063395,061088,066601,066934,-04616,-79991,090677
0000001457,0001213333,063395,061088,066601,066934,025084,-92239,073224
0000001458,0001214167,063395,061088,066601,066934,052397,-95465,049137
0000001459,0001215000,063395,061088,066601,066934,074660,-89376,020786
0000001460,0001215833,063395,061088,066601,066934,089681,-74549,-09062
0000001461,0001216667,063395,061088,066601,066934,095987,-52438,-37479
0000001462,0001217500,063395,061088,066601,066934,092985,-25223,-61692
0000001463,0001218333,063395,061088,066601,066934,080949,004445,-79325
0000001464,0001219167,063395,061088,066601,066934,061060,033655,-88645
0000001465,0001220000,063395,061088,066601,066934,035279,059557,-88766
0000001466,0001220833,063395,061088,066601,066934,006115,079611,-79657
0000001467,0001221667,063395,061088,066601,066934,-23572,091848,-62207
0000001468,0001222500,063395,061088,066601,066934,-50882,095093,-38141
0000001469,0001223333,063395,061088,066601,066934,-73140,089008,-09798
0000001470,0001224167,063395,061088,066601,066934,-88161,074186,020044
0000001471,0001225000,063395,061088,066601,066934,-94493,052095,048467
0000001472,0001225833,063395,061088,066601,066934,-91496,024879,072686
0000001473,0001226667,063395,061088,066601,066934,-79461,-04792,090323
0000001474,0001227500,063395,061088,066601,066934,-59584,-34016,099669
0000001475,0001228333,063395,061088,066601,066934,-33792,-59928,099790
0000001476,0001229167,063395,061088,066601,066934,-04617,-79984,090670
0000001477,0001230000,063395,061088,066601,066934,025083,-92238,073224
0000001478,0001230833,063395,061088,066601,066934,052401,-95473,049142
0000001479,0001231667,063395,061088,066601,066934,074653,-89370,020786
0000001480,0001232500,063395,061088,066601,066934,089680,-74549,-09061
0000001481,0001233333,063395,061088,066601,066934,095995,-52443,-37482
0000001482,0001234167,063395,061088,066601,066934,092978,-25222,-61687
0000001483,0001235000,063395,061088,066601,066934,080949,004444,-79324
0000001484,0001235833,063395,061088,066601,066934,061065,033657,-88653
0000001485,0001236667,063395,061088,066601,066934,035277,059553,-88760
0000001486,0001237500,063395,061088,066601,066934,006116,079610,-79656
0000001487,0001238333,063395,061088,066601,066934,-23573,091856,-62213
0000001488,0001239167,063395,061088,066601,066934,-50878,095086,-38138
0000001489,0001240000,063395,061088,066601,066934,-73140,089007,-09798
0000001490,0001240833,063395,061088,066601,066934,-88168,074193,020045
0000001491,0001241667,063395,061088,066601,066934,-94485,052092,048463
0000001492,0001242500,063395,061088,066601,066934,-91495,024879,072685
0000001493,0001243333,063395,061088,066601,066934,-79468,-04792,090329
0000001494,0001244167,063395,061088,066601,066934,-59579,-34012,099661
0000001495,0001245000,063395,061088,066601,066934,-33792,-59927,099789
0000001496,0001245833,063395,061088,066601,066934,-04618,-79990,090677
0000001497,0001246667,063395,061088,066601,066934,025081,-92231,073220
0000001498,0001247500,063395,061088,066601,066934,052399,-95472,049142
0000001499,0001248333,063395,061088,066601,066934,074658,-89377,020788
0000001500,0001249167,063395,061088,066601,066934,089673,-74544,-09059
0000001501,0001250000,063395,061088,066601,066934,095994,-52444,-37481
0000001502,0001250833,063395,061088,066601,066934,092986,-25225,-61692
0000001503,0001251667,063395,061088,066601,066934,080943,004443,-79317
0000001504,0001252500,063395,061088,066601,066934,061065,033657,-88653
0000001505,0001253333,063395,061088,066601,066934,035280,059557,-88768
0000001506,0001254167,063395,061088,066601,066934,006116,079604,-79650
0000001507,0001255000,063395,061088,066601,066934,-23573,091855,-62213
0000001508,0001255833,063395,061088,066601,066934,-50882,095094,-38142
0000001509,0001256667,063395,061088,066601,066934,-73134,089001,-09797
0000001510,0001257500,063395,061088,066601,066934,-88167,074192,020044
0000001511,0001258333,063395,061088,066601,066934,-94493,052096,048466
0000001512,0001259167,063395,061088,066601,066934,-91488,024878,072680
0000001513,0001260000,063395,061088,066601,066934,-79467,-04792,090328
0000001514,0001260833,063395,061088,066601,066934,-59585,-34015,099669
0000001515,0001261667,063395,061088,066601,066934,-33790,-59921,099781
0000001516,0001262500,063395,061088,066601,066934,-04619,-79988,090677
0000001517,0001263333,063395,061088,066601,066934,025081,-92238,073226
0000001518,0001264167,063395,061088,066601,066934,052394,-95464,049140
0000001519,0001265000,063395,061088,066601,066934,074657,-89377,020789
0000001520,0001265833,063395,061088,066601,066934,089679,-74551,-09059
0000001521,0001266667,063395,061088,066601,066934,095987,-52441,-37476
0000001522,0001267500,063395,061088,066601,066934,092986,-25225,-61691
0000001523,0001268333,063395,061088,066601,066934,080951,004442,-79324
0000001524,0001269167,063395,061088,066601,066934,061062,033653,-88646
0000001525,0001270000,063395,061088,066601,066934,035281,059556,-88768
0000001526,0001270833,063395,061088,066601,066934,006117,079611,-79658
0000001527,0001271667,063395,061088,066601,066934,-23570,091848,-62208
0000001528,0001272500,063395,061088,066601,066934,-50882,095093,-38142
0000001529,0001273333,063395,061088,066601,066934,-73140,089009,-09799
0000001530,0001274167,063395,061088,066601,066934,-88160,074187,020043
0000001531,0001275000,063395,061088,066601,066934,-94492,052096,048466
0000001532,0001275833,063395,061088,066601,066934,-91496,024881,072685
0000001533,0001276667,063395,061088,066601,066934,-79461,-04791,090321
0000001534,0001277500,063395,061088,066601,066934,-59585,-34014,099668
0000001535,0001278333,063395,061088,066601,066934,-33794,-59926,099789
0000001536,0001279167,063395,061088,066601,066934,-04619,-79982,090670
0000001537,0001280000,063395,061088,066601,066934,025080,-92236,073225
0000001538,0001280833,063395,061088,066601,066934,052398,-95472,049144
0000001539,0001281667,063395,061088,066601,066934,074651,-89370,020789
0000001540,0001282500,063395,061088,066601,066934,089678,-74551,-09058
0000001541,0001283333,063395,061088,066601,066934,095995,-52446,-37479
0000001542,0001284167,063395,061088,066601,066934,092979,-25225,-61685
0000001543,0001285000,063395,061088,066601,066934,080951,004442,-79323
0000001544,0001285833,063395,061088,066601,066934,061068,033655,-88654
0000001545,0001286667,063395,061088,066601,066934,035279,059551,-88761
0000001546,0001287500,063395,061088,066601,066934,006118,079610,-79658
0000001547,0001288333,063395,061088,066601,066934,-23572,091856,-62215
0000001548,0001289167,063395,061088,066601,066934,-50877,095087,-38140
0000001549,0001290000,063395,061088,066601,066934,-73139,089008,-09799
0000001550,0001290833,063395,061088,066601,066934,-88168,074194,020043
0000001551,0001291667,063395,061088,066601,066934,-94485,052093,048462
0000001552,0001292500,063395,061088,066601,066934,-91495,024881,072684
0000001553,0001293333,063395,061088,066601,066934,-79468,-04790,090328
0000001554,0001294167,063395,061088,066601,066934,-59580,-34010,099660
0000001555,0001295000,063395,061088,066601,066934,-33794,-59924,099788
0000001556,0001295833,063395,061088,066601,066934,-04621,-79988,090678
0000001557,0001296667,063395,061088,066601,066934,025077,-92229,073221
0000001558,0001297500,063395,061088,066601,066934,052396,-95471,049144
0000001559,0001298333,063395,061088,066601,066934,074656,-89378,020792
0000001560,0001299167,063395,061088,066601,066934,089671,-74546,-09056
0000001561,0001300000,063395,061088,066601,066934,095994,-52446,-37478
0000001562,0001300833,063395,061088,066601,066934,092987,-25228,-61690
0000001563,0001301667,063395,061088,066601,066934,080945,004440,-79316
0000001564,0001302500,063395,061088,066601,066934,061068,033654,-88653
0000001565,0001303333,063395,061088,066601,066934,035283,059556,-88769
0000001566,0001304167,063395,061088,066601,066934,006118,079604,-79652
0000001567,0001305000,063395,061088,066601,066934,-23571,091855,-62215
0000001568,0001305833,063395,061088,066601,066934,-50881,095095,-38144
0000001569,0001306667,063395,061088,066601,066934,-73133,089002,-09799
0000001570,0001307500,063395,061088,066601,066934,-88167,074193,020043
0000001571,0001308333,063395,061088,066601,066934,-94493,052097,048465
0000001572,0001309167,063395,061088,066601,066934,-91488,024880,072678
0000001573,0001310000,063395,061088,066601,066934,-79467,-04790,090327
0000001574,0001310833,063395,061088,066601,066934,-59586,-34012,099668
0000001575,0001311667,063395,061088,066601,066934,-33792,-59919,099781
0000001576,0001312500,063395,061088,066601,066934,-04621,-79986,090677
0000001577,0001313333,063395,061088,066601,066934,025078,-92236,073227
0000001578,0001314167,063395,061088,066601,066934,052391,-95464,049142
0000001579,0001315000,063395,061088,066601,066934,074654,-89377,020792
0000001580,0001315833,063395,061088,066601,066934,089678,-74553,-09056
0000001581,0001316667,063395,061088,066601,066934,095986,-52443,-37474
0000001582,0001317500,063395,061088,066601,066934,092987,-25228,-61689
0000001583,0001318333,063395,061088,066601,066934,080953,004440,-79323
0000001584,0001319167,063395,061088,066601,066934,061064,033651,-88646
0000001585,0001320000,063395,061088,066601,066934,035283,059555,-88769
0000001586,0001320833,063395,061088,066601,066934,006119,079610,-79660
0000001587,0001321667,063395,061088,066601,066934,-23569,091848,-62210
0000001588,0001322500,063395,061088,066601,066934,-50881,095094,-38144
0000001589,0001323333,063395,061088,066601,066934,-73139,089010,-09801
0000001590,0001324167,063395,061088,066601,066934,-88160,074188,020041
0000001591,0001325000,063395,061088,066601,066934,-94492,052097,048464
0000001592,0001325833,063395,061088,066601,066934,-91496,024882,072683
0000001593,0001326667,063395,061088,066601,066934,-79462,-04789,090320
0000001594,0001327500,063395,061088,066601,066934,-59586,-34011,099666
0000001595,0001328333,063395,061088,066601,066934,-33796,-59923,099788
0000001596,0001329167,063395,061088,066601,066934,-04622,-79979,090671
0000001597,0001330000,063395,061088,066601,066934,025077,-92235,073227
0000001598,0001330833,063395,061088,066601,066934,052395,-95472,049147
0000001599,0001331667,063395,061088,066601,066934,074648,-89371,020792
0000001600,0001332500,063395,061088,066601,066934,089677,-74552,-09055
0000001601,0001333333,063395,061088,066601,066934,095994,-52449,-37476
0000001602,0001334167,063395,061088,066601,066934,092980,-25228,-61683
0000001603,0001335000,063395,061088,066601,066934,080953,004439,-79322
0000001604,0001335833,063395,061088,066601,066934,061070,033653,-88654
0000001605,0001336667,063395,061088,066601,066934,035282,059550,-88762
0000001606,0001337500,063395,061088,066601,066934,006120,079609,-79659
0000001607,0001338333,063395,061088,066601,066934,-23570,091856,-62217
0000001608,0001339167,063395,061088,066601,066934,-50876,095087,-38142
0000001609,0001340000,063395,061088,066601,066934,-73139,089009,-09801
0000001610,0001340833,063395,061088,066601,066934,-88167,074195,020042
0000001611,0001341667,063395,061088,066601,066934,-94485,052094,048461
0000001612,0001342500,063395,061088,066601,066934,-91495,024882,072682
0000001613,0001343333,063395,061088,066601,066934,-79469,-04789,090327
0000001614,0001344167,063395,061088,066601,066934,-59582,-34008,099659
0000001615,0001345000,063395,061088,066601,066934,-33796,-59922,099787
0000001616,0001345833,063395,061088,066601,066934,-04623,-79985,090678
0000001617,0001346667,063395,061088,066601,066934,025074,-92227,073222
0000001618,0001347500,063395,061088,066601,066934,052393,-95471,049147
0000001619,0001348333,063395,061088,066601,066934,074653,-89378,020795
0000001620,0001349167,063395,061088,066601,066934,089670,-74547,-09053
0000001621,0001350000,063395,061088,066601,066934,095993,-52449,-37475
0000001622,0001350833,063428,061012,066644,066934,093153,-25523,-61561
0000001623,0001351667,063479,060941,066664,066934,081166,004170,-79266
0000001624,0001352500,063542,060884,066658,066934,061338,033420,-88688
0000001625,0001353333,063609,060844,066630,066934,035572,059452,-88954
0000001626,0001354167,063674,060827,066583,066934,006397,079524,-79852
0000001627,0001355000,063729,060834,066521,066934,-23316,091860,-62474
0000001628,0001355833,063768,060863,066453,066934,-50684,095188,-38434
0000001629,0001356667,063786,060913,066385,066934,-73006,089126,-10050
0000001630,0001357500,063781,060978,066324,066934,-88119,074411,019778
0000001631,0001358333,063754,061051,066279,066934,-94534,052347,048256
0000001632,0001359167,063706,061126,066251,066934,-91605,025140,072534
0000001633,0001360000,063642,061195,066247,066934,-79650,-04512,090232
0000001634,0001360833,063567,061252,066265,066934,-59817,-33796,099682
0000001635,0001361667,063488,061292,066304,066934,-34044,-59755,099869
0000001636,0001362500,063411,061311,066362,066934,-04872,-79894,090836
0000001637,0001363333,063345,061306,066433,066934,024856,-92248,073462
0000001638,0001364167,063294,061278,066511,066934,052221,-95545,049394
0000001639,0001365000,063265,061230,066589,066934,074552,-89540,021057
0000001640,0001365833,063259,061167,066659,066934,089659,-74779,-08810
0000001641,0001366667,063276,061094,066714,066934,096053,-52697,-37287
0000001642,0001367500,063315,061019,066750,066934,093133,-25506,-61558
0000001643,0001368333,063372,060949,066763,066934,081168,004181,-79279
0000001644,0001369167,063440,060892,066752,066934,061325,033433,-88688
0000001645,0001370000,063513,060853,066718,066934,035565,059390,-88885
0000001646,0001370833,063582,060837,066666,066934,006395,079529,-79854
0000001647,0001371667,063641,060844,066600,066934,-23326,091848,-62453
0000001648,0001372500,063683,060873,066528,066934,-50692,095176,-38414
0000001649,0001373333,063705,060923,066456,066934,-73023,089171,-10079
0000001650,0001374167,063704,060987,066393,066934,-88124,074403,019791
0000001651,0001375000,063680,061060,066344,066934,-94539,052352,048257
0000001652,0001375833,063635,061135,066314,066934,-91621,025150,072540
0000001653,0001376667,063574,061204,066307,066934,-79651,-04537,090257
0000001654,0001377500,063501,061261,066322,066934,-59822,-33792,099683
0000001655,0001378333,063424,061301,066359,066934,-34056,-59763,099889
0000001656,0001379167,063351,061319,066415,066934,-04880,-79894,090843
0000001657,0001380000,063286,061314,066484,066934,024847,-92229,073452
0000001658,0001380833,063238,061286,066560,066934,052215,-95553,049407
0000001659,0001381667,063211,061237,066636,066934,074540,-89528,021058
0000001660,0001382500,063207,061174,066704,066934,089651,-74772,-08810
0000001661,0001383333,063226,061100,066757,066934,096055,-52710,-37275
0000001662,0001384167,063267,061025,066792,066934,093122,-25502,-61550
0000001663,0001385000,063326,060956,066803,066934,081161,004178,-79269
0000001664,0001385833,063396,060898,066790,066934,061326,033431,-88687
0000001665,0001386667,063470,060859,066755,066934,035558,059391,-88880
0000001666,0001387500,063540,060842,066701,066934,006390,079526,-79847
0000001667,0001388333,063601,060849,066634,066934,-23332,091858,-62457
0000001668,0001389167,063645,060879,066561,066934,-50693,095173,-38410
0000001669,0001390000,063668,060928,066488,066934,-73026,089168,-10072
0000001670,0001390833,063668,060992,066424,066934,-88136,074412,019793
0000001671,0001391667,063645,061065,066374,066934,-94537,052348,048258
0000001672,0001392500,063602,061139,066343,066934,-91624,025149,072545
0000001673,0001393333,063542,061208,066334,066934,-79662,-04533,090265
0000001674,0001394167,063470,061265,066348,066934,-59822,-33790,099681
0000001675,0001395000,063395,061305,066385,066934,-34060,-59761,099890
0000001676,0001395833,063322,061323,066440,066934,-04885,-79898,090852
0000001677,0001396667,063259,061318,066508,066934,024841,-92223,073452
0000001678,0001397500,063211,061290,066583,066934,052211,-95550,049409
0000001679,0001398333,063185,061241,066658,066934,074542,-89536,021063
0000001680,0001399167,063182,061177,066725,066934,089641,-74767,-08804
0000001681,0001400000,063202,061104,066778,066934,096051,-52709,-37273
0000001682,0001400833,063244,061029,066812,066934,093127,-25505,-61552
0000001683,0001401667,063303,060959,066822,066934,081153,004177,-79261
0000001684,0001402500,063374,060902,066809,066934,061323,033432,-88685
0000001685,0001403333,063448,060863,066773,066934,035559,059395,-88885
0000001686,0001404167,063520,060846,066719,066934,006388,079521,-79839
0000001687,0001405000,063581,060852,066651,066934,-23334,091858,-62454
0000001688,0001405833,063625,060881,066577,066934,-50699,095181,-38412
0000001689,0001406667,063649,060931,066504,066934,-73023,089162,-10069
0000001690,0001407500,063650,060995,066439,066934,-88137,074412,019795
0000001691,0001408333,063628,061067,066389,066934,-94547,052353,048263
0000001692,0001409167,063585,061142,066357,066934,-91620,025149,072541
0000001693,0001410000,063525,061211,066348,066934,-79664,-04533,090266
0000001694,0001410833,063455,061268,066362,066934,-59829,-33791,099690
0000001695,0001411667,063379,061307,066398,066934,-34060,-59756,099885
0000001696,0001412500,063307,061325,066452,066934,-04887,-79897,090853
0000001697,0001413333,063244,061320,066520,066934,024840,-92230,073459
0000001698,0001414167,063198,061292,066595,066934,052205,-95543,049408
0000001699,0001415000,063172,061243,066669,066934,074539,-89535,021065
0000001700,0001415833,063169,061179,066736,066934,089646,-74773,-08803
0000001701,0001416667,063190,061106,066789,066934,096042,-52705,-37267
0000001702,0001417500,063232,061031,066822,066934,093124,-25505,-61550
0000001703,0001418333,063291,060961,066832,066934,081159,004177,-79266
0000001704,0001419167,063362,060903,066818,066934,061317,033429,-88676
0000001705,0001420000,063437,060864,066782,066934,035558,059395,-88883
0000001706,0001420833,063509,060847,066728,066934,006387,079528,-79845
0000001707,0001421667,063571,060854,066660,066934,-23333,091851,-62448
0000001708,0001422500,063616,060883,066586,066934,-50700,095180,-38411
0000001709,0001423333,063640,060932,066512,066934,-73030,089170,-10070
0000001710,0001424167,063641,060996,066447,066934,-88132,074407,019795
0000001711,0001425000,063619,061069,066396,066934,-94547,052353,048263
0000001712,0001425833,063576,061143,066365,066934,-91629,025151,072547
0000001713,0001426667,063517,061212,066355,066934,-79659,-04532,090261
0000001714,0001427500,063446,061269,066369,066934,-59830,-33791,099690
0000001715,0001428333,063371,061308,066404,066934,-34064,-59760,099893
0000001716,0001429167,063299,061326,066459,066934,-04888,-79890,090848
0000001717,0001430000,063237,061321,066526,066934,024839,-92229,073460
0000001718,0001430833,063190,061293,066601,066934,052208,-95551,049413
0000001719,0001431667,063165,061244,066675,066934,074532,-89528,021066
0000001720,0001432500,063162,061180,066742,066934,089644,-74773,-08802
0000001721,0001433333,063183,061107,066794,066934,096049,-52710,-37270
0000001722,0001434167,063225,061032,066827,066934,093117,-25503,-61544
0000001723,0001435000,063285,060962,066837,066934,081158,004177,-79265
0000001724,0001435833,063356,060904,066824,066934,061322,033431,-88684
0000001725,0001436667,063432,060865,066787,066934,035555,059390,-88875
0000001726,0001437500,063504,060848,066733,066934,006387,079527,-79844
0000001727,0001438333,063565,060854,066665,066934,-23335,091859,-62454
0000001728,0001439167,063610,060884,066590,066934,-50696,095173,-38407
0000001729,0001440000,063635,060933,066517,066934,-73030,089169,-10070
0000001730,0001440833,063636,060997,066451,066934,-88140,074413,019796
0000001731,0001441667,063614,061070,066400,066934,-94541,052350,048260
0000001732,0001442500,063572,061144,066368,066934,-91628,025151,072547
0000001733,0001443333,063512,061213,066359,066934,-79667,-04532,090268
0000001734,0001444167,063442,061270,066372,066934,-59826,-33788,099683
0000001735,0001445000,063367,061309,066408,066934,-34064,-59759,099893
0000001736,0001445833,063295,061327,066462,066934,-04890,-79896,090856
0000001737,0001446667,063233,061322,066530,066934,024836,-92222,073455
0000001738,0001447500,063187,061293,066604,066934,052206,-95550,049413
0000001739,0001448333,063161,061245,066678,066934,074538,-89536,021068
0000001740,0001449167,063158,061181,066745,066934,089637,-74768,-08800
0000001741,0001450000,063179,061107,066797,066934,096048,-52710,-37268
0000001742,0001450833,063222,061032,066830,066934,093124,-25506,-61549
0000001743,0001451667,063282,060962,066840,066934,081152,004176,-79258
0000001744,0001452500,063353,060905,066826,066934,061321,033431,-88683
0000001745,0001453333,063428,060866,066790,066934,035558,059395,-88883
0000001746,0001454167,063501,060848,066735,066934,006387,079521,-79838
0000001747,0001455000,063562,060855,066667,066934,-23335,091858,-62453
0000001748,0001455833,063607,060884,066593,066934,-50701,095182,-38411
0000001749,0001456667,063632,060933,066519,066934,-73025,089163,-10069
0000001750,0001457500,063633,060997,066454,066934,-88139,074413,019796
0000001751,0001458333,063612,061070,066402,066934,-94549,052354,048264
0000001752,0001459167,063569,061144,066371,066934,-91622,025150,072542
0000001753,0001460000,063510,061213,066361,066934,-79666,-04531,090267
0000001754,0001460833,063440,061270,066374,066934,-59832,-33790,099691
0000001755,0001461667,063365,061309,066410,066934,-34063,-59754,099886
0000001756,0001462500,063293,061327,066464,066934,-04890,-79895,090855
0000001757,0001463333,063231,061322,066531,066934,024837,-92229,073462
0000001758,0001464167,063185,061294,066606,066934,052202,-95543,049411
0000001759,0001465000,063159,061245,066680,066934,074536,-89535,021068
0000001760,0001465833,063157,061181,066747,066934,089644,-74774,-08800
0000001761,0001466667,063178,061108,066799,066934,096041,-52707,-37265
0000001762,0001467500,063220,061032,066832,066934,093124,-25506,-61548
0000001763,0001468333,063280,060962,066842,066934,081158,004176,-79264
0000001764,0001469167,063351,060905,066828,066934,061317,033428,-88675
0000001765,0001470000,063427,060866,066791,066934,035558,059394,-88882
0000001766,0001470833,063499,060849,066737,066934,006387,079528,-79845
0000001767,0001471667,063561,060855,066668,066934,-23333,091851,-62448
0000001768,0001472500,063606,060884,066594,066934,-50701,095181,-38411
0000001769,0001473333,063631,060933,066520,066934,-73031,089171,-10070
0000001770,0001474167,063632,060997,066455,066934,-88133,074407,019795
0000001771,0001475000,063610,061070,066404,066934,-94548,052354,048264
0000001772,0001475833,063568,061144,066372,066934,-91630,025152,072547
0000001773,0001476667,063509,061213,066362,066934,-79661,-04531,090261
0000001774,0001477500,063438,061270,066375,066934,-59832,-33789,099691
0000001775,0001478333,063364,061310,066411,066934,-34066,-59759,099894
0000001776,0001479167,063292,061327,066465,066934,-04890,-79889,090849
0000001777,0001480000,063230,061322,066532,066934,024836,-92228,073461
0000001778,0001480833,063184,061294,066607,066934,052205,-95551,049415
0000001779,0001481667,063158,061245,066681,066934,074530,-89529,021068
0000001780,0001482500,063156,061181,066748,066934,089643,-74774,-08800
0000001781,0001483333,063177,061108,066800,066934,096048,-52711,-37268
0000001782,0001484167,063219,061032,066832,066934,093117,-25505,-61542
0000001783,0001485000,063279,060963,066842,066934,081158,004175,-79264
0000001784,0001485833,063350,060905,066828,066934,061323,033430,-88683
0000001785,0001486667,063426,060866,066792,066934,035555,059390,-88875
0000001786,0001487500,063498,060849,066737,066934,006387,079527,-79845
0000001787,0001488333,063560,060855,066669,066934,-23335,091859,-62454
0000001788,0001489167,063605,060884,066595,066934,-50697,095174,-38408
0000001789,0001490000,063630,060933,066521,066934,-73031,089170,-10070
0000001790,0001490833,063631,060997,066455,066934,-88140,074414,019796
0000001791,0001491667,063610,061070,066404,066934,-94541,052350,048260
0000001792,0001492500,063567,061145,066372,066934,-91629,025152,072547
0000001793,0001493333,063508,061214,066363,066934,-79667,-04531,090268
0000001794,0001494167,063438,061270,066376,066934,-59827,-33787,099684
0000001795,0001495000,063363,061310,066411,066934,-34066,-59758,099893
0000001796,0001495833,063291,061328,066466,066934,-04891,-79895,090856
0000001797,0001496667,063229,061322,066533,066934,024834,-92221,073456
0000001798,0001497500,063183,061294,066607,066934,052205,-95550,049415
0000001799,0001498333,063157,061245,066682,066934,074536,-89536,021070
0000001800,0001499167,063155,061181,066748,066934,089636,-74768,-08798
0000001801,0001500000,063176,061108,066800,066934,096048,-52711,-37267
0000001802,0001500833,063219,061032,066833,066934,093125,-25507,-61548
0000001803,0001501667,063279,060963,066843,066934,081152,004175,-79257
0000001804,0001502500,063350,060905,066829,066934,061322,033430,-88682
0000001805,0001503333,063425,060866,066793,066934,035558,059395,-88884
0000001806,0001504167,063498,060849,066738,066934,006387,079521,-79838
0000001807,0001505000,063559,060855,066670,066934,-23335,091858,-62454
0000001808,0001505833,063605,060884,066595,066934,-50701,095182,-38412
0000001809,0001506667,063629,060933,066521,066934,-73025,089164,-10069
0000001810,0001507500,063631,060997,066456,066934,-88140,074413,019796
0000001811,0001508333,063609,061070,066405,066934,-94549,052355,048264
0000001812,0001509167,063567,061145,066373,066934,-91622,025150,072541
0000001813,0001510000,063508,061214,066363,066934,-79667,-04531,090267
0000001814,0001510833,063437,061270,066376,066934,-59833,-33789,099691
0000001815,0001511667,063363,061310,066412,066934,-34063,-59753,099886
0000001816,0001512500,063291,061328,066466,066934,-04891,-79895,090855
0000001817,0001513333,063229,061322,066533,066934,024836,-92229,073462
0000001818,0001514167,063183,061294,066608,066934,052200,-95543,049412
0000001819,0001515000,063157,061245,066682,066934,074535,-89535,021070
0000001820,0001515833,063155,061181,066748,066934,089643,-74775,-08799
0000001821,0001516667,063176,061108,066800,066934,096040,-52707,-37263
0000001822,0001517500,063219,061033,066833,066934,093124,-25507,-61547
0000001823,0001518333,063279,060963,066843,066934,081159,004175,-79264
0000001824,0001519167,063350,060905,066829,066934,061318,033427,-88676
0000001825,0001520000,063425,060866,066793,066934,035558,059394,-88883
0000001826,0001520833,063497,060849,066738,066934,006388,079528,-79846
0000001827,0001521667,063559,060855,066670,066934,-23333,091852,-62449
0000001828,0001522500,063605,060884,066595,066934,-50701,095181,-38411
0000001829,0001523333,063629,060933,066522,066934,-73031,089171,-10070
0000001830,0001524167,063631,060997,066456,066934,-88133,074408,019795
0000001831,0001525000,063609,061070,066405,066934,-94549,052354,048264
0000001832,0001525833,063567,061145,066373,066934,-91630,025153,072547
0000001833,0001526667,063508,061214,066363,066934,-79661,-04530,090261
0000001834,0001527500,063437,061270,066376,066934,-59832,-33789,099690
0000001835,0001528333,063363,061310,066412,066934,-34066,-59758,099894
0000001836,0001529167,063291,061328,066466,066934,-04891,-79889,090849
0000001837,0001530000,063229,061322,066533,066934,024835,-92228,073462
0000001838,0001530833,063183,061294,066608,066934,052205,-95550,049416
0000001839,0001531667,063157,061245,066682,066934,074530,-89529,021069
0000001840,0001532500,063155,061181,066748,066934,089643,-74774,-08799
0000001841,0001533333,063176,061108,066800,066934,096048,-52712,-37267
0000001842,0001534167,063219,061033,066833,066934,093117,-25506,-61542
0000001843,0001535000,063278,060963,066843,066934,081158,004175,-79264
0000001844,0001535833,063350,060905,066829,066934,061323,033430,-88683
0000001845,0001536667,063425,060866,066793,066934,035556,059390,-88876
0000001846,0001537500,063497,060849,066738,066934,006387,079527,-79845
0000001847,0001538333,063559,060855,066670,066934,-23335,091859,-62455
0000001848,0001539167,063604,060884,066595,066934,-50697,095174,-38408
0000001849,0001540000,063629,060933,066522,066934,-73031,089170,-10070
0000001850,0001540833,063631,060997,066456,066934,-88141,074414,019796
0000001851,0001541667,063609,061070,066405,066934,-94542,052350,048261
0000001852,0001542500,063567,061145,066373,066934,-91629,025152,072547
0000001853,0001543333,063508,061214,066363,066934,-79668,-04531,090268
0000001854,0001544167,063437,061270,066377,066934,-59827,-33786,099683
0000001855,0001545000,063362,061310,066412,066934,-34066,-59758,099893
0000001856,0001545833,063291,061328,066466,066934,-04892,-79895,090856
0000001857,0001546667,063229,061322,066534,066934,024834,-92221,073457
0000001858,0001547500,063183,061294,066608,066934,052204,-95550,049415
0000001859,0001548333,063157,061245,066682,066934,074536,-89536,021070
0000001860,0001549167,063155,061181,066748,066934,089636,-74769,-08798
0000001861,0001550000,063176,061108,066801,066934,096048,-52712,-37266
0000001862,0001550833,063219,061032,066833,066934,093125,-25508,-61547
0000001863,0001551667,063278,060963,066843,066934,081152,004174,-79257
0000001864,0001552500,063350,060905,066829,066934,061323,033430,-88683
0000001865,0001553333,063425,060866,066793,066934,035559,059395,-88884
0000001866,0001554167,063497,060849,066738,066934,006387,079521,-79839
0000001867,0001555000,063559,060855,066670,066934,-23335,091859,-62454
0000001868,0001555833,063604,060884,066595,066934,-50701,095182,-38412
0000001869,0001556667,063629,060933,066522,066934,-73026,089164,-10069
0000001870,0001557500,063631,060997,066456,066934,-88140,074413,019796
0000001871,0001558333,063609,061070,066405,066934,-94550,052355,048264
0000001872,0001559167,063567,061145,066373,066934,-91622,025150,072542
0000001873,0001560000,063508,061214,066363,066934,-79667,-04531,090267
0000001874,0001560833,063437,061270,066377,066934,-59832,-33789,099691
0000001875,0001561667,063362,061310,066412,066934,-34063,-59753,099886
0000001876,0001562500,063291,061327,066466,066934,-04891,-79894,090855
0000001877,0001563333,063229,061322,066534,066934,024835,-92228,073462
0000001878,0001564167,063183,061294,066608,066934,052200,-95542,049412
0000001879,0001565000,063157,061245,066682,066934,074535,-89535,021070
0000001880,0001565833,063155,061181,066748,066934,089643,-74775,-08799
0000001881,0001566667,063176,061108,066801,066934,096041,-52708,-37263
0000001882,0001567500,063219,061032,066833,066934,093124,-25508,-61547
0000001883,0001568333,063278,060963,066843,066934,081159,004175,-79264
0000001884,0001569167,063350,060905,066829,066934,061318,033427,-88676
0000001885,0001570000,063425,060866,066793,066934,035558,059394,-88883
0000001886,0001570833,063497,060849,066738,066934,006387,079528,-79846
0000001887,0001571667,063559,060855,066670,066934,-23334,091852,-62449
0000001888,0001572500,063604,060884,066595,066934,-50701,095182,-38411
0000001889,0001573333,063629,060933,066522,066934,-73032,089171,-10070
0000001890,0001574167,063631,060997,066456,066934,-88134,074408,019795
0000001891,0001575000,063609,061070,066405,066934,-94549,052354,048264
0000001892,0001575833,063567,061145,066373,066934,-91630,025152,072547
0000001893,0001576667,063508,061214,066363,066934,-79661,-04531,090261
0000001894,0001577500,063437,061270,066377,066934,-59832,-33789,099690
0000001895,0001578333,063362,061310,066412,066934,-34066,-59758,099894
0000001896,0001579167,063291,061327,066466,066934,-04891,-79888,090849
0000001897,0001580000,063229,061322,066534,066934,024835,-92227,073462
0000001898,0001580833,063183,061294,066608,066934,052204,-95550,049415
0000001899,0001581667,063157,061245,066682,066934,074530,-89529,021069
0000001900,0001582500,063155,061181,066748,066934,089643,-74774,-08799
0000001901,0001583333,063176,061108,066801,066934,096049,-52712,-37267
0000001902,0001584167,063219,061032,066833,066934,093117,-25506,-61542
0000001903,0001585000,063278,060963,066843,066934,081159,004175,-79264
0000001904,0001585833,063350,060905,066829,066934,061323,033430,-88684
0000001905,0001586667,063425,060866,066793,066934,035556,059390,-88876
0000001906,0001587500,063497,060849,066738,066934,006387,079528,-79845
0000001907,0001588333,063559,060855,066670,066934,-23336,091860,-62455
0000001908,0001589167,063605,060884,066596,066934,-50698,095175,-38408
0000001909,0001590000,063629,060933,066522,066934,-73032,089171,-10069
0000001910,0001590833,063631,060997,066456,066934,-88141,074414,019797
0000001911,0001591667,063609,061070,066405,066934,-94542,052350,048261
0000001912,0001592500,063567,061144,066373,066934,-91629,025151,072547
0000001913,0001593333,063508,061214,066363,066934,-79667,-04531,090268
0000001914,0001594167,063437,061270,066377,066934,-59827,-33787,099683
0000001915,0001595000,063362,061310,066412,066934,-34066,-59758,099893
0000001916,0001595833,063291,061327,066466,066934,-04891,-79895,090856
0000001917,0001596667,063229,061322,066534,066934,024834,-92221,073456
0000001918,0001597500,063183,061294,066608,066934,052204,-95549,049415
0000001919,0001598333,063157,061245,066682,066934,074536,-89536,021070
0000001920,0001599167,063155,061181,066748,066934,089636,-74769,-08798
0000001921,0001600000,063176,061108,066800,066934,096048,-52712,-37267
0000001922,0001600833,063219,061032,066833,066934,093125,-25508,-61548
0000001923,0001601667,063279,060963,066843,066934,081153,004175,-79258
0000001924,0001602500,063350,060905,066829,066934,061323,033430,-88683
0000001925,0001603333,063425,060866,066793,066934,035559,059395,-88884
0000001926,0001604167,063497,060849,066738,066934,006386,079522,-79839
0000001927,0001605000,063559,060855,066670,066934,-23336,091859,-62454
0000001928,0001605833,063605,060884,066596,066934,-50702,095183,-38411
0000001929,0001606667,063629,060933,066522,066934,-73026,089164,-10068
0000001930,0001607500,063631,060997,066456,066934,-88141,074413,019797
0000001931,0001608333,063609,061070,066405,066934,-94550,052354,048265
0000001932,0001609167,063567,061144,066373,066934,-91622,025149,072542
0000001933,0001610000,063508,061214,066363,066934,-79666,-04532,090268
0000001934,0001610833,063437,061270,066377,066934,-59832,-33790,099691
0000001935,0001611667,063362,061310,066412,066934,-34063,-59754,099886
0000001936,0001612500,063291,061327,066466,066934,-04891,-79895,090855
0000001937,0001613333,063229,061322,066534,066934,024836,-92228,073462
0000001938,0001614167,063183,061293,066608,066934,052200,-95542,049411
0000001939,0001615000,063157,061245,066682,066934,074535,-89535,021070
0000001940,0001615833,063155,061181,066748,066934,089643,-74775,-08799
0000001941,0001616667,063176,061108,066800,066934,096041,-52708,-37264
0000001942,0001617500,063219,061032,066833,066934,093124,-25507,-61547
0000001943,0001618333,063279,060963,066843,066934,081159,004175,-79265
0000001944,0001619167,063350,060905,066829,066934,061318,033428,-88676
0000001945,0001620000,063425,060866,066793,066934,035558,059395,-88884
0000001946,0001620833,063497,060849,066738,066934,006387,079529,-79846
0000001947,0001621667,063559,060855,066670,066934,-23335,091853,-62449
0000001948,0001622500,063605,060884,066596,066934,-50702,095182,-38410
0000001949,0001623333,063629,060933,066522,066934,-73033,089171,-10069
0000001950,0001624167,063631,060997,066456,066934,-88134,074407,019796
0000001951,0001625000,063610,061070,066405,066934,-94549,052353,048265
0000001952,0001625833,063567,061144,066373,066934,-91630,025151,072548
0000001953,0001626667,063508,061213,066363,066934,-79660,-04532,090261
0000001954,0001627500,063437,061270,066376,066934,-59831,-33790,099690
0000001955,0001628333,063362,061310,066412,066934,-34065,-59759,099894
0000001956,0001629167,063291,061327,066466,066934,-04890,-79889,090848
0000001957,0001630000,063229,061322,066534,066934,024836,-92228,073461
0000001958,0001630833,063183,061293,066608,066934,052205,-95550,049415
0000001959,0001631667,063157,061245,066682,066934,074530,-89529,021068
0000001960,0001632500,063155,061181,066748,066934,089643,-74774,-08799
0000001961,0001633333,063176,061108,066800,066934,096049,-52712,-37267
0000001962,0001634167,063219,061032,066833,066934,093117,-25505,-61543
0000001963,0001635000,063279,060963,066843,066934,081159,004175,-79264
0000001964,0001635833,063350,060905,066829,066934,061323,033431,-88684
0000001965,0001636667,063425,060866,066793,066934,035555,059391,-88877
0000001966,0001637500,063497,060849,066738,066934,006386,079529,-79845
0000001967,0001638333,063559,060855,066670,066934,-23337,091861,-62454
0000001968,0001639167,063605,060884,066596,066934,-50699,095175,-38407
0000001969,0001640000,063629,060933,066522,066934,-73033,089170,-10068
0000001970,0001640833,063631,060997,066456,066934,-88142,074413,019798
0000001971,0001641667,063610,061070,066405,066934,-94542,052349,048262
0000001972,0001642500,063567,061144,066373,066934,-91629,025150,072548
0000001973,0001643333,063508,061213,066363,066934,-79667,-04533,090269
0000001974,0001644167,063437,061270,066376,066934,-59826,-33788,099684
0000001975,0001645000,063363,061310,066412,066934,-34065,-59759,099893
0000001976,0001645833,063291,061327,066466,066934,-04890,-79896,090855
0000001977,0001646667,063229,061322,066534,066934,024834,-92221,073456
0000001978,0001647500,063183,061293,066608,066934,052205,-95549,049414
0000001979,0001648333,063157,061245,066682,066934,074536,-89536,021069
0000001980,0001649167,063155,061181,066748,066934,089636,-74768,-08798
0000001981,0001650000,063176,061108,066800,066934,096048,-52711,-37267
0000001982,0001650833,063219,061032,066833,066934,093125,-25507,-61548
0000001983,0001651667,063279,060963,066843,066934,081152,004175,-79258
0000001984,0001652500,063350,060905,066829,066934,061322,033431,-88684
0000001985,0001653333,063425,060866,066793,066934,035558,059396,-88885
0000001986,0001654167,063497,060849,066738,066934,006385,079523,-79839
0000001987,0001655000,063559,060855,066670,066934,-23337,091860,-62453
0000001988,0001655833,063605,060884,066596,066934,-50703,095183,-38410
0000001989,0001656667,063629,060933,066522,066934,-73027,089164,-10067
0000001990,0001657500,063631,060997,066456,066934,-88141,074412,019798
0000001991,0001658333,063610,061070,066405,066934,-94550,052353,048266
0000001992,0001659167,063567,061144,066373,066934,-91622,025148,072543
0000001993,0001660000,063508,061213,066363,066934,-79666,-04533,090268
0000001994,0001660833,063437,061270,066376,066934,-59831,-33791,099691
0000001995,0001661667,063363,061310,066412,066934,-34062,-59754,099886
0000001996,0001662500,063291,061327,066466,066934,-04890,-79895,090854
0000001997,0001663333,063229,061322,066534,066934,024837,-92228,073461
0000001998,0001664167,063183,061293,066608,066934,052201,-95542,049411
0000001999,0001665000,063157,061245,066682,066934,074536,-89535,021069
0000002000,0001665833,063155,061181,066748,066934,089644,-74774,-08800
0000002001,0001666667,063176,061107,066800,066934,096041,-52707,-37264
0000002002,0001667500,063219,061032,066833,066934,093124,-25507,-61548
0000002003,0001668333,063279,060963,066843,066934,081159,004176,-79266
0000002004,0001669167,063350,060905,066829,066934,061318,033429,-88677
0000002005,0001670000,063425,060866,066793,066934,035557,059396,-88884
0000002006,0001670833,063497,060849,066738,066934,006386,079530,-79846
0000002007,0001671667,063559,060855,066670,066934,-23336,091854,-62448
0000002008,0001672500,063605,060884,066596,066934,-50704,095182,-38409
0000002009,0001673333,063629,060933,066522,066934,-73034,089171,-10068
0000002010,0001674167,063631,060997,066456,066934,-88135,074407,019798
0000002011,0001675000,063610,061070,066405,066934,-94549,052352,048267
0000002012,0001675833,063567,061144,066373,066934,-91630,025150,072549
0000002013,0001676667,063508,061213,066363,066934,-79659,-04533,090262
0000002014,0001677500,063437,061270,066376,066934,-59830,-33791,099691
0000002015,0001678333,063363,061310,066412,066934,-34064,-59760,099893
0000002016,0001679167,063291,061327,066466,066934,-04889,-79889,090848
0000002017,0001680000,063229,061322,066534,066934,024837,-92228,073460
0000002018,0001680833,063183,061293,066608,066934,052206,-95550,049414
0000002019,0001681667,063157,061245,066682,066934,074530,-89528,021067
0000002020,0001682500,063155,061181,066748,066934,089643,-74773,-08800
0000002021,0001683333,063176,061107,066800,066934,096049,-52711,-37268
0000002022,0001684167,063219,061032,066833,066934,093117,-25504,-61543
0000002023,0001685000,063279,060963,066843,066934,081158,004176,-79265
0000002024,0001685833,063350,060905,066829,066934,061322,033432,-88685
0000002025,0001686667,063425,060866,066793,066934,035554,059392,-88877
0000002026,0001687500,063497,060849,066738,066934,006385,079530,-79845
0000002027,0001688333,063559,060855,066670,066934,-23338,091861,-62454
0000002028,0001689167,063605,060884,066596,066934,-50700,095175,-38406
0000002029,0001690000,063630,060933,066522,066934,-73034,089170,-10067
0000002030,0001690833,063631,060997,066456,066934,-88143,074413,019800
0000002031,0001691667,063610,061070,066405,066934,-94542,052348,048264
0000002032,0001692500,063567,061144,066373,066934,-91629,025149,072549
0000002033,0001693333,063508,061213,066363,066934,-79666,-04534,090269
0000002034,0001694167,063437,061270,066376,066934,-59825,-33789,099684
0000002035,0001695000,063363,061310,066412,066934,-34063,-59760,099892
0000002036,0001695833,063291,061327,066466,066934,-04889,-79896,090855
0000002037,0001696667,063229,061322,066534,066934,024836,-92221,073455
0000002038,0001697500,063183,061293,066608,066934,052206,-95549,049413
0000002039,0001698333,063157,061245,066682,066934,074537,-89536,021068
0000002040,0001699167,063155,061181,066748,066934,089637,-74768,-08799
0000002041,0001700000,063176,061107,066800,066934,096048,-52710,-37268
0000002042,0001700833,063219,061032,066833,066934,093125,-25506,-61549
0000002043,0001701667,063279,060963,066843,066934,081152,004176,-79259
0000002044,0001702500,063350,060905,066829,066934,061321,033432,-88684
0000002045,0001703333,063425,060866,066793,066934,035557,059398,-88885
0000002046,0001704167,063497,060849,066738,066934,006384,079524,-79839
0000002047,0001705000,063559,060855,066670,066934,-23339,091861,-62453
0000002048,0001705833,063605,060884,066596,066934,-50705,095184,-38409
0000002049,0001706667,063630,060933,066522,066934,-73029,089164,-10065
0000002050,0001707500,063631,060997,066456,066934,-88142,074412,019800
0000002051,0001708333,063610,061070,066405,066934,-94550,052352,048268
0000002052,0001709167,063567,061144,066373,066934,-91622,025147,072545
0000002053,0001710000,063508,061213,066363,066934,-79665,-04535,090269
0000002054,0001710833,063437,061270,066376,066934,-59830,-33792,099692
0000002055,0001711667,063363,061310,066412,066934,-34060,-59756,099885
0000002056,0001712500,063291,061327,066466,066934,-04888,-79896,090854
0000002057,0001713333,063229,061322,066534,066934,024838,-92229,073460
0000002058,0001714167,063183,061293,066608,066934,052202,-95542,049410
0000002059,0001715000,063157,061245,066682,066934,074537,-89535,021068
0000002060,0001715833,063155,061181,066748,066934,089644,-74774,-08801
0000002061,0001716667,063176,061107,066800,066934,096041,-52706,-37265
0000002062,0001717500,063219,061032,066833,066934,093124,-25505,-61549
0000002063,0001718333,063279,060963,066843,066934,081159,004177,-79266
0000002064,0001719167,063350,060905,066829,066934,061317,033430,-88677
0000002065,0001720000,063425,060866,066793,066934,035556,059398,-88884
0000002066,0001720833,063497,060849,066738,066934,006384,079531,-79846
0000002067,0001721667,063559,060855,066670,066934,-23338,091854,-62447
0000002068,0001722500,063605,060884,066596,066934,-50705,095183,-38408
0000002069,0001723333,063630,060933,066522,066934,-73035,089171,-10066
0000002070,0001724167,063631,060997,066456,066934,-88136,074406,019800
0000002071,0001725000,063610,061070,066405,066934,-94550,052351,048268
0000002072,0001725833,063567,061144,066372,066934,-91629,025148,072551
0000002073,0001726667,063508,061213,066363,066934,-79659,-04535,090263
0000002074,0001727500,063437,061270,066376,066934,-59829,-33793,099691
0000002075,0001728333,063363,061310,066412,066934,-34063,-59761,099893
0000002076,0001729167,063291,061327,066466,066934,-04888,-79890,090847
0000002077,0001730000,063229,061322,066534,066934,024838,-92228,073459
0000002078,0001730833,063183,061293,066608,066934,052207,-95550,049413
0000002079,0001731667,063158,061245,066682,066934,074531,-89528,021066
0000002080,0001732500,063155,061181,066748,066934,089644,-74773,-08801
0000002081,0001733333,063177,061107,066800,066934,096049,-52710,-37269
0000002082,0001734167,063219,061032,066833,066934,093117,-25503,-61544
0000002083,0001735000,063279,060962,066843,066934,081158,004178,-79266
0000002084,0001735833,063350,060905,066829,066934,061322,033433,-88686
0000002085,0001736667,063425,060866,066793,066934,035553,059394,-88877
0000002086,0001737500,063497,060849,066738,066934,006383,079531,-79845
0000002087,0001738333,063559,060855,066670,066934,-23340,091862,-62453
0000002088,0001739167,063605,060884,066596,066934,-50702,095176,-38405
0000002089,0001740000,063630,060933,066522,066934,-73035,089170,-10065
0000002090,0001740833,063631,060997,066456,066934,-88144,074412,019801
0000002091,0001741667,063610,061070,066405,066934,-94543,052347,048265
0000002092,0001742500,063567,061144,066372,066934,-91628,025147,072551
0000002093,0001743333,063508,061213,066363,066934,-79665,-04536,090270
0000002094,0001744167,063437,061270,066376,066934,-59824,-33791,099684
0000002095,0001745000,063363,061310,066412,066934,-34062,-59761,099892
0000002096,0001745833,063291,061327,066466,066934,-04888,-79897,090854
0000002097,0001746667,063229,061322,066534,066934,024837,-92221,073454
0000002098,0001747500,063183,061293,066608,066934,052207,-95549,049412
0000002099,0001748333,063158,061244,066682,066934,074538,-89535,021067
0000002100,0001749167,063155,061180,066748,066934,089637,-74767,-08801
0000002101,0001750000,063177,061107,066800,066934,096048,-52709,-37270
0000002102,0001750833,063219,061032,066833,066934,093125,-25505,-61550
0000002103,0001751667,063279,060962,066843,066934,081152,004178,-79260
0000002104,0001752500,063350,060905,066829,066934,061321,033434,-88685
0000002105,0001753333,063425,060866,066793,066934,035556,059399,-88885
0000002106,0001754167,063498,060849,066738,066934,006383,079525,-79838
0000002107,0001755000,063559,060855,066670,066934,-23341,091862,-62452
0000002108,0001755833,063605,060884,066595,066934,-50706,095184,-38408
0000002109,0001756667,063630,060933,066522,066934,-73030,089163,-10064
0000002110,0001757500,063631,060997,066456,066934,-88143,074411,019802
0000002111,0001758333,063610,061070,066405,066934,-94551,052351,048270
0000002112,0001759167,063567,061144,066372,066934,-91621,025145,072546
0000002113,0001760000,063508,061213,066363,066934,-79664,-04536,090270
0000002114,0001760833,063438,061270,066376,066934,-59828,-33794,099692
0000002115,0001761667,063363,061310,066412,066934,-34059,-59757,099885
0000002116,0001762500,063291,061327,066466,066934,-04887,-79896,090853
0000002117,0001763333,063229,061322,066534,066934,024839,-92229,073459
0000002118,0001764167,063183,061293,066608,066934,052203,-95542,049408
0000002119,0001765000,063158,061244,066682,066934,074537,-89534,021066
0000002120,0001765833,063155,061180,066748,066934,089645,-74773,-08802
0000002121,0001766667,063177,061107,066800,066934,096041,-52705,-37267
0000002122,0001767500,063219,061032,066833,066934,093124,-25504,-61550
0000002123,0001768333,063279,060962,066843,066934,081158,004179,-79267
0000002124,0001769167,063350,060905,066829,066934,061316,033432,-88678
0000002125,0001770000,063425,060866,066793,066934,035555,059399,-88884
0000002126,0001770833,063498,060849,066738,066934,006383,079532,-79845
0000002127,0001771667,063559,060855,066670,066934,-23339,091855,-62446
0000002128,0001772500,063605,060884,066595,066934,-50707,095183,-38407
0000002129,0001773333,063630,060933,066522,066934,-73037,089171,-10065
0000002130,0001774167,063631,060997,066456,066934,-88137,074405,019801
0000002131,0001775000,063610,061070,066405,066934,-94550,052350,048270
0000002132,0001775833,063568,061144,066372,066934,-91629,025147,072552
0000002133,0001776667,063508,061213,066363,066934,-79658,-04537,090264
0000002134,0001777500,063438,061270,066376,066934,-59827,-33794,099691
0000002135,0001778333,063363,061310,066412,066934,-34061,-59762,099893
0000002136,0001779167,063291,061327,066466,066934,-04886,-79891,090846
0000002137,0001780000,063229,061322,066534,066934,024840,-92228,073458
0000002138,0001780833,063183,061293,066608,066934,052208,-95550,049412
0000002139,0001781667,063158,061244,066682,066934,074532,-89527,021065
0000002140,0001782500,063155,061180,066748,066934,089644,-74772,-08803
0000002141,0001783333,063177,061107,066800,066934,096049,-52709,-37271
0000002142,0001784167,063219,061032,066833,066934,093117,-25502,-61545
0000002143,0001785000,063279,060962,066843,066934,081157,004179,-79267
0000002144,0001785833,063350,060905,066829,066934,061321,033435,-88686
0000002145,0001786667,063425,060866,066793,066934,035552,059395,-88877
0000002146,0001787500,063498,060849,066738,066934,006382,079532,-79845
0000002147,0001788333,063559,060855,066670,066934,-23342,091863,-62452
0000002148,0001789167,063605,060884,066595,066934,-50703,095176,-38403
0000002149,0001790000,063630,060933,066522,066934,-73036,089170,-10064
0000002150,0001790833,063632,060997,066456,066934,-88144,074411,019803
0000002151,0001791667,063610,061070,066404,066934,-94543,052345,048267
0000002152,0001792500,063568,061144,066372,066934,-91628,025146,072552
0000002153,0001793333,063508,061213,066363,066934,-79664,-04537,090271
0000002154,0001794167,063438,061270,066376,066934,-59822,-33792,099684
0000002155,0001795000,063363,061310,066412,066934,-34060,-59762,099892
0000002156,0001795833,063291,061327,066466,066934,-04886,-79898,090853
0000002157,0001796667,063229,061321,066534,066934,024838,-92221,073453
0000002158,0001797500,063183,061293,066608,066934,052208,-95549,049411
0000002159,0001798333,063158,061244,066682,066934,074538,-89535,021066
0000002160,0001799167,063156,061180,066748,066934,089638,-74766,-08802
0000002161,0001800000,063177,061107,066800,066934,096048,-52708,-37271
0000002162,0001800833,063219,061032,066833,066934,093125,-25504,-61551
0000002163,0001801667,063279,060962,066843,066934,081151,004179,-79261
0000002164,0001802500,063350,060905,066829,066934,061320,033435,-88685
0000002165,0001803333,063425,060866,066793,066934,035554,059400,-88885
0000002166,0001804167,063498,060849,066738,066934,006381,079526,-79838
0000002167,0001805000,063559,060855,066670,066934,-23342,091862,-62451
0000002168,0001805833,063605,060884,066595,066934,-50708,095184,-38407
0000002169,0001806667,063630,060933,066522,066934,-73031,089163,-10062
0000002170,0001807500,063632,060997,066456,066934,-88144,074410,019804
0000002171,0001808333,063610,061070,066404,066934,-94551,052349,048271
0000002172,0001809167,063568,061144,066372,066934,-91621,025143,072547
0000002173,0001810000,063508,061213,066363,066934,-79663,-04538,090271
0000002174,0001810833,063438,061270,066376,066934,-59827,-33795,099692
0000002175,0001811667,063363,061309,066412,066934,-34057,-59758,099885
0000002176,0001812500,063291,061327,066466,066934,-04886,-79897,090852
0000002177,0001813333,063229,061321,066534,066934,024841,-92229,073458
0000002178,0001814167,063183,061293,066608,066934,052204,-95542,049407
0000002179,0001815000,063158,061244,066682,066934,074538,-89534,021065
0000002180,0001815833,063156,061180,066748,066934,089645,-74772,-08803
0000002181,0001816667,063177,061107,066800,066934,096041,-52704,-37268
0000002182,0001817500,063219,061032,066833,066934,093124,-25503,-61551
0000002183,0001818333,063279,060962,066843,066934,081158,004180,-79268
0000002184,0001819167,063350,060905,066829,066934,061315,033433,-88678
0000002185,0001820000,063425,060866,066793,066934,035554,059400,-88884
0000002186,0001820833,063498,060848,066738,066934,006381,079533,-79845
0000002187,0001821667,063559,060855,066670,066934,-23341,091856,-62446
0000002188,0001822500,063605,060884,066595,066934,-50708,095183,-38406
0000002189,0001823333,063630,060933,066522,066934,-73038,089170,-10063
0000002190,0001824167,063632,060997,066456,066934,-88137,074404,019803
0000002191,0001825000,063610,061070,066404,066934,-94550,052348,048271
0000002192,0001825833,063568,061144,066372,066934,-91629,025145,072553
0000002193,0001826667,063508,061213,066363,066934,-79657,-04538,090264
0000002194,0001827500,063438,061270,066376,066934,-59826,-33796,099691
0000002195,0001828333,063363,061309,066412,066934,-34060,-59763,099893
0000002196,0001829167,063291,061327,066466,066934,-04885,-79891,090846
0000002197,0001830000,063229,061321,066534,066934,024841,-92228,073457
0000002198,0001830833,063183,061293,066608,066934,052209,-95550,049410
0000002199,0001831667,063158,061244,066682,066934,074533,-89527,021064
0000002200,0001832500,063156,061180,066748,066934,089645,-74771,-08804
0000002201,0001833333,063177,061107,066800,066934,096049,-52708,-37272
0000002202,0001834167,063219,061032,066833,066934,093117,-25501,-61546
0000002203,0001835000,063279,060962,066843,066934,081157,004180,-79267
0000002204,0001835833,063350,060905,066829,066934,061320,033436,-88686
0000002205,0001836667,063426,060866,066793,066934,035551,059396,-88877
0000002206,0001837500,063498,060848,066738,066934,006381,079533,-79844
0000002207,0001838333,063560,060855,066670,066934,-23343,091864,-62451
0000002208,0001839167,063605,060884,066595,066934,-50705,095176,-38402
0000002209,0001840000,063630,060933,066522,066934,-73037,089169,-10062
0000002210,0001840833,063632,060997,066456,066934,-88145,074410,019804
0000002211,0001841667,063610,061069,066404,066934,-94543,052344,048268
0000002212,0001842500,063568,061144,066372,066934,-91628,025144,072553
0000002213,0001843333,063508,061213,066363,066934,-79663,-04539,090272
0000002214,0001844167,063438,061270,066376,066934,-59821,-33793,099684
0000002215,0001845000,063363,061309,066412,066934,-34059,-59763,099892
0000002216,0001845833,063291,061327,066466,066934,-04885,-79898,090853
0000002217,0001846667,063229,061321,066534,066934,024839,-92222,073452
0000002218,0001847500,063183,061293,066608,066934,052209,-95549,049410
0000002219,0001848333,063158,061244,066682,066934,074539,-89534,021065
0000002220,0001849167,063156,061180,066748,066934,089638,-74766,-08803
0000002221,0001850000,063177,061107,066800,066934,096049,-52707,-37272
0000002222,0001850833,063219,061032,066833,066934,093125,-25503,-61552
0000002223,0001851667,063279,060962,066842,066934,081151,004180,-79261
0000002224,0001852500,063350,060905,066829,066934,061319,033436,-88686
0000002225,0001853333,063426,060866,066793,066934,035553,059401,-88885
0000002226,0001854167,063498,060848,066738,066934,006380,079527,-79838
0000002227,0001855000,063560,060855,066670,066934,-23343,091863,-62450
0000002228,0001855833,063605,060884,066595,066934,-50709,095184,-38405
0000002229,0001856667,063630,060932,066522,066934,-73032,089163,-10061
0000002230,0001857500,063632,060997,066456,066934,-88145,074409,019805
0000002231,0001858333,063610,061069,066404,066934,-94551,052348,048272
0000002232,0001859167,063568,061144,066372,066934,-91621,025142,072548
0000002233,0001860000,063508,061213,066363,066934,-79662,-04539,090271
0000002234,0001860833,063438,061270,066376,066934,-59826,-33797,099692
0000002235,0001861667,063363,061309,066412,066934,-34056,-59759,099884
0000002236,0001862500,063291,061327,066466,066934,-04884,-79898,090852
0000002237,0001863333,063229,061321,066534,066934,024842,-92229,073457
0000002238,0001864167,063183,061293,066608,066934,052205,-95542,049406
0000002239,0001865000,063158,061244,066682,066934,074539,-89533,021064
0000002240,0001865833,063156,061180,066748,066934,089645,-74772,-08804
0000002241,0001866667,063177,061107,066800,066934,096041,-52703,-37269
0000002242,0001867500,063220,061032,066833,066934,093124,-25502,-61552
0000002243,0001868333,063279,060962,066842,066934,081157,004181,-79269
0000002244,0001869167,063350,060905,066829,066934,061314,033434,-88679
0000002245,0001870000,063426,060866,066793,066934,035553,059401,-88884
0000002246,0001870833,063498,060848,066738,066934,006380,079534,-79845
0000002247,0001871667,063560,060855,066670,066934,-23342,091856,-62445
0000002248,0001872500,063605,060884,066595,066934,-50709,095183,-38405
0000002249,0001873333,063630,060932,066522,066934,-73039,089170,-10062
0000002250,0001874167,063632,060997,066456,066934,-88138,074403,019804
0000002251,0001875000,063610,061069,066404,066934,-94550,052347,048272
0000002252,0001875833,063568,061144,066372,066934,-91628,025144,072554
0000002253,0001876667,063508,061213,066363,066934,-79656,-04539,090265
0000002254,0001877500,063438,061270,066376,066934,-59825,-33797,099691
0000002255,0001878333,063363,061309,066412,066934,-34059,-59764,099892
0000002256,0001879167,063291,061327,066466,066934,-04884,-79892,090845
0000002257,0001880000,063229,061321,066534,066934,024842,-92229,073456
0000002258,0001880833,063183,061293,066608,066934,052209,-95550,049410
0000002259,0001881667,063158,061244,066682,066934,074533,-89526,021063
0000002260,0001882500,063156,061180,066748,066934,089645,-74771,-08805
0000002261,0001883333,063177,061107,066800,066934,096049,-52708,-37272
0000002262,0001884167,063220,061032,066833,066934,093117,-25500,-61547
0000002263,0001885000,063279,060962,066842,066934,081156,004181,-79268
0000002264,0001885833,063350,060905,066829,066934,061319,033437,-88687
0000002265,0001886667,063426,060866,066793,066934,035550,059397,-88877
0000002266,0001887500,063498,060848,066738,066934,006380,079534,-79844
0000002267,0001888333,063560,060855,066670,066934,-23344,091864,-62451
0000002268,0001889167,063605,060884,066595,066934,-50706,095176,-38401
0000002269,0001890000,063630,060932,066522,066934,-73038,089169,-10061
0000002270,0001890833,063632,060996,066456,066934,-88146,074409,019806
0000002271,0001891667,063610,061069,066404,066934,-94543,052343,048269
0000002272,0001892500,063568,061144,066372,066934,-91627,025143,072554
0000002273,0001893333,063508,061213,066362,066934,-79663,-04540,090272
0000002274,0001894167,063438,061270,066376,066934,-59820,-33794,099684
0000002275,0001895000,063363,061309,066412,066934,-34058,-59764,099891
0000002276,0001895833,063291,061327,066466,066934,-04884,-79899,090852
0000002277,0001896667,063229,061321,066534,066934,024840,-92222,073451
0000002278,0001897500,063183,061293,066608,066934,052209,-95549,049409
0000002279,0001898333,063158,061244,066682,066934,074539,-89534,021064
0000002280,0001899167,063156,061180,066748,066934,089638,-74765,-08804
0000002281,0001900000,063177,061107,066800,066934,096049,-52707,-37272
0000002282,0001900833,063220,061032,066833,066934,093124,-25502,-61553
0000002283,0001901667,063279,060962,066842,066934,081150,004181,-79262
0000002284,0001902500,063350,060905,066829,066934,061318,033437,-88686
0000002285,0001903333,063426,060866,066793,066934,035553,059402,-88885
0000002286,0001904167,063498,060848,066738,066934,006379,079528,-79838
0000002287,0001905000,063560,060855,066670,066934,-23344,091863,-62450
0000002288,0001905833,063605,060883,066595,066934,-50710,095184,-38405
0000002289,0001906667,063630,060932,066522,066934,-73033,089162,-10060
0000002290,0001907500,063632,060996,066456,066934,-88145,074409,019806
0000002291,0001908333,063610,061069,066404,066934,-94551,052347,048273
0000002292,0001909167,063568,061144,066372,066934,-91620,025141,072549
0000002293,0001910000,063508,061213,066362,066934,-79662,-04540,090271
0000002294,0001910833,063438,061270,066376,066934,-59825,-33797,099692
0000002295,0001911667,063363,061309,066412,066934,-34055,-59759,099884
0000002296,0001912500,063291,061327,066466,066934,-04884,-79898,090851
0000002297,0001913333,063229,061321,066534,066934,024842,-92229,073457
0000002298,0001914167,063183,061293,066608,066934,052206,-95541,049405
0000002299,0001915000,063158,061244,066682,066934,074539,-89533,021063
0000002300,0001915833,063156,061180,066748,066934,089646,-74771,-08805
0000002301,0001916667,063177,061107,066800,066934,096041,-52703,-37269
0000002302,0001917500,063220,061032,066833,066934,093123,-25502,-61552
0000002303,0001918333,063279,060962,066842,066934,081157,004181,-79269
0000002304,0001919167,063350,060905,066829,066934,061314,033435,-88679
0000002305,0001920000,063426,060866,066793,066934,035552,059402,-88884
0000002306,0001920833,063498,060848,066738,066934,006379,079535,-79845
0000002307,0001921667,063560,060855,066670,066934,-23343,091857,-62445
0000002308,0001922500,063605,060883,066595,066934,-50710,095184,-38404
0000002309,0001923333,063630,060932,066522,066934,-73039,089170,-10061
0000002310,0001924167,063632,060996,066456,066934,-88138,074403,019805
0000002311,0001925000,063610,061069,066404,066934,-94550,052347,048273
0000002312,0001925833,063568,061144,066372,066934,-91628,025143,072554
0000002313,0001926667,063508,061213,066362,066934,-79656,-04540,090265
0000002314,0001927500,063438,061270,066376,066934,-59825,-33797,099691
0000002315,0001928333,063363,061309,066412,066934,-34058,-59764,099892
0000002316,0001929167,063291,061327,066466,066934,-04883,-79892,090845
0000002317,0001930000,063229,061321,066534,066934,024842,-92229,073456
0000002318,0001930833,063183,061293,066608,066934,052210,-95549,049409
0000002319,0001931667,063158,061244,066682,066934,074533,-89526,021062
0000002320,0001932500,063156,061180,066748,066934,089645,-74770,-08805
0000002321,0001933333,063177,061107,066800,066934,096049,-52707,-37273
0000002322,0001934167,063220,061032,066832,066934,093117,-25500,-61547
0000002323,0001935000,063279,060962,066842,066934,081156,004182,-79268
0000002324,0001935833,063350,060905,066829,066934,061319,033437,-88687
0000002325,0001936667,063426,060866,066793,066934,035549,059397,-88877
0000002326,0001937500,063498,060848,066738,066934,006379,079534,-79844
0000002327,0001938333,063560,060854,066670,066934,-23345,091864,-62450
0000002328,0001939167,063605,060883,066595,066934,-50706,095176,-38401
0000002329,0001940000,063630,060932,066522,066934,-73039,089169,-10061
0000002330,0001940833,063632,060996,066456,066934,-88146,074409,019806
0000002331,0001941667,063610,061069,066404,066934,-94543,052343,048270
0000002332,0001942500,063568,061144,066372,066934,-91627,025143,072554
0000002333,0001943333,063508,061213,066362,066934,-79662,-04541,090272
0000002334,0001944167,063438,061270,066376,066934,-59820,-33795,099684
0000002335,0001945000,063363,061309,066412,066934,-34058,-59764,099891
0000002336,0001945833,063291,061327,066466,066934,-04883,-79899,090852
0000002337,0001946667,063229,061321,066534,066934,024841,-92222,073451
0000002338,0001947500,063183,061293,066608,066934,052210,-95548,049408
0000002339,0001948333,063158,061244,066682,066934,074540,-89533,021063
0000002340,0001949167,063156,061180,066748,066934,089638,-74765,-08804
0000002341,0001950000,063177,061107,066800,066934,096049,-52706,-37273
0000002342,0001950833,063220,061032,066832,066934,093124,-25502,-61553
0000002343,0001951667,063279,060962,066842,066934,081150,004181,-79262
0000002344,0001952500,063350,060905,066829,066934,061318,033437,-88686
0000002345,0001953333,063426,060866,066793,066934,035552,059402,-88885
0000002346,0001954167,063498,060848,066738,066934,006379,079528,-79837
0000002347,0001955000,063560,060854,066670,066934,-23345,091864,-62449
0000002348,0001955833,063605,060883,066595,066934,-50711,095184,-38404
0000002349,0001956667,063630,060932,066522,066934,-73033,089162,-10059
0000002350,0001957500,063632,060996,066456,066934,-88145,074408,019806
0000002351,0001958333,063610,061069,066404,066934,-94551,052347,048274
0000002352,0001959167,063568,061144,066372,066934,-91620,025141,072549
0000002353,0001960000,063508,061213,066362,066934,-79661,-04541,090272
0000002354,0001960833,063438,061270,066376,066934,-59825,-33798,099692
0000002355,0001961667,063363,061309,066412,066934,-34055,-59760,099884
0000002356,0001962500,063291,061327,066466,066934,-04883,-79898,090851
0000002357,0001963333,063229,061321,066534,066934,024843,-92229,073456
0000002358,0001964167,063183,061293,066608,066934,052206,-95541,049405
0000002359,0001965000,063158,061244,066682,066934,074539,-89533,021063
0000002360,0001965833,063156,061180,066748,066934,089646,-74771,-08805
0000002361,0001966667,063177,061107,066800,066934,096041,-52703,-37269
0000002362,0001967500,063220,061032,066832,066934,093123,-25501,-61552
0000002363,0001968333,063279,060962,066842,066934,081157,004182,-79269
0000002364,0001969167,063350,060905,066829,066934,061314,033435,-88679
0000002365,0001970000,063426,060866,066793,066934,035552,059402,-88884
0000002366,0001970833,063498,060848,066738,066934,006379,079535,-79845
0000002367,0001971667,063560,060854,066670,066934,-23343,091857,-62444
0000002368,0001972500,063605,060883,066595,066934,-50710,095184,-38404
0000002369,0001973333,063630,060932,066522,066934,-73040,089170,-10061
0000002370,0001974167,063632,060996,066456,066934,-88139,074403,019805
0000002371,0001975000,063610,061069,066404,066934,-94550,052346,048274
0000002372,0001975833,063568,061144,066372,066934,-91628,025143,072555
0000002373,0001976667,063508,061213,066362,066934,-79655,-04540,090265
0000002374,0001977500,063438,061270,066376,066934,-59824,-33798,099691
0000002375,0001978333,063363,061309,066412,066934,-34058,-59764,099892
0000002376,0001979167,063291,061327,066466,066934,-04883,-79892,090844
0000002377,0001980000,063229,061321,066534,066934,024842,-92228,073456
0000002378,0001980833,063183,061293,066608,066934,052210,-95549,049409
0000002379,0001981667,063158,061244,066682,066934,074533,-89526,021062
0000002380,0001982500,063156,061180,066748,066934,089645,-74770,-08805
0000002381,0001983333,063177,061107,066800,066934,096049,-52707,-37273
0000002382,0001984167,063220,061032,066832,066934,093117,-25500,-61547
0000002383,0001985000,063279,060962,066842,066934,081156,004182,-79268
0000002384,0001985833,063350,060905,066829,066934,061319,033438,-88687
0000002385,0001986667,063426,060866,066793,066934,035549,059398,-88877
0000002386,0001987500,063498,060848,066738,066934,006379,079534,-79844
0000002387,0001988333,063560,060854,066670,066934,-23345,091865,-62450
0000002388,0001989167,063605,060883,066595,066934,-50707,095177,-38401
0000002389,0001990000,063630,060932,066522,066934,-73039,089169,-10060
0000002390,0001990833,063632,060996,066456,066934,-88146,074409,019807
0000002391,0001991667,063611,061069,066404,066934,-94543,052342,048270
0000002392,0001992500,063568,061144,066372,066934,-91627,025142,072554
0000002393,0001993333,063509,061213,066362,066934,-79662,-04541,090272
0000002394,0001994167,063438,061270,066376,066934,-59820,-33795,099684
0000002395,0001995000,063363,061309,066412,066934,-34057,-59764,099891
0000002396,0001995833,063291,061327,066466,066934,-04883,-79899,090851
0000002397,0001996667,063229,061321,066534,066934,024841,-92222,073450
0000002398,0001997500,063183,061293,066608,066934,052209,-95548,049408
0000002399,0001998333,063158,061244,066682,066934,074539,-89533,021063
0000002400,0001999167,063156,061180,066748,066934,089638,-74765,-08804
0000002401,0002000000,063177,061107,066800,066934,096048,-52707,-37272
0000002402,0002000833,063220,061032,066832,066934,093124,-25502,-61553
0000002403,0002001667,063280,060962,066842,066934,081150,004181,-79262
0000002404,0002002500,063350,060905,066829,066934,061318,033437,-88686
0000002405,0002003333,063426,060866,066793,066934,035552,059402,-88885
0000002406,0002004167,063498,060848,066738,066934,006379,079528,-79838
0000002407,0002005000,063560,060854,066670,066934,-23345,091864,-62449
0000002408,0002005833,063605,060883,066595,066934,-50711,095185,-38404
0000002409,0002006667,063630,060932,066522,066934,-73034,089162,-10059
0000002410,0002007500,063632,060996,066456,066934,-88145,074408,019807
0000002411,0002008333,063611,061069,066404,066934,-94551,052347,048274
0000002412,0002009167,063568,061144,066372,066934,-91620,025140,072549
0000002413,0002010000,063509,061213,066362,066934,-79661,-04541,090272
0000002414,0002010833,063438,061270,066376,066934,-59825,-33798,099692
0000002415,0002011667,063363,061309,066412,066934,-34055,-59759,099884
0000002416,0002012500,063291,061327,066466,066934,-04883,-79898,090851
0000002417,0002013333,063229,061321,066534,066934,024842,-92229,073456
0000002418,0002014167,063183,061293,066608,066934,052205,-95541,049405
0000002419,0002015000,063158,061244,066682,066934,074539,-89532,021063
0000002420,0002015833,063156,061180,066748,066934,089645,-74771,-08805
0000002421,0002016667,063177,061107,066800,066934,096041,-52703,-37269
0000002422,0002017500,063220,061032,066832,066934,093123,-25502,-61552
0000002423,0002018333,063280,060962,066842,066934,081157,004181,-79269
0000002424,0002019167,063350,060905,066828,066934,061314,033435,-88679
0000002425,0002020000,063426,060866,066793,066934,035552,059402,-88885
0000002426,0002020833,063498,060848,066738,066934,006379,079535,-79845
0000002427,0002021667,063560,060854,066670,066934,-23343,091857,-62445
0000002428,0002022500,063605,060883,066595,066934,-50710,095184,-38404
0000002429,0002023333,063630,060932,066522,066934,-73040,089170,-10061
0000002430,0002024167,063632,060996,066456,066934,-88139,074403,019805
0000002431,0002025000,063611,061069,066404,066934,-94550,052346,048274
0000002432,0002025833,063568,061144,066372,066934,-91628,025143,072555
0000002433,0002026667,063509,061213,066362,066934,-79655,-04540,090265
0000002434,0002027500,063438,061270,066376,066934,-59824,-33798,099691
0000002435,0002028333,063363,061309,066412,066934,-34058,-59764,099892
0000002436,0002029167,063291,061327,066466,066934,-04883,-79892,090844
0000002437,0002030000,063229,061321,066534,066934,024842,-92228,073456
0000002438,0002030833,063183,061293,066608,066934,052209,-95549,049409
0000002439,0002031667,063158,061244,066682,066934,074533,-89526,021062
0000002440,0002032500,063156,061180,066748,066934,089645,-74770,-08805
0000002441,0002033333,063177,061107,066800,066934,096049,-52707,-37272
0000002442,0002034167,063220,061032,066832,066934,093117,-25500,-61547
0000002443,0002035000,063280,060962,066842,066934,081156,004181,-79268
0000002444,0002035833,063351,060905,066828,066934,061319,033437,-88687
0000002445,0002036667,063426,060866,066792,066934,035550,059397,-88878
0000002446,0002037500,063498,060848,066738,066934,006379,079534,-79844
0000002447,0002038333,063560,060854,066670,066934,-23345,091865,-62450
0000002448,0002039167,063605,060883,066595,066934,-50706,095177,-38401
0000002449,0002040000,063630,060932,066522,066934,-73039,089169,-10060
0000002450,0002040833,063632,060996,066456,066934,-88146,074409,019806
0000002451,0002041667,063611,061069,066404,066934,-94543,052342,048270
0000002452,0002042500,063568,061144,066372,066934,-91627,025142,072554
0000002453,0002043333,063509,061213,066362,066934,-79662,-04541,090272
0000002454,0002044167,063438,061270,066376,066934,-59820,-33795,099684
0000002455,0002045000,063363,061309,066412,066934,-34058,-59764,099891
0000002456,0002045833,063291,061327,066466,066934,-04884,-79898,090851
0000002457,0002046667,063229,061321,066534,066934,024840,-92221,073451
0000002458,0002047500,063183,061293,066608,066934,052209,-95548,049409
0000002459,0002048333,063158,061244,066682,066934,074539,-89533,021064
0000002460,0002049167,063156,061180,066748,066934,089638,-74765,-08803
0000002461,0002050000,063177,061107,066800,066934,096048,-52707,-37272
0000002462,0002050833,063220,061032,066832,066934,093124,-25502,-61552
0000002463,0002051667,063280,060962,066842,066934,081150,004181,-79262
0000002464,0002052500,063351,060905,066828,066934,061319,033437,-88686
0000002465,0002053333,063426,060866,066793,066934,035553,059402,-88885
0000002466,0002054167,063498,060848,066738,066934,006379,079528,-79838
0000002467,0002055000,063560,060854,066670,066934,-23345,091864,-62450
0000002468,0002055833,063605,060883,066595,066934,-50711,095185,-38405
0000002469,0002056667,063630,060932,066522,066934,-73033,089162,-10060
0000002470,0002057500,063632,060996,066456,066934,-88145,074408,019806
0000002471,0002058333,063611,061069,066404,066934,-94551,052347,048274
0000002472,0002059167,063568,061144,066372,066934,-91620,025141,072549
0000002473,0002060000,063509,061213,066362,066934,-79661,-04541,090271
0000002474,0002060833,063438,061270,066376,066934,-59825,-33797,099692
0000002475,0002061667,063363,061309,066412,066934,-34055,-59759,099884
0000002476,0002062500,063291,061327,066466,066934,-04884,-79897,090851
0000002477,0002063333,063229,061321,066534,066934,024842,-92229,073456
0000002478,0002064167,063183,061293,066608,066934,052205,-95541,049406
0000002479,0002065000,063158,061244,066682,066934,074538,-89533,021064
0000002480,0002065833,063156,061180,066748,066934,089645,-74771,-08804
0000002481,0002066667,063177,061107,066800,066934,096041,-52703,-37268
0000002482,0002067500,063220,061032,066832,066934,093124,-25502,-61552
0000002483,0002068333,063280,060962,066842,066934,081157,004181,-79269
0000002484,0002069167,063351,060905,066828,066934,061314,033434,-88679
0000002485,0002070000,063426,060866,066792,066934,035553,059402,-88885
0000002486,0002070833,063498,060848,066738,066934,006380,079535,-79845
0000002487,0002071667,063560,060854,066670,066934,-23343,091857,-62445
0000002488,0002072500,063605,060883,066595,066934,-50710,095184,-38404
0000002489,0002073333,063630,060932,066522,066934,-73039,089170,-10061
0000002490,0002074167,063632,060996,066456,066934,-88139,074403,019805
0000002491,0002075000,063611,061069,066404,066934,-94550,052347,048273
0000002492,0002075833,063568,061144,066372,066934,-91628,025143,072554
0000002493,0002076667,063509,061213,066362,066934,-79655,-04540,090265
0000002494,0002077500,063438,061270,066376,066934,-59824,-33797,099691
0000002495,0002078333,063363,061309,066412,066934,-34058,-59764,099891
0000002496,0002079167,063291,061327,066466,066934,-04884,-79891,090844
0000002497,0002080000,063229,061321,066534,066934,024842,-92228,073456
0000002498,0002080833,063183,061293,066608,066934,052209,-95549,049409
0000002499,0002081667,063158,061244,066682,066934,074532,-89526,021063
0000002500,0002082500,063156,061180,066748,066934,089644,-74771,-08804
0000002501,0002083333,063177,061107,066800,066934,096049,-52708,-37272
0000002502,0002084167,063220,061032,066832,066934,093117,-25501,-61547
0000002503,0002085000,063280,060962,066842,066934,081157,004181,-79268
0000002504,0002085833,063351,060905,066828,066934,061320,033437,-88687
0000002505,0002086667,063426,060866,066792,066934,035550,059397,-88878
0000002506,0002087500,063498,060848,066738,066934,006380,079534,-79844
0000002507,0002088333,063560,060854,066670,066934,-23344,091864,-62451
0000002508,0002089167,063605,060883,066595,066934,-50706,095177,-38401
0000002509,0002090000,063630,060932,066522,066934,-73039,089169,-10061
0000002510,0002090833,063632,060996,066456,066934,-88146,074409,019806
0000002511,0002091667,063611,061069,066404,066934,-94543,052343,048270
0000002512,0002092500,063568,061144,066372,066934,-91627,025143,072554
0000002513,0002093333,063509,061213,066362,066934,-79662,-04540,090272
0000002514,0002094167,063438,061270,066376,066934,-59820,-33794,099684
0000002515,0002095000,063363,061309,066412,066934,-34058,-59763,099891
0000002516,0002095833,063291,061327,066466,066934,-04884,-79898,090852
0000002517,0002096667,063229,061321,066534,066934,024839,-92221,073451
0000002518,0002097500,063183,061293,066608,066934,052208,-95548,049409
0000002519,0002098333,063158,061244,066682,066934,074538,-89533,021065
0000002520,0002099167,063156,061180,066748,066934,089637,-74765,-08803
0000002521,0002100000,063177,061107,066800,066934,096048,-52707,-37271
0000002522,0002100833,063220,061032,066832,066934,093124,-25503,-61552
0000002523,0002101667,063280,060962,066842,066934,081151,004180,-79261
0000002524,0002102500,063351,060905,066828,066934,061319,033436,-88686
0000002525,0002103333,063426,060866,066792,066934,035553,059402,-88886
0000002526,0002104167,063498,060848,066738,066934,006380,079528,-79838
0000002527,0002105000,063560,060854,066670,066934,-23344,091864,-62450
0000002528,0002105833,063605,060883,066595,066934,-50710,095185,-38405
0000002529,0002106667,063630,060932,066522,066934,-73033,089163,-10060
0000002530,0002107500,063632,060996,066456,066934,-88145,074409,019806
0000002531,0002108333,063611,061069,066404,066934,-94551,052347,048273
0000002532,0002109167,063568,061144,066372,066934,-91620,025141,072548
0000002533,0002110000,063509,061213,066362,066934,-79662,-04540,090271
0000002534,0002110833,063438,061270,066376,066934,-59825,-33797,099692
0000002535,0002111667,063363,061309,066412,066934,-34056,-59758,099884
0000002536,0002112500,063291,061327,066466,066934,-04884,-79897,090851
0000002537,0002113333,063229,061321,066534,066934,024841,-92228,073457
0000002538,0002114167,063183,061293,066608,066934,052204,-95541,049406
0000002539,0002115000,063158,061244,066682,066934,074538,-89533,021065
0000002540,0002115833,063156,061180,066748,066934,089645,-74772,-08803
0000002541,0002116667,063177,061107,066800,066934,096041,-52704,-37268
0000002542,0002117500,063220,061032,066832,066934,093124,-25503,-61551
0000002543,0002118333,063280,060962,066842,066934,081158,004180,-79268
0000002544,0002119167,063351,060905,066828,066934,061315,033433,-88679
0000002545,0002120000,063426,060866,066792,066934,035553,059401,-88885
0000002546,0002120833,063498,060848,066738,066934,006381,079534,-79845
0000002547,0002121667,063560,060854,066670,066934,-23342,091857,-62445
0000002548,0002122500,063605,060883,066595,066934,-50709,095184,-38405
0000002549,0002123333,063630,060932,066522,066934,-73039,089170,-10062
0000002550,0002124167,063632,060996,066456,066934,-88138,074403,019804
0000002551,0002125000,063611,061069,066404,066934,-94550,052347,048273
0000002552,0002125833,063568,061144,066372,066934,-91628,025144,072554
0000002553,0002126667,063509,061213,066362,066934,-79656,-04539,090264
0000002554,0002127500,063438,061270,066376,066934,-59825,-33796,099691
0000002555,0002128333,063363,061309,066412,066934,-34059,-59763,099891
0000002556,0002129167,063291,061327,066466,066934,-04884,-79891,090845
0000002557,0002130000,063229,061321,066534,066934,024841,-92227,073456
0000002558,0002130833,063183,061293,066608,066934,052208,-95549,049410
0000002559,0002131667,063158,061244,066682,066934,074532,-89526,021064
0000002560,0002132500,063156,061180,066748,066934,089644,-74771,-08803
0000002561,0002133333,063177,061107,066800,066934,096049,-52709,-37271
0000002562,0002134167,063220,061032,066832,066934,093117,-25502,-61546
0000002563,0002135000,063280,060962,066842,066934,081157,004180,-79267
0000002564,0002135833,063351,060905,066828,066934,061320,033436,-88687
0000002565,0002136667,063426,060866,066792,066934,035551,059396,-88878
0000002566,0002137500,063498,060848,066738,066934,006381,079534,-79845
0000002567,0002138333,063560,060854,066670,066934,-23343,091864,-62451
0000002568,0002139167,063605,060883,066595,066934,-50705,095177,-38402
0000002569,0002140000,063630,060932,066522,066934,-73038,089169,-10062
0000002570,0002140833,063632,060996,066456,066934,-88146,074410,019805
0000002571,0002141667,063611,061069,066404,066934,-94543,052343,048269
0000002572,0002142500,063568,061144,066372,066934,-91627,025144,072553
0000002573,0002143333,063509,061213,066362,066934,-79663,-04539,090271
0000002574,0002144167,063438,061270,066376,066934,-59821,-33793,099684
0000002575,0002145000,063363,061309,066412,066934,-34059,-59762,099891
0000002576,0002145833,063291,061327,066466,066934,-04885,-79897,090852
0000002577,0002146667,063229,061321,066534,066934,024839,-92220,073451
0000002578,0002147500,063183,061293,066608,066934,052207,-95548,049410
0000002579,0002148333,063158,061244,066682,066934,074538,-89534,021065
0000002580,0002149167,063156,061180,066748,066934,089637,-74766,-08802
0000002581,0002150000,063177,061107,066800,066934,096048,-52708,-37270
0000002582,0002150833,063220,061032,066832,066934,093125,-25504,-61551
0000002583,0002151667,063280,060962,066842,066934,081151,004179,-79261
0000002584,0002152500,063351,060905,066828,066934,061320,033435,-88686
0000002585,0002153333,063426,060866,066792,066934,035554,059401,-88886
0000002586,0002154167,063498,060848,066738,066934,006381,079527,-79839
0000002587,0002155000,063560,060854,066670,066934,-23343,091863,-62451
0000002588,0002155833,063605,060883,066595,066934,-50709,095185,-38406
0000002589,0002156667,063630,060932,066522,066934,-73033,089163,-10061
0000002590,0002157500,063632,060996,066456,066934,-88145,074409,019805
0000002591,0002158333,063611,061069,066404,066934,-94551,052348,048272
0000002592,0002159167,063568,061144,066372,066934,-91620,025142,072548
0000002593,0002160000,063509,061213,066362,066934,-79662,-04539,090271
0000002594,0002160833,063438,061270,066376,066934,-59826,-33796,099691
0000002595,0002161667,063363,061309,066412,066934,-34056,-59758,099884
0000002596,0002162500,063291,061327,066466,066934,-04885,-79896,090851
0000002597,0002163333,063229,061321,066534,066934,024840,-92228,073457
0000002598,0002164167,063184,061293,066608,066934,052203,-95541,049407
0000002599,0002165000,063158,061244,066682,066934,074537,-89533,021066
0000002600,0002165833,063156,061180,066748,066934,089644,-74772,-08802
0000002601,0002166667,063178,061107,066800,066934,096041,-52705,-37267
0000002602,0002167500,063220,061032,066832,066934,093124,-25504,-61550
0000002603,0002168333,063280,060962,066842,066934,081158,004179,-79268
0000002604,0002169167,063351,060905,066828,066934,061316,033432,-88679
0000002605,0002170000,063426,060866,066792,066934,035554,059400,-88885
0000002606,0002170833,063498,060848,066738,066934,006382,079534,-79846
0000002607,0002171667,063560,060854,066670,066934,-23341,091857,-62446
0000002608,0002172500,063605,060883,066595,066934,-50709,095184,-38406
0000002609,0002173333,063630,060932,066522,066934,-73038,089171,-10063
0000002610,0002174167,063632,060996,066456,066934,-88138,074404,019804
0000002611,0002175000,063611,061069,066404,066934,-94550,052348,048272
0000002612,0002175833,063568,061144,066372,066934,-91628,025144,072553
0000002613,0002176667,063509,061213,066362,066934,-79656,-04538,090264
0000002614,0002177500,063438,061270,066376,066934,-59825,-33795,099690
0000002615,0002178333,063363,061309,066412,066934,-34060,-59762,099891
0000002616,0002179167,063291,061327,066466,066934,-04885,-79890,090845
0000002617,0002180000,063229,061321,066534,066934,024840,-92227,073457
0000002618,0002180833,063184,061293,066608,066934,052207,-95549,049411
0000002619,0002181667,063158,061244,066682,066934,074531,-89526,021065
0000002620,0002182500,063156,061180,066748,066934,089643,-74772,-08802
0000002621,0002183333,063178,061107,066800,066934,096049,-52709,-37270
0000002622,0002184167,063220,061032,066832,066934,093117,-25503,-61545
0000002623,0002185000,063280,060962,066842,066934,081158,004179,-79267
0000002624,0002185833,063351,060905,066828,066934,061321,033435,-88687
0000002625,0002186667,063426,060866,066792,066934,035552,059395,-88878
0000002626,0002187500,063498,060848,066738,066934,006382,079533,-79845
0000002627,0002188333,063560,060854,066670,066934,-23343,091864,-62452
0000002628,0002189167,063605,060883,066595,066934,-50705,095177,-38403
0000002629,0002190000,063630,060932,066522,066934,-73038,089170,-10063
0000002630,0002190833,063632,060996,066456,066934,-88145,074410,019804
0000002631,0002191667,063611,061069,066404,066934,-94543,052344,048268
0000002632,0002192500,063568,061144,066372,066934,-91627,025144,072552
0000002633,0002193333,063509,061213,066362,066934,-79663,-04538,090271
0000002634,0002194167,063438,061270,066376,066934,-59821,-33793,099683
0000002635,0002195000,063363,061309,066412,066934,-34060,-59762,099891
0000002636,0002195833,063291,061327,066466,066934,-04886,-79896,090852
0000002637,0002196667,063229,061321,066534,066934,024838,-92220,073452
0000002638,0002197500,063184,061293,066608,066934,052207,-95548,049411
0000002639,0002198333,063158,061244,066682,066934,074537,-89534,021066
0000002640,0002199167,063156,061180,066748,066934,089636,-74766,-08801
0000002641,0002200000,063178,061107,066800,066934,096048,-52709,-37269
0000002642,0002200833,063220,061032,066832,066934,093125,-25505,-61550
0000002643,0002201667,063280,060962,066842,066934,081152,004178,-79260
0000002644,0002202500,063351,060905,066828,066934,061321,033434,-88686
0000002645,0002203333,063426,060866,066792,066934,035555,059400,-88886
0000002646,0002204167,063498,060848,066738,066934,006382,079527,-79839
0000002647,0002205000,063560,060854,066670,066934,-23342,091863,-62452
0000002648,0002205833,063605,060883,066595,066934,-50709,095185,-38407
0000002649,0002206667,063630,060932,066522,066934,-73032,089163,-10062
0000002650,0002207500,063632,060996,066456,066934,-88144,074410,019804
0000002651,0002208333,063611,061069,066404,066934,-94551,052349,048272
0000002652,0002209167,063568,061144,066372,066934,-91621,025143,072547
0000002653,0002210000,063509,061213,066362,066934,-79662,-04538,090270
0000002654,0002210833,063438,061270,066376,066934,-59827,-33795,099691
0000002655,0002211667,063363,061309,066412,066934,-34057,-59757,099884
0000002656,0002212500,063291,061327,066466,066934,-04886,-79896,090851
0000002657,0002213333,063229,061321,066534,066934,024839,-92228,073458
0000002658,0002214167,063184,061292,066608,066934,052202,-95541,049408
0000002659,0002215000,063158,061244,066682,066934,074536,-89533,021067
0000002660,0002215833,063156,061180,066748,066934,089644,-74773,-08801
0000002661,0002216667,063178,061107,066800,066934,096041,-52706,-37266
0000002662,0002217500,063220,061032,066832,066934,093124,-25505,-61550
0000002663,0002218333,063280,060962,066842,066934,081159,004178,-79267
0000002664,0002219167,063351,060905,066828,066934,061317,033431,-88679
0000002665,0002220000,063426,060866,066792,066934,035555,059400,-88885
0000002666,0002220833,063498,060848,066738,066934,006382,079533,-79846
0000002667,0002221667,063560,060854,066670,066934,-23340,091856,-62447
0000002668,0002222500,063606,060883,066595,066934,-50708,095184,-38406
0000002669,0002223333,063630,060932,066522,066934,-73038,089171,-10063
0000002670,0002224167,063632,060996,066456,066934,-88138,074404,019803
0000002671,0002225000,063611,061069,066404,066934,-94550,052348,048271
0000002672,0002225833,063568,061144,066372,066934,-91628,025145,072553
0000002673,0002226667,063509,061213,066362,066934,-79656,-04538,090264
0000002674,0002227500,063438,061270,066376,066934,-59826,-33795,099690
0000002675,0002228333,063363,061309,066411,066934,-34060,-59761,099891
0000002676,0002229167,063291,061327,066466,066934,-04886,-79889,090845
0000002677,0002230000,063229,061321,066534,066934,024839,-92227,073457
0000002678,0002230833,063184,061292,066608,066934,052206,-95548,049412
0000002679,0002231667,063158,061244,066682,066934,074530,-89527,021066
0000002680,0002232500,063156,061180,066748,066934,089643,-74772,-08801
0000002681,0002233333,063178,061107,066800,066934,096049,-52710,-37269
0000002682,0002234167,063220,061032,066832,066934,093117,-25504,-61544
0000002683,0002235000,063280,060962,066842,066934,081158,004178,-79266
0000002684,0002235833,063351,060905,066828,066934,061322,033434,-88686
0000002685,0002236667,063426,060866,066792,066934,035553,059395,-88878
0000002686,0002237500,063498,060848,066738,066934,006383,079533,-79846
0000002687,0002238333,063560,060854,066670,066934,-23342,091864,-62453
0000002688,0002239167,063606,060883,066595,066934,-50704,095177,-38404
0000002689,0002240000,063630,060932,066522,066934,-73037,089170,-10063
0000002690,0002240833,063632,060996,066456,066934,-88145,074411,019804
0000002691,0002241667,063611,061069,066404,066934,-94543,052345,048268
0000002692,0002242500,063568,061144,066372,066934,-91628,025145,072552
0000002693,0002243333,063509,061213,066362,066934,-79663,-04538,090270
0000002694,0002244167,063438,061270,066376,066934,-59822,-33792,099683
0000002695,0002245000,063363,061309,066411,066934,-34060,-59761,099891
0000002696,0002245833,063291,061327,066466,066934,-04887,-79896,090852
0000002697,0002246667,063229,061321,066534,066934,024837,-92220,073453
0000002698,0002247500,063184,061292,066608,066934,052206,-95548,049411
0000002699,0002248333,063158,061244,066682,066934,074536,-89534,021067
0000002700,0002249167,063156,061180,066748,066934,089636,-74767,-08800
0000002701,0002250000,063178,061107,066800,066934,096048,-52710,-37268
0000002702,0002250833,063220,061032,066832,066934,093125,-25506,-61550
0000002703,0002251667,063280,060962,066842,066934,081152,004177,-79260
0000002704,0002252500,063351,060905,066828,066934,061322,033433,-88686
0000002705,0002253333,063426,060866,066792,066934,035556,059399,-88886
0000002706,0002254167,063498,060848,066738,066934,006383,079526,-79840
0000002707,0002255000,063560,060854,066670,066934,-23341,091863,-62452
0000002708,0002255833,063606,060883,066595,066934,-50708,095185,-38408
0000002709,0002256667,063630,060932,066522,066934,-73032,089164,-10063
0000002710,0002257500,063632,060996,066456,066934,-88144,074410,019803
0000002711,0002258333,063611,061069,066404,066934,-94551,052349,048271
0000002712,0002259167,063568,061144,066372,066934,-91621,025144,072547
0000002713,0002260000,063509,061213,066362,066934,-79663,-04537,090270
0000002714,0002260833,063438,061270,066376,066934,-59827,-33794,099691
0000002715,0002261667,063363,061309,066411,066934,-34058,-59756,099884
0000002716,0002262500,063291,061327,066466,066934,-04887,-79895,090852
0000002717,0002263333,063229,061321,066534,066934,024838,-92227,073458
0000002718,0002264167,063184,061292,066608,066934,052201,-95540,049409
0000002719,0002265000,063158,061244,066682,066934,074535,-89533,021067
0000002720,0002265833,063156,061180,066748,066934,089643,-74773,-08800
0000002721,0002266667,063178,061107,066800,066934,096041,-52706,-37265
0000002722,0002267500,063220,061032,066832,066934,093124,-25506,-61549
0000002723,0002268333,063280,060962,066842,066934,081159,004177,-79267
0000002724,0002269167,063351,060905,066828,066934,061317,033431,-88679
0000002725,0002270000,063426,060866,066792,066934,035556,059399,-88885
0000002726,0002270833,063498,060848,066738,066934,006383,079533,-79847
0000002727,0002271667,063560,060854,066670,066934,-23339,091856,-62447
0000002728,0002272500,063606,060883,066595,066934,-50707,095184,-38407
0000002729,0002273333,063631,060932,066522,066934,-73037,089171,-10064
0000002730,0002274167,063632,060996,066456,066934,-88137,074405,019802
0000002731,0002275000,063611,061069,066404,066934,-94550,052349,048270
0000002732,0002275833,063568,061144,066372,066934,-91628,025146,072552
0000002733,0002276667,063509,061213,066362,066934,-79657,-04537,090263
0000002734,0002277500,063438,061270,066376,066934,-59827,-33794,099690
0000002735,0002278333,063363,061309,066411,066934,-34061,-59761,099891
0000002736,0002279167,063291,061327,066466,066934,-04887,-79889,090845
0000002737,0002280000,063229,061321,066534,066934,024838,-92226,073458
0000002738,0002280833,063184,061292,066608,066934,052205,-95548,049412
0000002739,0002281667,063158,061244,066682,066934,074530,-89527,021067
0000002740,0002282500,063156,061180,066748,066934,089642,-74773,-08800
0000002741,0002283333,063178,061107,066800,066934,096049,-52711,-37268
0000002742,0002284167,063220,061032,066832,066934,093118,-25504,-61544
0000002743,0002285000,063280,060962,066842,066934,081159,004177,-79266
0000002744,0002285833,063351,060905,066828,066934,061323,033433,-88686
0000002745,0002286667,063426,060866,066792,066934,035554,059394,-88878
0000002746,0002287500,063498,060848,066738,066934,006383,079532,-79846
0000002747,0002288333,063560,060854,066670,066934,-23341,091864,-62453
0000002748,0002289167,063606,060883,066595,066934,-50703,095177,-38404
0000002749,0002290000,063631,060932,066522,066934,-73037,089170,-10064
0000002750,0002290833,063632,060996,066456,066934,-88145,074411,019803
0000002751,0002291667,063611,061069,066404,066934,-94543,052345,048267
0000002752,0002292500,063568,061144,066372,066934,-91628,025146,072551
0000002753,0002293333,063509,061213,066362,066934,-79664,-04537,090270
0000002754,0002294167,063438,061270,066376,066934,-59822,-33791,099683
0000002755,0002295000,063363,061309,066411,066934,-34061,-59760,099891
0000002756,0002295833,063291,061327,066466,066934,-04888,-79895,090853
0000002757,0002296667,063229,061321,066534,066934,024836,-92219,073453
0000002758,0002297500,063184,061292,066608,066934,052205,-95548,049412
0000002759,0002298333,063158,061244,066682,066934,074536,-89534,021068
0000002760,0002299167,063156,061180,066748,066934,089636,-74767,-08799
0000002761,0002300000,063178,061107,066800,066934,096048,-52711,-37268
0000002762,0002300833,063220,061032,066832,066934,093125,-25507,-61549
0000002763,0002301667,063280,060962,066842,066934,081153,004176,-79260
0000002764,0002302500,063351,060905,066828,066934,061322,033433,-88686
0000002765,0002303333,063426,060866,066792,066934,035557,059399,-88886
0000002766,0002304167,063498,060848,066738,066934,006383,079526,-79840
0000002767,0002305000,063560,060854,066670,066934,-23341,091863,-62453
0000002768,0002305833,063606,060883,066595,066934,-50707,095185,-38408
0000002769,0002306667,063631,060932,066522,066934,-73031,089164,-10063
0000002770,0002307500,063632,060996,066456,066934,-88144,074411,019803
0000002771,0002308333,063611,061069,066404,066934,-94551,052350,048270
0000002772,0002309167,063568,061144,066372,066934,-91621,025144,072546
0000002773,0002310000,063509,061213,066362,066934,-79663,-04537,090269
0000002774,0002310833,063438,061270,066376,066934,-59828,-33794,099691
0000002775,0002311667,063363,061309,066411,066934,-34059,-59756,099884
0000002776,0002312500,063291,061327,066466,066934,-04888,-79895,090852
0000002777,0002313333,063229,061321,066534,066934,024838,-92227,073459
0000002778,0002314167,063184,061292,066608,066934,052201,-95540,049409
0000002779,0002315000,063158,061244,066682,066934,074535,-89534,021068
0000002780,0002315833,063156,061180,066748,066934,089643,-74774,-08800
0000002781,0002316667,063178,061107,066800,066934,096041,-52707,-37264
0000002782,0002317500,063220,061032,066832,066934,093125,-25507,-61548
0000002783,0002318333,063280,060962,066842,066934,081160,004176,-79266
0000002784,0002319167,063351,060905,066828,066934,061318,033430,-88678
0000002785,0002320000,063426,060866,066792,066934,035557,059398,-88886
0000002786,0002320833,063498,060848,066738,066934,006384,079533,-79847
0000002787,0002321667,063560,060854,066670,066934,-23339,091856,-62448
0000002788,0002322500,063606,060883,066595,066934,-50707,095184,-38408
0000002789,0002323333,063631,060932,066522,066934,-73037,089172,-10065
0000002790,0002324167,063632,060996,066456,066934,-88137,074405,019801
0000002791,0002325000,063611,061069,066404,066934,-94550,052350,048270
0000002792,0002325833,063568,061144,066372,066934,-91629,025147,072552
0000002793,0002326667,063509,061213,066362,066934,-79657,-04536,090263
0000002794,0002327500,063438,061270,066376,066934,-59827,-33793,099690
0000002795,0002328333,063363,061309,066411,066934,-34062,-59760,099892
0000002796,0002329167,063291,061327,066466,066934,-04888,-79889,090846
0000002797,0002330000,063229,061321,066534,066934,024837,-92226,073458
0000002798,0002330833,063184,061292,066608,066934,052205,-95548,049413
0000002799,0002331667,063158,061244,066682,066934,074529,-89527,021067
0000002800,0002332500,063156,061180,066748,066934,089642,-74773,-08800
0000002801,0002333333,063178,061107,066800,066934,096048,-52712,-37267
0000002802,0002334167,063220,061032,066832,066934,093118,-25505,-61543
0000002803,0002335000,063280,060962,066842,066934,081159,004176,-79266
0000002804,0002335833,063351,060905,066828,066934,061323,033433,-88686
0000002805,0002336667,063426,060866,066792,066934,035554,059394,-88879
0000002806,0002337500,063498,060848,066738,066934,006384,079532,-79846
0000002807,0002338333,063560,060854,066670,066934,-23340,091864,-62454
0000002808,0002339167,063606,060883,066595,066934,-50703,095177,-38405
0000002809,0002340000,063631,060932,066522,066934,-73037,089171,-10065
0000002810,0002340833,063632,060996,066456,066934,-88145,074412,019802
0000002811,0002341667,063611,061069,066404,066934,-94543,052346,048267
0000002812,0002342500,063569,061144,066372,066934,-91628,025146,072551
0000002813,0002343333,063509,061213,066362,066934,-79664,-04536,090270
0000002814,0002344167,063438,061270,066376,066934,-59823,-33791,099683
0000002815,0002345000,063363,061309,066411,066934,-34061,-59760,099891
0000002816,0002345833,063291,061327,066466,066934,-04888,-79895,090853
0000002817,0002346667,063229,061321,066534,066934,024835,-92219,073453
0000002818,0002347500,063184,061292,066608,066934,052204,-95548,049413
0000002819,0002348333,063158,061244,066682,066934,074535,-89535,021069
0000002820,0002349167,063156,061180,066748,066934,089635,-74768,-08798
0000002821,0002350000,063178,061107,066800,066934,096048,-52711,-37267
0000002822,0002350833,063220,061032,066832,066934,093125,-25507,-61549
0000002823,0002351667,063280,060962,066842,066934,081153,004176,-79259
0000002824,0002352500,063351,060905,066828,066934,061323,033432,-88685
0000002825,0002353333,063426,060866,066792,066934,035557,059398,-88886
0000002826,0002354167,063498,060848,066738,066934,006384,079526,-79840
0000002827,0002355000,063560,060854,066670,066934,-23340,091863,-62453
0000002828,0002355833,063606,060883,066595,066934,-50707,095185,-38409
0000002829,0002356667,063631,060932,066522,066934,-73031,089164,-10064
0000002830,0002357500,063632,060996,066456,066934,-88144,074411,019802
0000002831,0002358333,063611,061069,066404,066934,-94551,052350,048270
0000002832,0002359167,063569,061144,066372,066934,-91621,025145,072546
0000002833,0002360000,063509,061213,066362,066934,-79663,-04536,090269
0000002834,0002360833,063438,061270,066376,066934,-59828,-33793,099691
0000002835,0002361667,063363,061309,066411,066934,-34059,-59755,099884
0000002836,0002362500,063291,061327,066466,066934,-04888,-79894,090852
0000002837,0002363333,063229,061321,066534,066934,024837,-92227,073459
0000002838,0002364167,063184,061292,066608,066934,052200,-95540,049410
0000002839,0002365000,063158,061244,066682,066934,074535,-89534,021069
0000002840,0002365833,063156,061180,066748,066934,089643,-74774,-08799
0000002841,0002366667,063178,061107,066800,066934,096041,-52707,-37264
0000002842,0002367500,063220,061032,066832,066934,093125,-25507,-61548
0000002843,0002368333,063280,060962,066842,066934,081160,004176,-79266
0000002844,0002369167,063351,060905,066828,066934,061318,033430,-88678
0000002845,0002370000,063426,060866,066792,066934,035557,059398,-88886
0000002846,0002370833,063498,060848,066738,066934,006384,079532,-79847
0000002847,0002371667,063560,060854,066670,066934,-23338,091856,-62448
0000002848,0002372500,063606,060883,066595,066934,-50707,095184,-38408
0000002849,0002373333,063631,060932,066522,066934,-73037,089172,-10065
0000002850,0002374167,063632,060996,066456,066934,-88137,074406,019801
0000002851,0002375000,063611,061069,066404,066934,-94550,052350,048270
0000002852,0002375833,063569,061144,066372,066934,-91629,025147,072551
0000002853,0002376667,063509,061213,066362,066934,-79657,-04536,090263
0000002854,0002377500,063438,061270,066376,066934,-59827,-33793,099690
0000002855,0002378333,063363,061309,066411,066934,-34062,-59760,099892
0000002856,0002379167,063291,061327,066466,066934,-04888,-79888,090846
0000002857,0002380000,063229,061321,066534,066934,024837,-92226,073459
0000002858,0002380833,063184,061292,066608,066934,052205,-95548,049413
0000002859,0002381667,063159,061244,066682,066934,074529,-89527,021068
0000002860,0002382500,063156,061180,066748,066934,089642,-74773,-08799
0000002861,0002383333,063178,061107,066800,066934,096048,-52712,-37267
0000002862,0002384167,063220,061032,066832,066934,093118,-25505,-61543
0000002863,0002385000,063280,060962,066842,066934,081159,004176,-79266
0000002864,0002385833,063351,060905,066828,066934,061324,033432,-88686
0000002865,0002386667,063426,060866,066792,066934,035555,059393,-88879
0000002866,0002387500,063498,060848,066738,066934,006384,079532,-79847
0000002867,0002388333,063560,060854,066670,066934,-23340,091864,-62454
0000002868,0002389167,063606,060883,066595,066934,-50703,095177,-38405
0000002869,0002390000,063631,060932,066522,066934,-73036,089171,-10065
0000002870,0002390833,063633,060996,066456,066934,-88145,074412,019802
0000002871,0002391667,063611,061069,066404,066934,-94543,052346,048266
0000002872,0002392500,063569,061144,066372,066934,-91628,025147,072551
0000002873,0002393333,063509,061213,066362,066934,-79664,-04536,090270
0000002874,0002394167,063438,061270,066376,066934,-59823,-33790,099683
0000002875,0002395000,063363,061309,066411,066934,-34062,-59760,099891
0000002876,0002395833,063291,061327,066466,066934,-04889,-79895,090853
0000002877,0002396667,063229,061321,066534,066934,024835,-92219,073454
0000002878,0002397500,063184,061292,066608,066934,052204,-95548,049413
0000002879,0002398333,063159,061244,066682,066934,074535,-89535,021069
0000002880,0002399167,063156,061180,066748,066934,089635,-74768,-08798
0000002881,0002400000,063178,061107,066800,066934,096048,-52711,-37267
0000002882,0002400833,063220,061032,066832,066934,093126,-25508,-61548
0000002883,0002401667,063280,060962,066842,066934,081153,004175,-79259
0000002884,0002402500,063351,060905,066828,066934,061323,033432,-88686
0000002885,0002403333,063426,060866,066792,066934,035558,059398,-88887
0000002886,0002404167,063498,060848,066738,066934,006384,079526,-79840
0000002887,0002405000,063560,060854,066670,066934,-23340,091863,-62453
0000002888,0002405833,063606,060883,066595,066934,-50707,095185,-38409
0000002889,0002406667,063631,060932,066522,066934,-73031,089164,-10064
0000002890,0002407500,063633,060996,066456,066934,-88144,074411,019802
0000002891,0002408333,063611,061069,066404,066934,-94551,052351,048270
0000002892,0002409167,063569,061144,066372,066934,-91621,025145,072546
0000002893,0002410000,063509,061213,066362,066934,-79663,-04536,090269
0000002894,0002410833,063438,061270,066376,066934,-59828,-33793,099691
0000002895,0002411667,063363,061309,066411,066934,-34059,-59755,099884
0000002896,0002412500,063291,061327,066466,066934,-04888,-79894,090852
0000002897,0002413333,063229,061321,066534,066934,024837,-92227,073459
0000002898,0002414167,063184,061292,066608,066934,052200,-95540,049410
0000002899,0002415000,063159,061244,066682,066934,074534,-89534,021069
0000002900,0002415833,063156,061180,066748,066934,089643,-74774,-08799
0000002901,0002416667,063178,061107,066800,066934,096041,-52708,-37264
0000002902,0002417500,063220,061032,066832,066934,093125,-25507,-61548
0000002903,0002418333,063280,060962,066842,066934,081160,004175,-79266
0000002904,0002419167,063351,060905,066828,066934,061319,033429,-88678
0000002905,0002420000,063426,060866,066792,066934,035557,059398,-88886
0000002906,0002420833,063498,060848,066738,066934,006385,079533,-79848
0000002907,0002421667,063560,060854,066670,066934,-23338,091856,-62449
0000002908,0002422500,063606,060883,066595,066934,-50707,095184,-38408
0000002909,0002423333,063631,060932,066522,066934,-73037,089172,-10065
0000002910,0002424167,063633,060996,066456,066934,-88137,074406,019801
0000002911,0002425000,063611,061069,066404,066934,-94550,052350,048270
0000002912,0002425833,063569,061144,066372,066934,-91629,025147,072551
0000002913,0002426667,063509,061213,066362,066934,-79657,-04536,090263
0000002914,0002427500,063438,061270,066376,066934,-59827,-33793,099690
0000002915,0002428333,063363,061309,066411,066934,-34062,-59760,099892
0000002916,0002429167,063291,061327,066466,066934,-04888,-79888,090846
0000002917,0002430000,063229,061321,066533,066934,024837,-92226,073459
0000002918,0002430833,063184,061292,066608,066934,052204,-95548,049413
0000002919,0002431667,063159,061244,066682,066934,074529,-89527,021068
0000002920,0002432500,063156,061180,066748,066934,089642,-74773,-08799
0000002921,0002433333,063178,061107,066800,066934,096048,-52712,-37267
0000002922,0002434167,063220,061032,066832,066934,093118,-25506,-61543
0000002923,0002435000,063280,060962,066842,066934,081159,004176,-79266
0000002924,0002435833,063351,060905,066828,066934,061324,033432,-88686
0000002925,0002436667,063426,060866,066792,066934,035555,059393,-88879
0000002926,0002437500,063498,060848,066738,066934,006384,079532,-79847
0000002927,0002438333,063560,060854,066670,066934,-23340,091864,-62454
0000002928,0002439167,063606,060883,066595,066934,-50703,095177,-38405
0000002929,0002440000,063631,060932,066522,066934,-73037,089171,-10065
0000002930,0002440833,063633,060996,066456,066934,-88145,074412,019802
0000002931,0002441667,063611,061069,066404,066934,-94543,052346,048266
0000002932,0002442500,063569,061144,066372,066934,-91628,025147,072551
0000002933,0002443333,063509,061213,066362,066934,-79664,-04536,090270
0000002934,0002444167,063438,061270,066376,066934,-59823,-33790,099683
0000002935,0002445000,063363,061309,066411,066934,-34062,-59760,099891
0000002936,0002445833,063291,061327,066466,066934,-04889,-79895,090853
0000002937,0002446667,063229,061321,066533,066934,024835,-92219,073454
0000002938,0002447500,063184,061292,066608,066934,052204,-95548,049413
0000002939,0002448333,063159,061244,066682,066934,074535,-89535,021069
0000002940,0002449167,063157,061180,066748,066934,089635,-74768,-08798
0000002941,0002450000,063178,061107,066800,066934,096048,-52711,-37267
0000002942,0002450833,063220,061032,066832,066934,093126,-25508,-61548
0000002943,0002451667,063280,060962,066842,066934,081154,004175,-79259
0000002944,0002452500,063351,060905,066828,066934,061323,033432,-88686
0000002945,0002453333,063426,060866,066792,066934,035558,059398,-88887
0000002946,0002454167,063498,060848,066738,066934,006384,079526,-79841
0000002947,0002455000,063560,060854,066670,066934,-23340,091863,-62454
0000002948,0002455833,063606,060883,066595,066934,-50707,095185,-38409
0000002949,0002456667,063631,060932,066522,066934,-73031,089164,-10064
0000002950,0002457500,063633,060996,066456,066934,-88144,074411,019802
0000002951,0002458333,063611,061069,066404,066934,-94551,052351,048270
0000002952,0002459167,063569,061144,066372,066934,-91621,025145,072546
0000002953,0002460000,063509,061213,066362,066934,-79663,-04536,090269
0000002954,0002460833,063438,061270,066376,066934,-59828,-33793,099691
0000002955,0002461667,063363,061309,066411,066934,-34059,-59755,099884
0000002956,0002462500,063291,061327,066466,066934,-04888,-79894,090852
0000002957,0002463333,063229,061321,066533,066934,024837,-92227,073459
0000002958,0002464167,063184,061292,066608,066934,052200,-95540,049410
0000002959,0002465000,063159,061244,066682,066934,074534,-89534,021069
0000002960,0002465833,063157,061180,066748,066934,089643,-74774,-08799
0000002961,0002466667,063178,061107,066800,066934,096041,-52708,-37264
0000002962,0002467500,063220,061032,066832,066934,093125,-25507,-61548
0000002963,0002468333,063280,060962,066842,066934,081160,004176,-79266
0000002964,0002469167,063351,060905,066828,066934,061319,033429,-88679
0000002965,0002470000,063426,060866,066792,066934,035557,059398,-88886
0000002966,0002470833,063498,060848,066738,066934,006385,079533,-79848
0000002967,0002471667,063560,060854,066670,066934,-23338,091856,-62449
0000002968,0002472500,063606,060883,066595,066934,-50707,095185,-38408
0000002969,0002473333,063631,060932,066521,066934,-73037,089172,-10065
0000002970,0002474167,063633,060996,066456,066934,-88137,074406,019801
0000002971,0002475000,063611,061069,066404,066934,-94550,052350,048270
0000002972,0002475833,063569,061144,066372,066934,-91629,025147,072552
0000002973,0002476667,063509,061213,066362,066934,-79657,-04536,090263
0000002974,0002477500,063438,061270,066376,066934,-59827,-33793,099690
0000002975,0002478333,063363,061309,066411,066934,-34062,-59760,099892
0000002976,0002479167,063291,061327,066466,066934,-04888,-79888,090846
0000002977,0002480000,063229,061321,066533,066934,024837,-92226,073459
0000002978,0002480833,063184,061292,066608,066934,052205,-95548,049413
0000002979,0002481667,063159,061244,066682,066934,074529,-89527,021068
0000002980,0002482500,063157,061180,066748,066934,089642,-74773,-08799
0000002981,0002483333,063178,061107,066800,066934,096049,-52712,-37267
0000002982,0002484167,063220,061032,066832,066934,093118,-25505,-61543
0000002983,0002485000,063280,060962,066842,066934,081159,004176,-79266
0000002984,0002485833,063351,060905,066828,066934,061324,033432,-88686
0000002985,0002486667,063426,060866,066792,066934,035555,059394,-88879
0000002986,0002487500,063498,060848,066738,066934,006384,079532,-79847
0000002987,0002488333,063560,060854,066670,066934,-23340,091864,-62454
0000002988,0002489167,063606,060883,066595,066934,-50703,095178,-38405
0000002989,0002490000,063631,060932,066521,066934,-73037,089171,-10065
0000002990,0002490833,063633,060996,066456,066934,-88145,074412,019802
0000002991,0002491667,063611,061069,066404,066934,-94543,052346,048267
0000002992,0002492500,063569,061144,066372,066934,-91628,025146,072551
0000002993,0002493333,063509,061213,066362,066934,-79664,-04536,090270
0000002994,0002494167,063438,061270,066376,066934,-59823,-33791,099683
0000002995,0002495000,063363,061309,066411,066934,-34061,-59760,099891
0000002996,0002495833,063291,061327,066466,066934,-04888,-79895,090853
0000002997,0002496667,063229,061321,066533,066934,024835,-92219,073453
0000002998,0002497500,063184,061292,066608,066934,052204,-95548,049413
0000002999,0002498333,063159,061244,066682,066934,074535,-89535,021069
0000003000,0002499167,063157,061180,066748,066934,089635,-74768,-08798
0000003001,0002500000,063178,061107,066800,066934,096048,-52711,-37267
