0000000001,0000000000,065375,059414,095317,071311,099302,084344,-40020,099081,-52207,-37665
0000000002,0000000833,065418,059339,098548,071311,099008,087065,-64293,098787,-24996,-61939
0000000003,0000001667,065478,059270,099528,071311,097811,090034,-82010,097590,004686,-79655
0000000004,0000002500,065549,059212,098163,071311,095829,092960,-91444,095608,033946,-89089
0000000005,0000003333,065624,059173,094574,071311,093251,095556,-91629,093030,059906,-89274
0000000006,0000004167,065696,059156,089124,071311,090334,097569,-82589,090113,080039,-80234
0000000007,0000005000,065758,059162,082345,071311,087361,098803,-65207,087140,092384,-62852
0000000008,0000005833,065803,059190,074895,071311,084625,099134,-41152,084404,095690,-38797
0000000009,0000006667,065828,059239,067509,071311,082392,098532,-12809,082171,089676,-10454
0000000010,0000007500,065830,059303,060905,071311,080880,097058,017059,080659,074927,019414
0000000011,0000008333,065809,059376,055737,071311,080241,094850,045523,080020,052855,047878
0000000012,0000009167,065766,059451,052504,071311,080534,092130,069803,080313,025652,072158
0000000013,0000010000,065707,059521,051520,071311,081729,089162,087533,081508,-04030,089888
0000000014,0000010833,065636,059578,052892,071311,083714,086236,096939,083493,-33285,099293
0000000015,0000011667,065561,059617,056475,071311,086290,083640,097138,086069,-59250,099493
0000000016,0000012500,065489,059634,061920,071311,089207,081625,088113,088986,-79395,090468
0000000017,0000013333,065427,059629,068700,071311,092180,080394,070706,091959,-91713,073061
0000000018,0000014167,065381,059600,076145,071311,094916,080062,046661,094695,-95033,049016
0000000019,0000015000,065356,059551,083529,071311,097150,080662,018321,096929,-89033,020676
0000000020,0000015833,065354,059487,090127,071311,098660,082139,-11547,098439,-74259,-09192
0000000021,0000016667,065376,059414,095296,071311,099300,084345,-40014,099079,-52198,-37659
0000000022,0000017500,065418,059339,098533,071311,099009,087065,-64304,098788,-24999,-61949
0000000023,0000018333,065478,059270,099510,071311,097811,090034,-82010,097590,004686,-79655
0000000024,0000019167,065549,059213,098141,071311,095828,092959,-91429,095607,033941,-89074
0000000025,0000020000,065624,059173,094560,071311,093252,095556,-91644,093031,059916,-89289
0000000026,0000020833,065696,059156,089108,071311,090334,097569,-82590,090113,080039,-80235
0000000027,0000021667,065758,059162,082328,071311,087362,098802,-65196,087141,092369,-62842
0000000028,0000022500,065803,059190,074880,071311,084624,099135,-41159,084403,095705,-38804
0000000029,0000023333,065828,059239,067495,071311,082392,098533,-12809,082171,089676,-10454
0000000030,0000024167,065830,059303,060893,071311,080882,097057,017057,080661,074916,019412
0000000031,0000025000,065809,059376,055720,071311,080240,094851,045530,080019,052863,047885
0000000032,0000025833,065766,059451,052490,071311,080534,092130,069803,080313,025652,072158
0000000033,0000026667,065707,059521,051510,071311,081730,089162,087519,081509,-04030,089874
0000000034,0000027500,065636,059578,052876,071311,083713,086236,096953,083492,-33290,099308
0000000035,0000028333,065561,059617,056464,071311,086290,083640,097138,086069,-59249,099493
0000000036,0000029167,065489,059635,061912,071311,089207,081627,088099,088986,-79382,090454
0000000037,0000030000,065427,059629,068690,071311,092180,080392,070717,091959,-91727,073072
0000000038,0000030833,065381,059600,076136,071311,094916,080062,046661,094695,-95033,049016
0000000039,0000031667,065356,059551,083520,071311,097149,080663,018319,096928,-89019,020674
0000000040,0000032500,065354,059487,090122,071311,098661,082138,-11550,098440,-74271,-09195
0000000041,0000033333,065376,059414,095288,071311,099300,084345,-40013,099079,-52198,-37659
0000000042,0000034167,065418,059339,098522,071311,099008,087065,-64293,098787,-24995,-61938
0000000043,0000035000,065478,059270,099506,071311,097813,090034,-82023,097592,004687,-79668
0000000044,0000035833,065549,059213,098134,071311,095828,092959,-91429,095607,033941,-89074
0000000045,0000036667,065624,059173,094550,071311,093251,095556,-91629,093030,059906,-89274
0000000046,0000037500,065696,059156,089104,071311,090334,097570,-82603,090113,080052,-80248
0000000047,0000038333,065758,059162,082322,071311,087362,098802,-65197,087141,092369,-62842
0000000048,0000039167,065803,059191,074875,071311,084625,099134,-41152,084404,095690,-38797
0000000049,0000040000,065828,059239,067488,071311,082391,098534,-12812,082170,089690,-10457
0000000050,0000040833,065830,059303,060888,071311,080882,097057,017057,080661,074916,019412
0000000051,0000041667,065809,059376,055718,071311,080241,094850,045523,080020,052855,047878
0000000052,0000042500,065767,059451,052481,071311,080532,092131,069813,080311,025656,072168
0000000053,0000043333,065707,059521,051506,071311,081730,089162,087519,081509,-04030,089874
0000000054,0000044167,065636,059578,052875,071311,083714,086236,096938,083493,-33285,099293
0000000055,0000045000,065561,059617,056457,071311,086290,083639,097153,086069,-59259,099508
0000000056,0000045833,065489,059635,061908,071311,089207,081627,088099,088986,-79382,090454
0000000057,0000046667,065427,059629,068687,071311,092180,080394,070706,091959,-91713,073061
0000000058,0000047500,065381,059600,076133,071311,094917,080060,046668,094696,-95048,049023
0000000059,0000048333,065356,059551,083517,071311,097149,080663,018319,096928,-89019,020674
0000000060,0000049167,065354,059487,090116,071311,098660,082139,-11547,098439,-74259,-09193
0000000061,0000050000,065376,059414,095289,071311,099302,084344,-40020,099081,-52206,-37665
0000000062,0000050833,065418,059339,098519,071311,099008,087065,-64293,098787,-24995,-61938
0000000063,0000051667,065478,059270,099499,071311,097811,090034,-82010,097590,004686,-79655
0000000064,0000052500,065549,059213,098134,071311,095829,092960,-91444,095608,033947,-89089
0000000065,0000053333,065624,059173,094547,071311,093251,095556,-91629,093030,059906,-89274
0000000066,0000054167,065696,059156,089099,071311,090334,097569,-82590,090113,080039,-80235
0000000067,0000055000,065758,059162,082321,071311,087361,098803,-65207,087140,092384,-62852
0000000068,0000055833,065803,059191,074873,071311,084625,099134,-41152,084404,095690,-38797
0000000069,0000056667,065828,059239,067487,071311,082392,098533,-12809,082171,089676,-10454
0000000070,0000057500,065830,059303,060884,071311,080880,097058,017059,080659,074928,019414
0000000071,0000058333,065809,059376,055716,071311,080241,094850,045523,080020,052855,047878
0000000072,0000059167,065767,059451,052483,071311,080534,092130,069803,080313,025652,072158
0000000073,0000060000,065707,059521,051500,071311,081729,089162,087533,081508,-04030,089887
0000000074,0000060833,065636,059578,052873,071311,083714,086236,096938,083493,-33285,099293
0000000075,0000061667,065561,059617,056458,071311,086290,083640,097138,086069,-59249,099493
0000000076,0000062500,065489,059635,061904,071311,089207,081625,088113,088986,-79395,090468
0000000077,0000063333,065427,059629,068685,071311,092180,080394,070706,091959,-91713,073061
0000000078,0000064167,065381,059600,076131,071311,094916,080062,046661,094695,-95033,049016
0000000079,0000065000,065356,059551,083517,071311,097150,080662,018321,096929,-89033,020676
0000000080,0000065833,065354,059487,090115,071311,098660,082139,-11547,098439,-74259,-09192
0000000081,0000066667,065376,059414,095284,071311,099300,084345,-40014,099079,-52198,-37659
0000000082,0000067500,065418,059339,098521,071311,099009,087065,-64304,098788,-24999,-61949
0000000083,0000068333,065478,059270,099498,071311,097811,090034,-82010,097590,004686,-79655
0000000084,0000069167,065549,059213,098129,071311,095828,092959,-91429,095607,033941,-89074
0000000085,0000070000,065624,059173,094549,071311,093252,095556,-91644,093031,059916,-89289
0000000086,0000070833,065696,059156,089098,071311,090334,097569,-82590,090113,080039,-80235
0000000087,0000071667,065758,059162,082318,071311,087362,098802,-65197,087141,092369,-62842
0000000088,0000072500,065803,059191,074871,071311,084624,099135,-41159,084403,095705,-38804
0000000089,0000073333,065828,059239,067486,071311,082392,098533,-12809,082171,089676,-10454
0000000090,0000074167,065830,059303,060885,071311,080882,097057,017057,080661,074916,019412
0000000091,0000075000,065809,059376,055712,071311,080240,094851,045530,080019,052863,047885
0000000092,0000075833,065767,059451,052482,071311,080534,092130,069803,080313,025652,072158
0000000093,0000076667,065707,059521,051503,071311,081730,089162,087519,081509,-04030,089874
0000000094,0000077500,065636,059578,052869,071311,083713,086236,096953,083492,-33290,099308
0000000095,0000078333,065561,059617,056457,071311,086290,083640,097138,086069,-59249,099493
0000000096,0000079167,065489,059635,061906,071311,089207,081627,088099,088986,-79382,090454
0000000097,0000080000,065427,059629,068684,071311,092180,080392,070717,091959,-91727,073072
0000000098,0000080833,065381,059600,076131,071311,094916,080062,046661,094695,-95033,049016
0000000099,0000081667,065356,059551,083515,071311,097149,080663,018319,096928,-89019,020674
0000000100,0000082500,065354,059487,090117,071311,098661,082138,-11550,098440,-74271,-09195
0000000101,0000083333,065376,059414,095284,071311,099300,084345,-40013,099079,-52198,-37659
0000000102,0000084167,065418,059339,098517,071311,099008,087065,-64293,098787,-24995,-61938
0000000103,0000085000,065478,059270,099501,071311,097813,090034,-82023,097592,004687,-79668
0000000104,0000085833,065549,059213,098129,071311,095828,092959,-91429,095607,033941,-89074
0000000105,0000086667,065624,059173,094545,071311,093251,095556,-91629,093030,059906,-89274
0000000106,0000087500,065696,059156,089099,071311,090334,097570,-82603,090113,080052,-80248
0000000107,0000088333,065758,059162,082318,071311,087362,098802,-65197,087141,092369,-62842
0000000108,0000089167,065803,059191,074871,071311,084625,099134,-41152,084404,095690,-38797
0000000109,0000090000,065828,059239,067484,071311,082391,098534,-12812,082170,089690,-10457
0000000110,0000090833,065830,059303,060884,071311,080882,097057,017057,080661,074916,019412
0000000111,0000091667,065809,059376,055714,071311,080241,094850,045523,080020,052855,047878
0000000112,0000092500,065767,059451,052478,071311,080532,092131,069813,080311,025656,072168
0000000113,0000093333,065707,059521,051502,071311,081730,089162,087519,081509,-04030,089874
0000000114,0000094167,065636,059578,052872,071311,083714,086236,096938,083493,-33285,099293
0000000115,0000095000,065561,059617,056454,071311,086290,083639,097153,086069,-59259,099508
0000000116,0000095833,065489,059635,061905,071311,089207,081627,088099,088986,-79382,090454
0000000117,0000096667,065427,059629,068684,071311,092180,080394,070706,091959,-91713,073061
0000000118,0000097500,065381,059600,076130,071311,094917,080060,046668,094696,-95048,049023
0000000119,0000098333,065356,059551,083514,071311,097149,080663,018319,096928,-89019,020674
0000000120,0000099167,065354,059487,090114,071311,098660,082139,-11547,098439,-74259,-09193
0000000121,0000100000,065376,059414,095287,071311,099302,084344,-40020,099081,-52206,-37665
0000000122,0000100833,065418,059339,098517,071311,099008,087065,-64293,098787,-24995,-61938
0000000123,0000101667,065478,059270,099497,071311,097811,090034,-82010,097590,004686,-79655
0000000124,0000102500,065549,059213,098132,071311,095829,092960,-91444,095608,033947,-89089
0000000125,0000103333,065624,059173,094545,071311,093251,095556,-91629,093030,059906,-89274
0000000126,0000104167,065696,059156,089097,071311,090334,097569,-82590,090113,080039,-80235
0000000127,0000105000,065758,059162,082318,071311,087361,098803,-65207,087140,092384,-62852
0000000128,0000105833,065803,059191,074870,071311,084625,099134,-41152,084404,095690,-38797
0000000129,0000106667,065828,059239,067485,071311,082392,098533,-12809,082171,089676,-10454
0000000130,0000107500,065830,059303,060882,071311,080880,097058,017059,080659,074928,019414
0000000131,0000108333,065809,059376,055714,071311,080241,094850,045523,080020,052855,047878
0000000132,0000109167,065767,059451,052481,071311,080534,092130,069803,080313,025652,072158
0000000133,0000110000,065707,059521,051498,071311,081729,089162,087533,081508,-04030,089887
0000000134,0000110833,065636,059578,052872,071311,083714,086236,096938,083493,-33285,099293
0000000135,0000111667,065561,059617,056456,071311,086290,083640,097138,086069,-59250,099493
0000000136,0000112500,065489,059635,061903,071311,089207,081625,088113,088986,-79395,090468
0000000137,0000113333,065427,059629,068684,071311,092180,080394,070706,091959,-91713,073061
0000000138,0000114167,065381,059600,076130,071311,094916,080062,046661,094695,-95033,049016
0000000139,0000115000,065356,059551,083515,071311,097150,080662,018321,096929,-89033,020676
0000000140,0000115833,065354,059487,090114,071311,098660,082139,-11547,098439,-74259,-09192
0000000141,0000116667,065376,059414,095283,071311,099300,084345,-40014,099079,-52198,-37659
0000000142,0000117500,065418,059339,098520,071311,099009,087065,-64304,098788,-24999,-61949
0000000143,0000118333,065478,059270,099497,071311,097811,090034,-82010,097590,004686,-79655
0000000144,0000119167,065549,059213,098128,071311,095828,092959,-91429,095607,033941,-89074
0000000145,0000120000,065624,059173,094548,071311,093252,095556,-91644,093031,059916,-89289
0000000146,0000120833,065696,059156,089096,071311,090334,097569,-82590,090113,080039,-80235
0000000147,0000121667,065758,059162,082317,071311,087362,098802,-65197,087141,092369,-62842
0000000148,0000122500,065803,059191,074870,071311,084624,099135,-41159,084403,095705,-38804
0000000149,0000123333,065828,059239,067485,071311,082392,098533,-12809,082171,089676,-10454
0000000150,0000124167,065830,059303,060884,071311,080882,097057,017057,080661,074916,019412
0000000151,0000125000,065809,059376,055711,071311,080240,094851,045530,080019,052863,047885
0000000152,0000125833,065767,059451,052481,071311,080534,092130,069803,080313,025652,072158
0000000153,0000126667,065707,059521,051502,071311,081730,089162,087519,081509,-04030,089874
0000000154,0000127500,065636,059578,052868,071311,083713,086236,096953,083492,-33290,099308
0000000155,0000128333,065561,059617,056456,071311,086290,083640,097138,086069,-59249,099493
0000000156,0000129167,065489,059635,061905,071311,089207,081627,088099,088986,-79382,090454
0000000157,0000130000,065427,059629,068683,071311,092180,080392,070717,091959,-91727,073072
0000000158,0000130833,065381,059600,076130,071311,094916,080062,046661,094695,-95033,049016
0000000159,0000131667,065356,059551,083514,071311,097149,080663,018319,096928,-89019,020674
0000000160,0000132500,065354,059487,090116,071311,098661,082138,-11550,098440,-74271,-09195
0000000161,0000133333,065376,059414,095283,071311,099300,084345,-40013,099079,-52198,-37659
0000000162,0000134167,065418,059339,098516,071311,099008,087065,-64293,098787,-24995,-61938
0000000163,0000135000,065478,059270,099500,071311,097813,090034,-82023,097592,004687,-79668
0000000164,0000135833,065549,059213,098128,071311,095828,092959,-91429,095607,033941,-89074
0000000165,0000136667,065624,059173,094544,071311,093251,095556,-91629,093030,059906,-89274
0000000166,0000137500,065696,059156,089098,071311,090334,097570,-82603,090113,080052,-80248
0000000167,0000138333,065758,059162,082317,071311,087362,098802,-65197,087141,092369,-62842
0000000168,0000139167,065803,059191,074870,071311,084625,099134,-41152,084404,095690,-38797
0000000169,0000140000,065828,059239,067483,071311,082391,098534,-12812,082170,089690,-10457
0000000170,0000140833,065830,059303,060884,071311,080882,097057,017057,080661,074916,019412
0000000171,0000141667,065809,059376,055714,071311,080241,094850,045523,080020,052855,047878
0000000172,0000142500,065767,059451,052477,071311,080532,092131,069813,080311,025656,072168
0000000173,0000143333,065707,059521,051502,071311,081730,089162,087519,081509,-04030,089874
0000000174,0000144167,065636,059578,052871,071311,083714,086236,096938,083493,-33285,099293
0000000175,0000145000,065561,059617,056453,071311,086290,083639,097153,086069,-59259,099508
0000000176,0000145833,065489,059635,061905,071311,089207,081627,088099,088986,-79382,090454
0000000177,0000146667,065427,059629,068684,071311,092180,080394,070706,091959,-91713,073061
0000000178,0000147500,065381,059600,076130,071311,094917,080060,046668,094696,-95048,049023
0000000179,0000148333,065356,059551,083514,071311,097149,080663,018319,096928,-89019,020674
0000000180,0000149167,065354,059487,090114,071311,098660,082139,-11547,098439,-74259,-09193
0000000181,0000150000,065376,059414,095286,071311,099302,084344,-40020,099081,-52206,-37665
0000000182,0000150833,065418,059339,098516,071311,099008,087065,-64293,098787,-24995,-61938
0000000183,0000151667,065478,059270,099497,071311,097811,090034,-82010,097590,004686,-79655
0000000184,0000152500,065549,059213,098132,071311,095829,092960,-91444,095608,033947,-89089
0000000185,0000153333,065624,059173,094544,071311,093251,095556,-91629,093030,059906,-89274
0000000186,0000154167,065696,059156,089096,071311,090334,097569,-82590,090113,080039,-80235
0000000187,0000155000,065758,059162,082318,071311,087361,098803,-65207,087140,092384,-62852
0000000188,0000155833,065803,059191,074870,071311,084625,099134,-41152,084404,095690,-38797
0000000189,0000156667,065828,059239,067484,071311,082392,098533,-12809,082171,089676,-10454
0000000190,0000157500,065830,059303,060881,071311,080880,097058,017059,080659,074928,019414
0000000191,0000158333,065809,059376,055714,071311,080241,094850,045523,080020,052855,047878
0000000192,0000159167,065767,059451,052481,071311,080534,092130,069803,080313,025652,072158
0000000193,0000160000,065707,059521,051498,071311,081729,089162,087533,081508,-04030,089887
0000000194,0000160833,065636,059578,052871,071311,083714,086236,096938,083493,-33285,099293
0000000195,0000161667,065561,059617,056456,071311,086290,083640,097138,086069,-59250,099493
0000000196,0000162500,065489,059635,061902,071311,089207,081625,088113,088986,-79395,090468
0000000197,0000163333,065427,059629,068684,071311,092180,080394,070706,091959,-91713,073061
0000000198,0000164167,065381,059600,076130,071311,094916,080062,046661,094695,-95033,049016
0000000199,0000165000,065356,059551,083515,071311,097150,080662,018321,096929,-89033,020676
0000000200,0000165833,065354,059487,090114,071311,098660,082139,-11547,098439,-74259,-09192
0000000201,0000166667,065376,059414,095283,071311,099300,084345,-40014,099079,-52198,-37659
0000000202,0000167500,065418,059339,098520,071311,099009,087065,-64304,098788,-24999,-61949
0000000203,0000168333,065478,059270,099497,071311,097811,090034,-82010,097590,004686,-79655
0000000204,0000169167,065549,059213,098128,071311,095828,092959,-91429,095607,033941,-89074
0000000205,0000170000,065624,059173,094547,071311,093252,095556,-91644,093031,059916,-89289
0000000206,0000170833,065696,059156,089096,071311,090334,097569,-82590,090113,080039,-80235
0000000207,0000171667,065758,059162,082317,071311,087362,098802,-65197,087141,092369,-62842
0000000208,0000172500,065803,059191,074870,071311,084624,099135,-41159,084403,095705,-38804
0000000209,0000173333,065828,059239,067484,071311,082392,098533,-12809,082171,089676,-10454
0000000210,0000174167,065830,059303,060884,071311,080882,097057,017057,080661,074916,019412
0000000211,0000175000,065809,059376,055711,071311,080240,094851,045530,080019,052863,047885
0000000212,0000175833,065767,059451,052481,071311,080534,092130,069803,080313,025652,072158
0000000213,0000176667,065707,059521,051501,071311,081730,089162,087519,081509,-04030,089874
0000000214,0000177500,065636,059578,052868,071311,083713,086236,096953,083492,-33290,099308
0000000215,0000178333,065561,059617,056456,071311,086290,083640,097138,086069,-59249,099493
0000000216,0000179167,065489,059635,061905,071311,089207,081627,088099,088986,-79382,090454
0000000217,0000180000,065427,059629,068683,071311,092180,080392,070717,091959,-91727,073072
0000000218,0000180833,065381,059600,076130,071311,094916,080062,046661,094695,-95033,049016
0000000219,0000181667,065356,059551,083514,071311,097149,080663,018319,096928,-89019,020674
0000000220,0000182500,065354,059487,090116,071311,098661,082138,-11550,098440,-74271,-09195
0000000221,0000183333,065376,059414,095283,071311,099300,084345,-40013,099079,-52198,-37659
0000000222,0000184167,065418,059339,098516,071311,099008,087065,-64293,098787,-24995,-61938
0000000223,0000185000,065478,059270,099500,071311,097813,090034,-82023,097592,004687,-79668
0000000224,0000185833,065549,059213,098128,071311,095828,092959,-91429,095607,033941,-89074
0000000225,0000186667,065624,059173,094544,071311,093251,095556,-91629,093030,059906,-89274
0000000226,0000187500,065696,059156,089098,071311,090334,097570,-82603,090113,080052,-80248
0000000227,0000188333,065758,059162,082317,071311,087362,098802,-65197,087141,092369,-62842
0000000228,0000189167,065803,059191,074870,071311,084625,099134,-41152,084404,095690,-38797
0000000229,0000190000,065828,059239,067483,071311,082391,098534,-12812,082170,089690,-10457
0000000230,0000190833,065830,059303,060883,071311,080882,097057,017057,080661,074916,019412
0000000231,0000191667,065809,059376,055714,071311,080241,094850,045523,080020,052855,047878
0000000232,0000192500,065767,059451,052477,071311,080532,092131,069813,080311,025656,072168
0000000233,0000193333,065707,059521,051501,071311,081730,089162,087519,081509,-04030,089874
0000000234,0000194167,065636,059578,052871,071311,083714,086236,096938,083493,-33285,099293
0000000235,0000195000,065561,059617,056453,071311,086290,083639,097153,086069,-59259,099508
0000000236,0000195833,065489,059635,061904,071311,089207,081627,088099,088986,-79382,090454
0000000237,0000196667,065427,059629,068684,071311,092180,080394,070706,091959,-91713,073061
0000000238,0000197500,065381,059600,076130,071311,094917,080060,046668,094696,-95048,049023
0000000239,0000198333,065356,059551,083514,071311,097149,080663,018319,096928,-89019,020674
0000000240,0000199167,065354,059487,090114,071311,098660,082139,-11547,098439,-74259,-09193
0000000241,0000200000,065376,059414,095286,071311,099302,084344,-40020,099081,-52206,-37665
0000000242,0000200833,065418,059339,098516,071311,099008,087065,-64293,098787,-24995,-61938
0000000243,0000201667,065478,059270,099496,071311,097811,090034,-82010,097590,004686,-79655
0000000244,0000202500,065549,059213,098131,071311,095829,092960,-91444,095608,033947,-89089
0000000245,0000203333,065624,059173,094544,071311,093251,095556,-91629,093030,059906,-89274
0000000246,0000204167,065696,059156,089096,071311,090334,097569,-82590,090113,080039,-80235
0000000247,0000205000,065758,059162,082318,071311,087361,098803,-65207,087140,092384,-62852
0000000248,0000205833,065803,059191,074870,071311,084625,099134,-41152,084404,095690,-38797
0000000249,0000206667,065828,059239,067484,071311,082392,098533,-12809,082171,089676,-10454
0000000250,0000207500,065830,059303,060881,071311,080880,097058,017059,080659,074928,019414
0000000251,0000208333,065809,059376,055714,071311,080241,094850,045523,080020,052855,047878
0000000252,0000209167,065767,059451,052481,071311,080534,092130,069803,080313,025652,072158
0000000253,0000210000,065707,059521,051497,071311,081729,089162,087533,081508,-04030,089887
0000000254,0000210833,065636,059578,052871,071311,083714,086236,096938,083493,-33285,099293
0000000255,0000211667,065561,059617,056456,071311,086290,083640,097138,086069,-59250,099493
0000000256,0000212500,065489,059635,061902,071311,089207,081625,088113,088986,-79395,090468
0000000257,0000213333,065427,059629,068683,071311,092180,080394,070706,091959,-91713,073061
0000000258,0000214167,065381,059600,076130,071311,094916,080062,046661,094695,-95033,049016
0000000259,0000215000,065356,059551,083515,071311,097150,080662,018321,096929,-89033,020676
0000000260,0000215833,065354,059487,090114,071311,098660,082139,-11547,098439,-74259,-09192
0000000261,0000216667,065376,059414,095283,071311,099300,084345,-40014,099079,-52198,-37659
0000000262,0000217500,065418,059339,098520,071311,099009,087065,-64304,098788,-24999,-61949
0000000263,0000218333,065478,059270,099496,071311,097811,090034,-82010,097590,004686,-79655
0000000264,0000219167,065549,059213,098128,071311,095828,092959,-91429,095607,033941,-89074
0000000265,0000220000,065624,059173,094547,071311,093252,095556,-91644,093031,059916,-89289
0000000266,0000220833,065696,059156,089096,071311,090334,097569,-82590,090113,080039,-80235
0000000267,0000221667,065758,059162,082316,071311,087362,098802,-65197,087141,092369,-62842
0000000268,0000222500,065803,059191,074869,071311,084624,099135,-41159,084403,095705,-38804
0000000269,0000223333,065828,059239,067484,071311,082392,098533,-12809,082171,089676,-10454
0000000270,0000224167,065830,059303,060883,071311,080882,097057,017057,080661,074916,019412
0000000271,0000225000,065809,059376,055710,071311,080240,094851,045530,080019,052863,047885
0000000272,0000225833,065767,059451,052481,071311,080534,092130,069803,080313,025652,072158
0000000273,0000226667,065707,059521,051501,071311,081730,089162,087519,081509,-04030,089874
0000000274,0000227500,065636,059578,052867,071311,083713,086236,096953,083492,-33290,099308
0000000275,0000228333,065561,059617,056456,071311,086290,083640,097138,086069,-59249,099493
0000000276,0000229167,065489,059635,061904,071311,089207,081627,088099,088986,-79382,090454
0000000277,0000230000,065427,059629,068682,071311,092180,080392,070717,091959,-91727,073072
0000000278,0000230833,065381,059600,076130,071311,094916,080062,046661,094695,-95033,049016
0000000279,0000231667,065356,059551,083514,071311,097149,080663,018319,096928,-89019,020674
0000000280,0000232500,065354,059487,090116,071311,098661,082138,-11550,098440,-74271,-09195
0000000281,0000233333,065376,059414,095283,071311,099300,084345,-40013,099079,-52198,-37659
0000000282,0000234167,065418,059339,098516,071311,099008,087065,-64293,098787,-24995,-61938
0000000283,0000235000,065478,059270,099500,071311,097813,090034,-82023,097592,004687,-79668
0000000284,0000235833,065549,059213,098128,071311,095828,092959,-91429,095607,033941,-89074
0000000285,0000236667,065624,059173,094544,071311,093251,095556,-91629,093030,059906,-89274
0000000286,0000237500,065696,059156,089098,071311,090334,097570,-82603,090113,080052,-80248
0000000287,0000238333,065758,059162,082316,071311,087362,098802,-65197,087141,092369,-62842
0000000288,0000239167,065803,059191,074869,071311,084625,099134,-41152,084404,095690,-38797
0000000289,0000240000,065828,059239,067483,071311,082391,098534,-12812,082170,089690,-10457
0000000290,0000240833,065830,059303,060883,071311,080882,097057,017057,080661,074916,019412
0000000291,0000241667,065809,059376,055714,071311,080241,094850,045523,080020,052855,047878
0000000292,0000242500,065767,059451,052477,071311,080532,092131,069813,080311,025656,072168
0000000293,0000243333,065707,059521,051501,071311,081730,089162,087519,081509,-04030,089874
0000000294,0000244167,065636,059578,052871,071311,083714,086236,096938,083493,-33285,099293
0000000295,0000245000,065561,059617,056453,071311,086290,083639,097153,086069,-59259,099508
0000000296,0000245833,065489,059635,061904,071311,089207,081627,088099,088986,-79382,090454
0000000297,0000246667,065427,059629,068683,071311,092180,080394,070706,091959,-91713,073061
0000000298,0000247500,065381,059600,076130,071311,094917,080060,046668,094696,-95048,049023
0000000299,0000248333,065356,059551,083514,071311,097149,080663,018319,096928,-89019,020674
0000000300,0000249167,065354,059487,090114,071311,098660,082139,-11547,098439,-74259,-09193
0000000301,0000250000,065376,059414,095286,071311,099302,084344,-40020,099081,-52206,-37665
0000000302,0000250833,065418,059339,098516,071311,099008,087065,-64293,098787,-24995,-61938
0000000303,0000251667,065478,059270,099496,071311,097811,090034,-82010,097590,004686,-79655
0000000304,0000252500,065549,059213,098131,071311,095829,092960,-91444,095608,033947,-89089
0000000305,0000253333,065624,059173,094544,071311,093251,095556,-91629,093030,059906,-89274
0000000306,0000254167,065696,059156,089096,071311,090334,097569,-82590,090113,080039,-80235
0000000307,0000255000,065758,059162,082317,071311,087361,098803,-65207,087140,092384,-62852
0000000308,0000255833,065803,059191,074869,071311,084625,099134,-41152,084404,095690,-38797
0000000309,0000256667,065828,059239,067484,071311,082392,098533,-12809,082171,089676,-10454
0000000310,0000257500,065830,059303,060881,071311,080880,097058,017059,080659,074928,019414
0000000311,0000258333,065809,059376,055714,071311,080241,094850,045523,080020,052855,047878
0000000312,0000259167,065767,059451,052481,071311,080534,092130,069803,080313,025652,072158
0000000313,0000260000,065707,059521,051497,071311,081729,089162,087533,081508,-04030,089887
0000000314,0000260833,065636,059578,052871,071311,083714,086236,096938,083493,-33285,099293
0000000315,0000261667,065561,059617,056456,071311,086290,083640,097138,086069,-59250,099493
0000000316,0000262500,065489,059635,061902,071311,089207,081625,088113,088986,-79395,090468
0000000317,0000263333,065427,059629,068683,071311,092180,080394,070706,091959,-91713,073061
0000000318,0000264167,065381,059600,076129,071311,094916,080062,046661,094695,-95033,049016
0000000319,0000265000,065356,059551,083515,071311,097150,080662,018321,096929,-89033,020676
0000000320,0000265833,065354,059487,090114,071311,098660,082139,-11547,098439,-74259,-09192
0000000321,0000266667,065376,059414,095283,071311,099300,084345,-40014,099079,-52198,-37659
0000000322,0000267500,065418,059339,098520,071311,099009,087065,-64304,098788,-24999,-61949
0000000323,0000268333,065478,059270,099496,071311,097811,090034,-82010,097590,004686,-79655
0000000324,0000269167,065549,059213,098128,071311,095828,092959,-91429,095607,033941,-89074
0000000325,0000270000,065624,059173,094547,071311,093252,095556,-91644,093031,059916,-89289
0000000326,0000270833,065696,059156,089095,071311,090334,097569,-82590,090113,080039,-80235
0000000327,0000271667,065758,059162,082316,071311,087362,098802,-65197,087141,092369,-62842
0000000328,0000272500,065803,059191,074869,071311,084624,099135,-41159,084403,095705,-38804
0000000329,0000273333,065828,059239,067484,071311,082392,098533,-12809,082171,089676,-10454
0000000330,0000274167,065830,059303,060883,071311,080882,097057,017057,080661,074916,019412
0000000331,0000275000,065809,059376,055710,071311,080240,094851,045530,080019,052863,047885
0000000332,0000275833,065767,059451,052481,071311,080534,092130,069803,080313,025652,072158
0000000333,0000276667,065707,059521,051501,071311,081730,089162,087519,081509,-04030,089874
0000000334,0000277500,065636,059578,052867,071311,083713,086236,096953,083492,-33290,099308
0000000335,0000278333,065561,059617,056455,071311,086290,083640,097138,086069,-59249,099493
0000000336,0000279167,065489,059635,061904,071311,089207,081627,088099,088986,-79382,090454
0000000337,0000280000,065427,059629,068682,071311,092180,080392,070717,091959,-91727,073072
0000000338,0000280833,065381,059600,076129,071311,094916,080062,046661,094695,-95033,049016
0000000339,0000281667,065356,059551,083514,071311,097149,080663,018319,096928,-89019,020674
0000000340,0000282500,065354,059487,090116,071311,098661,082138,-11550,098440,-74271,-09195
0000000341,0000283333,065376,059414,095283,071311,099300,084345,-40013,099079,-52198,-37659
0000000342,0000284167,065418,059339,098516,071311,099008,087065,-64293,098787,-24995,-61938
0000000343,0000285000,065478,059270,099500,071311,097813,090034,-82023,097592,004687,-79668
0000000344,0000285833,065549,059213,098127,071311,095828,092959,-91429,095607,033941,-89074
0000000345,0000286667,065624,059173,094544,071311,093251,095556,-91629,093030,059906,-89274
0000000346,0000287500,065696,059156,089098,071311,090334,097570,-82603,090113,080052,-80248
0000000347,0000288333,065758,059162,082316,071311,087362,098802,-65197,087141,092369,-62842
0000000348,0000289167,065803,059191,074869,071311,084625,099134,-41152,084404,095690,-38797
0000000349,0000290000,065828,059239,067483,071311,082391,098534,-12812,082170,089690,-10457
0000000350,0000290833,065830,059303,060883,071311,080882,097057,017057,080661,074916,019412
0000000351,0000291667,065809,059376,055713,071311,080241,094850,045523,080020,052855,047878
0000000352,0000292500,065767,059451,052477,071311,080532,092131,069813,080311,025656,072168
0000000353,0000293333,065707,059521,051501,071311,081730,089162,087519,081509,-04030,089874
0000000354,0000294167,065636,059578,052871,071311,083714,086236,096938,083493,-33285,099293
0000000355,0000295000,065561,059617,056452,071311,086290,083639,097153,086069,-59259,099508
0000000356,0000295833,065489,059635,061904,071311,089207,081627,088099,088986,-79382,090454
0000000357,0000296667,065427,059629,068683,071311,092180,080394,070706,091959,-91713,073061
0000000358,0000297500,065381,059600,076129,071311,094917,080060,046668,094696,-95048,049023
0000000359,0000298333,065356,059551,083514,071311,097149,080663,018319,096928,-89019,020674
0000000360,0000299167,065354,059487,090114,071311,098660,082139,-11547,098439,-74259,-09193
0000000361,0000300000,065376,059414,095286,071311,099302,084344,-40020,099081,-52206,-37665
0000000362,0000300833,065418,059339,098516,071311,099008,087065,-64293,098787,-24995,-61938
0000000363,0000301667,065478,059270,099496,071311,097811,090034,-82010,097590,004686,-79655
0000000364,0000302500,065549,059213,098131,071311,095829,092960,-91444,095608,033947,-89089
0000000365,0000303333,065624,059173,094544,071311,093251,095556,-91629,093030,059906,-89274
0000000366,0000304167,065696,059156,089095,071311,090334,097569,-82590,090113,080039,-80235
0000000367,0000305000,065758,059162,082317,071311,087361,098803,-65207,087140,092384,-62852
0000000368,0000305833,065803,059191,074869,071311,084625,099134,-41152,084404,095690,-38797
0000000369,0000306667,065828,059239,067484,071311,082392,098533,-12809,082171,089676,-10454
0000000370,0000307500,065830,059303,060881,071311,080880,097058,017059,080659,074928,019414
0000000371,0000308333,065809,059376,055713,071311,080241,094850,045523,080020,052855,047878
0000000372,0000309167,065767,059451,052481,071311,080534,092130,069803,080313,025652,072158
0000000373,0000310000,065707,059521,051497,071311,081729,089162,087533,081508,-04030,089887
0000000374,0000310833,065636,059578,052871,071311,083714,086236,096938,083493,-33285,099293
0000000375,0000311667,065561,059617,056455,071311,086290,083640,097138,086069,-59250,099493
0000000376,0000312500,065489,059635,061902,071311,089207,081625,088113,088986,-79395,090468
0000000377,0000313333,065427,059629,068683,071311,092180,080394,070706,091959,-91713,073061
0000000378,0000314167,065381,059600,076129,071311,094916,080062,046661,094695,-95033,049016
0000000379,0000315000,065356,059551,083515,071311,097150,080662,018321,096929,-89033,020676
0000000380,0000315833,065354,059487,090114,071311,098660,082139,-11547,098439,-74259,-09192
0000000381,0000316667,065376,059414,095283,071311,099300,084345,-40014,099079,-52198,-37659
0000000382,0000317500,065418,059339,098520,071311,099009,087065,-64304,098788,-24999,-61949
0000000383,0000318333,065478,059270,099496,071311,097811,090034,-82010,097590,004686,-79655
0000000384,0000319167,065549,059213,098127,071311,095828,092959,-91429,095607,033941,-89074
0000000385,0000320000,065624,059173,094547,071311,093252,095556,-91644,093031,059916,-89289
0000000386,0000320833,065696,059156,089095,071311,090334,097569,-82590,090113,080039,-80235
0000000387,0000321667,065758,059162,082316,071311,087362,098802,-65197,087141,092369,-62842
0000000388,0000322500,065803,059191,074869,071311,084624,099135,-41159,084403,095705,-38804
0000000389,0000323333,065828,059239,067484,071311,082392,098533,-12809,082171,089676,-10454
0000000390,0000324167,065830,059303,060883,071311,080882,097057,017057,080661,074916,019412
0000000391,0000325000,065809,059376,055710,071311,080240,094851,045530,080019,052863,047885
0000000392,0000325833,065767,059451,052481,071311,080534,092130,069803,080313,025652,072158
0000000393,0000326667,065707,059521,051501,071311,081730,089162,087519,081509,-04030,089874
0000000394,0000327500,065636,059578,052867,071311,083713,086236,096953,083492,-33290,099308
0000000395,0000328333,065561,059617,056455,071311,086290,083640,097138,086069,-59249,099493
0000000396,0000329167,065489,059635,061904,071311,089207,081627,088099,088986,-79382,090454
0000000397,0000330000,065427,059629,068682,071311,092180,080392,070717,091959,-91727,073072
0000000398,0000330833,065381,059600,076129,071311,094916,080062,046661,094695,-95033,049016
0000000399,0000331667,065356,059551,083514,071311,097149,080663,018319,096928,-89019,020674
0000000400,0000332500,065354,059487,090116,071311,098661,082138,-11550,098440,-74271,-09195
0000000401,0000333333,065376,059414,095283,071311,099300,084345,-40013,099079,-52198,-37659
0000000402,0000334167,065418,059339,098516,071311,099008,087065,-64293,098787,-24995,-61938
0000000403,0000335000,065478,059270,099500,071311,097813,090034,-82023,097592,004687,-79668
0000000404,0000335833,065549,059213,098127,071311,095828,092959,-91429,095607,033941,-89074
0000000405,0000336667,065624,059173,094543,071311,093251,095556,-91629,093030,059906,-89274
0000000406,0000337500,065696,059156,089097,071311,090334,097570,-82603,090113,080052,-80248
0000000407,0000338333,065758,059162,082316,071311,087362,098802,-65197,087141,092369,-62842
0000000408,0000339167,065803,059191,074869,071311,084625,099134,-41152,084404,095690,-38797
0000000409,0000340000,065828,059239,067483,071311,082391,098534,-12812,082170,089690,-10457
0000000410,0000340833,065830,059303,060883,071311,080882,097057,017057,080661,074916,019412
0000000411,0000341667,065809,059376,055713,071311,080241,094850,045523,080020,052855,047878
0000000412,0000342500,065767,059451,052477,071311,080532,092131,069813,080311,025656,072168
0000000413,0000343333,065707,059521,051501,071311,081730,089162,087519,081509,-04030,089874
0000000414,0000344167,065636,059578,052871,071311,083714,086236,096938,083493,-33285,099293
0000000415,0000345000,065561,059617,056452,071311,086290,083639,097153,086069,-59259,099508
0000000416,0000345833,065489,059635,061904,071311,089207,081627,088099,088986,-79382,090454
0000000417,0000346667,065427,059629,068683,071311,092180,080394,070706,091959,-91713,073061
0000000418,0000347500,065381,059600,076129,071311,094917,080060,046668,094696,-95048,049023
0000000419,0000348333,065356,059551,083514,071311,097149,080663,018319,096928,-89019,020674
0000000420,0000349167,065354,059487,090114,071311,098660,082139,-11547,098439,-74259,-09193
0000000421,0000350000,065376,059414,095286,071311,099302,084344,-40020,099081,-52206,-37665
0000000422,0000350833,065418,059339,098516,071311,099008,087065,-64293,098787,-24995,-61938
0000000423,0000351667,065478,059270,099496,071311,097811,090034,-82010,097590,004686,-79655
0000000424,0000352500,065549,059213,098131,071311,095829,092960,-91444,095608,033947,-89089
0000000425,0000353333,065624,059173,094543,071311,093251,095556,-91629,093030,059906,-89274
0000000426,0000354167,065696,059156,089095,071311,090334,097569,-82590,090113,080039,-80235
0000000427,0000355000,065758,059162,082317,071311,087361,098803,-65207,087140,092384,-62852
0000000428,0000355833,065803,059191,074869,071311,084625,099134,-41152,084404,095690,-38797
0000000429,0000356667,065828,059239,067484,071311,082392,098533,-12809,082171,089676,-10454
0000000430,0000357500,065830,059303,060881,071311,080880,097058,017059,080659,074928,019414
0000000431,0000358333,065809,059376,055713,071311,080241,094850,045523,080020,052855,047878
0000000432,0000359167,065767,059451,052480,071311,080534,092130,069803,080313,025652,072158
0000000433,0000360000,065707,059521,051497,071311,081729,089162,087533,081508,-04030,089887
0000000434,0000360833,065636,059578,052871,071311,083714,086236,096938,083493,-33285,099293
0000000435,0000361667,065561,059617,056455,071311,086290,083640,097138,086069,-59250,099493
0000000436,0000362500,065489,059635,061902,071311,089207,081625,088113,088986,-79395,090468
0000000437,0000363333,065427,059629,068683,071311,092180,080394,070706,091959,-91713,073061
0000000438,0000364167,065381,059600,076129,071311,094916,080062,046661,094695,-95033,049016
0000000439,0000365000,065356,059551,083515,071311,097150,080662,018321,096929,-89033,020676
0000000440,0000365833,065354,059487,090114,071311,098660,082139,-11547,098439,-74259,-09192
0000000441,0000366667,065376,059414,095283,071311,099300,084345,-40014,099079,-52198,-37659
0000000442,0000367500,065418,059339,098520,071311,099009,087065,-64304,098788,-24999,-61949
0000000443,0000368333,065478,059270,099496,071311,097811,090034,-82010,097590,004686,-79655
0000000444,0000369167,065549,059213,098127,071311,095828,092959,-91429,095607,033941,-89074
0000000445,0000370000,065624,059173,094546,071311,093252,095556,-91644,093031,059916,-89289
0000000446,0000370833,065696,059156,089095,071311,090334,097569,-82590,090113,080039,-80235
0000000447,0000371667,065758,059162,082316,071311,087362,098802,-65197,087141,092369,-62842
0000000448,0000372500,065803,059191,074869,071311,084624,099135,-41159,084403,095705,-38804
0000000449,0000373333,065828,059239,067484,071311,082392,098533,-12809,082171,089676,-10454
0000000450,0000374167,065830,059303,060883,071311,080882,097057,017057,080661,074916,019412
0000000451,0000375000,065809,059376,055710,071311,080240,094851,045530,080019,052863,047885
0000000452,0000375833,065767,059451,052480,071311,080534,092130,069803,080313,025652,072158
0000000453,0000376667,065707,059521,051501,071311,081730,089162,087519,081509,-04030,089874
0000000454,0000377500,065636,059578,052867,071311,083713,086236,096953,083492,-33290,099308
0000000455,0000378333,065561,059617,056455,071311,086290,083640,097138,086069,-59249,099493
0000000456,0000379167,065489,059635,061904,071311,089207,081627,088099,088986,-79382,090454
0000000457,0000380000,065427,059629,068682,071311,092180,080392,070717,091959,-91727,073072
0000000458,0000380833,065381,059600,076129,071311,094916,080062,046661,094695,-95033,049016
0000000459,0000381667,065356,059551,083514,071311,097149,080663,018319,096928,-89019,020674
0000000460,0000382500,065354,059487,090116,071311,098661,082138,-11550,098440,-74271,-09195
0000000461,0000383333,065376,059414,095283,071311,099300,084345,-40013,099079,-52198,-37659
0000000462,0000384167,065418,059339,098516,071311,099008,087065,-64293,098787,-24995,-61938
0000000463,0000385000,065478,059270,099500,071311,097813,090034,-82023,097592,004687,-79668
0000000464,0000385833,065549,059213,098127,071311,095828,092959,-91429,095607,033941,-89074
0000000465,0000386667,065624,059173,094543,071311,093251,095556,-91629,093030,059906,-89274
0000000466,0000387500,065696,059156,089097,071311,090334,097570,-82603,090113,080052,-80248
0000000467,0000388333,065758,059162,082316,071311,087362,098802,-65197,087141,092369,-62842
0000000468,0000389167,065803,059191,074869,071311,084625,099134,-41152,084404,095690,-38797
0000000469,0000390000,065828,059239,067483,071311,082391,098534,-12812,082170,089690,-10457
0000000470,0000390833,065830,059303,060883,071311,080882,097057,017057,080661,074916,019412
0000000471,0000391667,065809,059376,055713,071311,080241,094850,045523,080020,052855,047878
0000000472,0000392500,065767,059451,052477,071311,080532,092131,069813,080311,025656,072168
0000000473,0000393333,065707,059521,051501,071311,081730,089162,087519,081509,-04030,089874
0000000474,0000394167,065636,059578,052870,071311,083714,086236,096938,083493,-33285,099293
0000000475,0000395000,065561,059617,056452,071311,086290,083639,097153,086069,-59259,099508
0000000476,0000395833,065489,059635,061904,071311,089207,081627,088099,088986,-79382,090454
0000000477,0000396667,065427,059629,068683,071311,092180,080394,070706,091959,-91713,073061
0000000478,0000397500,065381,059600,076129,071311,094917,080060,046668,094696,-95048,049023
0000000479,0000398333,065356,059551,083514,071311,097149,080663,018319,096928,-89019,020674
0000000480,0000399167,065354,059487,090114,071311,098660,082139,-11547,098439,-74259,-09193
0000000481,0000400000,065376,059414,095286,071311,099302,084344,-40020,099081,-52206,-37665
0000000482,0000400833,065418,059339,098516,071311,099008,087065,-64293,098787,-24995,-61938
0000000483,0000401667,065478,059270,099496,071311,097811,090034,-82010,097590,004686,-79655
0000000484,0000402500,065549,059213,098131,071311,095829,092960,-91444,095608,033947,-89089
0000000485,0000403333,065624,059173,094543,071311,093251,095556,-91629,093030,059906,-89274
0000000486,0000404167,065696,059156,089095,071311,090334,097569,-82590,090113,080039,-80235
0000000487,0000405000,065758,059162,082317,071311,087361,098803,-65207,087140,092384,-62852
0000000488,0000405833,065803,059191,074869,071311,084625,099134,-41152,084404,095690,-38797
0000000489,0000406667,065828,059239,067484,071311,082392,098533,-12809,082171,089676,-10454
0000000490,0000407500,065830,059303,060881,071311,080880,097058,017059,080659,074928,019414
0000000491,0000408333,065809,059376,055713,071311,080241,094850,045523,080020,052855,047878
0000000492,0000409167,065767,059451,052480,071311,080534,092130,069803,080313,025652,072158
0000000493,0000410000,065707,059521,051497,071311,081729,089162,087533,081508,-04030,089887
0000000494,0000410833,065636,059578,052870,071311,083714,086236,096938,083493,-33285,099293
0000000495,0000411667,065561,059617,056455,071311,086290,083640,097138,086069,-59250,099493
0000000496,0000412500,065489,059635,061901,071311,089207,081625,088113,088986,-79395,090468
0000000497,0000413333,065427,059629,068683,071311,092180,080394,070706,091959,-91713,073061
0000000498,0000414167,065381,059600,076129,071311,094916,080062,046661,094695,-95033,049016
0000000499,0000415000,065356,059551,083515,071311,097150,080662,018321,096929,-89033,020676
0000000500,0000415833,065354,059487,090113,071311,098660,082139,-11547,098439,-74259,-09192
0000000501,0000416667,065376,059414,095283,071311,099300,084345,-40014,099079,-52198,-37659
0000000502,0000417500,065418,059339,098520,071311,099009,087065,-64304,098788,-24999,-61949
0000000503,0000418333,065478,059270,099496,071311,097811,090034,-82010,097590,004686,-79655
0000000504,0000419167,065549,059213,098127,071311,095828,092959,-91429,095607,033941,-89074
0000000505,0000420000,065624,059173,094546,071311,093252,095556,-91644,093031,059916,-89289
0000000506,0000420833,065696,059156,089095,071311,090334,097569,-82590,090113,080039,-80235
0000000507,0000421667,065758,059162,082316,071311,087362,098802,-65197,087141,092369,-62842
0000000508,0000422500,065803,059191,074869,071311,084624,099135,-41159,084403,095705,-38804
0000000509,0000423333,065828,059239,067484,071311,082392,098533,-12809,082171,089676,-10454
0000000510,0000424167,065830,059303,060883,071311,080882,097057,017057,080661,074916,019412
0000000511,0000425000,065809,059376,055710,071311,080240,094851,045530,080019,052863,047885
0000000512,0000425833,065767,059451,052480,071311,080534,092130,069803,080313,025652,072158
0000000513,0000426667,065707,059521,051501,071311,081730,089162,087519,081509,-04030,089874
0000000514,0000427500,065636,059578,052867,071311,083713,086236,096953,083492,-33290,099308
0000000515,0000428333,065561,059617,056455,071311,086290,083640,097138,086069,-59249,099493
0000000516,0000429167,065489,059635,061904,071311,089207,081627,088099,088986,-79382,090454
0000000517,0000430000,065427,059629,068682,071311,092180,080392,070717,091959,-91727,073072
0000000518,0000430833,065381,059600,076129,071311,094916,080062,046661,094695,-95033,049016
0000000519,0000431667,065356,059551,083514,071311,097149,080663,018319,096928,-89019,020674
0000000520,0000432500,065354,059487,090116,071311,098661,082138,-11550,098440,-74271,-09195
0000000521,0000433333,065376,059414,095283,071311,099300,084345,-40013,099079,-52198,-37659
0000000522,0000434167,065418,059339,098516,071311,099008,087065,-64293,098787,-24995,-61938
0000000523,0000435000,065478,059270,099500,071311,097813,090034,-82023,097592,004687,-79668
0000000524,0000435833,065549,059213,098127,071311,095828,092959,-91429,095607,033941,-89074
0000000525,0000436667,065624,059173,094543,071311,093251,095556,-91629,093030,059906,-89274
0000000526,0000437500,065696,059156,089097,071311,090334,097570,-82603,090113,080052,-80248
0000000527,0000438333,065758,059162,082316,071311,087362,098802,-65197,087141,092369,-62842
0000000528,0000439167,065803,059191,074869,071311,084625,099134,-41152,084404,095690,-38797
0000000529,0000440000,065828,059239,067482,071311,082391,098534,-12812,082170,089690,-10457
0000000530,0000440833,065830,059303,060883,071311,080882,097057,017057,080661,074916,019412
0000000531,0000441667,065809,059376,055713,071311,080241,094850,045523,080020,052855,047878
0000000532,0000442500,065767,059451,052477,071311,080532,092131,069813,080311,025656,072168
0000000533,0000443333,065707,059521,051501,071311,081730,089162,087519,081509,-04030,089874
0000000534,0000444167,065636,059578,052870,071311,083714,086236,096938,083493,-33285,099293
0000000535,0000445000,065561,059617,056452,071311,086290,083639,097153,086069,-59259,099508
0000000536,0000445833,065489,059635,061904,071311,089207,081627,088099,088986,-79382,090454
0000000537,0000446667,065427,059629,068683,071311,092180,080394,070706,091959,-91713,073061
0000000538,0000447500,065381,059600,076129,071311,094917,080060,046668,094696,-95048,049023
0000000539,0000448333,065356,059551,083513,071311,097149,080663,018319,096928,-89019,020674
0000000540,0000449167,065354,059487,090113,071311,098660,082139,-11547,098439,-74259,-09193
0000000541,0000450000,065376,059414,095286,071311,099302,084344,-40020,099081,-52206,-37665
0000000542,0000450833,065418,059339,098516,071311,099008,087065,-64293,098787,-24995,-61938
0000000543,0000451667,065478,059270,099496,071311,097811,090034,-82010,097590,004686,-79655
0000000544,0000452500,065549,059213,098131,071311,095829,092960,-91444,095608,033947,-89089
0000000545,0000453333,065624,059173,094543,071311,093251,095556,-91629,093030,059906,-89274
0000000546,0000454167,065696,059156,089095,071311,090334,097569,-82590,090113,080039,-80235
0000000547,0000455000,065758,059162,082317,071311,087361,098803,-65207,087140,092384,-62852
0000000548,0000455833,065803,059191,074869,071311,084625,099134,-41152,084404,095690,-38797
0000000549,0000456667,065828,059239,067484,071311,082392,098533,-12809,082171,089676,-10454
0000000550,0000457500,065830,059303,060881,071311,080880,097058,017059,080659,074928,019414
0000000551,0000458333,065809,059376,055713,071311,080241,094850,045523,080020,052855,047878
0000000552,0000459167,065767,059451,052480,071311,080534,092130,069803,080313,025652,072158
0000000553,0000460000,065707,059521,051497,071311,081729,089162,087533,081508,-04030,089887
0000000554,0000460833,065636,059578,052870,071311,083714,086236,096938,083493,-33285,099293
0000000555,0000461667,065561,059617,056455,071311,086290,083640,097138,086069,-59250,099493
0000000556,0000462500,065489,059635,061901,071311,089207,081625,088113,088986,-79395,090468
0000000557,0000463333,065427,059629,068683,071311,092180,080394,070706,091959,-91713,073061
0000000558,0000464167,065381,059600,076129,071311,094916,080062,046661,094695,-95033,049016
0000000559,0000465000,065356,059551,083515,071311,097150,080662,018321,096929,-89033,020676
0000000560,0000465833,065354,059487,090113,071311,098660,082139,-11547,098439,-74259,-09192
0000000561,0000466667,065376,059414,095283,071311,099300,084345,-40014,099079,-52198,-37659
0000000562,0000467500,065418,059339,098520,071311,099009,087065,-64304,098788,-24999,-61949
0000000563,0000468333,065478,059270,099496,071311,097811,090034,-82010,097590,004686,-79655
0000000564,0000469167,065549,059213,098127,071311,095828,092959,-91429,095607,033941,-89074
0000000565,0000470000,065624,059173,094546,071311,093252,095556,-91644,093031,059916,-89289
0000000566,0000470833,065696,059156,089095,071311,090334,097569,-82590,090113,080039,-80235
0000000567,0000471667,065758,059162,082316,071311,087362,098802,-65197,087141,092369,-62842
0000000568,0000472500,065803,059191,074869,071311,084624,099135,-41159,084403,095705,-38804
0000000569,0000473333,065828,059239,067484,071311,082392,098533,-12809,082171,089676,-10454
0000000570,0000474167,065830,059303,060883,071311,080882,097057,017057,080661,074916,019412
0000000571,0000475000,065809,059376,055710,071311,080240,094851,045530,080019,052863,047885
0000000572,0000475833,065767,059451,052480,071311,080534,092130,069803,080313,025652,072158
0000000573,0000476667,065707,059521,051501,071311,081730,089162,087519,081509,-04030,089874
0000000574,0000477500,065636,059578,052867,071311,083713,086236,096953,083492,-33290,099308
0000000575,0000478333,065561,059617,056455,071311,086290,083640,097138,086069,-59249,099493
0000000576,0000479167,065489,059635,061903,071311,089207,081627,088099,088986,-79382,090454
0000000577,0000480000,065427,059629,068682,071311,092180,080392,070717,091959,-91727,073072
0000000578,0000480833,065381,059600,076129,071311,094916,080062,046661,094695,-95033,049016
0000000579,0000481667,065356,059551,083513,071311,097149,080663,018319,096928,-89019,020674
0000000580,0000482500,065354,059487,090116,071311,098661,082138,-11550,098440,-74271,-09195
0000000581,0000483333,065376,059414,095283,071311,099300,084345,-40013,099079,-52198,-37659
0000000582,0000484167,065418,059339,098516,071311,099008,087065,-64293,098787,-24995,-61938
0000000583,0000485000,065478,059270,099500,071311,097813,090034,-82023,097592,004687,-79668
0000000584,0000485833,065549,059213,098127,071311,095828,092959,-91429,095607,033941,-89074
0000000585,0000486667,065624,059173,094543,071311,093251,095556,-91629,093030,059906,-89274
0000000586,0000487500,065696,059156,089097,071311,090334,097570,-82603,090113,080052,-80248
0000000587,0000488333,065758,059162,082316,071311,087362,098802,-65197,087141,092369,-62842
0000000588,0000489167,065803,059191,074869,071311,084625,099134,-41152,084404,095690,-38797
0000000589,0000490000,065828,059239,067482,071311,082391,098534,-12812,082170,089690,-10457
0000000590,0000490833,065830,059303,060883,071311,080882,097057,017057,080661,074916,019412
0000000591,0000491667,065809,059376,055713,071311,080241,094850,045523,080020,052855,047878
0000000592,0000492500,065767,059451,052477,071311,080532,092131,069813,080311,025656,072168
0000000593,0000493333,065707,059521,051501,071311,081730,089162,087519,081509,-04030,089874
0000000594,0000494167,065636,059578,052870,071311,083714,086236,096938,083493,-33285,099293
0000000595,0000495000,065561,059617,056452,071311,086290,083639,097153,086069,-59259,099508
0000000596,0000495833,065489,059635,061903,071311,089207,081627,088099,088986,-79382,090454
0000000597,0000496667,065427,059629,068683,071311,092180,080394,070706,091959,-91713,073061
0000000598,0000497500,065381,059600,076129,071311,094917,080060,046668,094696,-95048,049023
0000000599,0000498333,065356,059551,083513,071311,097149,080663,018319,096928,-89019,020674
0000000600,0000499167,065354,059487,090113,071311,098660,082139,-11547,098439,-74259,-09193
0000000601,0000500000,065376,059414,095286,071311,099302,084344,-40020,099081,-52207,-37665
0000000602,0000500833,075908,048850,098484,071311,094110,091964,-64298,093889,023986,-61943
0000000603,0000501667,080198,044551,099355,071311,095253,092591,-81991,095032,030256,-79637
0000000604,0000502500,082064,042702,097730,071311,097117,091668,-91409,096896,021027,-89054
0000000605,0000503333,079934,044870,093832,071311,094720,094085,-91614,094499,045205,-89259
0000000606,0000504167,073582,051279,088144,071311,093636,094265,-82568,093415,047002,-80214
0000000607,0000505000,065939,058990,081316,071311,092967,093197,-65201,092746,036318,-62846
0000000608,0000505833,056814,068189,074011,071311,089812,093948,-41166,089591,043836,-38811
0000000609,0000506667,046750,078324,066859,071311,087748,093178,-12825,087527,036135,-10470
0000000610,0000507500,038135,087002,060572,071311,086369,091573,017023,086148,020077,019378
0000000611,0000508333,031229,093954,055911,071311,083977,091120,045469,083756,015552,047824
0000000612,0000509167,026476,098731,053562,071311,082808,089866,069704,082587,003008,072059
0000000613,0000510000,025205,099998,053934,071311,082620,088286,087384,082398,-12789,089739
0000000614,0000510833,027187,097985,056991,071311,082299,087666,096788,082078,-18990,099143
0000000615,0000511667,032083,093037,062243,071311,083102,086843,096991,082881,-27221,099345
0000000616,0000512500,039954,085100,068860,071311,084742,086101,088011,084521,-34642,090366
0000000617,0000513333,049817,075167,075875,071311,086358,086216,070703,086137,-33489,073058
0000000618,0000514167,060617,064301,082457,071311,088542,086428,046740,088321,-31369,049095
0000000619,0000515000,071634,053228,088093,071311,090967,086831,018466,090746,-27344,020821
0000000620,0000515833,081654,043163,092583,071311,092959,087823,-11381,092738,-17418,-09026
0000000621,0000516667,089638,035146,095847,071311,094783,088848,-39865,094562,-07174,-37510
0000000622,0000517500,095017,029749,097675,071311,096193,089869,-64182,095972,003039,-61827
0000000623,0000518333,097180,027585,097744,071311,096778,091060,-81934,096557,014946,-79579
0000000624,0000519167,095884,028900,095843,071311,096762,092020,-91373,096541,024547,-89018
0000000625,0000520000,091392,033430,092049,071311,096109,092695,-91608,095888,031304,-89253
0000000626,0000520833,084094,040782,086714,071311,094715,093189,-82599,094494,036242,-80244
0000000627,0000521667,074687,050252,080319,071311,092887,093279,-65218,092666,037136,-62863
0000000628,0000522500,064178,060832,073342,071311,090783,092979,-41180,090562,034141,-38825
0000000629,0000523333,053570,071510,066274,071311,088503,092423,-12824,088282,028584,-10469
0000000630,0000524167,043895,081250,059749,071311,086378,091560,017055,086157,019953,019410
0000000631,0000525000,036149,089048,054583,071311,084603,090490,045514,084382,009248,047869
0000000632,0000525833,031079,094147,051605,071311,083287,089381,069763,083066,-01844,072118
0000000633,0000526667,029178,096051,051357,071311,082625,088276,087432,082404,-12888,089787
0000000634,0000527500,030657,094547,053907,071311,082670,087292,096825,082449,-22732,099180
0000000635,0000528333,035374,089781,058855,071311,083379,086563,097022,083158,-30020,099377
0000000636,0000529167,042866,082222,065451,071311,084722,086121,088002,084501,-34435,090357
0000000637,0000530000,052422,072592,072813,071311,086564,086014,070664,086343,-35510,073019
0000000638,0000530833,063109,061832,080137,071311,088700,086277,046676,088479,-32882,049031
0000000639,0000531667,073880,050994,086811,071311,090946,086860,018375,090725,-27046,020730
0000000640,0000532500,083697,041121,092385,071311,093081,087709,-11465,092860,-18557,-09110
0000000641,0000533333,091597,033181,096445,071311,094880,088756,-39921,094659,-08090,-37566
0000000642,0000534167,096806,027951,098566,071311,096180,089882,-64188,095959,003174,-61833
0000000643,0000535000,098833,025925,098420,071311,096855,090979,-81903,096634,014143,-79548
0000000644,0000535833,097476,027308,095928,071311,096827,091949,-91324,096606,023841,-88969
0000000645,0000536667,092868,031961,091370,071311,096110,092688,-91533,095889,031226,-89179
0000000646,0000537500,085476,039414,085316,071311,094773,093124,-82536,094552,035592,-80181
0000000647,0000538333,076018,048940,078440,071311,092942,093221,-65187,092721,036562,-62832
0000000648,0000539167,065424,059605,071370,071311,090799,092963,-41174,090578,033977,-38819
0000000649,0000540000,054739,070357,064625,071311,088554,092375,-12854,088333,028101,-10499
0000000650,0000540833,045013,080143,058712,071311,086425,091519,017004,086204,019539,019359
0000000651,0000541667,037201,087999,054229,071311,084623,090475,045457,084402,009102,047812
0000000652,0000542500,032068,093157,051802,071311,083325,089347,069719,083104,-02181,072074
0000000653,0000543333,030122,095102,051889,071311,082657,088246,087410,082435,-13184,089765
0000000654,0000544167,031555,093642,054575,071311,082684,087279,096805,082463,-22855,099160
0000000655,0000545000,036225,088922,059505,071311,083403,086539,097017,083182,-30256,099372
0000000656,0000545833,043685,081398,066005,071311,084743,086100,088011,084521,-34646,090366
0000000657,0000546667,053206,071804,073259,071311,086573,086004,070663,086352,-35605,073018
0000000658,0000547500,063859,061079,080514,071311,088716,086260,046676,088495,-33045,049031
0000000659,0000548333,074604,050267,087192,071311,090961,086845,018373,090740,-27195,020728
0000000660,0000549167,084389,040425,092841,071311,093090,087702,-11472,092869,-18634,-09117
0000000661,0000550000,092261,032511,097022,071311,094893,088744,-39930,094672,-08211,-37575
0000000662,0000550833,097449,027301,099258,071311,096193,089871,-64201,095972,003060,-61846
0000000663,0000551667,099446,025305,099173,071311,096862,090972,-81899,096641,014066,-79544
0000000664,0000552500,098067,026709,096675,071311,096837,091938,-91319,096616,023735,-88964
0000000665,0000553333,093442,031380,092027,071311,096120,092677,-91530,095899,031124,-89175
0000000666,0000554167,086026,038859,085792,071311,094780,093116,-82511,094558,035507,-80156
0000000667,0000555000,076551,048405,078668,071311,092949,093211,-65162,092728,036460,-62807
0000000668,0000555833,065941,059088,071317,071311,090806,092953,-41153,090585,033881,-38798
0000000669,0000556667,055241,069858,064326,071311,088561,092367,-12833,088340,028017,-10479
0000000670,0000557500,045498,079662,058260,071311,086432,091510,017014,086211,019452,019369
0000000671,0000558333,037669,087536,053748,071311,084631,090467,045460,084410,009022,047814
0000000672,0000559167,032525,092704,051405,071311,083333,089340,069704,083112,-02246,072059
0000000673,0000560000,030560,094666,051644,071311,082665,088240,087394,082444,-13251,089749
0000000674,0000560833,031975,093222,054516,071311,082691,087273,096794,082470,-22918,099149
0000000675,0000561667,036634,088512,059648,071311,083410,086534,096991,083189,-30305,099345
0000000676,0000562500,044076,081003,066340,071311,084750,086095,087991,084529,-34697,090346
0000000677,0000563333,053582,071423,073759,071311,086579,085999,070653,086358,-35657,073008
0000000678,0000564167,064222,060710,081125,071311,088721,086256,046663,088500,-33086,049018
0000000679,0000565000,074954,049910,087831,071311,090966,086841,018371,090745,-27241,020726
0000000680,0000565833,084729,040080,093414,071311,093094,087697,-11466,092873,-18683,-09111
0000000681,0000566667,092587,032181,097448,071311,094896,088739,-39913,094675,-08256,-37558
0000000682,0000567500,097767,026980,099506,071311,096196,089866,-64184,095975,003013,-61829
0000000683,0000568333,099758,024992,099245,071311,096866,090967,-81889,096645,014020,-79534
0000000684,0000569167,098365,026411,096591,071311,096840,091934,-91297,096619,023689,-88942
0000000685,0000570000,093734,031090,091820,071311,096123,092673,-91516,095902,031080,-89161
0000000686,0000570833,086312,038575,085490,071311,094783,093112,-82508,094562,035467,-80153
0000000687,0000571667,076827,048133,078293,071311,092952,093207,-65149,092731,036417,-62794
0000000688,0000572500,066211,058823,070899,071311,090810,092949,-41148,090589,033841,-38793
0000000689,0000573333,055502,069602,063893,071311,088564,092363,-12833,088343,027982,-10478
0000000690,0000574167,045753,079411,057846,071311,086436,091506,017012,086215,019415,019366
0000000691,0000575000,037916,087293,053369,071311,084635,090464,045456,084414,008989,047811
0000000692,0000575833,032760,092472,051068,071311,083336,089337,069705,083115,-02278,072060
0000000693,0000576667,030793,094436,051356,071311,082669,088237,087383,082448,-13280,089738
0000000694,0000577500,032198,093002,054273,071311,082695,087270,096788,082474,-22947,099143
0000000695,0000578333,036847,088301,059459,071311,083413,086532,096992,083192,-30334,099347
0000000696,0000579167,044286,080795,066226,071311,084753,086093,087977,084532,-34719,090332
0000000697,0000580000,053783,071222,073743,071311,086583,085997,070642,086362,-35679,072997
0000000698,0000580833,064415,060515,081226,071311,088724,086254,046656,088503,-33110,049011
0000000699,0000581667,075140,049723,088046,071311,090969,086839,018361,090748,-27258,020716
0000000700,0000582500,084908,039897,093714,071311,093097,087695,-11472,092875,-18702,-09117
0000000701,0000583333,092763,032002,097780,071311,094898,088737,-39917,094677,-08277,-37562
0000000702,0000584167,097933,026812,099803,071311,096197,089864,-64174,095976,002991,-61819
0000000703,0000585000,099921,024827,099465,071311,096867,090965,-81880,096646,013998,-79525
0000000704,0000585833,098527,026248,096700,071311,096842,091932,-91293,096621,023668,-88939
0000000705,0000586667,093888,030937,091797,071311,096123,092670,-91496,095902,031055,-89142
0000000706,0000587500,086464,038425,085337,071311,094784,093109,-82495,094563,035444,-80140
0000000707,0000588333,076976,047986,078025,071311,092954,093205,-65144,092733,036397,-62790
0000000708,0000589167,066356,058681,070551,071311,090811,092947,-41138,090590,033818,-38783
0000000709,0000590000,055644,069464,063518,071311,088566,092361,-12831,088345,027963,-10476
0000000710,0000590833,045889,079278,057498,071311,086438,091505,017009,086217,019400,019364
0000000711,0000591667,038051,087161,053092,071311,084637,090462,045446,084416,008973,047801
0000000712,0000592500,032890,092344,050876,071311,083339,089336,069697,083118,-02292,072052
0000000713,0000593333,030915,094316,051246,071311,082670,088235,087382,082449,-13294,089737
0000000714,0000594167,032321,092879,054242,071311,082698,087269,096773,082477,-22958,099128
0000000715,0000595000,036963,088184,059492,071311,083415,086530,096984,083194,-30346,099339
0000000716,0000595833,044396,080684,066320,071311,084755,086092,087977,084534,-34733,090332
0000000717,0000596667,053892,071112,073898,071311,086585,085996,070631,086364,-35687,072986
0000000718,0000597500,064519,060409,081437,071311,088726,086253,046651,088505,-33120,049006
0000000719,0000598333,075241,049619,088300,071311,090970,086838,018359,090749,-27270,020714
0000000720,0000599167,085004,039799,093983,071311,093097,087694,-11471,092876,-18711,-09116
0000000721,0000600000,092856,031906,098037,071311,094899,088736,-39915,094678,-08288,-37560
0000000722,0000600833,098016,026727,099998,071311,096198,089864,-64180,095977,002991,-61825
0000000723,0000601667,099998,024749,099599,071311,096867,090964,-81865,096645,013991,-79510
0000000724,0000602500,098605,026170,096758,071311,096841,091931,-91285,096620,023662,-88930
0000000725,0000603333,093968,030857,091792,071311,096124,092670,-91504,095903,031054,-89150
0000000726,0000604167,086539,038351,085253,071311,094784,093108,-82477,094563,035431,-80122
0000000727,0000605000,077049,047914,078032,072457,092954,093204,-65148,092733,036386,-62793
0000000728,0000605833,065828,059120,078657,063816,090656,093152,-41800,090435,035867,-39445
0000000729,0000606667,065592,059395,078185,098180,092148,092540,-13072,081153,099998,-10717
0000000730,0000607500,065592,059395,078367,099998,092476,092985,016585,081114,070763,018940
0000000731,0000608333,065592,059395,078272,099047,092863,093353,045546,077813,074957,047901
0000000732,0000609167,065592,059395,077389,090222,093175,093665,069689,081772,011256,072043
0000000733,0000610000,065592,059395,077002,086352,093387,093918,087455,081871,-07414,089810
0000000734,0000610833,065592,059395,075708,073405,093533,094021,097047,084403,-42330,099402
0000000735,0000611667,065592,059395,075498,071311,093544,094049,098497,085531,-53890,099535
0000000736,0000612500,065592,059395,075498,071311,093546,094047,098497,088362,-73453,090722
0000000737,0000613333,065592,059395,075498,071311,093545,094048,098498,092094,-93335,073228
0000000738,0000614167,065592,059395,075498,071311,093546,094047,098497,094844,-96901,049244
0000000739,0000615000,065592,059395,075498,071311,093545,094047,098498,097541,-95443,020864
0000000740,0000615833,065592,059395,075498,071311,093546,094047,098498,097975,-69900,-08978
0000000741,0000616667,065592,059395,075498,071311,093546,094047,098498,099178,-53433,-37428
0000000742,0000617500,065592,059395,075498,071311,093545,094047,098498,098379,-21026,-61793
0000000743,0000618333,065592,059395,075498,071311,093546,094047,098498,098101,-00469,-79526
0000000744,0000619167,065592,059395,075498,071311,093545,094048,098498,095541,034747,-89118
0000000745,0000620000,065592,059395,075498,071311,093545,094047,098498,093267,057630,-89312
0000000746,0000620833,065592,059395,075498,071311,093545,094047,098498,089848,082903,-80422
0000000747,0000621667,065592,059395,075498,071311,093545,094047,098498,087197,092000,-63033
0000000748,0000622500,065592,059395,075498,071311,093545,094047,098498,084441,095607,-39101
0000000749,0000623333,065592,059395,075498,071311,093545,094047,098498,082292,088708,-10735
0000000750,0000624167,065592,059395,075498,071311,093546,094047,098498,080735,074424,019101
0000000751,0000625000,065592,059395,075498,071311,093545,094047,098498,079887,054371,047654
0000000752,0000625833,065592,059395,075498,071311,093545,094047,098498,080338,025546,071996
0000000753,0000626667,065592,059395,075498,071311,093545,094047,098498,081386,-02734,089821
0000000754,0000627500,065592,059395,075498,071311,093545,094047,098498,083633,-34697,099323
0000000755,0000628333,065592,059395,075498,071311,093545,094047,098498,085962,-58261,099602
0000000756,0000629167,065592,059395,075498,071311,093545,094047,098498,089051,-80223,090677
0000000757,0000630000,065592,059395,075498,071311,093545,094047,098498,091815,-90506,073305
0000000758,0000630833,065592,059395,075498,071311,093545,094047,098498,094748,-95845,049311
0000000759,0000631667,065592,059395,075498,071311,093545,094047,098498,096882,-88832,020944
0000000760,0000632500,065592,059395,075498,071311,093545,094047,098498,098494,-75093,-08928
0000000761,0000633333,065592,059395,075498,071311,093545,094047,098498,099059,-52210,-37464
0000000762,0000634167,065592,059395,075498,071311,093545,094047,098498,098791,-25196,-61802
0000000763,0000635000,065592,059395,075498,071311,093545,094047,098498,097613,004397,-79602
0000000764,0000635833,065592,059395,075498,071311,093545,094047,098498,095626,033773,-89096
0000000765,0000636667,065592,059395,075498,071311,093545,094047,098498,093102,059320,-89402
0000000766,0000637500,065592,059395,075498,071311,093545,094047,098498,090111,080247,-80420
0000000767,0000638333,065592,059395,075498,071311,093545,094047,098498,087192,092104,-63082
0000000768,0000639167,065592,059395,075498,071311,093545,094047,098498,084380,096228,-39078
0000000769,0000640000,065592,059395,075498,071311,093545,094047,098498,082220,089472,-10732
0000000770,0000640833,065592,059395,075498,071311,093545,094047,098498,080642,075365,019147
0000000771,0000641667,065592,059395,075498,071311,093545,094047,098498,080043,052823,047674
0000000772,0000642500,065592,059395,075498,071311,093545,094047,098498,080275,026167,072010
0000000773,0000643333,065592,059395,075498,071311,093545,094047,098498,081499,-03875,089819
0000000774,0000644167,065592,059395,075498,071311,093545,094047,098498,083457,-32975,099336
0000000775,0000645000,065592,059395,075498,071311,093545,094047,098498,086049,-59169,099616
0000000776,0000645833,065592,059395,075498,071311,093545,094047,098498,088961,-79327,090646
0000000777,0000646667,065592,059395,075498,071311,093545,094047,098498,091929,-91673,073324
0000000778,0000647500,065592,059395,075498,071311,093545,094047,098498,094682,-95179,049298
0000000779,0000648333,065592,059395,075498,071311,093545,094047,098498,096908,-89102,020961
0000000780,0000649167,065592,059395,075498,071311,093545,094047,098498,098451,-74642,-08932
0000000781,0000650000,065592,059395,075498,071311,093545,094047,098498,099076,-52382,-37448
0000000782,0000650833,065592,059395,075498,071311,093545,094047,098498,098812,-25388,-61797
0000000783,0000651667,065592,059395,075498,071311,093545,094047,098498,097602,004530,-79612
0000000784,0000652500,065592,059395,075498,071311,093545,094047,098498,095642,033624,-89106
0000000785,0000653333,065592,059395,075498,071311,093545,094047,098498,093054,059795,-89396
0000000786,0000654167,065592,059395,075498,071311,093545,094047,098498,090148,079894,-80445
0000000787,0000655000,065592,059395,075498,071311,093545,094047,098498,087162,092407,-63099
0000000788,0000655833,065592,059395,075498,071311,093545,094047,098498,084425,095770,-39083
0000000789,0000656667,065592,059395,075498,071311,093545,094047,098498,082181,089873,-10747
0000000790,0000657500,065592,059395,075498,071311,093545,094047,098498,080663,075161,019150
0000000791,0000658333,065592,059395,075498,071311,093545,094047,098498,080016,053111,047668
0000000792,0000659167,065592,059395,075498,071311,093545,094047,098498,080293,025974,072033
0000000793,0000660000,065592,059395,075498,071311,093545,094047,098498,081490,-03787,089827
0000000794,0000660833,065592,059395,075498,071311,093545,094047,098498,083462,-33025,099337
0000000795,0000661667,065592,059395,075498,071311,093545,094047,098498,086044,-59141,099639
0000000796,0000662500,065592,059395,075498,071311,093545,094047,098498,088956,-79280,090658
0000000797,0000663333,065592,059395,075498,071311,093545,094047,098498,091937,-91757,073317
0000000798,0000664167,065592,059395,075498,071311,093545,094047,098498,094675,-95123,049306
0000000799,0000665000,065592,059395,075498,071311,093545,094047,098498,096919,-89218,020959
0000000800,0000665833,065592,059395,075498,071311,093545,094047,098498,098436,-74487,-08934
0000000801,0000666667,065592,059395,075498,071311,093545,094047,098498,099089,-52495,-37457
0000000802,0000667500,065592,059395,075498,071311,093545,094047,098498,098802,-25284,-61802
0000000803,0000668333,065592,059395,075498,071311,093545,094047,098498,097612,004413,-79603
0000000804,0000669167,065592,059395,075498,071311,093545,094047,098498,095635,033710,-89128
0000000805,0000670000,065592,059395,075498,071311,093545,094047,098497,093059,059748,-89401
0000000806,0000670833,065592,059395,075498,071311,093545,094047,098497,090143,079946,-80438
0000000807,0000671667,065592,059395,075498,071311,093545,094047,098497,087164,092403,-63113
0000000808,0000672500,065592,059395,075498,071311,093545,094047,098497,084424,095781,-39089
0000000809,0000673333,065592,059395,075498,071311,093545,094047,098497,082181,089869,-10747
0000000810,0000674167,065592,059395,075498,071311,093545,094047,098497,080662,075164,019150
0000000811,0000675000,065592,059395,075498,071311,093545,094047,098497,080012,053148,047669
0000000812,0000675833,065592,059395,075498,071311,093545,094047,098497,080297,025940,072025
0000000813,0000676667,065592,059395,075498,071311,093545,094047,098497,081484,-03752,089844
0000000814,0000677500,065592,059395,075498,071311,093545,094047,098497,083465,-33063,099344
0000000815,0000678333,065592,059395,075498,071311,093545,094047,098497,086040,-59093,099631
0000000816,0000679167,065592,059395,075498,071311,093545,094047,098497,088958,-79325,090678
0000000817,0000680000,065592,059395,075498,071311,093545,094047,098497,091935,-91735,073323
0000000818,0000680833,065592,059395,075498,071311,093545,094047,098497,094677,-95140,049304
0000000819,0000681667,065592,059395,075498,071311,093545,094047,098497,096919,-89222,020963
0000000820,0000682500,065592,059395,075498,071311,093545,094047,098497,098437,-74502,-08934
0000000821,0000683333,065592,059395,075498,071311,093545,094047,098497,099087,-52483,-37453
0000000822,0000684167,065592,059395,075498,071311,093545,094047,098497,098804,-25288,-61816
0000000823,0000685000,065592,059395,075498,071311,093545,094047,098497,097613,004409,-79609
0000000824,0000685833,065592,059395,075498,071311,093545,094047,098497,095634,033714,-89119
0000000825,0000686667,065592,059395,075498,071311,093545,094047,098497,093061,059750,-89421
0000000826,0000687500,065592,059395,075498,071311,093545,094047,098497,090142,079963,-80444
0000000827,0000688333,065592,059395,075498,071311,093545,094047,098497,087166,092383,-63106
0000000828,0000689167,065592,059395,075498,071311,093545,094047,098497,084422,095812,-39098
0000000829,0000690000,065592,059395,075498,071311,093545,094047,098497,082182,089865,-10749
0000000830,0000690833,065592,059395,075498,071311,093545,094047,098497,080662,075167,019147
0000000831,0000691667,065592,059395,075498,071311,093545,094047,098497,080011,053152,047677
0000000832,0000692500,065592,059395,075498,071311,093545,094047,098497,080296,025948,072028
0000000833,0000693333,065592,059395,075498,071311,093545,094047,098497,081485,-03755,089835
0000000834,0000694167,065592,059395,075498,071311,093545,094047,098497,083464,-33067,099363
0000000835,0000695000,065592,059395,075498,071311,093545,094047,098497,086040,-59096,099636
0000000836,0000695833,065592,059395,075498,071311,093545,094047,098497,088958,-79316,090669
0000000837,0000696667,065592,059395,075498,071311,093545,094047,098497,091935,-91750,073337
0000000838,0000697500,065592,059395,075498,071311,093545,094047,098497,094678,-95148,049307
0000000839,0000698333,065592,059395,075498,071311,093545,094047,098497,096918,-89209,020962
0000000840,0000699167,065592,059395,075498,071311,093545,094047,098497,098439,-74521,-08937
0000000841,0000700000,065592,059395,075498,071311,093545,094047,098497,099087,-52483,-37455
0000000842,0000700833,065592,059395,075498,071311,093545,094047,098497,098803,-25289,-61808
0000000843,0000701667,065592,059395,075498,071311,093545,094047,098497,097615,004412,-79625
0000000844,0000702500,065592,059395,075498,071311,093545,094047,098497,095635,033713,-89123
0000000845,0000703333,065592,059395,075498,071311,093545,094047,098497,093060,059746,-89411
0000000846,0000704167,065592,059395,075498,071311,093545,094047,098497,090142,079977,-80461
0000000847,0000705000,065592,059395,075498,071311,093545,094047,098497,087166,092388,-63110
0000000848,0000705833,065592,059395,075498,071311,093545,094047,098497,084423,095801,-39093
0000000849,0000706667,065592,059395,075498,071311,093545,094047,098497,082181,089882,-10752
0000000850,0000707500,065592,059395,075498,071311,093545,094047,098497,080662,075171,019148
0000000851,0000708333,065592,059395,075498,071311,093545,094047,098497,080012,053146,047672
0000000852,0000709167,065592,059395,075498,071311,093545,094047,098497,080294,025954,072041
0000000853,0000710000,065592,059395,075498,071311,093545,094047,098497,081485,-03756,089839
0000000854,0000710833,065592,059395,075498,071311,093545,094047,098497,083464,-33061,099352
0000000855,0000711667,065592,059395,075498,071311,093545,094047,098497,086039,-59108,099653
0000000856,0000712500,065592,059395,075498,071311,093545,094047,098497,088958,-79319,090672
0000000857,0000713333,065592,059395,075498,071311,093545,094047,098497,091935,-91740,073329
0000000858,0000714167,065592,059395,075498,071311,093545,094047,098497,094678,-95164,049315
0000000859,0000715000,065592,059395,075498,071311,093545,094047,098497,096919,-89213,020963
0000000860,0000715833,065592,059395,075498,071311,093545,094047,098497,098438,-74511,-08935
0000000861,0000716667,065592,059395,075498,071311,093545,094047,098497,099089,-52493,-37463
0000000862,0000717500,065592,059395,075498,071311,093545,094047,098497,098804,-25290,-61811
0000000863,0000718333,065592,059395,075498,071311,093545,094047,098497,097614,004412,-79615
0000000864,0000719167,065592,059395,075498,071311,093545,094047,098497,095636,033719,-89140
0000000865,0000720000,065592,059395,075498,071311,093545,094047,098497,093060,059748,-89414
0000000866,0000720833,065592,059395,075498,071311,093545,094047,098497,090142,079966,-80450
0000000867,0000721667,065592,059395,075498,071311,093545,094047,098497,087165,092405,-63122
0000000868,0000722500,065592,059395,075498,071311,093545,094047,098497,084423,095804,-39095
0000000869,0000723333,065592,059395,075498,071311,093545,094047,098497,082181,089871,-10750
0000000870,0000724167,065592,059395,075498,071311,093545,094047,098497,080660,075185,019150
0000000871,0000725000,065592,059395,075498,071311,093545,094047,098497,080011,053148,047673
0000000872,0000725833,065592,059395,075498,071311,093545,094047,098497,080295,025951,072033
0000000873,0000726667,065592,059395,075498,071311,093545,094047,098497,081484,-03756,089854
0000000874,0000727500,065592,059395,075498,071311,093545,094047,098497,083464,-33062,099355
0000000875,0000728333,065592,059395,075498,071311,093545,094047,098497,086039,-59101,099642
0000000876,0000729167,065592,059395,075498,071311,093545,094047,098497,088958,-79333,090688
0000000877,0000730000,065592,059395,075498,071311,093545,094047,098497,091935,-91743,073331
0000000878,0000730833,065592,059395,075498,071311,093545,094047,098497,094678,-95152,049310
0000000879,0000731667,065592,059395,075498,071311,093545,094047,098497,096920,-89229,020965
0000000880,0000732500,065592,059395,075498,071311,093545,094047,098497,098438,-74514,-08935
0000000881,0000733333,065592,059395,075498,071311,093545,094047,098497,099088,-52486,-37457
0000000882,0000734167,065592,059395,075498,071311,093545,094047,098497,098805,-25295,-61822
0000000883,0000735000,065592,059395,075498,071311,093545,094047,098497,097614,004412,-79617
0000000884,0000735833,065592,059395,075498,071311,093545,094047,098497,095635,033714,-89128
0000000885,0000736667,065592,059395,075498,071311,093545,094047,098497,093061,059758,-89431
0000000886,0000737500,065592,059395,075498,071311,093545,094047,098497,090142,079969,-80453
0000000887,0000738333,065592,059395,075498,071311,093545,094047,098497,087166,092393,-63114
0000000888,0000739167,065592,059395,075498,071311,093545,094047,098497,084422,095821,-39103
0000000889,0000740000,065592,059395,075498,071311,093545,094047,098497,082181,089874,-10751
0000000890,0000740833,065592,059395,075498,071311,093545,094047,098497,080661,075175,019148
0000000891,0000741667,065592,059395,075498,071311,093545,094047,098497,080010,053157,047680
0000000892,0000742500,065592,059395,075498,071311,093545,094047,098497,080295,025952,072034
0000000893,0000743333,065592,059395,075498,071311,093545,094047,098497,081485,-03755,089843
0000000894,0000744167,065592,059395,075498,071311,093545,094047,098497,083463,-33068,099371
0000000895,0000745000,065592,059395,075498,071311,093545,094047,098497,086039,-59102,099644
0000000896,0000745833,065592,059395,075498,071311,093545,094047,098497,088958,-79322,090676
0000000897,0000746667,065592,059395,075498,071311,093545,094047,098497,091935,-91759,073343
0000000898,0000747500,065592,059395,075498,071311,093545,094047,098497,094678,-95155,049311
0000000899,0000748333,065592,059395,075498,071311,093545,094047,098497,096919,-89217,020963
0000000900,0000749167,065592,059395,075498,071311,093545,094047,098497,098440,-74526,-08937
0000000901,0000750000,065592,059395,075498,071311,093545,094047,098497,099088,-52488,-37458
0000000902,0000750833,065592,059395,075498,071311,093545,094047,098497,098804,-25291,-61814
0000000903,0000751667,065592,059395,075498,071311,093545,094047,098497,097615,004413,-79631
0000000904,0000752500,065592,059395,075498,071311,093545,094047,098497,095635,033715,-89131
0000000905,0000753333,065592,059395,075498,071311,093545,094047,098497,093060,059750,-89418
0000000906,0000754167,065592,059395,075498,071311,093545,094047,098497,090142,079982,-80467
0000000907,0000755000,065592,059395,075498,071311,093545,094047,098497,087166,092395,-63115
0000000908,0000755833,065592,059395,075498,071311,093545,094047,098497,084422,095808,-39097
0000000909,0000756667,065592,059395,075498,071311,093545,094047,098497,082180,089889,-10754
0000000910,0000757500,065592,059395,075498,071311,093545,094047,098497,080661,075177,019148
0000000911,0000758333,065592,059395,075498,071311,093545,094047,098497,080011,053150,047675
0000000912,0000759167,065592,059395,075498,071311,093545,094047,098497,080293,025956,072045
0000000913,0000760000,065592,059395,075498,071311,093545,094047,098497,081485,-03755,089844
0000000914,0000760833,065592,059395,075498,071311,093545,094047,098497,083464,-33064,099358
0000000915,0000761667,065592,059395,075498,071311,093545,094047,098497,086039,-59112,099660
0000000916,0000762500,065592,059395,075498,071311,093545,094047,098497,088958,-79324,090678
0000000917,0000763333,065592,059395,075498,071311,093545,094047,098497,091935,-91746,073334
0000000918,0000764167,065592,059395,075498,071311,093545,094047,098497,094679,-95170,049318
0000000919,0000765000,065592,059395,075498,071311,093545,094047,098497,096919,-89219,020964
0000000920,0000765833,065592,059395,075498,071311,093545,094047,098497,098439,-74516,-08936
0000000921,0000766667,065592,059395,075498,071311,093545,094047,098497,099090,-52496,-37465
0000000922,0000767500,065592,059395,075498,071311,093545,094047,098497,098804,-25292,-61815
0000000923,0000768333,065592,059395,075498,071311,093545,094047,098497,097614,004412,-79620
0000000924,0000769167,065592,059395,075498,071311,093545,094047,098497,095636,033721,-89146
0000000925,0000770000,065592,059395,075498,071311,093545,094047,098497,093060,059752,-89420
0000000926,0000770833,065592,059395,075498,071311,093545,094047,098497,090142,079971,-80455
0000000927,0000771667,065592,059395,075498,071311,093545,094047,098497,087165,092410,-63126
0000000928,0000772500,065592,059395,075498,071311,093545,094047,098497,084422,095810,-39098
0000000929,0000773333,065592,059395,075498,071311,093545,094047,098497,082181,089876,-10751
0000000930,0000774167,065592,059395,075498,071311,093545,094047,098497,080660,075189,019151
0000000931,0000775000,065592,059395,075498,071311,093545,094047,098497,080011,053151,047675
0000000932,0000775833,065592,059395,075498,071311,093545,094047,098497,080295,025952,072036
0000000933,0000776667,065592,059395,075498,071311,093545,094047,098497,081483,-03756,089858
0000000934,0000777500,065592,059395,075498,071311,093545,094047,098497,083464,-33064,099359
0000000935,0000778333,065592,059395,075498,071311,093545,094047,098497,086039,-59103,099646
0000000936,0000779167,065592,059395,075498,071311,093545,094047,098497,088958,-79337,090692
0000000937,0000780000,065592,059395,075498,071311,093545,094047,098497,091935,-91748,073335
0000000938,0000780833,065592,059395,075498,071311,093545,094047,098497,094678,-95157,049312
0000000939,0000781667,065592,059395,075498,071311,093545,094047,098497,096920,-89233,020966
0000000940,0000782500,065592,059395,075498,071311,093545,094047,098497,098439,-74517,-08936
0000000941,0000783333,065592,059395,075498,071311,093545,094047,098497,099088,-52489,-37459
0000000942,0000784167,065592,059395,075498,071311,093545,094047,098497,098806,-25296,-61826
0000000943,0000785000,065592,059395,075498,071311,093545,094047,098497,097614,004412,-79621
0000000944,0000785833,065592,059395,075498,071311,093545,094047,098497,095635,033716,-89133
0000000945,0000786667,065592,059395,075498,071311,093545,094047,098497,093061,059761,-89435
0000000946,0000787500,065592,059395,075498,071311,093545,094047,098497,090142,079972,-80456
0000000947,0000788333,065592,059395,075498,071311,093545,094047,098497,087165,092397,-63116
0000000948,0000789167,065592,059395,075498,071311,093545,094047,098497,084421,095825,-39105
0000000949,0000790000,065592,059395,075498,071311,093545,094047,098497,082181,089877,-10751
0000000950,0000790833,065592,059395,075498,071311,093545,094047,098497,080661,075178,019149
0000000951,0000791667,065592,059395,075498,071311,093545,094047,098497,080009,053159,047682
0000000952,0000792500,065592,059395,075498,071311,093545,094047,098497,080295,025952,072037
0000000953,0000793333,065592,059395,075498,071311,093545,094047,098497,081485,-03756,089846
0000000954,0000794167,065592,059395,075498,071311,093545,094047,098497,083463,-33069,099374
0000000955,0000795000,065592,059395,075498,071311,093545,094047,098497,086039,-59104,099647
0000000956,0000795833,065592,059395,075498,071311,093545,094047,098497,088958,-79325,090679
0000000957,0000796667,065592,059395,075498,071311,093545,094047,098497,091935,-91762,073345
0000000958,0000797500,065592,059395,075498,071311,093545,094047,098497,094678,-95158,049313
0000000959,0000798333,065592,059395,075498,071311,093545,094047,098497,096919,-89220,020964
0000000960,0000799167,065592,059395,075498,071311,093545,094047,098497,098440,-74529,-08938
0000000961,0000800000,065592,059395,075498,071311,093545,094047,098497,099088,-52489,-37460
0000000962,0000800833,065592,059395,075498,071311,093545,094047,098497,098804,-25292,-61816
0000000963,0000801667,065592,059395,075498,071311,093545,094047,098497,097616,004413,-79635
0000000964,0000802500,065592,059395,075498,071311,093545,094047,098497,095635,033717,-89134
0000000965,0000803333,065592,059395,075498,071311,093545,094047,098497,093060,059753,-89421
0000000966,0000804167,065592,059395,075498,071311,093545,094047,098497,090142,079985,-80470
0000000967,0000805000,065592,059395,075498,071311,093545,094047,098497,087165,092398,-63117
0000000968,0000805833,065592,059395,075498,071311,093545,094047,098497,084422,095811,-39098
0000000969,0000806667,065592,059395,075498,071311,093545,094047,098497,082180,089891,-10753
0000000970,0000807500,065592,059395,075498,071311,093545,094047,098497,080661,075179,019149
0000000971,0000808333,065592,059395,075498,071311,093545,094047,098497,080011,053151,047676
0000000972,0000809167,065592,059395,075498,071311,093545,094047,098497,080293,025956,072047
0000000973,0000810000,065592,059395,075498,071311,093545,094047,098497,081484,-03756,089847
0000000974,0000810833,065592,059395,075498,071311,093545,094047,098497,083464,-33065,099361
0000000975,0000811667,065592,059395,075498,071311,093545,094047,098497,086039,-59113,099662
0000000976,0000812500,065592,059395,075498,071311,093545,094047,098497,088958,-79326,090680
0000000977,0000813333,065592,059395,075498,071311,093545,094047,098497,091935,-91749,073335
0000000978,0000814167,065592,059395,075498,071311,093545,094047,098497,094679,-95173,049319
0000000979,0000815000,065592,059395,075498,071311,093545,094047,098497,096919,-89221,020964
0000000980,0000815833,065592,059395,075498,071311,093545,094047,098497,098439,-74518,-08936
0000000981,0000816667,065592,059395,075498,071311,093545,094047,098497,099090,-52497,-37467
0000000982,0000817500,065592,059395,075498,071311,093545,094047,098497,098804,-25292,-61817
0000000983,0000818333,065592,059395,075498,071311,093545,094047,098497,097614,004413,-79622
0000000984,0000819167,065592,059395,075498,071311,093545,094047,098497,095636,033722,-89149
0000000985,0000820000,065592,059395,075498,071311,093545,094047,098497,093060,059754,-89422
0000000986,0000820833,065592,059395,075498,071311,093545,094047,098497,090142,079974,-80457
0000000987,0000821667,065592,059395,075498,071311,093545,094047,098497,087165,092413,-63127
0000000988,0000822500,065592,059395,075498,071311,093545,094047,098497,084422,095812,-39098
0000000989,0000823333,065592,059395,075498,071311,093545,094047,098497,082181,089878,-10751
0000000990,0000824167,065592,059395,075498,071311,093545,094047,098497,080659,075190,019152
0000000991,0000825000,065592,059395,075498,071311,093545,094047,098497,080011,053151,047677
0000000992,0000825833,065592,059395,075498,071311,093545,094047,098497,080295,025952,072038
0000000993,0000826667,065592,059395,075498,071311,093545,094047,098497,081483,-03757,089860
0000000994,0000827500,065592,059395,075498,071311,093545,094047,098497,083464,-33065,099361
0000000995,0000828333,065592,059395,075498,071311,093545,094047,098497,086039,-59105,099648
0000000996,0000829167,065592,059395,075498,071311,093545,094047,098497,088958,-79338,090693
0000000997,0000830000,065592,059395,075498,071311,093545,094047,098497,091935,-91750,073336
0000000998,0000830833,065592,059395,075498,071311,093545,094047,098497,094678,-95159,049312
0000000999,0000831667,065592,059395,075498,071311,093545,094047,098497,096920,-89235,020966
0000001000,0000832500,065592,059395,075498,071311,093545,094047,098497,098439,-74518,-08937
0000001001,0000833333,065592,059395,075498,071311,093545,094047,098497,099089,-52489,-37461
0000001002,0000834167,065592,059395,075498,071311,093545,094047,098497,098806,-25296,-61828
0000001003,0000835000,065592,059395,075498,071311,093545,094047,098497,097615,004413,-79623
0000001004,0000835833,065592,059395,075498,071311,093545,094047,098497,095635,033718,-89135
0000001005,0000836667,065592,059395,075498,071311,093545,094047,098497,093061,059763,-89437
0000001006,0000837500,065592,059395,075498,071311,093545,094047,098497,090142,079975,-80458
0000001007,0000838333,065592,059395,075498,071311,093545,094047,098497,087165,092399,-63117
0000001008,0000839167,065592,059395,075498,071311,093545,094047,098497,084421,095827,-39105
0000001009,0000840000,065592,059395,075498,071311,093545,094047,098497,082181,089879,-10751
0000001010,0000840833,065592,059395,075498,071311,093545,094047,098497,080661,075179,019150
0000001011,0000841667,065592,059395,075498,071311,093545,094047,098497,080009,053159,047684
0000001012,0000842500,065592,059395,075498,071311,093545,094047,098497,080294,025952,072038
0000001013,0000843333,065592,059395,075498,071311,093545,094047,098497,081484,-03756,089847
0000001014,0000844167,065592,059395,075498,071311,093545,094047,098497,083463,-33070,099376
0000001015,0000845000,065592,059395,075498,071311,093545,094047,098497,086039,-59105,099649
0000001016,0000845833,065592,059395,075498,071311,093545,094047,098497,088958,-79326,090680
0000001017,0000846667,065592,059395,075498,071311,093545,094047,098497,091935,-91764,073346
0000001018,0000847500,065592,059395,075498,071311,093545,094047,098497,094678,-95159,049313
0000001019,0000848333,065592,059395,075498,071311,093545,094047,098497,096919,-89221,020963
0000001020,0000849167,065592,059395,075498,071311,093545,094047,098497,098440,-74530,-08939
0000001021,0000850000,065592,059395,075498,071311,093545,094047,098497,099089,-52490,-37461
0000001022,0000850833,065592,059395,075498,071311,093545,094047,098497,098804,-25291,-61818
0000001023,0000851667,065592,059395,075498,071311,093545,094047,098497,097616,004414,-79637
0000001024,0000852500,065592,059395,075498,071311,093545,094047,098497,095635,033718,-89136
0000001025,0000853333,065592,059395,075498,071311,093545,094047,098497,093060,059755,-89423
0000001026,0000854167,065592,059395,075498,071311,093545,094047,098497,090142,079987,-80471
0000001027,0000855000,065592,059395,075498,071311,093545,094047,098497,087165,092400,-63117
0000001028,0000855833,065592,059395,075498,071311,093545,094047,098497,084422,095812,-39098
0000001029,0000856667,065592,059395,075498,071311,093545,094047,098497,082180,089892,-10753
0000001030,0000857500,065592,059395,075498,071311,093545,094047,098497,080661,075179,019150
0000001031,0000858333,065592,059395,075498,071311,093545,094047,098497,080011,053151,047678
0000001032,0000859167,065592,059395,075498,071311,093545,094047,098497,080293,025956,072049
0000001033,0000860000,065592,059395,075498,071311,093545,094047,098497,081484,-03757,089848
0000001034,0000860833,065592,059395,075498,071311,093545,094047,098497,083464,-33066,099362
0000001035,0000861667,065592,059395,075498,071311,093545,094047,098497,086039,-59114,099663
0000001036,0000862500,065592,059395,075498,071311,093545,094047,098497,088958,-79327,090681
0000001037,0000863333,065592,059395,075498,071311,093545,094047,098497,091935,-91750,073336
0000001038,0000864167,065592,059395,075498,071311,093545,094047,098497,094679,-95174,049319
0000001039,0000865000,065592,059395,075498,071311,093545,094047,098497,096919,-89222,020963
0000001040,0000865833,065592,059395,075498,071311,093545,094047,098497,098439,-74518,-08937
0000001041,0000866667,065592,059395,075498,071311,093545,094047,098497,099090,-52497,-37468
0000001042,0000867500,065592,059395,075498,071311,093545,094047,098497,098805,-25291,-61819
0000001043,0000868333,065592,059395,075498,071311,093545,094047,098497,097615,004414,-79624
0000001044,0000869167,065592,059395,075498,071311,093545,094047,098497,095636,033724,-89150
0000001045,0000870000,065592,059395,075498,071311,093545,094047,098497,093060,059756,-89424
0000001046,0000870833,065592,059395,075498,071311,093545,094047,098497,090142,079976,-80458
0000001047,0000871667,065592,059395,075498,071311,093545,094047,098497,087165,092414,-63127
0000001048,0000872500,065592,059395,075498,071311,093545,094047,098497,084422,095813,-39098
0000001049,0000873333,065592,059395,075498,071311,093545,094047,098497,082181,089879,-10750
0000001050,0000874167,065592,059395,075498,071311,093545,094047,098497,080659,075190,019153
0000001051,0000875000,065592,059395,075498,071311,093545,094047,098497,080011,053151,047678
0000001052,0000875833,065592,059395,075498,071311,093545,094047,098497,080294,025951,072039
0000001053,0000876667,065592,059395,075498,071311,093545,094047,098497,081483,-03758,089861
0000001054,0000877500,065592,059395,075498,071311,093545,094047,098497,083464,-33066,099362
0000001055,0000878333,065592,059395,075498,071311,093545,094047,098497,086039,-59106,099649
0000001056,0000879167,065592,059395,075498,071311,093545,094047,098497,088958,-79339,090694
0000001057,0000880000,065592,059395,075498,071311,093545,094047,098497,091935,-91750,073336
0000001058,0000880833,065592,059395,075498,071311,093545,094047,098497,094678,-95159,049312
0000001059,0000881667,065592,059395,075498,071311,093545,094047,098497,096921,-89235,020965
0000001060,0000882500,065592,059395,075498,071311,093545,094047,098497,098439,-74519,-08937
0000001061,0000883333,065592,059395,075498,071311,093545,094047,098497,099089,-52489,-37462
0000001062,0000884167,065592,059395,075498,071311,093545,094047,098497,098806,-25295,-61829
0000001063,0000885000,065592,059395,075498,071311,093545,094047,098497,097615,004414,-79625
0000001064,0000885833,065592,059395,075498,071311,093545,094047,098497,095635,033719,-89136
0000001065,0000886667,065592,059395,075498,071311,093545,094047,098497,093061,059765,-89438
0000001066,0000887500,065592,059395,075498,071311,093545,094047,098497,090142,079976,-80458
0000001067,0000888333,065592,059395,075498,071311,093545,094047,098497,087165,092400,-63117
0000001068,0000889167,065592,059395,075498,071311,093545,094047,098497,084421,095828,-39104
0000001069,0000890000,065592,059395,075498,071311,093545,094047,098497,082181,089879,-10750
0000001070,0000890833,065592,059395,075498,071311,093545,094047,098497,080661,075179,019151
0000001071,0000891667,065592,059395,075498,071311,093545,094047,098497,080009,053159,047685
0000001072,0000892500,065592,059395,075498,071311,093545,094047,098497,080294,025951,072039
0000001073,0000893333,065592,059395,075498,071311,093545,094047,098497,081484,-03757,089848
0000001074,0000894167,065592,059395,075498,071311,093545,094047,098497,083463,-33071,099376
0000001075,0000895000,065592,059395,075498,071311,093545,094047,098497,086039,-59106,099649
0000001076,0000895833,065592,059395,075498,071311,093545,094047,098497,088958,-79327,090680
0000001077,0000896667,065592,059395,075498,071311,093545,094047,098497,091935,-91764,073346
0000001078,0000897500,065592,059395,075498,071311,093545,094047,098497,094678,-95160,049313
0000001079,0000898333,065592,059395,075498,071311,093545,094047,098497,096919,-89222,020963
0000001080,0000899167,065592,059395,075498,071311,093545,094047,098497,098440,-74530,-08940
0000001081,0000900000,065592,059395,075498,071311,093545,094047,098497,099089,-52490,-37462
0000001082,0000900833,065592,059395,075498,071311,093545,094047,098497,098805,-25291,-61819
0000001083,0000901667,065592,059395,075498,071311,093545,094047,098497,097616,004415,-79638
0000001084,0000902500,065592,059395,075498,071311,093545,094047,098497,095635,033720,-89137
0000001085,0000903333,065592,059395,075498,071311,093545,094047,098497,093060,059756,-89424
0000001086,0000904167,065592,059395,075498,071311,093545,094047,098497,090142,079989,-80471
0000001087,0000905000,065592,059395,075498,071311,093545,094047,098497,087165,092401,-63117
0000001088,0000905833,065592,059395,075498,071311,093545,094047,098497,084422,095813,-39097
0000001089,0000906667,065592,059395,075498,071311,093545,094047,098497,082179,089893,-10752
0000001090,0000907500,065592,059395,075498,071311,093545,094047,098497,080660,075179,019152
0000001091,0000908333,065592,059395,075498,071311,093545,094047,098497,080011,053150,047679
0000001092,0000909167,065592,059395,075498,071311,093545,094047,098497,080293,025955,072050
0000001093,0000910000,065592,059395,075498,071311,093545,094047,098497,081484,-03757,089849
0000001094,0000910833,065592,059395,075498,071311,093545,094047,098497,083464,-33066,099362
0000001095,0000911667,065592,059395,075498,071311,093545,094047,098497,086039,-59115,099663
0000001096,0000912500,065592,059395,075498,071311,093545,094047,098497,088958,-79327,090681
0000001097,0000913333,065592,059395,075498,071311,093545,094047,098497,091935,-91750,073336
0000001098,0000914167,065592,059395,075498,071311,093545,094047,098497,094679,-95174,049319
0000001099,0000915000,065592,059395,075498,071311,093545,094047,098497,096919,-89222,020963
0000001100,0000915833,065592,059395,075498,071311,093545,094047,098497,098439,-74518,-08938
0000001101,0000916667,065592,059395,075498,071311,093545,094047,098497,099090,-52497,-37469
0000001102,0000917500,065592,059395,075498,071311,093545,094047,098497,098805,-25291,-61820
0000001103,0000918333,065592,059395,075498,071311,093545,094047,098497,097615,004415,-79625
0000001104,0000919167,065592,059395,075498,071311,093545,094047,098497,095636,033725,-89151
0000001105,0000920000,065592,059395,075498,071311,093545,094047,098497,093060,059757,-89424
0000001106,0000920833,065592,059395,075498,071311,093545,094047,098497,090142,079977,-80458
0000001107,0000921667,065592,059395,075498,071311,093545,094047,098497,087165,092415,-63127
0000001108,0000922500,065592,059395,075498,071311,093545,094047,098497,084422,095814,-39097
0000001109,0000923333,065592,059395,075498,071311,093545,094047,098497,082181,089879,-10749
0000001110,0000924167,065592,059395,075498,071311,093545,094047,098497,080659,075190,019154
0000001111,0000925000,065592,059395,075498,071311,093545,094047,098497,080011,053151,047679
0000001112,0000925833,065592,059395,075498,071311,093545,094047,098497,080294,025951,072040
0000001113,0000926667,065592,059395,075498,071311,093545,094047,098497,081483,-03758,089861
0000001114,0000927500,065592,059395,075498,071311,093545,094047,098496,083464,-33066,099362
0000001115,0000928333,065592,059395,075498,071311,093545,094047,098496,086039,-59106,099649
0000001116,0000929167,065592,059395,075498,071311,093545,094047,098496,088958,-79339,090694
0000001117,0000930000,065592,059395,075498,071311,093545,094047,098496,091935,-91751,073336
0000001118,0000930833,065592,059395,075498,071311,093545,094047,098496,094678,-95160,049312
0000001119,0000931667,065592,059395,075498,071311,093545,094047,098496,096921,-89236,020965
0000001120,0000932500,065592,059395,075498,071311,093545,094047,098496,098439,-74519,-08938
0000001121,0000933333,065592,059395,075498,071311,093545,094047,098496,099089,-52489,-37463
0000001122,0000934167,065592,059395,075498,071311,093545,094047,098496,098806,-25294,-61830
0000001123,0000935000,065592,059395,075498,071311,093545,094047,098496,097615,004415,-79626
0000001124,0000935833,065592,059395,075498,071311,093545,094047,098496,095635,033720,-89137
0000001125,0000936667,065592,059395,075498,071311,093545,094047,098496,093061,059766,-89439
0000001126,0000937500,065592,059395,075498,071311,093545,094047,098496,090142,079977,-80458
0000001127,0000938333,065592,059395,075498,071311,093545,094047,098496,087165,092401,-63116
0000001128,0000939167,065592,059395,075498,071311,093545,094047,098496,084421,095828,-39103
0000001129,0000940000,065592,059395,075498,071311,093545,094047,098496,082180,089879,-10749
0000001130,0000940833,065592,059395,075498,071311,093545,094047,098496,080660,075178,019152
0000001131,0000941667,065592,059395,075498,071311,093545,094047,098496,080009,053158,047686
0000001132,0000942500,065592,059395,075498,071311,093545,094047,098496,080294,025951,072040
0000001133,0000943333,065592,059395,075498,071311,093545,094047,098496,081484,-03758,089849
0000001134,0000944167,065592,059395,075498,071311,093545,094047,098496,083463,-33072,099377
0000001135,0000945000,065592,059395,075498,071311,093545,094047,098496,086039,-59106,099649
0000001136,0000945833,065592,059395,075498,071311,093545,094047,098496,088958,-79327,090680
0000001137,0000946667,065592,059395,075498,071311,093545,094047,098496,091935,-91765,073346
0000001138,0000947500,065592,059395,075498,071311,093545,094047,098496,094678,-95160,049312
0000001139,0000948333,065592,059395,075498,071311,093545,094047,098496,096919,-89222,020962
0000001140,0000949167,065592,059395,075498,071311,093545,094047,098496,098441,-74530,-08940
0000001141,0000950000,065592,059395,075498,071311,093545,094047,098496,099089,-52489,-37463
0000001142,0000950833,065592,059395,075498,071311,093545,094047,098496,098805,-25290,-61820
0000001143,0000951667,065592,059395,075498,071311,093545,094047,098496,097616,004416,-79639
0000001144,0000952500,065592,059395,075498,071311,093545,094047,098496,095635,033721,-89138
0000001145,0000953333,065592,059395,075498,071311,093545,094047,098496,093060,059757,-89424
0000001146,0000954167,065592,059395,075498,071311,093545,094047,098496,090142,079990,-80471
0000001147,0000955000,065592,059395,075498,071311,093545,094047,098496,087165,092402,-63117
0000001148,0000955833,065592,059395,075498,071311,093545,094047,098496,084422,095813,-39096
0000001149,0000956667,065592,059395,075498,071311,093545,094047,098496,082179,089893,-10751
0000001150,0000957500,065592,059395,075498,071311,093545,094047,098496,080660,075178,019152
0000001151,0000958333,065592,059395,075498,071311,093545,094047,098496,080011,053150,047680
0000001152,0000959167,065592,059395,075498,071311,093545,094047,098496,080293,025954,072050
0000001153,0000960000,065592,059395,075498,071311,093545,094047,098496,081484,-03758,089849
0000001154,0000960833,065592,059395,075498,071311,093545,094047,098496,083464,-33067,099362
0000001155,0000961667,065592,059395,075498,071311,093545,094047,098496,086039,-59115,099663
0000001156,0000962500,065592,059395,075498,071311,093545,094047,098496,088958,-79328,090681
0000001157,0000963333,065592,059395,075498,071311,093545,094047,098496,091935,-91751,073335
0000001158,0000964167,065592,059395,075498,071311,093545,094047,098496,094679,-95174,049319
0000001159,0000965000,065592,059395,075498,071311,093545,094047,098496,096919,-89222,020963
0000001160,0000965833,065592,059395,075498,071311,093545,094047,098496,098439,-74518,-08938
0000001161,0000966667,065592,059395,075498,071311,093545,094047,098496,099090,-52497,-37470
0000001162,0000967500,065592,059395,075498,071311,093545,094047,098496,098805,-25290,-61820
0000001163,0000968333,065592,059395,075498,071311,093545,094047,098496,097615,004416,-79626
0000001164,0000969167,065592,059395,075498,071311,093545,094047,098496,095636,033726,-89152
0000001165,0000970000,065592,059395,075498,071311,093545,094047,098496,093060,059758,-89425
0000001166,0000970833,065592,059395,075498,071311,093545,094047,098496,090142,079978,-80458
0000001167,0000971667,065592,059395,075498,071311,093545,094047,098496,087165,092416,-63127
0000001168,0000972500,065592,059395,075498,071311,093545,094047,098496,084422,095814,-39096
0000001169,0000973333,065592,059395,075498,071311,093545,094047,098496,082180,089879,-10748
0000001170,0000974167,065592,059395,075498,071311,093545,094047,098496,080659,075189,019155
0000001171,0000975000,065592,059395,075498,071311,093545,094047,098496,080011,053150,047680
0000001172,0000975833,065592,059395,075498,071311,093545,094047,098496,080295,025950,072040
0000001173,0000976667,065592,059395,075498,071311,093545,094047,098496,081483,-03759,089862
0000001174,0000977500,065592,059395,075498,071311,093545,094047,098496,083464,-33067,099362
0000001175,0000978333,065592,059395,075498,071311,093545,094047,098496,086039,-59106,099649
0000001176,0000979167,065592,059395,075498,071311,093545,094047,098496,088958,-79340,090693
0000001177,0000980000,065592,059395,075498,071311,093545,094047,098496,091935,-91751,073336
0000001178,0000980833,065592,059395,075498,071311,093545,094047,098496,094678,-95160,049312
0000001179,0000981667,065592,059395,075498,071311,093545,094047,098496,096921,-89236,020965
0000001180,0000982500,065592,059395,075498,071311,093545,094047,098496,098439,-74519,-08938
0000001181,0000983333,065592,059395,075498,071311,093545,094047,098496,099089,-52489,-37463
0000001182,0000984167,065592,059395,075498,071311,093545,094047,098496,098806,-25294,-61831
0000001183,0000985000,065592,059395,075498,071311,093545,094047,098496,097615,004416,-79626
0000001184,0000985833,065592,059395,075498,071311,093545,094047,098496,095635,033721,-89138
0000001185,0000986667,065592,059395,075498,071311,093545,094047,098496,093061,059767,-89439
0000001186,0000987500,065592,059395,075498,071311,093545,094047,098496,090142,079978,-80458
0000001187,0000988333,065592,059395,075498,071311,093545,094047,098496,087165,092402,-63116
0000001188,0000989167,065592,059395,075498,071311,093545,094047,098496,084421,095828,-39103
0000001189,0000990000,065592,059395,075498,071311,093545,094047,098496,082180,089879,-10748
0000001190,0000990833,065592,059395,075498,071311,093545,094047,098496,080660,075178,019153
0000001191,0000991667,065592,059395,075498,071311,093545,094047,098496,080009,053158,047686
0000001192,0000992500,065592,059395,075498,071311,093545,094047,098496,080294,025950,072040
0000001193,0000993333,065592,059395,075498,071311,093545,094047,098496,081484,-03758,089849
0000001194,0000994167,065592,059395,075498,071311,093545,094047,098496,083463,-33072,099376
0000001195,0000995000,065592,059395,075498,071311,093545,094047,098496,086039,-59106,099649
0000001196,0000995833,065592,059395,075498,071311,093545,094047,098496,088958,-79327,090680
0000001197,0000996667,065592,059395,075498,071311,093545,094047,098496,091935,-91765,073346
0000001198,0000997500,065592,059395,075498,071311,093545,094047,098496,094678,-95160,049312
0000001199,0000998333,065592,059395,075498,071311,093545,094047,098496,096919,-89222,020962
0000001200,0000999167,065592,059395,075498,071311,093545,094047,098496,098441,-74530,-08941
0000001201,0001000000,065592,059395,075498,071311,093545,094047,098496,099089,-52489,-37463
0000001202,0001000833,065592,059395,075498,071311,093545,094047,098496,098805,-25290,-61821
0000001203,0001001667,065592,059395,075498,071311,093545,094047,098496,097616,004416,-79639
0000001204,0001002500,065592,059395,075498,071311,093545,094047,098496,095635,033721,-89138
0000001205,0001003333,065592,059395,075498,071311,093545,094047,098496,093060,059758,-89424
0000001206,0001004167,065592,059395,075498,071311,093545,094047,098496,090142,079990,-80471
0000001207,0001005000,065592,059395,075498,071311,093545,094047,098496,087165,092402,-63116
0000001208,0001005833,065592,059395,075498,071311,093545,094047,098496,084422,095814,-39096
0000001209,0001006667,065592,059395,075498,071311,093545,094047,098496,082179,089892,-10750
0000001210,0001007500,065592,059395,075498,071311,093545,094047,098496,080660,075178,019153
0000001211,0001008333,065592,059395,075498,071311,093545,094047,098496,080011,053149,047680
0000001212,0001009167,065592,059395,075498,071311,093545,094047,098496,080293,025954,072050
0000001213,0001010000,065592,059395,075498,071311,093545,094047,098496,081484,-03758,089849
0000001214,0001010833,065592,059395,075498,071311,093545,094047,098496,083464,-33067,099362
0000001215,0001011667,065592,059395,075498,071311,093545,094047,098496,086039,-59115,099663
0000001216,0001012500,065592,059395,075498,071311,093545,094047,098496,088958,-79328,090681
0000001217,0001013333,065592,059395,075498,071311,093545,094047,098496,091935,-91751,073335
0000001218,0001014167,065592,059395,075498,071311,093545,094047,098496,094679,-95174,049319
0000001219,0001015000,065592,059395,075498,071311,093545,094047,098496,096920,-89222,020962
0000001220,0001015833,065592,059395,075498,071311,093545,094047,098496,098439,-74518,-08939
0000001221,0001016667,065592,059395,075498,071311,093545,094047,098496,099090,-52497,-37470
0000001222,0001017500,065592,059395,075498,071311,093545,094047,098496,098805,-25290,-61821
0000001223,0001018333,065592,059395,075498,071311,093545,094047,098496,097615,004416,-79626
0000001224,0001019167,065592,059395,075498,071311,093545,094047,098496,095636,033727,-89152
0000001225,0001020000,065592,059395,075498,071311,093545,094047,098496,093060,059759,-89425
0000001226,0001020833,065592,059395,075498,071311,093545,094047,098496,090141,079978,-80458
0000001227,0001021667,065592,059395,075498,071311,093545,094047,098496,087165,092416,-63126
0000001228,0001022500,065592,059395,075498,071311,093545,094047,098496,084422,095814,-39096
0000001229,0001023333,065592,059395,075498,071311,093545,094047,098496,082180,089879,-10747
0000001230,0001024167,065592,059395,075498,071311,093545,094047,098496,080659,075189,019155
0000001231,0001025000,065592,059395,075498,071311,093545,094047,098496,080011,053150,047680
0000001232,0001025833,065592,059395,075498,071311,093545,094047,098496,080295,025950,072040
0000001233,0001026667,065592,059395,075498,071311,093545,094047,098496,081483,-03759,089862
0000001234,0001027500,065592,059395,075498,071311,093545,094047,098496,083464,-33067,099362
0000001235,0001028333,065592,059395,075498,071311,093545,094047,098496,086039,-59106,099648
0000001236,0001029167,065592,059395,075498,071311,093545,094047,098496,088958,-79340,090693
0000001237,0001030000,065592,059395,075498,071311,093545,094047,098496,091935,-91751,073336
0000001238,0001030833,065592,059395,075498,071311,093545,094047,098496,094678,-95160,049312
0000001239,0001031667,065592,059395,075498,071311,093545,094047,098496,096921,-89236,020965
0000001240,0001032500,065592,059395,075498,071311,093545,094047,098496,098439,-74519,-08938
0000001241,0001033333,065592,059395,075498,071311,093545,094047,098496,099089,-52489,-37464
0000001242,0001034167,065592,059395,075498,071311,093545,094047,098496,098806,-25294,-61831
0000001243,0001035000,065592,059395,075498,071311,093545,094047,098496,097615,004416,-79627
0000001244,0001035833,065592,059395,075498,071311,093545,094047,098496,095635,033722,-89138
0000001245,0001036667,065592,059395,075498,071311,093545,094047,098496,093061,059768,-89439
0000001246,0001037500,065592,059395,075498,071311,093545,094047,098496,090142,079979,-80458
0000001247,0001038333,065592,059395,075498,071311,093545,094047,098496,087165,092402,-63116
0000001248,0001039167,065592,059395,075498,071311,093545,094047,098496,084421,095828,-39102
0000001249,0001040000,065592,059395,075498,071311,093545,094047,098496,082180,089879,-10748
0000001250,0001040833,065592,059395,075498,071311,093545,094047,098496,080660,075178,019153
0000001251,0001041667,065592,059395,075498,071311,093545,094047,098496,080009,053157,047687
0000001252,0001042500,065592,059395,075498,071311,093545,094047,098496,080294,025950,072040
0000001253,0001043333,065592,059395,075498,071311,093545,094047,098496,081485,-03759,089849
0000001254,0001044167,065592,059395,075498,071311,093545,094047,098496,083463,-33072,099376
0000001255,0001045000,065592,059395,075498,071311,093545,094047,098496,086039,-59106,099649
0000001256,0001045833,065592,059395,075498,071311,093545,094047,098496,088958,-79327,090680
0000001257,0001046667,065592,059395,075498,071311,093545,094047,098496,091935,-91765,073346
0000001258,0001047500,065592,059395,075498,071311,093545,094047,098496,094678,-95160,049312
0000001259,0001048333,065592,059395,075498,071311,093545,094047,098496,096919,-89222,020962
0000001260,0001049167,065592,059395,075498,071311,093545,094047,098496,098441,-74530,-08941
0000001261,0001050000,065592,059395,075498,071311,093545,094047,098496,099089,-52489,-37464
0000001262,0001050833,065592,059395,075498,071311,093545,094047,098496,098805,-25290,-61821
0000001263,0001051667,065592,059395,075498,071311,093545,094047,098496,097616,004417,-79640
0000001264,0001052500,065592,059395,075498,071311,093545,094047,098496,095635,033722,-89138
0000001265,0001053333,065592,059395,075498,071311,093545,094047,098496,093060,059759,-89425
0000001266,0001054167,065592,059395,075498,071311,093545,094047,098496,090142,079991,-80471
0000001267,0001055000,065592,059395,075498,071311,093545,094047,098496,087165,092403,-63116
0000001268,0001055833,065592,059395,075498,071311,093545,094047,098496,084422,095814,-39095
0000001269,0001056667,065592,059395,075498,071311,093545,094047,098496,082179,089892,-10750
0000001270,0001057500,065592,059395,075498,071311,093545,094047,098496,080660,075178,019153
0000001271,0001058333,065592,059395,075498,071311,093545,094047,098496,080011,053149,047680
0000001272,0001059167,065592,059395,075498,071311,093545,094047,098496,080293,025954,072051
0000001273,0001060000,065592,059395,075498,071311,093545,094047,098496,081484,-03758,089849
0000001274,0001060833,065592,059395,075498,071311,093545,094047,098496,083464,-33067,099362
0000001275,0001061667,065592,059395,075498,071311,093545,094047,098496,086039,-59115,099663
0000001276,0001062500,065592,059395,075498,071311,093545,094047,098496,088958,-79327,090680
0000001277,0001063333,065592,059395,075498,071311,093545,094047,098496,091935,-91750,073335
0000001278,0001064167,065592,059395,075498,071311,093545,094047,098496,094679,-95174,049319
0000001279,0001065000,065592,059395,075498,071311,093545,094047,098496,096920,-89222,020963
0000001280,0001065833,065592,059395,075498,071311,093545,094047,098496,098439,-74518,-08938
0000001281,0001066667,065592,059395,075498,071311,093545,094047,098496,099090,-52497,-37470
0000001282,0001067500,065592,059395,075498,071311,093545,094047,098496,098805,-25290,-61821
0000001283,0001068333,065592,059395,075498,071311,093545,094047,098496,097615,004416,-79627
0000001284,0001069167,065592,059395,075498,071311,093545,094047,098496,095636,033727,-89153
0000001285,0001070000,065592,059395,075498,071311,093545,094047,098496,093060,059759,-89425
0000001286,0001070833,065592,059395,075498,071311,093545,094047,098496,090141,079979,-80458
0000001287,0001071667,065592,059395,075498,071311,093545,094047,098496,087165,092417,-63126
0000001288,0001072500,065592,059395,075498,071311,093545,094047,098496,084422,095814,-39096
0000001289,0001073333,065592,059395,075498,071311,093545,094047,098496,082180,089879,-10747
0000001290,0001074167,065592,059395,075498,071311,093545,094047,098496,080659,075189,019156
0000001291,0001075000,065592,059395,075498,071311,093545,094047,098496,080011,053149,047680
0000001292,0001075833,065592,059395,075498,071311,093545,094047,098496,080295,025950,072040
0000001293,0001076667,065592,059395,075498,071311,093545,094047,098496,081483,-03759,089862
0000001294,0001077500,065592,059395,075498,071311,093545,094047,098496,083464,-33067,099362
0000001295,0001078333,065592,059395,075498,071311,093545,094047,098496,086039,-59106,099648
0000001296,0001079167,065592,059395,075498,071311,093545,094047,098496,088958,-79339,090693
0000001297,0001080000,065592,059395,075498,071311,093545,094047,098496,091935,-91751,073336
0000001298,0001080833,065592,059395,075498,071311,093545,094047,098496,094678,-95160,049312
0000001299,0001081667,065592,059395,075498,071311,093545,094047,098496,096921,-89236,020965
0000001300,0001082500,065592,059395,075498,071311,093545,094047,098496,098439,-74519,-08938
0000001301,0001083333,065592,059395,075498,071311,093545,094047,098496,099089,-52489,-37464
0000001302,0001084167,065592,059395,075498,071311,093545,094047,098496,098806,-25294,-61831
0000001303,0001085000,065592,059395,075498,071311,093545,094047,098496,097615,004416,-79627
0000001304,0001085833,065592,059395,075498,071311,093545,094047,098496,095635,033722,-89138
0000001305,0001086667,065592,059395,075498,071311,093545,094047,098496,093061,059768,-89439
0000001306,0001087500,065592,059395,075498,071311,093545,094047,098496,090141,079979,-80459
0000001307,0001088333,065592,059395,075498,071311,093545,094047,098496,087165,092402,-63116
0000001308,0001089167,065592,059395,075498,071311,093545,094047,098496,084421,095828,-39102
0000001309,0001090000,065592,059395,075498,071311,093545,094047,098496,082180,089879,-10747
0000001310,0001090833,065592,059395,075498,071311,093545,094047,098496,080660,075177,019154
0000001311,0001091667,065592,059395,075498,071311,093545,094047,098496,080009,053157,047687
0000001312,0001092500,065592,059395,075498,071311,093545,094047,098496,080295,025950,072040
0000001313,0001093333,065592,059395,075498,071311,093545,094047,098496,081485,-03758,089848
0000001314,0001094167,065592,059395,075498,071311,093545,094047,098496,083463,-33072,099376
0000001315,0001095000,065592,059395,075498,071311,093545,094047,098496,086039,-59106,099648
0000001316,0001095833,065592,059395,075498,071311,093545,094047,098496,088958,-79327,090680
0000001317,0001096667,065592,059395,075498,071311,093545,094047,098496,091935,-91764,073346
0000001318,0001097500,065592,059395,075498,071311,093545,094047,098496,094678,-95160,049312
0000001319,0001098333,065592,059395,075498,071311,093545,094047,098496,096919,-89222,020963
0000001320,0001099167,065592,059395,075498,071311,093545,094047,098496,098441,-74530,-08940
0000001321,0001100000,065592,059395,075498,071311,093545,094047,098496,099089,-52489,-37464
0000001322,0001100833,065592,059395,075498,071311,096572,090269,-17224,099998,-25306,-65203
0000001323,0001101667,065592,059395,075498,071311,094635,090864,-62912,098133,010291,-73565
0000001324,0001102500,065592,059395,075498,071311,091596,092602,-84238,097038,038734,-86725
0000001325,0001103333,065592,059395,075498,071311,089217,095455,-81510,093432,063964,-84994
0000001326,0001104167,065592,059395,075498,071311,088774,098027,-71991,090236,076923,-84779
0000001327,0001105000,065592,059395,075498,071311,086728,099852,-49270,086431,085202,-70260
0000001328,0001105833,065592,059395,075498,071311,083989,099998,-27547,083882,087972,-47848
0000001329,0001106667,065592,059395,075498,071311,081585,098429,-10944,081894,085942,-14911
0000001330,0001107500,065592,059395,075498,071311,079793,096058,008358,080543,074551,018513
0000001331,0001108333,065592,059395,075498,071311,079276,093800,035848,080117,053177,047475
0000001332,0001109167,065592,059395,075498,071311,080359,091742,066209,080137,026321,072813
0000001333,0001110000,065592,059395,075498,071311,082662,089338,088072,081474,-05200,088061
0000001334,0001110833,065592,059395,075498,071311,084853,086668,099998,083164,-33642,099377
0000001335,0001111667,065592,059395,075498,071311,087257,083814,097135,086177,-58996,099436
0000001336,0001112500,065592,059395,075498,071311,089901,081423,083846,088989,-76048,094764
0000001337,0001113333,065592,059395,075498,071311,092698,079978,064037,092332,-88641,076217
0000001338,0001114167,065592,059395,075498,071311,095408,079784,041567,094731,-92390,052694
0000001339,0001115000,065592,059395,075498,071311,097993,080614,015016,097057,-88467,021543
0000001340,0001115833,065592,059395,075498,071311,099558,082287,-12578,098271,-74318,-08182
0000001341,0001116667,065592,059395,075498,071311,099998,084423,-41479,099029,-53256,-38295
0000001342,0001117500,065592,059395,075498,071311,099468,086918,-67969,098642,-25640,-61787
0000001343,0001118333,065592,059395,075498,071311,098035,089699,-87358,097579,004248,-79784
0000001344,0001119167,065592,059395,075498,071311,095868,092643,-95904,095577,033646,-89046
0000001345,0001120000,065592,059395,075498,071311,093364,095316,-95223,092965,059209,-89907
0000001346,0001120833,065592,059395,075498,071311,090561,097478,-84416,090023,078963,-81416
0000001347,0001121667,065592,059395,075498,071311,087561,098827,-65307,087035,091636,-63763
0000001348,0001122500,065592,059395,075498,071311,084787,099144,-41219,084385,095212,-39762
0000001349,0001123333,065592,059395,075498,071311,082448,098462,-13499,082136,090037,-10458
0000001350,0001124167,065592,059395,075498,071311,080863,096955,016271,080739,075543,019412
0000001351,0001125000,065592,059395,075498,071311,080194,094794,045401,080040,053961,048625
0000001352,0001125833,065592,059395,075498,071311,080582,092142,070279,080378,026324,072296
0000001353,0001126667,065592,059395,075498,071311,081804,089241,088727,081474,-03473,090242
0000001354,0001127500,065592,059395,075498,071311,083787,086340,098346,083512,-33059,099253
0000001355,0001128333,065592,059395,075498,071311,086302,083701,098036,086039,-58853,099998
0000001356,0001129167,065592,059395,075498,071311,089159,081621,088138,089007,-79181,090740
0000001357,0001130000,065592,059395,075498,071311,092068,080367,070506,091946,-91548,073596
0000001358,0001130833,065592,059395,075498,071311,094825,080057,046525,094700,-95201,049219
0000001359,0001131667,065592,059395,075498,071311,097093,080700,018485,096900,-89429,020771
0000001360,0001132500,065592,059395,075498,071311,098608,082201,-11153,098413,-74926,-09376
0000001361,0001133333,065592,059395,075498,071311,099234,084398,-39713,099065,-52853,-37842
0000001362,0001134167,065592,059395,075498,071311,098922,087089,-64276,098792,-25442,-61982
0000001363,0001135000,065592,059395,075498,071311,097700,090035,-82122,097624,004348,-79739
0000001364,0001135833,065592,059395,075498,071311,095721,092963,-91407,095634,033743,-89127
0000001365,0001136667,065592,059395,075498,071311,093190,095576,-91343,093072,059722,-89507
0000001366,0001137500,065592,059395,075498,071311,090299,097609,-81972,090134,080001,-80436
0000001367,0001138333,065592,059395,075498,071311,087343,098837,-64526,087178,092386,-63197
0000001368,0001139167,065592,059395,075498,071311,084606,099145,-40627,084422,095911,-38984
0000001369,0001140000,065592,059395,075498,071311,082374,098521,-12473,082203,090003,-10673
0000001370,0001140833,065592,059395,075498,071311,080863,097034,017326,080668,075357,019345
0000001371,0001141667,065592,059395,075498,071311,080245,094825,045726,080024,053216,047719
0000001372,0001142500,065592,059395,075498,071311,080555,092111,070018,080290,025989,072100
0000001373,0001143333,065592,059395,075498,071311,081764,089147,087679,081485,-03791,089809
0000001374,0001144167,065592,059395,075498,071311,083747,086218,096936,083457,-33098,099346
0000001375,0001145000,065592,059395,075498,071311,086320,083615,096931,086035,-59155,099613
0000001376,0001145833,065592,059395,075498,071311,089230,081603,087762,088954,-79361,090674
0000001377,0001146667,065592,059395,075498,071311,092201,080381,070323,091932,-91774,073323
0000001378,0001147500,065592,059395,075498,071311,094939,080061,046279,094675,-95212,049280
0000001379,0001148333,065592,059395,075498,071311,097169,080676,017990,096913,-89275,020934
0000001380,0001149167,065592,059395,075498,071311,098673,082161,-11824,098437,-74561,-08977
0000001381,0001150000,065592,059395,075498,071311,099304,084370,-40253,099086,-52497,-37457
0000001382,0001150833,065592,059395,075498,071311,099001,087089,-64495,098809,-25287,-61825
0000001383,0001151667,065592,059395,075498,071311,097794,090056,-82110,097615,004452,-79583
0000001384,0001152500,065592,059395,075498,071311,095809,092979,-91437,095641,033753,-89127
0000001385,0001153333,065592,059395,075498,071311,093232,095573,-91519,093061,059797,-89397
0000001386,0001154167,065592,059395,075498,071311,090316,097579,-82388,090144,079987,-80463
0000001387,0001155000,065592,059395,075498,071311,087345,098805,-64946,087164,092427,-63106
0000001388,0001155833,065592,059395,075498,071311,084612,099126,-40899,084423,095834,-39099
0000001389,0001156667,065592,059395,075498,071311,082382,098515,-12565,082180,089895,-10735
0000001390,0001157500,065592,059395,075498,071311,080877,097033,017270,080660,075187,019151
0000001391,0001158333,065592,059395,075498,071311,080245,094824,045704,080008,053152,047680
0000001392,0001159167,065592,059395,075498,071311,080547,092103,069933,080293,025940,072028
0000001393,0001160000,065592,059395,075498,071311,081749,089137,087587,081482,-03774,089840
0000001394,0001160833,065592,059395,075498,071311,083737,086214,096920,083461,-33081,099362
0000001395,0001161667,065592,059395,075498,071311,086315,083623,097024,086039,-59114,099645
0000001396,0001162500,065592,059395,075498,071311,089232,081616,087918,088957,-79335,090693
0000001397,0001163333,065592,059395,075498,071311,092202,080392,070472,091936,-91763,073343
0000001398,0001164167,065592,059395,075498,071311,094934,080070,046402,094678,-95161,049321
0000001399,0001165000,065592,059395,075498,071311,097161,080680,018064,096921,-89233,020965
0000001400,0001165833,065592,059395,075498,071311,098663,082162,-11780,098440,-74525,-08931
0000001401,0001166667,065592,059395,075498,071311,099294,084372,-40206,099090,-52491,-37463
0000001402,0001167500,065592,059395,075498,071311,098994,087093,-64425,098806,-25288,-61819
0000001403,0001168333,065592,059395,075498,071311,097791,090060,-82064,097617,004419,-79634
0000001404,0001169167,065592,059395,075498,071311,095802,092981,-91389,095636,033725,-89138
0000001405,0001170000,065592,059395,075498,071311,093224,095572,-91513,093061,059764,-89439
0000001406,0001170833,065592,059395,075498,071311,090308,097578,-82405,090141,079986,-80473
0000001407,0001171667,065592,059395,075498,071311,087339,098801,-64959,087165,092404,-63125
0000001408,0001172500,065592,059395,075498,071311,084607,099125,-40895,084421,095824,-39105
0000001409,0001173333,065592,059395,075498,071311,082381,098517,-12550,082179,089890,-10753
0000001410,0001174167,065592,059395,075498,071311,080879,097034,017295,080660,075181,019150
0000001411,0001175000,065592,059395,075498,071311,080246,094825,045722,080009,053155,047682
0000001412,0001175833,065592,059395,075498,071311,080546,092104,069942,080293,025952,072044
0000001413,0001176667,065592,059395,075498,071311,081750,089137,087578,081484,-03757,089851
0000001414,0001177500,065592,059395,075498,071311,083738,086214,096920,083463,-33068,099373
0000001415,0001178333,065592,059395,075498,071311,086317,083623,097039,086039,-59110,099664
0000001416,0001179167,065592,059395,075498,071311,089234,081618,087919,088958,-79328,090686
0000001417,0001180000,065592,059395,075498,071311,092204,080393,070476,091935,-91759,073348
0000001418,0001180833,065592,059395,075498,071311,094936,080069,046398,094679,-95172,049321
0000001419,0001181667,065592,059395,075498,071311,097161,080679,018046,096920,-89226,020967
0000001420,0001182500,065592,059395,075498,071311,098663,082161,-11799,098440,-74529,-08937
0000001421,0001183333,065592,059395,075498,071311,099295,084371,-40220,099090,-52498,-37466
0000001422,0001184167,065592,059395,075498,071311,098994,087093,-64428,098805,-25294,-61823
0000001423,0001185000,065592,059395,075498,071311,097791,090059,-82069,097616,004414,-79637
0000001424,0001185833,065592,059395,075498,071311,095803,092981,-91403,095636,033724,-89151
0000001425,0001186667,065592,059395,075498,071311,093224,095571,-91513,093060,059760,-89431
0000001426,0001187500,065592,059395,075498,071311,090308,097577,-82411,090142,079987,-80471
0000001427,0001188333,065592,059395,075498,071311,087339,098802,-64968,087165,092414,-63128
0000001428,0001189167,065592,059395,075498,071311,084608,099125,-40890,084422,095819,-39100
0000001429,0001190000,065592,059395,075498,071311,082381,098517,-12547,082180,089891,-10751
0000001430,0001190833,065592,059395,075498,071311,080879,097035,017299,080659,075189,019154
0000001431,0001191667,065592,059395,075498,071311,080247,094825,045720,080010,053154,047680
0000001432,0001192500,065592,059395,075498,071311,080546,092104,069942,080293,025955,072047
0000001433,0001193333,065592,059395,075498,071311,081749,089136,087584,081483,-03756,089858
0000001434,0001194167,065592,059395,075498,071311,083738,086215,096913,083464,-33065,099366
0000001435,0001195000,065592,059395,075498,071311,086317,083623,097038,086039,-59111,099660
0000001436,0001195833,065592,059395,075498,071311,089234,081617,087927,088958,-79335,090693
0000001437,0001196667,065592,059395,075498,071311,092204,080393,070471,091935,-91754,073341
0000001438,0001197500,065592,059395,075498,071311,094935,080069,046397,094679,-95172,049320
0000001439,0001198333,065592,059395,075498,071311,097161,080678,018047,096920,-89235,020967
0000001440,0001199167,065592,059395,075498,071311,098663,082161,-11798,098440,-74524,-08936
0000001441,0001200000,065592,059395,075498,071311,099295,084371,-40219,099090,-52498,-37466
0000001442,0001200833,065592,059395,075498,071311,098995,087093,-64432,098806,-25296,-61828
0000001443,0001201667,065592,059395,075498,071311,097791,090059,-82061,097615,004413,-79630
0000001444,0001202500,065592,059395,075498,071311,095803,092981,-91401,095636,033724,-89150
0000001445,0001203333,065592,059395,075498,071311,093225,095571,-91520,093061,059765,-89438
0000001446,0001204167,065592,059395,075498,071311,090308,097576,-82405,090142,079982,-80464
0000001447,0001205000,065592,059395,075498,071311,087339,098802,-64966,087165,092414,-63126
0000001448,0001205833,065592,059395,075498,071311,084607,099126,-40893,084421,095827,-39103
0000001449,0001206667,065592,059395,075498,071311,082382,098517,-12545,082180,089884,-10750
0000001450,0001207500,065592,059395,075498,071311,080879,097035,017300,080659,075188,019153
0000001451,0001208333,065592,059395,075498,071311,080246,094825,045723,080009,053158,047684
0000001452,0001209167,065592,059395,075498,071311,080547,092103,069936,080294,025953,072042
0000001453,0001210000,065592,059395,075498,071311,081749,089136,087583,081483,-03756,089858
0000001454,0001210833,065592,059395,075498,071311,083738,086214,096921,083463,-33068,099373
0000001455,0001211667,065592,059395,075498,071311,086317,083624,097031,086039,-59106,099653
0000001456,0001212500,065592,059395,075498,071311,089234,081617,087926,088958,-79335,090692
0000001457,0001213333,065592,059395,075498,071311,092204,080393,070477,091935,-91762,073347
0000001458,0001214167,065592,059395,075498,071311,094935,080070,046394,094678,-95165,049317
0000001459,0001215000,065592,059395,075498,071311,097161,080678,018047,096920,-89234,020968
0000001460,0001215833,065592,059395,075498,071311,098663,082161,-11799,098440,-74531,-08937
0000001461,0001216667,065592,059395,075498,071311,099294,084371,-40216,099089,-52494,-37463
0000001462,0001217500,065592,059395,075498,071311,098995,087093,-64432,098806,-25296,-61827
0000001463,0001218333,065592,059395,075498,071311,097791,090059,-82068,097616,004414,-79637
0000001464,0001219167,065592,059395,075498,071311,095803,092981,-91394,095636,033721,-89143
0000001465,0001220000,065592,059395,075498,071311,093225,095571,-91520,093061,059765,-89437
0000001466,0001220833,065592,059395,075498,071311,090308,097577,-82412,090142,079988,-80471
0000001467,0001221667,065592,059395,075498,071311,087339,098801,-64962,087165,092407,-63121
0000001468,0001222500,065592,059395,075498,071311,084607,099126,-40893,084421,095826,-39103
0000001469,0001223333,065592,059395,075498,071311,082381,098517,-12547,082180,089892,-10752
0000001470,0001224167,065592,059395,075498,071311,080879,097035,017298,080660,075183,019152
0000001471,0001225000,065592,059395,075498,071311,080246,094825,045723,080009,053158,047683
0000001472,0001225833,065592,059395,075498,071311,080546,092104,069942,080293,025956,072047
0000001473,0001226667,065592,059395,075498,071311,081750,089136,087576,081484,-03756,089851
0000001474,0001227500,065592,059395,075498,071311,083738,086214,096920,083463,-33068,099372
0000001475,0001228333,065592,059395,075498,071311,086317,083623,097039,086039,-59111,099661
0000001476,0001229167,065592,059395,075498,071311,089234,081618,087920,088958,-79329,090686
0000001477,0001230000,065592,059395,075498,071311,092204,080393,070476,091935,-91761,073346
0000001478,0001230833,065592,059395,075498,071311,094935,080069,046398,094679,-95173,049321
0000001479,0001231667,065592,059395,075498,071311,097160,080679,018046,096920,-89228,020967
0000001480,0001232500,065592,059395,075498,071311,098663,082161,-11799,098440,-74530,-08937
0000001481,0001233333,065592,059395,075498,071311,099295,084371,-40219,099090,-52499,-37466
0000001482,0001234167,065592,059395,075498,071311,098994,087093,-64426,098805,-25294,-61822
0000001483,0001235000,065592,059395,075498,071311,097791,090059,-82068,097616,004414,-79636
0000001484,0001235833,065592,059395,075498,071311,095803,092981,-91402,095636,033724,-89151
0000001485,0001236667,065592,059395,075498,071311,093224,095571,-91513,093061,059760,-89431
0000001486,0001237500,065592,059395,075498,071311,090308,097577,-82411,090142,079988,-80470
0000001487,0001238333,065592,059395,075498,071311,087339,098802,-64967,087165,092415,-63127
0000001488,0001239167,065592,059395,075498,071311,084608,099125,-40890,084422,095819,-39100
0000001489,0001240000,065592,059395,075498,071311,082381,098517,-12546,082180,089891,-10752
0000001490,0001240833,065592,059395,075498,071311,080879,097035,017300,080659,075189,019153
0000001491,0001241667,065592,059395,075498,071311,080247,094825,045720,080010,053154,047680
0000001492,0001242500,065592,059395,075498,071311,080546,092104,069941,080293,025955,072046
0000001493,0001243333,065592,059395,075498,071311,081749,089136,087583,081483,-03756,089858
0000001494,0001244167,065592,059395,075498,071311,083738,086215,096912,083464,-33065,099365
0000001495,0001245000,065592,059395,075498,071311,086317,083623,097038,086039,-59111,099660
0000001496,0001245833,065592,059395,075498,071311,089234,081617,087927,088958,-79335,090693
0000001497,0001246667,065592,059395,075498,071311,092203,080393,070471,091935,-91754,073341
0000001498,0001247500,065592,059395,075498,071311,094935,080069,046398,094679,-95172,049321
0000001499,0001248333,065592,059395,075498,071311,097161,080678,018048,096920,-89235,020968
0000001500,0001249167,065592,059395,075498,071311,098663,082161,-11797,098440,-74525,-08935
0000001501,0001250000,065592,059395,075498,071311,099295,084371,-40218,099090,-52499,-37466
0000001502,0001250833,065592,059395,075498,071311,098995,087092,-64432,098806,-25297,-61828
0000001503,0001251667,065592,059395,075498,071311,097791,090059,-82061,097615,004413,-79630
0000001504,0001252500,065592,059395,075498,071311,095803,092981,-91402,095636,033723,-89150
0000001505,0001253333,065592,059395,075498,071311,093225,095571,-91521,093061,059765,-89439
0000001506,0001254167,065592,059395,075498,071311,090308,097576,-82405,090142,079982,-80464
0000001507,0001255000,065592,059395,075498,071311,087339,098802,-64967,087165,092414,-63127
0000001508,0001255833,065592,059395,075498,071311,084607,099126,-40894,084421,095827,-39104
0000001509,0001256667,065592,059395,075498,071311,082382,098517,-12545,082180,089884,-10751
0000001510,0001257500,065592,059395,075498,071311,080879,097035,017300,080659,075188,019153
0000001511,0001258333,065592,059395,075498,071311,080246,094825,045723,080009,053159,047683
0000001512,0001259167,065592,059395,075498,071311,080547,092103,069936,080294,025954,072041
0000001513,0001260000,065592,059395,075498,071311,081749,089136,087582,081483,-03756,089857
0000001514,0001260833,065592,059395,075498,071311,083738,086214,096920,083463,-33068,099373
0000001515,0001261667,065592,059395,075498,071311,086317,083624,097031,086039,-59106,099653
0000001516,0001262500,065592,059395,075498,071311,089234,081617,087926,088958,-79335,090692
0000001517,0001263333,065592,059395,075498,071311,092204,080393,070477,091935,-91761,073347
0000001518,0001264167,065592,059395,075498,071311,094935,080070,046395,094678,-95164,049318
0000001519,0001265000,065592,059395,075498,071311,097161,080678,018048,096920,-89234,020968
0000001520,0001265833,065592,059395,075498,071311,098663,082161,-11798,098440,-74531,-08936
0000001521,0001266667,065592,059395,075498,071311,099294,084371,-40215,099089,-52495,-37462
0000001522,0001267500,065592,059395,075498,071311,098995,087092,-64431,098806,-25297,-61827
0000001523,0001268333,065592,059395,075498,071311,097792,090059,-82068,097616,004413,-79637
0000001524,0001269167,065592,059395,075498,071311,095803,092981,-91395,095636,033721,-89143
0000001525,0001270000,065592,059395,075498,071311,093225,095571,-91520,093061,059764,-89438
0000001526,0001270833,065592,059395,075498,071311,090308,097577,-82412,090142,079988,-80472
0000001527,0001271667,065592,059395,075498,071311,087339,098801,-64962,087165,092407,-63122
0000001528,0001272500,065592,059395,075498,071311,084607,099126,-40893,084421,095826,-39103
0000001529,0001273333,065592,059395,075498,071311,082381,098517,-12547,082180,089892,-10752
0000001530,0001274167,065592,059395,075498,071311,080879,097035,017298,080660,075183,019151
0000001531,0001275000,065592,059395,075498,071311,080246,094825,045723,080009,053158,047683
0000001532,0001275833,065592,059395,075498,071311,080546,092104,069941,080293,025956,072046
0000001533,0001276667,065592,059395,075498,071311,081750,089137,087575,081484,-03755,089851
0000001534,0001277500,065592,059395,075498,071311,083738,086214,096919,083463,-33067,099372
0000001535,0001278333,065592,059395,075498,071311,086317,083623,097039,086038,-59110,099661
0000001536,0001279167,065592,059395,075498,071311,089234,081618,087920,088958,-79328,090686
0000001537,0001280000,065592,059395,075498,071311,092204,080393,070477,091935,-91760,073346
0000001538,0001280833,065592,059395,075498,071311,094935,080069,046399,094679,-95172,049322
0000001539,0001281667,065592,059395,075498,071311,097160,080679,018047,096920,-89228,020968
0000001540,0001282500,065592,059395,075498,071311,098663,082161,-11798,098440,-74531,-08936
0000001541,0001283333,065592,059395,075498,071311,099295,084371,-40218,099090,-52500,-37466
0000001542,0001284167,065592,059395,075498,071311,098994,087093,-64426,098805,-25295,-61822
0000001543,0001285000,065592,059395,075498,071311,097792,090059,-82068,097616,004413,-79636
0000001544,0001285833,065592,059395,075498,071311,095803,092981,-91403,095636,033723,-89151
0000001545,0001286667,065592,059395,075498,071311,093224,095571,-91513,093061,059760,-89431
0000001546,0001287500,065592,059395,075498,071311,090308,097577,-82412,090142,079988,-80471
0000001547,0001288333,065592,059395,075498,071311,087339,098802,-64968,087165,092414,-63128
0000001548,0001289167,065592,059395,075498,071311,084608,099125,-40890,084422,095819,-39100
0000001549,0001290000,065592,059395,075498,071311,082381,098517,-12546,082180,089891,-10752
0000001550,0001290833,065592,059395,075498,071311,080879,097035,017299,080659,075189,019152
0000001551,0001291667,065592,059395,075498,071311,080247,094825,045719,080010,053154,047679
0000001552,0001292500,065592,059395,075498,071311,080546,092104,069940,080293,025956,072046
0000001553,0001293333,065592,059395,075498,071311,081749,089137,087582,081483,-03755,089858
0000001554,0001294167,065592,059395,075498,071311,083738,086215,096912,083463,-33064,099365
0000001555,0001295000,065592,059395,075498,071311,086317,083624,097038,086039,-59110,099660
0000001556,0001295833,065592,059395,075498,071311,089234,081617,087927,088958,-79335,090693
0000001557,0001296667,065592,059395,075498,071311,092203,080393,070472,091935,-91753,073342
0000001558,0001297500,065592,059395,075498,071311,094935,080069,046398,094679,-95172,049321
0000001559,0001298333,065592,059395,075498,071311,097161,080678,018049,096920,-89235,020969
0000001560,0001299167,065592,059395,075498,071311,098662,082161,-11796,098440,-74525,-08935
0000001561,0001300000,065592,059395,075498,071311,099295,084371,-40218,099090,-52499,-37465
0000001562,0001300833,065592,059395,075498,071311,098995,087092,-64432,098806,-25298,-61827
0000001563,0001301667,065592,059395,075498,071311,097791,090059,-82061,097615,004412,-79630
0000001564,0001302500,065592,059395,075498,071311,095803,092981,-91402,095636,033723,-89150
0000001565,0001303333,065592,059395,075498,071311,093225,095571,-91521,093061,059764,-89439
0000001566,0001304167,065592,059395,075498,071311,090308,097576,-82406,090142,079982,-80465
0000001567,0001305000,065592,059395,075498,071311,087339,098802,-64967,087165,092414,-63127
0000001568,0001305833,065592,059395,075498,071311,084607,099126,-40894,084421,095827,-39104
0000001569,0001306667,065592,059395,075498,071311,082382,098517,-12545,082180,089884,-10751
0000001570,0001307500,065592,059395,075498,071311,080879,097035,017299,080659,075189,019152
0000001571,0001308333,065592,059395,075498,071311,080246,094826,045723,080009,053159,047683
0000001572,0001309167,065592,059395,075498,071311,080547,092104,069935,080294,025954,072041
0000001573,0001310000,065592,059395,075498,071311,081749,089137,087581,081483,-03755,089857
0000001574,0001310833,065592,059395,075498,071311,083738,086214,096920,083463,-33067,099373
0000001575,0001311667,065592,059395,075498,071311,086317,083624,097030,086039,-59105,099653
0000001576,0001312500,065592,059395,075498,071311,089234,081618,087926,088958,-79334,090692
0000001577,0001313333,065592,059395,075498,071311,092203,080393,070478,091935,-91761,073347
0000001578,0001314167,065592,059395,075498,071311,094935,080070,046396,094678,-95164,049318
0000001579,0001315000,065592,059395,075498,071311,097161,080678,018049,096920,-89235,020969
0000001580,0001315833,065592,059395,075498,071311,098663,082161,-11797,098440,-74532,-08936
0000001581,0001316667,065592,059395,075498,071311,099294,084371,-40214,099089,-52496,-37462
0000001582,0001317500,065592,059395,075498,071311,098995,087092,-64431,098806,-25297,-61827
0000001583,0001318333,065592,059395,075498,071311,097792,090059,-82068,097616,004413,-79637
0000001584,0001319167,065592,059395,075498,071311,095803,092981,-91395,095636,033720,-89143
0000001585,0001320000,065592,059395,075498,071311,093225,095571,-91521,093061,059764,-89438
0000001586,0001320833,065592,059395,075498,071311,090308,097577,-82413,090142,079988,-80472
0000001587,0001321667,065592,059395,075498,071311,087339,098801,-64962,087165,092407,-63122
0000001588,0001322500,065592,059395,075498,071311,084607,099126,-40894,084421,095826,-39104
0000001589,0001323333,065592,059395,075498,071311,082381,098517,-12547,082180,089892,-10753
0000001590,0001324167,065592,059395,075498,071311,080879,097035,017298,080660,075183,019151
0000001591,0001325000,065592,059395,075498,071311,080246,094825,045722,080009,053158,047682
0000001592,0001325833,065592,059395,075498,071311,080546,092104,069940,080293,025957,072046
0000001593,0001326667,065592,059395,075498,071311,081750,089137,087575,081484,-03755,089850
0000001594,0001327500,065592,059395,075498,071311,083738,086214,096919,083463,-33067,099372
0000001595,0001328333,065592,059395,075498,071311,086317,083624,097038,086038,-59110,099661
0000001596,0001329167,065592,059395,075498,071311,089234,081618,087920,088958,-79328,090686
0000001597,0001330000,065592,059395,075498,071311,092203,080393,070477,091935,-91760,073347
0000001598,0001330833,065592,059395,075498,071311,094935,080069,046400,094679,-95172,049322
0000001599,0001331667,065592,059395,075498,071311,097160,080679,018048,096920,-89228,020968
0000001600,0001332500,065592,059395,075498,071311,098663,082161,-11797,098440,-74531,-08935
0000001601,0001333333,065592,059395,075498,071311,099295,084371,-40218,099090,-52500,-37465
0000001602,0001334167,065592,059395,075498,071311,098994,087093,-64426,098805,-25296,-61821
0000001603,0001335000,065592,059395,075498,071311,097792,090059,-82068,097616,004412,-79636
0000001604,0001335833,065592,059395,075498,071311,095803,092981,-91403,095636,033723,-89151
0000001605,0001336667,065592,059395,075498,071311,093225,095571,-91514,093061,059759,-89431
0000001606,0001337500,065592,059395,075498,071311,090308,097577,-82412,090142,079987,-80471
0000001607,0001338333,065592,059395,075498,071311,087339,098802,-64968,087165,092414,-63128
0000001608,0001339167,065592,059395,075498,071311,084608,099125,-40890,084422,095819,-39101
0000001609,0001340000,065592,059395,075498,071311,082381,098517,-12547,082180,089891,-10753
0000001610,0001340833,065592,059395,075498,071311,080879,097035,017299,080659,075190,019152
0000001611,0001341667,065592,059395,075498,071311,080247,094825,045719,080010,053155,047679
0000001612,0001342500,065592,059395,075498,071311,080546,092104,069940,080293,025956,072045
0000001613,0001343333,065592,059395,075498,071311,081749,089137,087582,081483,-03755,089857
0000001614,0001344167,065592,059395,075498,071311,083738,086215,096911,083463,-33064,099365
0000001615,0001345000,065592,059395,075498,071311,086317,083624,097037,086038,-59109,099660
0000001616,0001345833,065592,059395,075498,071311,089234,081618,087927,088958,-79334,090693
0000001617,0001346667,065592,059395,075498,071311,092203,080394,070472,091935,-91753,073342
0000001618,0001347500,065592,059395,075498,071311,094935,080069,046399,094678,-95172,049322
0000001619,0001348333,065592,059395,075498,071311,097161,080678,018050,096920,-89236,020970
0000001620,0001349167,065592,059395,075498,071311,098662,082161,-11795,098439,-74526,-08934
0000001621,0001350000,065592,059395,075498,071311,099295,084371,-40217,099090,-52500,-37465
0000001622,0001350833,065625,059320,079754,071312,099011,087063,-64306,098790,-25017,-61951
0000001623,0001351667,065676,059250,081689,071313,097813,090033,-82013,097592,004676,-79658
0000001624,0001352500,065739,059193,081106,071313,095830,092958,-91437,095609,033927,-89082
0000001625,0001353333,065806,059153,078341,071314,093253,095561,-91704,093032,059961,-89349
0000001626,0001354167,065871,059135,073647,071314,090336,097569,-82603,090115,080036,-80248
0000001627,0001355000,065926,059142,067476,071315,087364,098802,-65224,087143,092373,-62869
0000001628,0001355833,065965,059171,060680,071315,084627,099135,-41182,084406,095701,-38828
0000001629,0001356667,065983,059221,053858,071316,082395,098529,-12796,082174,089638,-10441
0000001630,0001357500,065979,059286,047783,071316,080884,097057,017034,080663,074921,019389
0000001631,0001358333,065952,059359,043162,071317,080242,094850,045512,080021,052855,047867
0000001632,0001359167,065905,059434,040403,071317,080535,092130,069791,080314,025647,072145
0000001633,0001360000,065840,059503,039909,071317,081731,089164,087487,081510,-04007,089842
0000001634,0001360833,065765,059561,041726,071318,083714,086236,096935,083493,-33289,099290
0000001635,0001361667,065685,059601,045691,071318,086292,083640,097120,086071,-59247,099474
0000001636,0001362500,065608,059619,051536,071318,089209,081627,088086,088988,-79384,090441
0000001637,0001363333,065542,059614,058670,071318,092181,080391,070713,091960,-91737,073068
0000001638,0001364167,065492,059586,066476,071319,094918,080062,046646,094697,-95033,049001
0000001639,0001365000,065463,059538,074231,071319,097151,080662,018311,096930,-89029,020666
0000001640,0001365833,065457,059474,081172,071319,098662,082138,-11555,098441,-74270,-09200
0000001641,0001366667,065475,059401,086690,071319,099301,084346,-40031,099080,-52190,-37676
0000001642,0001367500,065514,059326,090244,071319,099009,087065,-64303,098788,-24999,-61949
0000001643,0001368333,065570,059257,091504,071320,097813,090034,-82026,097592,004687,-79671
0000001644,0001369167,065638,059200,090404,071320,095829,092959,-91437,095608,033941,-89082
0000001645,0001370000,065710,059162,087062,071320,093253,095555,-91635,093032,059900,-89281
0000001646,0001370833,065779,059145,081852,071320,090335,097569,-82605,090114,080041,-80250
0000001647,0001371667,065838,059151,075317,071320,087363,098801,-65202,087142,092362,-62847
0000001648,0001372500,065881,059181,068112,071320,084626,099134,-41162,084405,095689,-38807
0000001649,0001373333,065903,059230,060981,071320,082393,098533,-12825,082172,089683,-10470
0000001650,0001374167,065902,059294,054627,071320,080883,097056,017047,080662,074913,019402
0000001651,0001375000,065879,059367,049684,071320,080242,094851,045514,080021,052859,047869
0000001652,0001375833,065834,059442,046664,071320,080534,092131,069797,080313,025656,072151
0000001653,0001376667,065772,059512,045870,071320,081731,089162,087512,081510,-04031,089867
0000001654,0001377500,065700,059569,047406,071320,083714,086236,096936,083493,-33286,099291
0000001655,0001378333,065622,059609,051151,071320,086291,083639,097140,086070,-59255,099495
0000001656,0001379167,065548,059627,056757,071321,089208,081627,088093,088987,-79384,090448
0000001657,0001380000,065484,059621,063703,071321,092181,080393,070702,091960,-91718,073057
0000001658,0001380833,065437,059593,071325,071321,094917,080061,046659,094696,-95041,049013
0000001659,0001381667,065409,059544,078887,071321,097150,080663,018311,096929,-89017,020666
0000001660,0001382500,065406,059480,085664,071321,098661,082139,-11555,098440,-74262,-09200
0000001661,0001383333,065425,059407,090994,071321,099301,084345,-40020,099080,-52202,-37665
0000001662,0001384167,065466,059333,094369,071321,099008,087065,-64296,098787,-24995,-61941
0000001663,0001385000,065525,059263,095475,071321,097812,090033,-82017,097591,004685,-79662
0000001664,0001385833,065594,059206,094214,071321,095829,092959,-91437,095608,033940,-89082
0000001665,0001386667,065668,059168,090731,071321,093252,095555,-91630,093031,059902,-89275
0000001666,0001387500,065738,059150,085390,071321,090335,097569,-82597,090114,080039,-80242
0000001667,0001388333,065799,059157,078724,071321,087363,098802,-65206,087141,092371,-62851
0000001668,0001389167,065843,059186,071403,071321,084626,099134,-41157,084405,095686,-38802
0000001669,0001390000,065866,059235,064148,071321,082393,098533,-12817,082172,089679,-10462
0000001670,0001390833,065867,059299,057676,071321,080882,097057,017050,080661,074921,019405
0000001671,0001391667,065845,059372,052627,071321,080242,094850,045516,080021,052855,047871
0000001672,0001392500,065801,059447,049493,071320,080533,092130,069801,080312,025655,072156
0000001673,0001393333,065741,059516,048598,071320,081730,089162,087520,081509,-04029,089875
0000001674,0001394167,065669,059573,050041,071320,083714,086237,096934,083493,-33284,099289
0000001675,0001395000,065593,059613,053690,071320,086290,083640,097141,086069,-59254,099496
0000001676,0001395833,065520,059631,059210,071320,089208,081626,088102,088987,-79389,090457
0000001677,0001396667,065457,059625,066071,071320,092180,080394,070702,091959,-91712,073057
0000001678,0001397500,065410,059597,073610,071320,094917,080061,046660,094696,-95039,049015
0000001679,0001398333,065384,059548,081095,071320,097150,080662,018316,096929,-89025,020671
0000001680,0001399167,065381,059484,087793,071320,098660,082139,-11550,098439,-74257,-09196
0000001681,0001400000,065401,059411,093052,071320,099301,084345,-40018,099080,-52200,-37664
0000001682,0001400833,065443,059336,096359,071320,099009,087065,-64298,098788,-24997,-61944
0000001683,0001401667,065502,059267,097393,071320,097811,090033,-82008,097590,004685,-79653
0000001684,0001402500,065572,059210,096070,071320,095828,092959,-91434,095607,033941,-89079
0000001685,0001403333,065647,059171,092526,071320,093252,095556,-91635,093031,059906,-89280
0000001686,0001404167,065718,059153,087122,071320,090335,097568,-82589,090114,080033,-80234
0000001687,0001405000,065779,059160,080400,071320,087362,098802,-65203,087141,092371,-62848
0000001688,0001405833,065824,059189,073022,071320,084626,099134,-41159,084405,095694,-38804
0000001689,0001406667,065848,059237,065715,071320,082393,098532,-12814,082172,089674,-10459
0000001690,0001407500,065849,059301,059191,071320,080882,097057,017052,080661,074921,019407
0000001691,0001408333,065827,059374,054089,071320,080241,094851,045521,080020,052860,047876
0000001692,0001409167,065784,059449,050912,071320,080534,092130,069798,080313,025654,072153
0000001693,0001410000,065725,059518,049969,071320,081730,089162,087522,081509,-04029,089877
0000001694,0001410833,065653,059576,051365,071320,083713,086236,096943,083492,-33286,099298
0000001695,0001411667,065578,059615,054975,071320,086290,083640,097136,086069,-59249,099491
0000001696,0001412500,065505,059633,060451,071320,089208,081626,088103,088987,-79388,090458
0000001697,0001413333,065443,059627,067271,071320,092180,080393,070709,091959,-91719,073064
0000001698,0001414167,065396,059599,074771,071320,094916,080062,046658,094695,-95032,049013
0000001699,0001415000,065370,059550,082218,071320,097150,080663,018317,096929,-89024,020672
0000001700,0001415833,065368,059486,088881,071320,098660,082139,-11550,098439,-74263,-09195
0000001701,0001416667,065389,059413,094103,071319,099300,084345,-40014,099079,-52196,-37659
0000001702,0001417500,065431,059338,097377,071319,099008,087065,-64297,098787,-24996,-61942
0000001703,0001418333,065491,059268,098382,071319,097812,090033,-82014,097591,004685,-79659
0000001704,0001419167,065561,059211,097025,071319,095828,092959,-91426,095607,033938,-89071
0000001705,0001420000,065636,059172,093453,071319,093252,095556,-91633,093031,059906,-89278
0000001706,0001420833,065708,059155,088021,071319,090335,097569,-82595,090114,080040,-80240
0000001707,0001421667,065769,059161,081269,071319,087362,098801,-65197,087141,092364,-62842
0000001708,0001422500,065814,059190,073863,071319,084625,099134,-41157,084404,095693,-38802
0000001709,0001423333,065839,059239,066528,071319,082392,098533,-12814,082171,089681,-10460
0000001710,0001424167,065840,059303,059979,071319,080882,097056,017052,080661,074916,019407
0000001711,0001425000,065818,059376,054852,071319,080241,094851,045522,080020,052860,047877
0000001712,0001425833,065776,059450,051649,071319,080533,092131,069804,080312,025656,072159
0000001713,0001426667,065716,059520,050687,071319,081730,089162,087516,081509,-04028,089871
0000001714,0001427500,065645,059577,052059,071319,083713,086236,096943,083492,-33286,099298
0000001715,0001428333,065570,059616,055646,071319,086290,083640,097144,086069,-59253,099499
0000001716,0001429167,065498,059634,061104,071319,089207,081627,088098,088986,-79381,090452
0000001717,0001430000,065435,059628,067903,071319,092180,080393,070709,091959,-91718,073064
0000001718,0001430833,065389,059600,075382,071319,094917,080061,046663,094696,-95040,049018
0000001719,0001431667,065363,059551,082808,071319,097149,080663,018317,096928,-89017,020672
0000001720,0001432500,065361,059487,089453,071319,098660,082139,-11549,098439,-74262,-09194
0000001721,0001433333,065382,059414,094659,071319,099301,084345,-40016,099080,-52201,-37661
0000001722,0001434167,065425,059339,097913,071319,099008,087065,-64291,098787,-24995,-61936
0000001723,0001435000,065484,059269,098903,071319,097812,090033,-82013,097591,004686,-79658
0000001724,0001435833,065555,059212,097533,071319,095828,092959,-91433,095607,033941,-89078
0000001725,0001436667,065630,059173,093943,071319,093251,095555,-91625,093030,059902,-89270
0000001726,0001437500,065702,059156,088497,071318,090334,097569,-82594,090113,080040,-80239
0000001727,0001438333,065763,059162,081731,071318,087362,098802,-65202,087141,092372,-62847
0000001728,0001439167,065809,059191,074310,071318,084626,099134,-41154,084405,095686,-38799
0000001729,0001440000,065833,059240,066960,071318,082392,098533,-12814,082171,089680,-10459
0000001730,0001440833,065835,059304,060397,071318,080882,097057,017054,080660,074922,019409
0000001731,0001441667,065814,059376,055259,071318,080242,094851,045519,080021,052856,047874
0000001732,0001442500,065771,059451,052042,071318,080533,092131,069804,080312,025656,072159
0000001733,0001443333,065712,059520,051066,071318,081730,089162,087524,081508,-04028,089879
0000001734,0001444167,065641,059578,052431,071318,083714,086237,096937,083493,-33283,099292
0000001735,0001445000,065566,059617,056006,071318,086290,083640,097144,086069,-59253,099499
0000001736,0001445833,065493,059635,061452,071318,089207,081626,088105,088986,-79388,090460
0000001737,0001446667,065431,059629,068241,071318,092180,080394,070705,091959,-91711,073060
0000001738,0001447500,065385,059600,075709,071318,094917,080061,046663,094696,-95039,049018
0000001739,0001448333,065360,059552,083125,071318,097150,080662,018319,096929,-89024,020674
0000001740,0001449167,065358,059488,089757,071318,098660,082139,-11548,098438,-74257,-09193
0000001741,0001450000,065379,059414,094955,071318,099301,084345,-40016,099080,-52200,-37661
0000001742,0001450833,065421,059339,098202,071318,099008,087065,-64296,098787,-24997,-61941
0000001743,0001451667,065481,059270,099181,071318,097811,090033,-82006,097590,004685,-79651
0000001744,0001452500,065552,059213,097804,071318,095828,092959,-91432,095607,033941,-89077
0000001745,0001453333,065627,059174,094208,071318,093252,095556,-91633,093031,059907,-89278
0000001746,0001454167,065699,059156,088753,071318,090334,097568,-82587,090113,080034,-80232
0000001747,0001455000,065761,059162,081980,071318,087362,098802,-65201,087141,092371,-62846
0000001748,0001455833,065806,059191,074551,071318,084625,099134,-41157,084404,095694,-38802
0000001749,0001456667,065831,059240,067194,071318,082393,098532,-12812,082172,089674,-10457
0000001750,0001457500,065833,059304,060622,071318,080882,097057,017054,080661,074921,019409
0000001751,0001458333,065811,059377,055475,071318,080241,094851,045523,080020,052860,047877
0000001752,0001459167,065769,059451,052255,071318,080534,092130,069799,080313,025654,072154
0000001753,0001460000,065709,059521,051271,071318,081730,089162,087523,081509,-04028,089878
0000001754,0001460833,065638,059578,052629,071317,083713,086236,096945,083492,-33286,099300
0000001755,0001461667,065563,059617,056201,071317,086290,083640,097137,086069,-59248,099492
0000001756,0001462500,065491,059635,061640,071317,089207,081626,088105,088986,-79387,090459
0000001757,0001463333,065429,059629,068423,071317,092180,080393,070711,091959,-91719,073066
0000001758,0001464167,065383,059601,075886,071317,094916,080062,046660,094695,-95031,049015
0000001759,0001465000,065358,059552,083296,071317,097150,080663,018319,096928,-89024,020674
0000001760,0001465833,065356,059488,089924,071317,098660,082139,-11548,098439,-74263,-09194
0000001761,0001466667,065377,059415,095113,071317,099300,084345,-40012,099079,-52196,-37657
0000001762,0001467500,065420,059339,098357,071317,099008,087065,-64295,098787,-24997,-61941
0000001763,0001468333,065479,059270,099333,071317,097812,090033,-82013,097591,004685,-79658
0000001764,0001469167,065550,059213,097949,071317,095828,092959,-91425,095607,033938,-89070
0000001765,0001470000,065625,059174,094352,071317,093252,095556,-91632,093031,059906,-89277
0000001766,0001470833,065697,059156,088893,071317,090334,097569,-82594,090113,080041,-80239
0000001767,0001471667,065759,059163,082115,071317,087362,098801,-65196,087141,092364,-62841
0000001768,0001472500,065804,059191,074682,071317,084625,099134,-41156,084404,095693,-38801
0000001769,0001473333,065829,059240,067320,071317,082392,098533,-12814,082171,089681,-10459
0000001770,0001474167,065831,059304,060745,071317,080882,097057,017053,080661,074916,019408
0000001771,0001475000,065810,059377,055593,071317,080241,094851,045522,080020,052860,047877
0000001772,0001475833,065767,059452,052367,071317,080533,092131,069805,080312,025656,072160
0000001773,0001476667,065708,059521,051384,071317,081730,089162,087517,081509,-04027,089872
0000001774,0001477500,065637,059578,052738,071317,083713,086236,096944,083492,-33285,099299
0000001775,0001478333,065562,059617,056305,071317,086290,083640,097145,086069,-59253,099500
0000001776,0001479167,065490,059635,061744,071317,089207,081627,088098,088986,-79381,090453
0000001777,0001480000,065428,059630,068523,071317,092180,080393,070710,091959,-91718,073065
0000001778,0001480833,065382,059601,075983,071317,094917,080061,046664,094696,-95039,049019
0000001779,0001481667,065357,059552,083389,071317,097149,080663,018318,096928,-89017,020673
0000001780,0001482500,065355,059488,090013,071317,098660,082139,-11548,098439,-74263,-09193
0000001781,0001483333,065376,059415,095201,071317,099301,084345,-40015,099080,-52201,-37661
0000001782,0001484167,065419,059340,098439,071317,099008,087065,-64290,098787,-24995,-61935
0000001783,0001485000,065478,059270,099415,071317,097812,090033,-82012,097591,004686,-79657
0000001784,0001485833,065549,059213,098032,071317,095828,092959,-91432,095607,033941,-89078
0000001785,0001486667,065624,059174,094429,071317,093251,095555,-91625,093030,059902,-89270
0000001786,0001487500,065696,059157,088970,071317,090334,097569,-82594,090113,080040,-80239
0000001787,0001488333,065758,059163,082190,071317,087362,098802,-65202,087141,092372,-62847
0000001788,0001489167,065804,059192,074754,071316,084626,099134,-41153,084405,095686,-38798
0000001789,0001490000,065828,059240,067389,071316,082392,098533,-12813,082171,089681,-10458
0000001790,0001490833,065830,059304,060810,071316,080881,097057,017054,080660,074922,019409
0000001791,0001491667,065809,059377,055658,071316,080242,094851,045519,080021,052856,047874
0000001792,0001492500,065767,059452,052429,071316,080533,092131,069805,080312,025656,072159
0000001793,0001493333,065707,059521,051443,071316,081729,089162,087524,081508,-04028,089879
0000001794,0001494167,065637,059578,052799,071316,083714,086237,096937,083493,-33283,099292
0000001795,0001495000,065561,059618,056364,071316,086290,083640,097144,086069,-59252,099499
0000001796,0001495833,065489,059635,061800,071316,089207,081626,088106,088986,-79388,090461
0000001797,0001496667,065427,059630,068579,071316,092180,080394,070705,091959,-91711,073060
0000001798,0001497500,065381,059601,076036,071316,094917,080061,046664,094696,-95039,049019
0000001799,0001498333,065356,059552,083440,071316,097150,080662,018320,096929,-89025,020675
0000001800,0001499167,065354,059488,090061,071316,098659,082139,-11547,098438,-74257,-09192
0000001801,0001500000,065375,059415,095248,071316,099301,084345,-40015,099080,-52200,-37660
0000001802,0001500833,065418,059340,098487,071316,099008,087065,-64296,098787,-24997,-61941
0000001803,0001501667,065478,059270,099458,071316,097811,090033,-82006,097590,004685,-79651
0000001804,0001502500,065549,059213,098076,071316,095828,092959,-91432,095607,033941,-89077
0000001805,0001503333,065624,059174,094474,071316,093252,095556,-91633,093031,059907,-89278
0000001806,0001504167,065696,059157,089012,071316,090334,097568,-82587,090113,080034,-80232
0000001807,0001505000,065758,059163,082231,071316,087362,098802,-65201,087141,092372,-62846
0000001808,0001505833,065803,059192,074794,071316,084625,099134,-41157,084404,095694,-38802
0000001809,0001506667,065828,059240,067427,071316,082393,098532,-12812,082172,089674,-10457
0000001810,0001507500,065830,059304,060847,071316,080882,097057,017054,080660,074921,019409
0000001811,0001508333,065809,059377,055692,071316,080241,094851,045523,080020,052860,047878
0000001812,0001509167,065766,059452,052465,071316,080534,092130,069800,080313,025654,072154
0000001813,0001510000,065707,059521,051476,071316,081730,089162,087523,081508,-04028,089878
0000001814,0001510833,065636,059578,052830,071316,083713,086236,096945,083492,-33285,099300
0000001815,0001511667,065561,059618,056398,071316,086290,083640,097137,086069,-59248,099492
0000001816,0001512500,065489,059635,061832,071316,089207,081626,088105,088986,-79387,090460
0000001817,0001513333,065427,059630,068609,071316,092180,080393,070711,091959,-91719,073066
0000001818,0001514167,065381,059601,076065,071316,094916,080062,046661,094695,-95031,049016
0000001819,0001515000,065356,059552,083468,071316,097150,080663,018319,096928,-89024,020674
0000001820,0001515833,065354,059488,090089,071316,098660,082139,-11548,098439,-74263,-09193
0000001821,0001516667,065375,059415,095272,071316,099300,084345,-40012,099079,-52197,-37657
0000001822,0001517500,065418,059340,098512,071316,099008,087065,-64295,098787,-24997,-61940
0000001823,0001518333,065478,059270,099485,071316,097812,090033,-82013,097591,004685,-79658
0000001824,0001519167,065549,059213,098098,071316,095828,092959,-91425,095607,033938,-89070
0000001825,0001520000,065624,059174,094498,071316,093252,095556,-91632,093031,059906,-89277
0000001826,0001520833,065696,059157,089037,071316,090334,097569,-82594,090113,080041,-80239
0000001827,0001521667,065757,059163,082254,071316,087362,098801,-65196,087141,092365,-62841
0000001828,0001522500,065803,059192,074816,071316,084625,099134,-41156,084404,095694,-38801
0000001829,0001523333,065828,059240,067448,071315,082392,098533,-12813,082171,089681,-10458
0000001830,0001524167,065830,059304,060868,071315,080882,097057,017053,080661,074916,019408
0000001831,0001525000,065808,059377,055711,071315,080241,094851,045523,080020,052860,047878
0000001832,0001525833,065766,059452,052481,071315,080533,092131,069805,080312,025656,072160
0000001833,0001526667,065707,059521,051496,071315,081730,089162,087517,081509,-04027,089872
0000001834,0001527500,065636,059578,052848,071315,083713,086236,096944,083492,-33285,099299
0000001835,0001528333,065561,059618,056414,071315,086290,083640,097145,086069,-59253,099500
0000001836,0001529167,065489,059635,061851,071315,089207,081627,088099,088986,-79381,090453
0000001837,0001530000,065427,059630,068627,071315,092180,080393,070710,091959,-91718,073065
0000001838,0001530833,065381,059601,076082,071315,094917,080061,046664,094696,-95039,049019
0000001839,0001531667,065356,059552,083483,071315,097149,080663,018318,096928,-89017,020673
0000001840,0001532500,065354,059488,090103,071315,098660,082139,-11548,098439,-74263,-09193
0000001841,0001533333,065375,059415,095288,071315,099301,084345,-40015,099080,-52201,-37660
0000001842,0001534167,065418,059340,098523,071315,099008,087065,-64290,098787,-24995,-61935
0000001843,0001535000,065477,059270,099498,071315,097812,090033,-82012,097591,004686,-79657
0000001844,0001535833,065548,059213,098114,071315,095828,092959,-91433,095607,033941,-89078
0000001845,0001536667,065624,059174,094511,071315,093251,095555,-91625,093030,059902,-89270
0000001846,0001537500,065696,059157,089051,071315,090334,097569,-82594,090113,080040,-80239
0000001847,0001538333,065757,059163,082268,071315,087362,098802,-65201,087141,092372,-62847
0000001848,0001539167,065803,059192,074829,071315,084626,099134,-41153,084405,095686,-38798
0000001849,0001540000,065828,059240,067460,071315,082392,098533,-12813,082171,089681,-10458
0000001850,0001540833,065830,059304,060877,071315,080881,097057,017055,080660,074922,019409
0000001851,0001541667,065808,059377,055722,071315,080242,094851,045519,080021,052856,047874
0000001852,0001542500,065766,059452,052492,071315,080533,092131,069805,080312,025656,072160
0000001853,0001543333,065707,059521,051504,071315,081729,089162,087524,081508,-04028,089879
0000001854,0001544167,065636,059578,052860,071315,083714,086237,096937,083493,-33283,099292
0000001855,0001545000,065561,059618,056425,071315,086290,083640,097144,086069,-59252,099499
0000001856,0001545833,065489,059635,061861,071315,089207,081626,088106,088986,-79387,090461
0000001857,0001546667,065427,059630,068638,071315,092180,080394,070705,091959,-91711,073060
0000001858,0001547500,065381,059601,076092,071315,094917,080061,046664,094695,-95039,049019
0000001859,0001548333,065356,059552,083493,071315,097150,080662,018320,096929,-89025,020675
0000001860,0001549167,065354,059488,090110,071315,098659,082139,-11547,098438,-74257,-09192
0000001861,0001550000,065375,059415,095295,071315,099301,084345,-40015,099080,-52200,-37660
0000001862,0001550833,065418,059340,098532,071315,099008,087065,-64296,098787,-24997,-61941
0000001863,0001551667,065477,059270,099504,071315,097811,090033,-82006,097590,004685,-79651
0000001864,0001552500,065548,059213,098121,071315,095828,092959,-91432,095607,033941,-89077
0000001865,0001553333,065623,059174,094520,071315,093252,095556,-91633,093031,059907,-89278
0000001866,0001554167,065695,059157,089058,071315,090334,097568,-82587,090113,080034,-80232
0000001867,0001555000,065757,059163,082276,071315,087362,098802,-65201,087141,092372,-62846
0000001868,0001555833,065803,059192,074836,071315,084625,099134,-41157,084404,095694,-38802
0000001869,0001556667,065828,059240,067467,071315,082393,098532,-12812,082172,089674,-10457
0000001870,0001557500,065830,059304,060883,071315,080881,097057,017055,080660,074921,019410
0000001871,0001558333,065808,059377,055726,071315,080241,094851,045523,080020,052860,047878
0000001872,0001559167,065766,059452,052499,071315,080534,092130,069800,080313,025654,072155
0000001873,0001560000,065706,059521,051510,071315,081730,089162,087523,081508,-04028,089878
0000001874,0001560833,065636,059578,052864,071315,083713,086236,096945,083492,-33285,099300
0000001875,0001561667,065561,059618,056433,071315,086290,083640,097137,086069,-59248,099492
0000001876,0001562500,065489,059635,061867,071315,089207,081626,088105,088986,-79387,090460
0000001877,0001563333,065427,059630,068643,071315,092180,080393,070711,091959,-91719,073066
0000001878,0001564167,065381,059601,076098,071315,094916,080062,046661,094695,-95031,049016
0000001879,0001565000,065356,059552,083498,071315,097150,080663,018320,096928,-89024,020674
0000001880,0001565833,065354,059488,090116,071315,098660,082139,-11548,098439,-74263,-09193
0000001881,0001566667,065375,059415,095297,071315,099300,084345,-40012,099079,-52197,-37657
0000001882,0001567500,065418,059340,098536,071315,099008,087065,-64295,098787,-24997,-61941
0000001883,0001568333,065477,059270,099510,071314,097812,090033,-82013,097591,004685,-79658
0000001884,0001569167,065548,059213,098124,071314,095828,092959,-91425,095607,033939,-89070
0000001885,0001570000,065623,059174,094525,071314,093252,095556,-91632,093031,059907,-89277
0000001886,0001570833,065695,059157,089064,071314,090334,097569,-82594,090113,080041,-80239
0000001887,0001571667,065757,059163,082281,071314,087362,098801,-65196,087141,092365,-62841
0000001888,0001572500,065803,059192,074841,071314,084625,099134,-41156,084404,095694,-38801
0000001889,0001573333,065828,059240,067471,071314,082392,098533,-12813,082171,089681,-10458
0000001890,0001574167,065830,059304,060888,071314,080882,097056,017054,080661,074916,019409
0000001891,0001575000,065808,059377,055729,071314,080241,094851,045523,080020,052860,047878
0000001892,0001575833,065766,059452,052500,071314,080533,092131,069805,080312,025656,072160
0000001893,0001576667,065706,059521,051515,071314,081730,089162,087517,081509,-04028,089872
0000001894,0001577500,065636,059578,052868,071314,083713,086236,096944,083492,-33285,099299
0000001895,0001578333,065561,059618,056435,071314,086290,083640,097145,086069,-59253,099500
0000001896,0001579167,065489,059635,061873,071314,089207,081627,088098,088986,-79381,090453
0000001897,0001580000,065427,059630,068648,071314,092180,080393,070710,091959,-91718,073065
0000001898,0001580833,065381,059601,076101,071314,094917,080061,046664,094696,-95039,049019
0000001899,0001581667,065356,059552,083500,071314,097149,080663,018318,096928,-89017,020673
0000001900,0001582500,065354,059488,090118,071314,098660,082139,-11548,098439,-74263,-09193
0000001901,0001583333,065375,059415,095301,071314,099301,084345,-40015,099080,-52201,-37661
0000001902,0001584167,065418,059340,098536,071314,099008,087065,-64290,098787,-24995,-61936
0000001903,0001585000,065477,059270,099512,071314,097812,090034,-82012,097591,004686,-79658
0000001904,0001585833,065548,059213,098129,071314,095828,092959,-91433,095607,033942,-89078
0000001905,0001586667,065623,059174,094527,071314,093251,095555,-91625,093030,059902,-89270
0000001906,0001587500,065695,059157,089067,071314,090334,097569,-82594,090113,080041,-80239
0000001907,0001588333,065757,059163,082284,071314,087362,098802,-65201,087141,092373,-62846
0000001908,0001589167,065803,059191,074844,071314,084626,099134,-41153,084405,095687,-38798
0000001909,0001590000,065828,059240,067473,071314,082392,098533,-12813,082171,089681,-10458
0000001910,0001590833,065830,059304,060889,071314,080881,097057,017055,080660,074922,019410
0000001911,0001591667,065808,059377,055732,071314,080242,094851,045520,080021,052856,047875
0000001912,0001592500,065766,059452,052501,071314,080533,092130,069805,080312,025655,072160
0000001913,0001593333,065706,059521,051515,071314,081729,089162,087524,081508,-04028,089879
0000001914,0001594167,065636,059578,052872,071314,083714,086237,096937,083493,-33283,099292
0000001915,0001595000,065561,059618,056438,071314,086290,083640,097144,086069,-59252,099499
0000001916,0001595833,065489,059635,061874,071314,089207,081626,088106,088986,-79387,090460
0000001917,0001596667,065427,059629,068651,071314,092180,080394,070705,091959,-91711,073060
0000001918,0001597500,065381,059601,076104,071314,094917,080061,046664,094696,-95039,049019
0000001919,0001598333,065356,059552,083503,071314,097150,080662,018320,096929,-89025,020675
0000001920,0001599167,065354,059488,090119,071314,098659,082139,-11547,098438,-74257,-09192
0000001921,0001600000,065375,059415,095302,071314,099301,084345,-40015,099080,-52200,-37660
0000001922,0001600833,065418,059340,098539,071314,099008,087065,-64296,098787,-24997,-61941
0000001923,0001601667,065477,059270,099511,071314,097811,090033,-82006,097590,004685,-79651
0000001924,0001602500,065548,059213,098130,071314,095828,092959,-91432,095607,033941,-89077
0000001925,0001603333,065623,059174,094531,071314,093252,095556,-91633,093031,059907,-89278
0000001926,0001604167,065695,059157,089069,071314,090334,097568,-82587,090113,080035,-80232
0000001927,0001605000,065757,059163,082287,071314,087362,098802,-65201,087141,092372,-62846
0000001928,0001605833,065803,059191,074846,071314,084625,099134,-41156,084404,095695,-38801
0000001929,0001606667,065828,059240,067475,071314,082393,098532,-12811,082172,089674,-10456
0000001930,0001607500,065830,059304,060890,071314,080881,097057,017055,080660,074921,019410
0000001931,0001608333,065808,059377,055731,071314,080241,094851,045523,080020,052860,047878
0000001932,0001609167,065766,059452,052504,071314,080534,092130,069800,080313,025654,072155
0000001933,0001610000,065706,059521,051516,071314,081730,089162,087523,081509,-04028,089878
0000001934,0001610833,065636,059578,052871,071314,083713,086236,096945,083492,-33286,099300
0000001935,0001611667,065561,059618,056442,071314,086290,083640,097137,086069,-59248,099492
0000001936,0001612500,065489,059635,061877,071314,089207,081626,088105,088986,-79387,090460
0000001937,0001613333,065427,059629,068653,071314,092180,080393,070711,091959,-91719,073066
0000001938,0001614167,065381,059601,076106,071314,094916,080062,046661,094695,-95031,049016
0000001939,0001615000,065356,059552,083504,071314,097150,080663,018319,096928,-89024,020674
0000001940,0001615833,065354,059488,090121,071314,098660,082139,-11548,098439,-74263,-09193
0000001941,0001616667,065375,059415,095301,071314,099300,084345,-40012,099079,-52197,-37657
0000001942,0001617500,065418,059340,098540,071314,099008,087065,-64296,098787,-24997,-61941
0000001943,0001618333,065477,059270,099514,071314,097812,090034,-82013,097591,004686,-79658
0000001944,0001619167,065548,059213,098130,071314,095828,092959,-91425,095607,033939,-89070
0000001945,0001620000,065623,059174,094532,071314,093252,095556,-91632,093031,059907,-89277
0000001946,0001620833,065695,059157,089072,071314,090334,097569,-82594,090113,080041,-80239
0000001947,0001621667,065757,059163,082288,071314,087362,098801,-65196,087141,092365,-62841
0000001948,0001622500,065803,059191,074848,071314,084625,099134,-41156,084404,095694,-38801
0000001949,0001623333,065828,059240,067476,071314,082392,098533,-12813,082171,089681,-10458
0000001950,0001624167,065830,059304,060891,071314,080882,097056,017054,080661,074915,019409
0000001951,0001625000,065808,059377,055732,071314,080241,094851,045523,080020,052859,047878
0000001952,0001625833,065766,059452,052502,071314,080533,092130,069805,080312,025656,072160
0000001953,0001626667,065706,059521,051518,071314,081730,089162,087517,081509,-04028,089872
0000001954,0001627500,065636,059578,052873,071314,083713,086236,096944,083492,-33286,099299
0000001955,0001628333,065561,059618,056442,071314,086290,083640,097145,086069,-59253,099500
0000001956,0001629167,065489,059635,061880,071314,089207,081627,088098,088986,-79381,090453
0000001957,0001630000,065427,059629,068655,071314,092180,080393,070710,091959,-91718,073065
0000001958,0001630833,065381,059601,076107,071314,094917,080061,046664,094696,-95039,049019
0000001959,0001631667,065356,059552,083505,071314,097149,080663,018318,096928,-89017,020673
0000001960,0001632500,065354,059488,090121,071313,098660,082139,-11548,098439,-74263,-09193
0000001961,0001633333,065375,059415,095303,071313,099301,084345,-40016,099080,-52201,-37661
0000001962,0001634167,065418,059340,098538,071313,099008,087065,-64291,098787,-24995,-61936
0000001963,0001635000,065477,059270,099514,071313,097812,090034,-82013,097591,004686,-79658
0000001964,0001635833,065548,059213,098133,071313,095828,092959,-91433,095607,033942,-89078
0000001965,0001636667,065623,059174,094532,071313,093251,095555,-91625,093030,059903,-89270
0000001966,0001637500,065695,059157,089073,071313,090334,097569,-82594,090113,080041,-80239
0000001967,0001638333,065757,059163,082290,071313,087362,098802,-65201,087141,092373,-62846
0000001968,0001639167,065803,059191,074849,071313,084626,099134,-41152,084405,095687,-38797
0000001969,0001640000,065828,059240,067476,071313,082392,098533,-12812,082171,089680,-10457
0000001970,0001640833,065830,059304,060890,071313,080881,097057,017055,080660,074922,019410
0000001971,0001641667,065808,059377,055733,071313,080242,094850,045520,080020,052855,047875
0000001972,0001642500,065766,059452,052502,071313,080533,092130,069805,080312,025655,072160
0000001973,0001643333,065706,059521,051517,071313,081729,089162,087524,081508,-04028,089879
0000001974,0001644167,065636,059578,052875,071313,083714,086237,096937,083493,-33283,099292
0000001975,0001645000,065561,059618,056443,071313,086290,083640,097144,086069,-59252,099499
0000001976,0001645833,065489,059635,061880,071313,089207,081626,088105,088986,-79388,090460
0000001977,0001646667,065427,059629,068657,071313,092180,080394,070705,091959,-91711,073060
0000001978,0001647500,065381,059601,076109,071313,094917,080061,046664,094696,-95039,049019
0000001979,0001648333,065356,059552,083506,071313,097150,080662,018320,096929,-89025,020675
0000001980,0001649167,065354,059488,090120,071313,098660,082139,-11547,098438,-74257,-09192
0000001981,0001650000,065375,059415,095303,071313,099301,084345,-40016,099080,-52200,-37661
0000001982,0001650833,065418,059340,098540,071313,099008,087065,-64296,098787,-24997,-61941
0000001983,0001651667,065477,059270,099512,071313,097811,090034,-82006,097590,004686,-79652
0000001984,0001652500,065548,059213,098133,071313,095828,092959,-91432,095607,033942,-89077
0000001985,0001653333,065623,059174,094535,071313,093252,095556,-91633,093031,059908,-89278
0000001986,0001654167,065695,059157,089074,071313,090334,097568,-82587,090113,080035,-80232
0000001987,0001655000,065757,059163,082292,071313,087362,098802,-65200,087141,092372,-62846
0000001988,0001655833,065803,059191,074850,071313,084625,099134,-41156,084404,095695,-38801
0000001989,0001656667,065828,059240,067478,071313,082393,098532,-12811,082172,089674,-10456
0000001990,0001657500,065830,059304,060891,071313,080881,097057,017056,080660,074921,019410
0000001991,0001658333,065808,059377,055732,071313,080241,094851,045524,080020,052860,047879
0000001992,0001659167,065766,059452,052504,071313,080534,092130,069800,080313,025653,072155
0000001993,0001660000,065706,059521,051517,071313,081730,089162,087523,081509,-04029,089878
0000001994,0001660833,065636,059578,052874,071313,083713,086236,096945,083492,-33286,099300
0000001995,0001661667,065561,059617,056446,071313,086290,083640,097137,086069,-59248,099492
0000001996,0001662500,065489,059635,061882,071313,089207,081626,088105,088986,-79387,090459
0000001997,0001663333,065427,059629,068658,071313,092180,080393,070711,091959,-91719,073066
0000001998,0001664167,065381,059601,076110,071313,094916,080062,046660,094695,-95031,049015
0000001999,0001665000,065356,059552,083507,071313,097150,080663,018319,096928,-89024,020674
0000002000,0001665833,065354,059488,090122,071313,098660,082139,-11548,098439,-74263,-09193
0000002001,0001666667,065375,059415,095301,071313,099300,084345,-40012,099079,-52196,-37657
0000002002,0001667500,065418,059340,098539,071313,099008,087065,-64296,098787,-24996,-61941
0000002003,0001668333,065477,059270,099515,071313,097812,090034,-82014,097591,004686,-79659
0000002004,0001669167,065548,059213,098132,071313,095828,092959,-91425,095607,033939,-89070
0000002005,0001670000,065623,059174,094535,071313,093252,095556,-91632,093031,059907,-89277
0000002006,0001670833,065695,059156,089076,071313,090334,097569,-82594,090113,080042,-80239
0000002007,0001671667,065757,059163,082292,071313,087362,098801,-65195,087141,092365,-62840
0000002008,0001672500,065803,059191,074851,071313,084625,099134,-41155,084404,095694,-38800
0000002009,0001673333,065828,059240,067477,071313,082392,098533,-12812,082171,089681,-10457
0000002010,0001674167,065830,059304,060892,071313,080882,097056,017055,080661,074915,019409
0000002011,0001675000,065808,059377,055732,071313,080241,094851,045524,080020,052859,047878
0000002012,0001675833,065766,059452,052502,071313,080533,092130,069806,080312,025655,072161
0000002013,0001676667,065706,059521,051519,071313,081730,089162,087517,081509,-04028,089872
0000002014,0001677500,065636,059578,052875,071313,083713,086236,096944,083492,-33286,099299
0000002015,0001678333,065561,059617,056445,071313,086290,083640,097145,086069,-59253,099500
0000002016,0001679167,065489,059635,061884,071313,089207,081627,088098,088986,-79381,090453
0000002017,0001680000,065427,059629,068659,071313,092180,080393,070710,091959,-91718,073065
0000002018,0001680833,065381,059601,076111,071313,094917,080061,046664,094696,-95039,049019
0000002019,0001681667,065356,059552,083507,071313,097149,080663,018318,096928,-89017,020673
0000002020,0001682500,065354,059488,090122,071313,098660,082139,-11548,098439,-74263,-09194
0000002021,0001683333,065375,059415,095302,071313,099301,084345,-40016,099080,-52201,-37661
0000002022,0001684167,065418,059340,098537,071313,099008,087065,-64291,098787,-24994,-61936
0000002023,0001685000,065477,059270,099514,071313,097812,090034,-82013,097591,004686,-79658
0000002024,0001685833,065548,059213,098134,071313,095828,092959,-91433,095607,033942,-89078
0000002025,0001686667,065623,059174,094535,071313,093251,095555,-91625,093030,059903,-89271
0000002026,0001687500,065695,059156,089077,071313,090334,097569,-82593,090113,080041,-80239
0000002027,0001688333,065757,059162,082294,071313,087362,098802,-65201,087141,092373,-62846
0000002028,0001689167,065803,059191,074852,071313,084626,099134,-41152,084405,095687,-38797
0000002029,0001690000,065828,059240,067478,071313,082392,098533,-12812,082171,089680,-10457
0000002030,0001690833,065830,059304,060891,071313,080881,097057,017056,080660,074921,019411
0000002031,0001691667,065808,059377,055733,071313,080242,094850,045520,080020,052855,047875
0000002032,0001692500,065766,059452,052502,071313,080533,092130,069805,080312,025655,072160
0000002033,0001693333,065706,059521,051517,071313,081730,089162,087524,081508,-04029,089879
0000002034,0001694167,065636,059578,052877,071313,083714,086237,096937,083493,-33283,099292
0000002035,0001695000,065561,059617,056446,071313,086290,083640,097144,086069,-59253,099499
0000002036,0001695833,065489,059635,061884,071313,089207,081626,088105,088986,-79388,090460
0000002037,0001696667,065427,059629,068661,071313,092180,080394,070705,091959,-91711,073060
0000002038,0001697500,065381,059601,076112,071313,094917,080061,046663,094696,-95039,049018
0000002039,0001698333,065356,059552,083508,071313,097150,080662,018319,096929,-89025,020674
0000002040,0001699167,065354,059488,090121,071313,098660,082139,-11547,098438,-74257,-09193
0000002041,0001700000,065375,059415,095302,071313,099301,084345,-40016,099080,-52200,-37661
0000002042,0001700833,065418,059340,098539,071313,099008,087065,-64297,098787,-24997,-61942
0000002043,0001701667,065477,059270,099512,071313,097811,090034,-82007,097590,004686,-79652
0000002044,0001702500,065548,059213,098134,071313,095828,092959,-91432,095607,033942,-89078
0000002045,0001703333,065623,059174,094537,071313,093252,095556,-91633,093031,059908,-89278
0000002046,0001704167,065695,059156,089077,071313,090334,097568,-82587,090113,080035,-80232
0000002047,0001705000,065757,059162,082295,071313,087362,098802,-65200,087141,092372,-62845
0000002048,0001705833,065803,059191,074853,071313,084625,099134,-41156,084404,095695,-38801
0000002049,0001706667,065828,059240,067479,071313,082393,098532,-12810,082172,089674,-10456
0000002050,0001707500,065830,059304,060891,071313,080881,097057,017056,080660,074920,019411
0000002051,0001708333,065808,059377,055731,071313,080241,094851,045524,080020,052859,047879
0000002052,0001709167,065766,059452,052503,071313,080534,092130,069800,080313,025653,072155
0000002053,0001710000,065706,059521,051517,071313,081730,089162,087524,081509,-04029,089879
0000002054,0001710833,065636,059578,052875,071313,083713,086236,096945,083492,-33286,099300
0000002055,0001711667,065561,059617,056448,071313,086290,083640,097137,086069,-59248,099492
0000002056,0001712500,065489,059635,061885,071313,089207,081626,088104,088986,-79387,090459
0000002057,0001713333,065427,059629,068661,071313,092180,080393,070711,091959,-91719,073065
0000002058,0001714167,065381,059601,076113,071313,094916,080062,046660,094695,-95031,049015
0000002059,0001715000,065356,059552,083508,071313,097150,080663,018319,096929,-89024,020674
0000002060,0001715833,065354,059488,090122,071313,098660,082139,-11549,098439,-74263,-09194
0000002061,0001716667,065375,059415,095300,071313,099300,084345,-40013,099079,-52196,-37658
0000002062,0001717500,065418,059340,098539,071313,099008,087065,-64296,098787,-24996,-61941
0000002063,0001718333,065477,059270,099514,071313,097812,090034,-82014,097591,004686,-79659
0000002064,0001719167,065548,059213,098133,071313,095828,092959,-91426,095607,033940,-89071
0000002065,0001720000,065623,059174,094538,071313,093252,095556,-91632,093030,059908,-89278
0000002066,0001720833,065695,059156,089079,071313,090334,097569,-82594,090113,080042,-80239
0000002067,0001721667,065757,059162,082295,071313,087362,098802,-65195,087141,092366,-62840
0000002068,0001722500,065803,059191,074853,071313,084625,099134,-41155,084404,095694,-38800
0000002069,0001723333,065828,059240,067479,071313,082392,098533,-12812,082171,089681,-10457
0000002070,0001724167,065830,059304,060892,071313,080882,097056,017055,080661,074915,019410
0000002071,0001725000,065808,059377,055731,071313,080241,094851,045524,080020,052859,047879
0000002072,0001725833,065766,059452,052501,071313,080533,092130,069806,080312,025655,072161
0000002073,0001726667,065706,059521,051519,071313,081730,089162,087517,081509,-04029,089872
0000002074,0001727500,065636,059578,052876,071313,083713,086236,096944,083492,-33286,099299
0000002075,0001728333,065561,059617,056448,071313,086290,083640,097145,086069,-59253,099500
0000002076,0001729167,065489,059635,061888,071313,089207,081627,088098,088986,-79381,090453
0000002077,0001730000,065427,059629,068663,071313,092180,080393,070710,091959,-91718,073065
0000002078,0001730833,065381,059601,076114,071313,094917,080061,046664,094696,-95039,049019
0000002079,0001731667,065356,059552,083508,071313,097149,080663,018318,096928,-89017,020673
0000002080,0001732500,065354,059488,090122,071313,098660,082139,-11549,098439,-74262,-09194
0000002081,0001733333,065375,059415,095302,071313,099301,084345,-40016,099080,-52201,-37661
0000002082,0001734167,065418,059340,098537,071313,099008,087066,-64291,098787,-24994,-61936
0000002083,0001735000,065477,059270,099514,071313,097812,090034,-82013,097591,004687,-79658
0000002084,0001735833,065548,059213,098135,071313,095828,092959,-91433,095607,033943,-89079
0000002085,0001736667,065623,059174,094537,071313,093251,095555,-91625,093030,059904,-89271
0000002086,0001737500,065695,059156,089080,071313,090334,097569,-82593,090113,080042,-80238
0000002087,0001738333,065757,059162,082297,071312,087362,098802,-65201,087141,092373,-62846
0000002088,0001739167,065803,059191,074854,071312,084626,099134,-41152,084405,095687,-38797
0000002089,0001740000,065828,059240,067479,071312,082392,098533,-12811,082171,089680,-10456
0000002090,0001740833,065830,059304,060891,071312,080881,097057,017056,080660,074921,019411
0000002091,0001741667,065808,059377,055732,071312,080242,094850,045521,080020,052855,047876
0000002092,0001742500,065766,059452,052501,071312,080533,092130,069806,080312,025654,072161
0000002093,0001743333,065706,059521,051517,071312,081730,089162,087524,081509,-04029,089879
0000002094,0001744167,065636,059578,052878,071312,083714,086237,096937,083493,-33284,099292
0000002095,0001745000,065561,059617,056449,071312,086290,083640,097144,086069,-59253,099499
0000002096,0001745833,065489,059635,061888,071312,089207,081626,088105,088986,-79388,090460
0000002097,0001746667,065427,059629,068664,071312,092180,080394,070705,091959,-91711,073060
0000002098,0001747500,065381,059601,076114,071312,094917,080061,046663,094696,-95038,049018
0000002099,0001748333,065356,059552,083509,071312,097150,080662,018319,096929,-89024,020674
0000002100,0001749167,065354,059488,090121,071312,098660,082139,-11548,098439,-74257,-09193
0000002101,0001750000,065375,059415,095301,071312,099301,084345,-40016,099080,-52200,-37661
0000002102,0001750833,065418,059340,098538,071312,099008,087065,-64297,098787,-24996,-61942
0000002103,0001751667,065477,059270,099512,071312,097811,090034,-82007,097590,004686,-79652
0000002104,0001752500,065548,059213,098135,071312,095828,092959,-91433,095607,033943,-89078
0000002105,0001753333,065623,059174,094539,071312,093252,095556,-91633,093031,059909,-89278
0000002106,0001754167,065695,059156,089080,071312,090334,097569,-82587,090113,080036,-80232
0000002107,0001755000,065757,059162,082298,071312,087362,098802,-65200,087141,092373,-62845
0000002108,0001755833,065803,059191,074855,071312,084625,099134,-41155,084404,095695,-38800
0000002109,0001756667,065828,059240,067480,071312,082393,098532,-12810,082172,089674,-10455
0000002110,0001757500,065830,059304,060891,071312,080881,097057,017056,080660,074920,019411
0000002111,0001758333,065808,059377,055730,071312,080241,094851,045525,080020,052859,047879
0000002112,0001759167,065766,059452,052502,071312,080534,092130,069801,080313,025652,072156
0000002113,0001760000,065707,059521,051517,071312,081730,089162,087524,081509,-04029,089879
0000002114,0001760833,065636,059578,052877,071312,083713,086236,096945,083492,-33287,099300
0000002115,0001761667,065561,059617,056451,071312,086290,083640,097137,086069,-59248,099492
0000002116,0001762500,065489,059635,061889,071312,089207,081626,088104,088986,-79387,090459
0000002117,0001763333,065427,059629,068665,071312,092180,080393,070710,091959,-91719,073065
0000002118,0001764167,065381,059601,076115,071312,094916,080062,046660,094695,-95031,049015
0000002119,0001765000,065356,059552,083510,071312,097150,080663,018319,096929,-89024,020674
0000002120,0001765833,065354,059488,090122,071312,098660,082139,-11549,098439,-74263,-09194
0000002121,0001766667,065375,059415,095300,071312,099300,084345,-40013,099079,-52196,-37658
0000002122,0001767500,065418,059340,098538,071312,099008,087065,-64297,098787,-24996,-61942
0000002123,0001768333,065477,059270,099514,071312,097812,090034,-82014,097591,004687,-79659
0000002124,0001769167,065548,059213,098134,071312,095828,092959,-91426,095607,033940,-89071
0000002125,0001770000,065623,059174,094539,071312,093252,095556,-91633,093030,059908,-89278
0000002126,0001770833,065695,059156,089082,071312,090334,097569,-82594,090113,080042,-80239
0000002127,0001771667,065757,059162,082298,071312,087362,098802,-65195,087141,092366,-62840
0000002128,0001772500,065803,059191,074855,071312,084625,099134,-41155,084404,095694,-38800
0000002129,0001773333,065828,059240,067480,071312,082392,098533,-12811,082171,089681,-10456
0000002130,0001774167,065830,059304,060892,071312,080882,097056,017055,080661,074915,019410
0000002131,0001775000,065808,059377,055730,071312,080241,094851,045524,080020,052858,047879
0000002132,0001775833,065766,059452,052500,071312,080533,092130,069806,080312,025654,072161
0000002133,0001776667,065707,059521,051519,071312,081730,089162,087517,081509,-04029,089872
0000002134,0001777500,065636,059578,052877,071312,083713,086236,096944,083492,-33286,099299
0000002135,0001778333,065561,059617,056450,071312,086290,083640,097145,086069,-59253,099500
0000002136,0001779167,065489,059635,061891,071312,089207,081627,088098,088986,-79381,090453
0000002137,0001780000,065427,059629,068666,071312,092180,080393,070710,091959,-91718,073064
0000002138,0001780833,065381,059601,076116,071312,094917,080061,046664,094696,-95039,049019
0000002139,0001781667,065356,059552,083510,071312,097149,080663,018318,096928,-89017,020672
0000002140,0001782500,065354,059488,090122,071312,098660,082139,-11549,098439,-74262,-09194
0000002141,0001783333,065375,059415,095301,071312,099301,084345,-40017,099080,-52200,-37662
0000002142,0001784167,065418,059340,098536,071312,099008,087066,-64292,098787,-24994,-61937
0000002143,0001785000,065477,059270,099514,071312,097812,090034,-82014,097591,004687,-79659
0000002144,0001785833,065548,059213,098136,071312,095828,092959,-91434,095607,033943,-89079
0000002145,0001786667,065623,059174,094538,071312,093251,095555,-91626,093030,059904,-89271
0000002146,0001787500,065695,059156,089082,071312,090334,097569,-82593,090113,080042,-80238
0000002147,0001788333,065757,059162,082299,071312,087362,098802,-65200,087141,092374,-62846
0000002148,0001789167,065803,059191,074856,071312,084626,099134,-41151,084404,095687,-38796
0000002149,0001790000,065828,059240,067480,071312,082392,098533,-12811,082171,089680,-10456
0000002150,0001790833,065830,059304,060890,071312,080881,097057,017057,080660,074921,019412
0000002151,0001791667,065808,059377,055731,071312,080242,094850,045521,080020,052854,047876
0000002152,0001792500,065766,059452,052500,071312,080533,092130,069806,080312,025654,072161
0000002153,0001793333,065707,059521,051517,071312,081730,089162,087525,081509,-04029,089879
0000002154,0001794167,065636,059578,052879,071312,083714,086237,096937,083493,-33284,099292
0000002155,0001795000,065561,059617,056451,071312,086290,083640,097144,086069,-59253,099499
0000002156,0001795833,065489,059635,061890,071312,089207,081626,088105,088986,-79388,090460
0000002157,0001796667,065427,059629,068667,071312,092180,080394,070704,091959,-91711,073059
0000002158,0001797500,065381,059601,076117,071312,094917,080061,046663,094696,-95038,049018
0000002159,0001798333,065356,059552,083511,071312,097150,080662,018319,096929,-89024,020674
0000002160,0001799167,065354,059488,090121,071312,098660,082139,-11548,098439,-74257,-09193
0000002161,0001800000,065375,059415,095301,071312,099301,084345,-40016,099080,-52200,-37661
0000002162,0001800833,065418,059340,098537,071312,099008,087065,-64297,098787,-24996,-61942
0000002163,0001801667,065477,059270,099512,071312,097811,090034,-82007,097590,004687,-79652
0000002164,0001802500,065548,059213,098136,071312,095828,092959,-91433,095607,033943,-89078
0000002165,0001803333,065624,059174,094541,071312,093252,095556,-91633,093030,059909,-89279
0000002166,0001804167,065695,059156,089082,071312,090334,097569,-82587,090113,080036,-80232
0000002167,0001805000,065757,059162,082300,071312,087362,098802,-65200,087141,092373,-62845
0000002168,0001805833,065803,059191,074857,071312,084625,099134,-41155,084404,095695,-38800
0000002169,0001806667,065828,059240,067481,071312,082393,098532,-12810,082172,089673,-10455
0000002170,0001807500,065830,059304,060890,071312,080881,097057,017057,080660,074920,019412
0000002171,0001808333,065808,059377,055729,071312,080241,094851,045525,080020,052859,047880
0000002172,0001809167,065766,059452,052502,071312,080534,092130,069801,080313,025652,072156
0000002173,0001810000,065707,059521,051517,071312,081730,089162,087524,081509,-04030,089879
0000002174,0001810833,065636,059578,052877,071312,083713,086236,096945,083492,-33287,099300
0000002175,0001811667,065561,059617,056453,071312,086290,083640,097137,086069,-59249,099492
0000002176,0001812500,065489,059635,061891,071312,089207,081626,088104,088986,-79387,090459
0000002177,0001813333,065427,059629,068667,071312,092180,080393,070710,091959,-91719,073065
0000002178,0001814167,065381,059600,076117,071312,094916,080062,046660,094695,-95031,049015
0000002179,0001815000,065356,059552,083511,071312,097150,080663,018319,096929,-89024,020673
0000002180,0001815833,065354,059488,090122,071312,098660,082139,-11549,098439,-74263,-09194
0000002181,0001816667,065375,059415,095299,071312,099300,084345,-40013,099079,-52196,-37658
0000002182,0001817500,065418,059340,098537,071312,099008,087065,-64297,098787,-24996,-61942
0000002183,0001818333,065477,059270,099514,071312,097812,090034,-82014,097591,004687,-79659
0000002184,0001819167,065548,059213,098134,071312,095828,092959,-91426,095607,033941,-89071
0000002185,0001820000,065624,059174,094541,071312,093251,095556,-91633,093030,059909,-89278
0000002186,0001820833,065696,059156,089084,071312,090334,097569,-82594,090113,080043,-80239
0000002187,0001821667,065757,059162,082300,071312,087362,098802,-65195,087141,092366,-62840
0000002188,0001822500,065803,059191,074857,071312,084625,099134,-41154,084404,095694,-38799
0000002189,0001823333,065828,059240,067480,071312,082392,098533,-12811,082171,089681,-10456
0000002190,0001824167,065830,059304,060892,071312,080882,097056,017056,080661,074914,019411
0000002191,0001825000,065809,059377,055729,071312,080241,094851,045525,080020,052858,047880
0000002192,0001825833,065766,059452,052499,071312,080533,092130,069806,080312,025654,072161
0000002193,0001826667,065707,059521,051519,071312,081730,089162,087518,081509,-04029,089872
0000002194,0001827500,065636,059578,052878,071312,083713,086236,096944,083492,-33287,099299
0000002195,0001828333,065561,059617,056452,071312,086290,083640,097145,086069,-59254,099500
0000002196,0001829167,065489,059635,061893,071312,089207,081627,088098,088986,-79381,090453
0000002197,0001830000,065427,059629,068668,071312,092180,080393,070709,091959,-91718,073064
0000002198,0001830833,065381,059600,076118,071312,094917,080061,046663,094696,-95039,049018
0000002199,0001831667,065356,059552,083511,071312,097149,080663,018317,096928,-89017,020672
0000002200,0001832500,065354,059488,090122,071312,098660,082139,-11549,098439,-74262,-09194
0000002201,0001833333,065375,059414,095300,071312,099301,084345,-40017,099080,-52200,-37662
0000002202,0001834167,065418,059340,098535,071312,099008,087066,-64292,098787,-24994,-61937
0000002203,0001835000,065477,059270,099513,071312,097812,090034,-82014,097591,004687,-79659
0000002204,0001835833,065548,059213,098136,071312,095828,092959,-91434,095607,033943,-89079
0000002205,0001836667,065624,059174,094540,071312,093251,095555,-91626,093030,059904,-89271
0000002206,0001837500,065696,059156,089084,071312,090334,097569,-82593,090113,080042,-80238
0000002207,0001838333,065757,059162,082302,071312,087362,098802,-65200,087141,092374,-62845
0000002208,0001839167,065803,059191,074858,071312,084625,099134,-41151,084404,095687,-38796
0000002209,0001840000,065828,059240,067481,071312,082392,098533,-12810,082171,089680,-10456
0000002210,0001840833,065830,059304,060890,071312,080881,097057,017057,080660,074920,019412
0000002211,0001841667,065809,059377,055730,071312,080242,094850,045522,080020,052854,047876
0000002212,0001842500,065766,059452,052499,071312,080533,092130,069806,080312,025654,072161
0000002213,0001843333,065707,059521,051516,071312,081730,089162,087525,081509,-04030,089880
0000002214,0001844167,065636,059578,052880,071312,083714,086237,096937,083493,-33284,099292
0000002215,0001845000,065561,059617,056453,071312,086290,083640,097144,086069,-59253,099499
0000002216,0001845833,065489,059635,061893,071312,089207,081626,088105,088986,-79388,090460
0000002217,0001846667,065427,059629,068670,071312,092180,080394,070704,091959,-91711,073059
0000002218,0001847500,065381,059600,076119,071312,094917,080061,046663,094696,-95038,049018
0000002219,0001848333,065356,059552,083512,071312,097150,080663,018319,096929,-89024,020674
0000002220,0001849167,065354,059488,090121,071312,098660,082139,-11548,098439,-74257,-09193
0000002221,0001850000,065375,059414,095300,071312,099301,084345,-40017,099080,-52200,-37662
0000002222,0001850833,065418,059340,098536,071312,099008,087065,-64297,098787,-24996,-61943
0000002223,0001851667,065478,059270,099511,071312,097811,090034,-82007,097590,004687,-79653
0000002224,0001852500,065548,059213,098136,071312,095828,092959,-91433,095607,033943,-89078
0000002225,0001853333,065624,059174,094542,071312,093252,095556,-91634,093030,059909,-89279
0000002226,0001854167,065696,059156,089084,071312,090334,097569,-82587,090113,080036,-80232
0000002227,0001855000,065757,059162,082302,071312,087362,098802,-65200,087141,092373,-62845
0000002228,0001855833,065803,059191,074858,071312,084625,099134,-41155,084404,095695,-38800
0000002229,0001856667,065828,059240,067482,071312,082393,098532,-12809,082172,089673,-10454
0000002230,0001857500,065830,059304,060890,071312,080881,097057,017057,080660,074920,019412
0000002231,0001858333,065809,059377,055728,071312,080241,094851,045525,080020,052858,047880
0000002232,0001859167,065766,059452,052501,071312,080534,092130,069801,080313,025652,072156
0000002233,0001860000,065707,059521,051517,071312,081730,089162,087524,081509,-04030,089879
0000002234,0001860833,065636,059578,052878,071312,083713,086236,096945,083492,-33287,099300
0000002235,0001861667,065561,059617,056455,071312,086290,083640,097137,086069,-59249,099492
0000002236,0001862500,065489,059635,061894,071312,089207,081626,088104,088986,-79387,090459
0000002237,0001863333,065427,059629,068670,071312,092180,080393,070710,091959,-91719,073065
0000002238,0001864167,065381,059600,076119,071312,094916,080062,046660,094695,-95031,049014
0000002239,0001865000,065356,059552,083512,071312,097150,080663,018318,096929,-89023,020673
0000002240,0001865833,065354,059488,090122,071312,098660,082139,-11549,098439,-74263,-09194
0000002241,0001866667,065375,059414,095298,071312,099300,084345,-40013,099079,-52196,-37658
0000002242,0001867500,065418,059339,098536,071312,099008,087065,-64297,098787,-24995,-61942
0000002243,0001868333,065478,059270,099513,071312,097812,090034,-82015,097591,004687,-79660
0000002244,0001869167,065548,059213,098134,071312,095828,092959,-91426,095607,033941,-89071
0000002245,0001870000,065624,059174,094542,071312,093251,095556,-91633,093030,059909,-89278
0000002246,0001870833,065696,059156,089086,071312,090334,097569,-82594,090113,080043,-80239
0000002247,0001871667,065757,059162,082302,071312,087362,098802,-65194,087141,092366,-62840
0000002248,0001872500,065803,059191,074859,071312,084625,099134,-41154,084404,095694,-38799
0000002249,0001873333,065828,059240,067481,071312,082392,098533,-12811,082171,089681,-10456
0000002250,0001874167,065830,059304,060891,071312,080882,097056,017056,080661,074914,019411
0000002251,0001875000,065809,059377,055728,071312,080241,094851,045525,080020,052858,047880
0000002252,0001875833,065766,059452,052498,071312,080533,092130,069807,080312,025654,072162
0000002253,0001876667,065707,059521,051518,071312,081730,089162,087518,081509,-04030,089872
0000002254,0001877500,065636,059578,052879,071312,083713,086236,096944,083492,-33287,099299
0000002255,0001878333,065561,059617,056453,071312,086290,083640,097145,086069,-59254,099499
0000002256,0001879167,065489,059635,061896,071312,089207,081627,088097,088986,-79381,090452
0000002257,0001880000,065427,059629,068671,071312,092180,080393,070709,091959,-91718,073064
0000002258,0001880833,065381,059600,076120,071312,094917,080061,046663,094696,-95039,049018
0000002259,0001881667,065356,059552,083512,071312,097149,080663,018317,096928,-89017,020672
0000002260,0001882500,065354,059488,090122,071312,098660,082139,-11549,098439,-74262,-09194
0000002261,0001883333,065375,059414,095299,071312,099301,084345,-40017,099080,-52200,-37662
0000002262,0001884167,065418,059339,098534,071312,099008,087066,-64292,098787,-24994,-61937
0000002263,0001885000,065478,059270,099513,071312,097812,090034,-82014,097591,004687,-79659
0000002264,0001885833,065548,059213,098136,071312,095828,092959,-91434,095607,033944,-89079
0000002265,0001886667,065624,059174,094541,071312,093251,095555,-91626,093030,059904,-89271
0000002266,0001887500,065696,059156,089086,071312,090334,097569,-82593,090113,080042,-80238
0000002267,0001888333,065757,059162,082304,071312,087362,098802,-65200,087141,092374,-62845
0000002268,0001889167,065803,059191,074859,071312,084625,099134,-41151,084404,095687,-38796
0000002269,0001890000,065828,059240,067481,071312,082392,098533,-12810,082171,089680,-10455
0000002270,0001890833,065830,059304,060890,071312,080881,097057,017057,080660,074920,019412
0000002271,0001891667,065809,059377,055730,071312,080242,094850,045522,080020,052854,047877
0000002272,0001892500,065766,059452,052498,071312,080533,092130,069806,080312,025653,072161
0000002273,0001893333,065707,059521,051516,071312,081730,089162,087525,081509,-04030,089880
0000002274,0001894167,065636,059578,052880,071312,083714,086236,096937,083493,-33284,099292
0000002275,0001895000,065561,059617,056454,071312,086290,083640,097144,086069,-59253,099499
0000002276,0001895833,065489,059635,061895,071312,089207,081626,088105,088986,-79388,090459
0000002277,0001896667,065427,059629,068672,071312,092180,080394,070704,091959,-91711,073059
0000002278,0001897500,065381,059600,076121,071312,094917,080061,046663,094696,-95038,049018
0000002279,0001898333,065356,059552,083513,071312,097150,080663,018319,096929,-89024,020674
0000002280,0001899167,065354,059488,090121,071312,098660,082139,-11548,098439,-74257,-09193
0000002281,0001900000,065375,059414,095299,071312,099301,084345,-40017,099080,-52200,-37662
0000002282,0001900833,065418,059339,098535,071312,099008,087065,-64298,098787,-24996,-61943
0000002283,0001901667,065478,059270,099511,071312,097811,090034,-82008,097590,004687,-79653
0000002284,0001902500,065548,059213,098136,071312,095828,092959,-91433,095607,033943,-89078
0000002285,0001903333,065624,059174,094543,071312,093251,095556,-91634,093030,059909,-89279
0000002286,0001904167,065696,059156,089086,071312,090334,097569,-82587,090113,080036,-80232
0000002287,0001905000,065757,059162,082304,071312,087362,098802,-65199,087141,092373,-62845
0000002288,0001905833,065803,059191,074860,071312,084625,099134,-41154,084404,095695,-38799
0000002289,0001906667,065828,059240,067482,071312,082393,098532,-12809,082172,089673,-10454
0000002290,0001907500,065830,059304,060890,071312,080881,097057,017057,080660,074920,019412
0000002291,0001908333,065809,059377,055728,071312,080241,094851,045525,080020,052858,047880
0000002292,0001909167,065766,059452,052500,071312,080534,092130,069801,080313,025651,072156
0000002293,0001910000,065707,059521,051516,071312,081730,089162,087524,081509,-04030,089879
0000002294,0001910833,065636,059578,052879,071312,083713,086236,096945,083492,-33287,099300
0000002295,0001911667,065561,059617,056456,071312,086290,083640,097137,086069,-59249,099491
0000002296,0001912500,065489,059635,061896,071312,089207,081626,088104,088986,-79387,090459
0000002297,0001913333,065427,059629,068672,071312,092180,080393,070710,091959,-91719,073065
0000002298,0001914167,065381,059600,076121,071312,094916,080062,046660,094695,-95031,049014
0000002299,0001915000,065356,059552,083513,071312,097150,080663,018318,096929,-89023,020673
0000002300,0001915833,065354,059488,090122,071312,098660,082139,-11549,098439,-74263,-09194
0000002301,0001916667,065375,059414,095297,071312,099300,084345,-40013,099079,-52196,-37659
0000002302,0001917500,065418,059339,098535,071312,099008,087065,-64297,098787,-24995,-61942
0000002303,0001918333,065478,059270,099512,071312,097812,090034,-82015,097591,004687,-79660
0000002304,0001919167,065548,059213,098135,071312,095828,092959,-91426,095607,033941,-89071
0000002305,0001920000,065624,059174,094543,071312,093251,095556,-91633,093030,059909,-89278
0000002306,0001920833,065696,059156,089087,071312,090334,097569,-82594,090113,080043,-80239
0000002307,0001921667,065757,059162,082304,071312,087362,098802,-65194,087141,092366,-62840
0000002308,0001922500,065803,059191,074860,071312,084625,099134,-41154,084404,095694,-38799
0000002309,0001923333,065828,059240,067482,071312,082392,098533,-12810,082171,089681,-10455
0000002310,0001924167,065830,059304,060891,071312,080882,097056,017056,080661,074914,019411
0000002311,0001925000,065809,059377,055728,071312,080241,094851,045525,080020,052857,047880
0000002312,0001925833,065766,059452,052498,071312,080533,092130,069807,080312,025654,072162
0000002313,0001926667,065707,059521,051518,071312,081730,089162,087518,081509,-04030,089873
0000002314,0001927500,065636,059578,052879,071312,083713,086236,096944,083492,-33287,099299
0000002315,0001928333,065561,059617,056455,071312,086290,083640,097144,086069,-59254,099499
0000002316,0001929167,065489,059635,061897,071312,089207,081627,088097,088986,-79381,090452
0000002317,0001930000,065427,059629,068673,071312,092180,080393,070709,091959,-91718,073064
0000002318,0001930833,065381,059600,076121,071312,094917,080061,046663,094696,-95039,049018
0000002319,0001931667,065356,059552,083512,071312,097149,080663,018317,096928,-89017,020672
0000002320,0001932500,065354,059488,090122,071312,098660,082139,-11549,098439,-74262,-09194
0000002321,0001933333,065375,059414,095299,071312,099301,084345,-40017,099080,-52200,-37662
0000002322,0001934167,065418,059339,098533,071312,099008,087066,-64292,098787,-24994,-61937
0000002323,0001935000,065478,059270,099512,071312,097812,090034,-82014,097591,004687,-79659
0000002324,0001935833,065548,059213,098136,071312,095828,092959,-91434,095607,033944,-89079
0000002325,0001936667,065624,059174,094542,071312,093251,095555,-91626,093030,059905,-89271
0000002326,0001937500,065696,059156,089088,071312,090334,097569,-82593,090113,080043,-80238
0000002327,0001938333,065757,059162,082305,071312,087362,098802,-65200,087141,092374,-62845
0000002328,0001939167,065803,059191,074861,071312,084625,099134,-41151,084404,095687,-38796
0000002329,0001940000,065828,059240,067482,071312,082392,098533,-12810,082171,089680,-10455
0000002330,0001940833,065830,059304,060890,071312,080881,097057,017057,080660,074920,019412
0000002331,0001941667,065809,059377,055729,071312,080242,094850,045522,080020,052854,047877
0000002332,0001942500,065766,059452,052497,071312,080533,092130,069806,080312,025653,072161
0000002333,0001943333,065707,059521,051516,071312,081730,089162,087525,081509,-04030,089880
0000002334,0001944167,065636,059578,052881,071312,083714,086236,096937,083493,-33284,099292
0000002335,0001945000,065561,059617,056455,071312,086290,083640,097144,086069,-59253,099498
0000002336,0001945833,065489,059635,061897,071312,089207,081626,088105,088986,-79388,090459
0000002337,0001946667,065427,059629,068674,071312,092180,080394,070704,091959,-91711,073059
0000002338,0001947500,065381,059600,076122,071312,094917,080061,046663,094696,-95038,049018
0000002339,0001948333,065356,059552,083513,071312,097150,080663,018319,096929,-89024,020674
0000002340,0001949167,065354,059488,090121,071312,098660,082139,-11548,098439,-74257,-09193
0000002341,0001950000,065375,059414,095298,071312,099301,084345,-40017,099080,-52200,-37662
0000002342,0001950833,065418,059339,098534,071312,099008,087065,-64298,098787,-24996,-61943
0000002343,0001951667,065478,059270,099510,071312,097811,090034,-82008,097590,004687,-79653
0000002344,0001952500,065548,059213,098136,071312,095828,092959,-91433,095607,033944,-89078
0000002345,0001953333,065624,059174,094544,071312,093251,095556,-91634,093030,059909,-89279
0000002346,0001954167,065696,059156,089087,071312,090334,097569,-82587,090113,080037,-80232
0000002347,0001955000,065757,059162,082306,071312,087362,098802,-65199,087141,092373,-62845
0000002348,0001955833,065803,059191,074861,071312,084625,099134,-41154,084404,095695,-38799
0000002349,0001956667,065828,059240,067483,071312,082393,098532,-12809,082172,089673,-10454
0000002350,0001957500,065830,059304,060890,071312,080881,097057,017057,080660,074919,019412
0000002351,0001958333,065809,059377,055727,071312,080241,094851,045525,080020,052858,047880
0000002352,0001959167,065766,059452,052499,071312,080534,092130,069801,080313,025651,072156
0000002353,0001960000,065707,059521,051516,071312,081730,089162,087524,081509,-04030,089879
0000002354,0001960833,065636,059578,052879,071312,083713,086236,096945,083492,-33287,099299
0000002355,0001961667,065561,059617,056457,071312,086290,083640,097137,086069,-59249,099491
0000002356,0001962500,065489,059635,061897,071312,089207,081626,088104,088986,-79387,090459
0000002357,0001963333,065427,059629,068674,071312,092180,080393,070710,091959,-91719,073065
0000002358,0001964167,065381,059600,076122,071312,094916,080062,046660,094695,-95031,049014
0000002359,0001965000,065356,059552,083513,071312,097150,080663,018318,096929,-89023,020673
0000002360,0001965833,065354,059488,090122,071312,098660,082139,-11549,098439,-74263,-09194
0000002361,0001966667,065375,059414,095296,071312,099300,084345,-40013,099079,-52196,-37659
0000002362,0001967500,065418,059339,098534,071312,099008,087065,-64297,098787,-24995,-61942
0000002363,0001968333,065478,059270,099512,071312,097812,090034,-82015,097591,004687,-79660
0000002364,0001969167,065548,059213,098135,071312,095828,092959,-91426,095607,033941,-89071
0000002365,0001970000,065624,059174,094544,071312,093251,095556,-91633,093030,059909,-89278
0000002366,0001970833,065696,059156,089089,071312,090334,097569,-82594,090113,080043,-80239
0000002367,0001971667,065757,059162,082306,071312,087362,098802,-65194,087141,092366,-62840
0000002368,0001972500,065803,059191,074861,071312,084625,099134,-41154,084404,095694,-38799
0000002369,0001973333,065828,059240,067482,071312,082392,098533,-12810,082171,089681,-10455
0000002370,0001974167,065830,059304,060891,071312,080882,097056,017056,080661,074914,019411
0000002371,0001975000,065809,059377,055727,071312,080241,094851,045525,080020,052857,047880
0000002372,0001975833,065766,059452,052497,071312,080533,092130,069807,080312,025654,072162
0000002373,0001976667,065707,059521,051517,071312,081730,089162,087518,081509,-04030,089872
0000002374,0001977500,065636,059578,052879,071312,083713,086236,096944,083492,-33287,099299
0000002375,0001978333,065561,059617,056456,071312,086290,083640,097144,086069,-59254,099499
0000002376,0001979167,065489,059635,061899,071312,089207,081627,088097,088986,-79381,090452
0000002377,0001980000,065427,059629,068674,071312,092180,080393,070709,091959,-91718,073064
0000002378,0001980833,065381,059600,076123,071312,094917,080061,046663,094696,-95039,049018
0000002379,0001981667,065356,059552,083513,071312,097149,080663,018317,096928,-89017,020672
0000002380,0001982500,065354,059487,090121,071312,098660,082139,-11549,098439,-74262,-09194
0000002381,0001983333,065375,059414,095298,071312,099301,084345,-40017,099080,-52200,-37662
0000002382,0001984167,065418,059339,098532,071312,099008,087066,-64292,098787,-24994,-61937
0000002383,0001985000,065478,059270,099512,071312,097812,090034,-82014,097591,004687,-79659
0000002384,0001985833,065548,059213,098137,071312,095828,092959,-91434,095607,033944,-89079
0000002385,0001986667,065624,059174,094543,071312,093251,095555,-91626,093030,059905,-89271
0000002386,0001987500,065696,059156,089089,071312,090334,097569,-82593,090113,080043,-80238
0000002387,0001988333,065757,059162,082307,071312,087362,098802,-65200,087141,092374,-62845
0000002388,0001989167,065803,059191,074862,071312,084625,099134,-41151,084404,095687,-38796
0000002389,0001990000,065828,059240,067483,071312,082392,098533,-12810,082171,089680,-10455
0000002390,0001990833,065830,059304,060890,071312,080881,097057,017057,080660,074920,019412
0000002391,0001991667,065809,059377,055728,071312,080242,094850,045522,080021,052854,047877
0000002392,0001992500,065766,059452,052497,071312,080533,092130,069806,080312,025653,072161
0000002393,0001993333,065707,059521,051515,071312,081730,089162,087525,081509,-04030,089879
0000002394,0001994167,065636,059578,052881,071312,083714,086237,096937,083493,-33284,099292
0000002395,0001995000,065561,059617,056456,071312,086290,083640,097143,086069,-59253,099498
0000002396,0001995833,065489,059635,061898,071312,089207,081626,088105,088986,-79388,090459
0000002397,0001996667,065427,059629,068675,071312,092180,080394,070704,091959,-91711,073059
0000002398,0001997500,065381,059600,076123,071312,094917,080061,046663,094696,-95038,049018
0000002399,0001998333,065356,059552,083514,071312,097150,080663,018319,096929,-89024,020674
0000002400,0001999167,065354,059487,090120,071312,098660,082139,-11548,098439,-74257,-09193
0000002401,0002000000,065375,059414,095297,071312,099301,084345,-40017,099080,-52200,-37662
0000002402,0002000833,065418,059339,098533,071312,099008,087065,-64298,098787,-24996,-61943
0000002403,0002001667,065478,059270,099510,071312,097811,090034,-82008,097590,004687,-79653
0000002404,0002002500,065548,059213,098136,071312,095828,092959,-91433,095607,033943,-89078
0000002405,0002003333,065624,059174,094545,071312,093251,095556,-91634,093030,059909,-89279
0000002406,0002004167,065696,059156,089089,071312,090334,097569,-82587,090113,080037,-80232
0000002407,0002005000,065757,059162,082307,071312,087362,098802,-65199,087141,092373,-62845
0000002408,0002005833,065803,059191,074862,071312,084625,099134,-41154,084404,095695,-38799
0000002409,0002006667,065828,059240,067483,071312,082393,098532,-12809,082172,089673,-10454
0000002410,0002007500,065830,059304,060890,071312,080881,097057,017057,080660,074919,019412
0000002411,0002008333,065809,059377,055726,071312,080241,094851,045525,080020,052858,047880
0000002412,0002009167,065766,059452,052498,071312,080534,092130,069801,080313,025651,072156
0000002413,0002010000,065707,059521,051515,071312,081730,089162,087524,081509,-04030,089879
0000002414,0002010833,065636,059578,052879,071312,083713,086236,096944,083492,-33287,099299
0000002415,0002011667,065561,059617,056458,071312,086290,083640,097136,086069,-59249,099491
0000002416,0002012500,065489,059635,061899,071312,089207,081626,088104,088986,-79387,090459
0000002417,0002013333,065427,059629,068675,071312,092180,080393,070710,091959,-91719,073065
0000002418,0002014167,065381,059600,076123,071312,094916,080062,046660,094695,-95031,049015
0000002419,0002015000,065356,059552,083514,071312,097150,080663,018319,096929,-89023,020673
0000002420,0002015833,065354,059487,090121,071311,098660,082139,-11549,098439,-74263,-09194
0000002421,0002016667,065375,059414,095296,071311,099300,084345,-40013,099079,-52196,-37658
0000002422,0002017500,065418,059339,098533,071311,099008,087065,-64297,098787,-24996,-61942
0000002423,0002018333,065478,059270,099511,071311,097812,090034,-82015,097591,004687,-79660
0000002424,0002019167,065548,059213,098135,071311,095828,092959,-91426,095607,033941,-89071
0000002425,0002020000,065624,059174,094545,071311,093251,095556,-91633,093030,059909,-89278
0000002426,0002020833,065696,059156,089090,071311,090334,097569,-82594,090113,080043,-80239
0000002427,0002021667,065757,059162,082307,071311,087362,098802,-65194,087141,092366,-62840
0000002428,0002022500,065803,059191,074863,071311,084625,099134,-41154,084404,095694,-38799
0000002429,0002023333,065828,059240,067483,071311,082392,098533,-12810,082171,089681,-10455
0000002430,0002024167,065830,059304,060891,071311,080882,097056,017056,080661,074914,019411
0000002431,0002025000,065809,059377,055726,071311,080241,094851,045525,080020,052857,047880
0000002432,0002025833,065766,059452,052496,071311,080533,092130,069807,080312,025654,072162
0000002433,0002026667,065707,059521,051517,071311,081730,089162,087517,081509,-04030,089872
0000002434,0002027500,065636,059578,052879,071311,083713,086236,096944,083492,-33287,099299
0000002435,0002028333,065561,059617,056456,071311,086290,083640,097144,086069,-59254,099499
0000002436,0002029167,065489,059635,061900,071311,089207,081627,088097,088986,-79381,090452
0000002437,0002030000,065427,059629,068676,071311,092180,080393,070709,091959,-91718,073064
0000002438,0002030833,065381,059600,076124,071311,094917,080061,046663,094696,-95039,049018
0000002439,0002031667,065356,059552,083513,071311,097149,080663,018317,096928,-89017,020672
0000002440,0002032500,065354,059487,090121,071311,098660,082139,-11549,098439,-74262,-09194
0000002441,0002033333,065375,059414,095297,071311,099301,084345,-40017,099080,-52200,-37662
0000002442,0002034167,065418,059339,098531,071311,099008,087066,-64292,098787,-24994,-61937
0000002443,0002035000,065478,059270,099511,071311,097812,090034,-82014,097591,004687,-79659
0000002444,0002035833,065548,059213,098137,071311,095828,092959,-91434,095607,033944,-89079
0000002445,0002036667,065624,059174,094544,071311,093251,095555,-91626,093030,059905,-89271
0000002446,0002037500,065696,059156,089091,071311,090334,097569,-82593,090113,080043,-80238
0000002447,0002038333,065757,059162,082308,071311,087362,098802,-65200,087141,092374,-62845
0000002448,0002039167,065803,059191,074863,071311,084625,099134,-41151,084404,095687,-38796
0000002449,0002040000,065828,059240,067483,071311,082392,098533,-12810,082171,089680,-10455
0000002450,0002040833,065830,059304,060889,071311,080881,097057,017057,080660,074920,019412
0000002451,0002041667,065809,059377,055727,071311,080242,094850,045522,080021,052854,047877
0000002452,0002042500,065766,059452,052496,071311,080533,092130,069806,080312,025653,072161
0000002453,0002043333,065707,059521,051514,071311,081730,089162,087524,081509,-04030,089879
0000002454,0002044167,065636,059578,052881,071311,083714,086237,096937,083493,-33284,099291
0000002455,0002045000,065561,059617,056457,071311,086290,083640,097143,086069,-59253,099498
0000002456,0002045833,065489,059635,061899,071311,089207,081626,088105,088986,-79388,090459
0000002457,0002046667,065427,059629,068677,071311,092180,080394,070704,091959,-91711,073059
0000002458,0002047500,065381,059600,076124,071311,094917,080061,046663,094696,-95038,049018
0000002459,0002048333,065356,059552,083514,071311,097150,080662,018319,096929,-89024,020674
0000002460,0002049167,065354,059487,090120,071311,098660,082139,-11548,098439,-74257,-09193
0000002461,0002050000,065375,059414,095297,071311,099301,084345,-40016,099080,-52200,-37662
0000002462,0002050833,065418,059339,098532,071311,099008,087065,-64297,098787,-24996,-61943
0000002463,0002051667,065478,059270,099509,071311,097811,090034,-82008,097590,004687,-79653
0000002464,0002052500,065548,059213,098137,071311,095828,092959,-91433,095607,033943,-89078
0000002465,0002053333,065624,059174,094546,071311,093252,095556,-91634,093030,059909,-89279
0000002466,0002054167,065696,059156,089090,071311,090334,097569,-82587,090113,080037,-80232
0000002467,0002055000,065757,059162,082309,071311,087362,098802,-65200,087141,092373,-62845
0000002468,0002055833,065803,059191,074863,071311,084625,099134,-41154,084404,095695,-38800
0000002469,0002056667,065828,059240,067484,071311,082393,098532,-12809,082172,089673,-10454
0000002470,0002057500,065830,059304,060889,071311,080881,097057,017057,080660,074920,019412
0000002471,0002058333,065809,059377,055725,071311,080241,094851,045525,080020,052858,047880
0000002472,0002059167,065766,059452,052497,071311,080534,092130,069801,080313,025652,072156
0000002473,0002060000,065707,059521,051514,071311,081730,089162,087524,081509,-04030,089879
0000002474,0002060833,065636,059578,052879,071311,083713,086236,096944,083492,-33287,099299
0000002475,0002061667,065561,059617,056458,071311,086290,083640,097136,086069,-59249,099491
0000002476,0002062500,065489,059635,061900,071311,089207,081626,088104,088986,-79387,090459
0000002477,0002063333,065427,059629,068676,071311,092180,080393,070710,091959,-91719,073065
0000002478,0002064167,065381,059600,076124,071311,094916,080062,046660,094695,-95031,049015
0000002479,0002065000,065356,059552,083514,071311,097150,080663,018319,096929,-89024,020674
0000002480,0002065833,065354,059487,090121,071311,098660,082139,-11549,098439,-74263,-09194
0000002481,0002066667,065375,059414,095295,071311,099300,084345,-40013,099079,-52196,-37658
0000002482,0002067500,065418,059339,098532,071311,099008,087065,-64297,098787,-24996,-61942
0000002483,0002068333,065478,059270,099511,071311,097812,090034,-82015,097591,004687,-79660
0000002484,0002069167,065548,059213,098135,071311,095828,092959,-91426,095607,033941,-89071
0000002485,0002070000,065624,059174,094546,071311,093251,095556,-91633,093030,059909,-89278
0000002486,0002070833,065696,059156,089092,071311,090334,097569,-82594,090113,080043,-80239
0000002487,0002071667,065757,059162,082309,071311,087362,098802,-65195,087141,092366,-62840
0000002488,0002072500,065803,059191,074864,071311,084625,099134,-41154,084404,095694,-38799
0000002489,0002073333,065828,059240,067483,071311,082392,098533,-12810,082171,089681,-10456
0000002490,0002074167,065830,059304,060890,071311,080882,097056,017056,080661,074914,019411
0000002491,0002075000,065809,059377,055725,071311,080241,094851,045525,080020,052857,047880
0000002492,0002075833,065766,059452,052495,071311,080533,092130,069806,080312,025654,072161
0000002493,0002076667,065707,059521,051516,071311,081730,089162,087517,081509,-04029,089872
0000002494,0002077500,065636,059578,052879,071311,083713,086236,096944,083492,-33287,099298
0000002495,0002078333,065561,059617,056457,071311,086290,083640,097144,086069,-59253,099499
0000002496,0002079167,065489,059635,061901,071311,089207,081627,088097,088986,-79381,090452
0000002497,0002080000,065427,059629,068677,071311,092180,080393,070709,091959,-91718,073064
0000002498,0002080833,065381,059600,076125,071311,094917,080061,046664,094696,-95039,049019
0000002499,0002081667,065356,059551,083514,071311,097149,080663,018318,096928,-89017,020673
0000002500,0002082500,065354,059487,090121,071311,098660,082139,-11549,098439,-74262,-09194
0000002501,0002083333,065375,059414,095296,071311,099301,084345,-40017,099080,-52201,-37662
0000002502,0002084167,065418,059339,098530,071311,099008,087066,-64292,098787,-24994,-61937
0000002503,0002085000,065478,059270,099510,071311,097812,090034,-82014,097591,004687,-79659
0000002504,0002085833,065548,059213,098137,071311,095828,092959,-91434,095607,033943,-89079
0000002505,0002086667,065624,059174,094545,071311,093251,095555,-91626,093030,059904,-89271
0000002506,0002087500,065696,059156,089092,071311,090334,097569,-82593,090113,080043,-80239
0000002507,0002088333,065757,059162,082310,071311,087362,098802,-65200,087141,092374,-62845
0000002508,0002089167,065803,059191,074864,071311,084625,099134,-41151,084404,095687,-38796
0000002509,0002090000,065828,059240,067484,071311,082392,098533,-12810,082171,089680,-10455
0000002510,0002090833,065830,059304,060889,071311,080881,097057,017057,080660,074920,019412
0000002511,0002091667,065809,059377,055726,071311,080242,094850,045522,080021,052854,047877
0000002512,0002092500,065766,059452,052495,071311,080533,092130,069806,080312,025653,072161
0000002513,0002093333,065707,059521,051514,071311,081730,089162,087524,081509,-04030,089879
0000002514,0002094167,065636,059578,052880,071311,083714,086237,096936,083493,-33284,099291
0000002515,0002095000,065561,059617,056457,071311,086290,083640,097143,086069,-59253,099498
0000002516,0002095833,065489,059635,061900,071311,089207,081626,088105,088986,-79387,090459
0000002517,0002096667,065427,059629,068678,071311,092180,080394,070704,091959,-91711,073059
0000002518,0002097500,065381,059600,076125,071311,094917,080061,046663,094696,-95038,049018
0000002519,0002098333,065356,059551,083514,071311,097150,080662,018319,096929,-89024,020674
0000002520,0002099167,065354,059487,090120,071311,098660,082139,-11548,098439,-74257,-09193
0000002521,0002100000,065375,059414,095296,071311,099301,084345,-40016,099080,-52200,-37661
0000002522,0002100833,065418,059339,098532,071311,099008,087065,-64297,098787,-24996,-61942
0000002523,0002101667,065478,059270,099508,071311,097811,090034,-82008,097590,004687,-79653
0000002524,0002102500,065548,059213,098137,071311,095828,092959,-91433,095607,033943,-89078
0000002525,0002103333,065624,059174,094546,071311,093252,095556,-91634,093030,059909,-89279
0000002526,0002104167,065696,059156,089091,071311,090334,097569,-82587,090113,080037,-80232
0000002527,0002105000,065757,059162,082310,071311,087362,098802,-65200,087141,092373,-62845
0000002528,0002105833,065803,059191,074864,071311,084625,099134,-41155,084404,095695,-38800
0000002529,0002106667,065828,059240,067484,071311,082393,098532,-12809,082172,089673,-10454
0000002530,0002107500,065830,059304,060889,071311,080881,097057,017057,080660,074920,019412
0000002531,0002108333,065809,059377,055725,071311,080241,094851,045525,080020,052858,047880
0000002532,0002109167,065766,059452,052496,071311,080534,092130,069801,080313,025652,072156
0000002533,0002110000,065707,059521,051514,071311,081730,089162,087524,081509,-04030,089879
0000002534,0002110833,065636,059578,052878,071311,083713,086236,096944,083492,-33287,099299
0000002535,0002111667,065561,059617,056459,071311,086290,083640,097136,086069,-59248,099491
0000002536,0002112500,065489,059635,061900,071311,089207,081626,088104,088986,-79387,090459
0000002537,0002113333,065427,059629,068677,071311,092180,080393,070710,091959,-91718,073065
0000002538,0002114167,065381,059600,076125,071311,094916,080062,046660,094695,-95031,049015
0000002539,0002115000,065356,059551,083514,071311,097150,080663,018319,096929,-89024,020674
0000002540,0002115833,065354,059487,090121,071311,098660,082139,-11549,098439,-74263,-09194
0000002541,0002116667,065375,059414,095294,071311,099300,084345,-40013,099079,-52196,-37658
0000002542,0002117500,065418,059339,098531,071311,099008,087065,-64297,098787,-24996,-61942
0000002543,0002118333,065478,059270,099510,071311,097812,090034,-82015,097591,004687,-79660
0000002544,0002119167,065548,059213,098135,071311,095828,092959,-91426,095607,033941,-89071
0000002545,0002120000,065624,059174,094546,071311,093251,095556,-91633,093030,059909,-89278
0000002546,0002120833,065696,059156,089093,071311,090334,097569,-82594,090113,080043,-80239
0000002547,0002121667,065757,059162,082310,071311,087362,098802,-65195,087141,092366,-62840
0000002548,0002122500,065803,059191,074865,071311,084625,099134,-41154,084404,095694,-38799
0000002549,0002123333,065828,059240,067484,071311,082392,098533,-12811,082171,089681,-10456
0000002550,0002124167,065830,059304,060890,071311,080882,097056,017056,080661,074914,019411
0000002551,0002125000,065809,059377,055724,071311,080241,094851,045525,080020,052858,047880
0000002552,0002125833,065766,059452,052494,071311,080533,092130,069806,080312,025654,072161
0000002553,0002126667,065707,059521,051515,071311,081730,089162,087517,081509,-04029,089872
0000002554,0002127500,065636,059578,052879,071311,083713,086236,096943,083492,-33286,099298
0000002555,0002128333,065561,059617,056457,071311,086290,083640,097144,086069,-59253,099499
0000002556,0002129167,065489,059635,061902,071311,089207,081627,088097,088986,-79381,090452
0000002557,0002130000,065427,059629,068678,071311,092180,080393,070710,091959,-91718,073064
0000002558,0002130833,065381,059600,076125,071311,094917,080061,046664,094696,-95039,049019
0000002559,0002131667,065356,059551,083514,071311,097149,080663,018318,096928,-89017,020673
0000002560,0002132500,065354,059487,090120,071311,098660,082139,-11549,098439,-74263,-09194
0000002561,0002133333,065375,059414,095295,071311,099301,084345,-40016,099080,-52201,-37661
0000002562,0002134167,065418,059339,098529,071311,099008,087066,-64292,098787,-24994,-61937
0000002563,0002135000,065478,059270,099510,071311,097812,090034,-82014,097591,004687,-79659
0000002564,0002135833,065548,059213,098137,071311,095828,092959,-91434,095607,033943,-89079
0000002565,0002136667,065624,059174,094545,071311,093251,095555,-91626,093030,059904,-89271
0000002566,0002137500,065696,059156,089093,071311,090334,097569,-82594,090113,080042,-80239
0000002567,0002138333,065757,059162,082311,071311,087362,098802,-65201,087141,092374,-62846
0000002568,0002139167,065803,059191,074865,071311,084625,099134,-41151,084404,095687,-38796
0000002569,0002140000,065828,059240,067484,071311,082392,098533,-12810,082171,089680,-10456
0000002570,0002140833,065830,059304,060889,071311,080881,097057,017057,080660,074920,019412
0000002571,0002141667,065809,059377,055726,071311,080242,094850,045521,080021,052854,047876
0000002572,0002142500,065766,059452,052494,071311,080533,092130,069806,080312,025654,072161
0000002573,0002143333,065707,059521,051513,071311,081730,089162,087524,081509,-04029,089879
0000002574,0002144167,065636,059578,052880,071311,083714,086237,096936,083493,-33284,099291
0000002575,0002145000,065561,059617,056457,071311,086290,083640,097143,086069,-59253,099498
0000002576,0002145833,065489,059635,061901,071311,089207,081626,088105,088986,-79387,090460
0000002577,0002146667,065427,059629,068678,071311,092180,080394,070705,091959,-91711,073059
0000002578,0002147500,065381,059600,076125,071311,094917,080061,046663,094696,-95038,049018
0000002579,0002148333,065356,059551,083514,071311,097150,080662,018319,096929,-89025,020674
0000002580,0002149167,065354,059487,090119,071311,098660,082139,-11547,098438,-74257,-09192
0000002581,0002150000,065375,059414,095295,071311,099301,084345,-40016,099080,-52200,-37661
0000002582,0002150833,065418,059339,098531,071311,099008,087065,-64297,098787,-24997,-61942
0000002583,0002151667,065478,059270,099508,071311,097811,090034,-82007,097590,004686,-79653
0000002584,0002152500,065548,059213,098137,071311,095828,092959,-91433,095607,033943,-89078
0000002585,0002153333,065624,059174,094547,071311,093252,095556,-91634,093031,059909,-89279
0000002586,0002154167,065696,059156,089092,071311,090334,097569,-82587,090113,080036,-80232
0000002587,0002155000,065757,059162,082311,071311,087362,098802,-65200,087141,092373,-62845
0000002588,0002155833,065803,059191,074865,071311,084625,099134,-41155,084404,095695,-38800
0000002589,0002156667,065828,059240,067485,071311,082393,098532,-12809,082172,089674,-10455
0000002590,0002157500,065830,059304,060889,071311,080881,097057,017057,080660,074920,019412
0000002591,0002158333,065809,059377,055724,071311,080241,094851,045525,080020,052858,047880
0000002592,0002159167,065766,059451,052495,071311,080534,092130,069801,080313,025652,072156
0000002593,0002160000,065707,059521,051513,071311,081730,089162,087523,081509,-04030,089878
0000002594,0002160833,065636,059578,052878,071311,083713,086236,096944,083492,-33286,099299
0000002595,0002161667,065561,059617,056459,071311,086290,083640,097136,086069,-59248,099491
0000002596,0002162500,065489,059635,061901,071311,089207,081626,088104,088986,-79387,090459
0000002597,0002163333,065427,059629,068678,071311,092180,080393,070710,091959,-91718,073065
0000002598,0002164167,065381,059600,076125,071311,094916,080062,046660,094695,-95031,049015
0000002599,0002165000,065356,059551,083514,071311,097150,080663,018319,096928,-89024,020674
0000002600,0002165833,065354,059487,090120,071311,098660,082139,-11548,098439,-74264,-09193
0000002601,0002166667,065375,059414,095293,071311,099300,084345,-40013,099079,-52197,-37658
0000002602,0002167500,065418,059339,098530,071311,099008,087065,-64297,098787,-24996,-61942
0000002603,0002168333,065478,059270,099510,071311,097812,090034,-82014,097591,004687,-79660
0000002604,0002169167,065548,059213,098135,071311,095828,092959,-91426,095607,033940,-89071
0000002605,0002170000,065624,059174,094547,071311,093252,095556,-91633,093030,059909,-89278
0000002606,0002170833,065696,059156,089094,071311,090334,097569,-82595,090113,080043,-80240
0000002607,0002171667,065757,059162,082311,071311,087362,098802,-65195,087141,092366,-62840
0000002608,0002172500,065803,059191,074866,071311,084625,099134,-41154,084404,095694,-38799
0000002609,0002173333,065828,059240,067484,071311,082392,098533,-12811,082171,089681,-10456
0000002610,0002174167,065830,059304,060890,071311,080882,097056,017056,080661,074914,019411
0000002611,0002175000,065809,059377,055724,071311,080241,094851,045525,080020,052858,047879
0000002612,0002175833,065766,059451,052493,071311,080533,092130,069806,080312,025654,072161
0000002613,0002176667,065707,059521,051514,071311,081730,089162,087517,081509,-04029,089872
0000002614,0002177500,065636,059578,052878,071311,083713,086236,096943,083492,-33286,099298
0000002615,0002178333,065561,059617,056457,071311,086290,083640,097144,086069,-59253,099499
0000002616,0002179167,065489,059635,061902,071311,089207,081627,088098,088986,-79381,090452
0000002617,0002180000,065427,059629,068678,071311,092180,080393,070710,091959,-91717,073065
0000002618,0002180833,065381,059600,076126,071311,094917,080061,046664,094696,-95039,049019
0000002619,0002181667,065356,059551,083514,071311,097149,080663,018318,096928,-89017,020673
0000002620,0002182500,065354,059487,090120,071311,098660,082139,-11548,098439,-74263,-09193
0000002621,0002183333,065375,059414,095295,071311,099301,084345,-40016,099080,-52201,-37661
0000002622,0002184167,065418,059339,098528,071311,099008,087065,-64291,098787,-24995,-61937
0000002623,0002185000,065478,059270,099509,071311,097812,090034,-82014,097591,004687,-79659
0000002624,0002185833,065548,059213,098137,071311,095828,092959,-91434,095607,033943,-89079
0000002625,0002186667,065624,059174,094546,071311,093251,095555,-91626,093030,059904,-89271
0000002626,0002187500,065696,059156,089094,071311,090334,097569,-82594,090113,080042,-80239
0000002627,0002188333,065758,059162,082312,071311,087362,098802,-65201,087141,092374,-62846
0000002628,0002189167,065803,059191,074866,071311,084625,099134,-41151,084404,095687,-38796
0000002629,0002190000,065828,059240,067484,071311,082392,098533,-12811,082171,089680,-10456
0000002630,0002190833,065830,059304,060889,071311,080881,097057,017057,080660,074921,019412
0000002631,0002191667,065809,059377,055725,071311,080242,094850,045521,080021,052854,047876
0000002632,0002192500,065766,059451,052493,071311,080533,092130,069806,080312,025654,072161
0000002633,0002193333,065707,059521,051512,071311,081730,089162,087524,081509,-04029,089879
0000002634,0002194167,065636,059578,052880,071311,083714,086237,096936,083493,-33284,099291
0000002635,0002195000,065561,059617,056457,071311,086290,083640,097143,086069,-59252,099498
0000002636,0002195833,065489,059635,061901,071311,089207,081626,088105,088986,-79387,090460
0000002637,0002196667,065427,059629,068679,071311,092180,080394,070705,091959,-91711,073060
0000002638,0002197500,065381,059600,076126,071311,094917,080061,046664,094695,-95038,049019
0000002639,0002198333,065356,059551,083514,071311,097150,080662,018320,096929,-89025,020675
0000002640,0002199167,065354,059487,090119,071311,098660,082139,-11547,098438,-74257,-09192
0000002641,0002200000,065375,059414,095294,071311,099301,084345,-40016,099080,-52201,-37661
0000002642,0002200833,065418,059339,098530,071311,099008,087065,-64297,098787,-24997,-61942
0000002643,0002201667,065478,059270,099507,071311,097811,090034,-82007,097590,004686,-79652
0000002644,0002202500,065548,059213,098136,071311,095828,092959,-91433,095607,033943,-89078
0000002645,0002203333,065624,059174,094547,071311,093252,095556,-91634,093031,059909,-89279
0000002646,0002204167,065696,059156,089093,071311,090334,097569,-82587,090113,080036,-80233
0000002647,0002205000,065758,059162,082312,071311,087362,098802,-65200,087141,092373,-62845
0000002648,0002205833,065803,059191,074866,071311,084625,099134,-41155,084404,095695,-38800
0000002649,0002206667,065828,059240,067485,071311,082393,098532,-12810,082172,089674,-10455
0000002650,0002207500,065830,059304,060889,071311,080881,097057,017057,080660,074920,019412
0000002651,0002208333,065809,059377,055723,071311,080241,094851,045525,080020,052858,047880
0000002652,0002209167,065766,059451,052494,071311,080534,092130,069801,080313,025652,072155
0000002653,0002210000,065707,059521,051512,071311,081730,089162,087523,081509,-04029,089878
0000002654,0002210833,065636,059578,052878,071311,083713,086236,096944,083492,-33286,099299
0000002655,0002211667,065561,059617,056459,071311,086290,083640,097136,086069,-59248,099491
0000002656,0002212500,065489,059635,061902,071311,089207,081626,088104,088986,-79386,090459
0000002657,0002213333,065427,059629,068679,071311,092180,080393,070710,091959,-91718,073065
0000002658,0002214167,065381,059600,076126,071311,094916,080062,046661,094695,-95031,049015
0000002659,0002215000,065356,059551,083514,071311,097150,080663,018320,096928,-89024,020674
0000002660,0002215833,065354,059487,090120,071311,098660,082139,-11548,098439,-74264,-09193
0000002661,0002216667,065375,059414,095292,071311,099300,084345,-40012,099079,-52197,-37657
0000002662,0002217500,065418,059339,098529,071311,099008,087065,-64296,098787,-24997,-61941
0000002663,0002218333,065478,059270,099509,071311,097812,090034,-82014,097591,004686,-79659
0000002664,0002219167,065549,059213,098135,071311,095828,092959,-91426,095607,033940,-89071
0000002665,0002220000,065624,059174,094547,071311,093252,095556,-91633,093031,059909,-89278
0000002666,0002220833,065696,059156,089095,071311,090334,097569,-82595,090113,080043,-80240
0000002667,0002221667,065757,059162,082312,071311,087362,098802,-65195,087141,092366,-62840
0000002668,0002222500,065803,059191,074866,071311,084625,099134,-41155,084404,095694,-38800
0000002669,0002223333,065828,059240,067485,071311,082392,098533,-12811,082171,089681,-10456
0000002670,0002224167,065830,059304,060890,071311,080882,097056,017056,080661,074914,019411
0000002671,0002225000,065809,059377,055723,071311,080241,094851,045524,080020,052858,047879
0000002672,0002225833,065766,059451,052492,071311,080533,092130,069806,080312,025654,072161
0000002673,0002226667,065707,059521,051514,071311,081730,089162,087517,081509,-04029,089872
0000002674,0002227500,065636,059578,052878,071311,083713,086236,096943,083492,-33286,099298
0000002675,0002228333,065561,059617,056457,071311,086290,083640,097144,086069,-59253,099499
0000002676,0002229167,065489,059635,061903,071311,089207,081627,088098,088986,-79380,090453
0000002677,0002230000,065427,059629,068679,071311,092180,080393,070710,091959,-91717,073065
0000002678,0002230833,065381,059600,076126,071311,094917,080061,046664,094696,-95039,049019
0000002679,0002231667,065356,059551,083514,071311,097149,080663,018319,096928,-89017,020673
0000002680,0002232500,065354,059487,090120,071311,098660,082139,-11548,098439,-74263,-09193
0000002681,0002233333,065375,059414,095294,071311,099301,084345,-40016,099080,-52201,-37661
0000002682,0002234167,065418,059339,098528,071311,099008,087065,-64291,098787,-24995,-61936
0000002683,0002235000,065478,059270,099509,071311,097812,090034,-82014,097591,004686,-79659
0000002684,0002235833,065549,059213,098137,071311,095828,092959,-91434,095607,033943,-89079
0000002685,0002236667,065624,059174,094546,071311,093251,095555,-91626,093030,059904,-89271
0000002686,0002237500,065696,059156,089095,071311,090334,097569,-82594,090113,080042,-80239
0000002687,0002238333,065758,059162,082313,071311,087362,098802,-65201,087141,092374,-62846
0000002688,0002239167,065803,059191,074867,071311,084625,099134,-41151,084404,095687,-38796
0000002689,0002240000,065828,059240,067485,071311,082392,098533,-12811,082171,089680,-10456
0000002690,0002240833,065830,059304,060889,071311,080881,097057,017057,080660,074921,019412
0000002691,0002241667,065809,059377,055724,071311,080242,094850,045521,080021,052854,047876
0000002692,0002242500,065766,059451,052492,071311,080533,092130,069805,080312,025654,072160
0000002693,0002243333,065707,059521,051511,071311,081730,089162,087524,081509,-04029,089879
0000002694,0002244167,065636,059578,052879,071311,083714,086237,096936,083493,-33283,099291
0000002695,0002245000,065561,059617,056457,071311,086290,083640,097143,086069,-59252,099498
0000002696,0002245833,065489,059635,061902,071311,089207,081626,088105,088986,-79387,090460
0000002697,0002246667,065427,059629,068680,071311,092180,080394,070705,091959,-91710,073060
0000002698,0002247500,065381,059600,076126,071311,094917,080061,046664,094695,-95038,049019
0000002699,0002248333,065356,059551,083514,071311,097150,080662,018320,096929,-89025,020675
0000002700,0002249167,065354,059487,090118,071311,098660,082139,-11547,098438,-74258,-09192
0000002701,0002250000,065375,059414,095294,071311,099301,084345,-40015,099080,-52201,-37661
0000002702,0002250833,065418,059339,098529,071311,099008,087065,-64297,098787,-24997,-61942
0000002703,0002251667,065478,059270,099507,071311,097811,090034,-82007,097590,004686,-79652
0000002704,0002252500,065549,059213,098136,071311,095828,092959,-91433,095607,033943,-89078
0000002705,0002253333,065624,059174,094548,071311,093252,095556,-91634,093031,059909,-89279
0000002706,0002254167,065696,059156,089094,071311,090334,097569,-82588,090113,080036,-80233
0000002707,0002255000,065758,059162,082313,071311,087362,098802,-65200,087141,092373,-62845
0000002708,0002255833,065803,059191,074867,071311,084625,099134,-41155,084404,095695,-38800
0000002709,0002256667,065828,059240,067485,071311,082393,098532,-12810,082172,089674,-10455
0000002710,0002257500,065830,059304,060889,071311,080881,097057,017057,080660,074920,019412
0000002711,0002258333,065809,059377,055723,071311,080241,094851,045525,080020,052859,047879
0000002712,0002259167,065766,059451,052493,071311,080534,092130,069800,080313,025652,072155
0000002713,0002260000,065707,059521,051511,071311,081730,089162,087523,081509,-04029,089878
0000002714,0002260833,065636,059578,052877,071311,083713,086236,096944,083492,-33286,099299
0000002715,0002261667,065561,059617,056459,071311,086290,083640,097136,086069,-59248,099491
0000002716,0002262500,065489,059635,061902,071311,089207,081626,088104,088986,-79386,090459
0000002717,0002263333,065427,059629,068679,071311,092180,080393,070711,091959,-91718,073066
0000002718,0002264167,065381,059600,076126,071311,094916,080062,046661,094695,-95031,049016
0000002719,0002265000,065356,059551,083514,071311,097149,080663,018320,096928,-89024,020675
0000002720,0002265833,065354,059487,090119,071311,098660,082139,-11548,098439,-74264,-09193
0000002721,0002266667,065375,059414,095292,071311,099300,084345,-40012,099079,-52197,-37657
0000002722,0002267500,065418,059339,098529,071311,099008,087065,-64296,098787,-24997,-61941
0000002723,0002268333,065478,059270,099509,071311,097812,090034,-82014,097591,004686,-79659
0000002724,0002269167,065549,059213,098135,071311,095828,092959,-91426,095607,033940,-89071
0000002725,0002270000,065624,059174,094548,071311,093252,095556,-91633,093031,059908,-89278
0000002726,0002270833,065696,059156,089095,071311,090334,097569,-82595,090113,080043,-80240
0000002727,0002271667,065758,059162,082313,071311,087362,098802,-65195,087141,092366,-62840
0000002728,0002272500,065803,059191,074867,071311,084625,099134,-41155,084404,095694,-38800
0000002729,0002273333,065828,059240,067485,071311,082392,098533,-12811,082171,089681,-10456
0000002730,0002274167,065830,059304,060890,071311,080882,097056,017055,080661,074914,019410
0000002731,0002275000,065809,059377,055722,071311,080241,094851,045524,080020,052858,047879
0000002732,0002275833,065766,059451,052491,071311,080533,092130,069806,080312,025654,072161
0000002733,0002276667,065707,059521,051513,071311,081730,089162,087517,081509,-04029,089872
0000002734,0002277500,065636,059578,052877,071311,083713,086236,096943,083492,-33286,099298
0000002735,0002278333,065561,059617,056457,071311,086290,083640,097144,086069,-59253,099499
0000002736,0002279167,065489,059635,061903,071311,089207,081627,088098,088986,-79380,090453
0000002737,0002280000,065427,059629,068679,071311,092180,080393,070710,091959,-91717,073065
0000002738,0002280833,065381,059600,076126,071311,094917,080061,046664,094695,-95039,049019
0000002739,0002281667,065356,059551,083514,071311,097149,080663,018319,096928,-89017,020674
0000002740,0002282500,065354,059487,090119,071311,098660,082139,-11548,098439,-74263,-09193
0000002741,0002283333,065375,059414,095293,071311,099301,084345,-40016,099080,-52201,-37661
0000002742,0002284167,065418,059339,098527,071311,099008,087065,-64291,098787,-24995,-61936
0000002743,0002285000,065478,059270,099508,071311,097812,090034,-82014,097591,004686,-79659
0000002744,0002285833,065549,059213,098136,071311,095828,092959,-91434,095607,033943,-89079
0000002745,0002286667,065624,059174,094546,071311,093251,095555,-91626,093030,059904,-89271
0000002746,0002287500,065696,059156,089095,071311,090334,097569,-82594,090113,080042,-80239
0000002747,0002288333,065758,059162,082314,071311,087362,098802,-65201,087141,092374,-62846
0000002748,0002289167,065803,059191,074867,071311,084626,099134,-41151,084404,095687,-38797
0000002749,0002290000,065828,059240,067485,071311,082392,098533,-12811,082171,089680,-10456
0000002750,0002290833,065830,059304,060888,071311,080881,097057,017057,080660,074921,019411
0000002751,0002291667,065809,059377,055724,071311,080242,094850,045521,080021,052854,047876
0000002752,0002292500,065766,059451,052491,071311,080533,092130,069805,080312,025654,072160
0000002753,0002293333,065707,059521,051511,071311,081730,089162,087524,081509,-04029,089879
0000002754,0002294167,065636,059578,052879,071311,083714,086237,096936,083493,-33283,099291
0000002755,0002295000,065561,059617,056457,071311,086290,083640,097143,086069,-59252,099498
0000002756,0002295833,065489,059635,061902,071311,089207,081626,088105,088986,-79387,090460
0000002757,0002296667,065427,059629,068680,071311,092180,080394,070705,091959,-91710,073060
0000002758,0002297500,065381,059600,076127,071311,094916,080061,046664,094695,-95038,049019
0000002759,0002298333,065356,059551,083514,071311,097150,080662,018320,096928,-89025,020675
0000002760,0002299167,065354,059487,090118,071311,098660,082139,-11547,098438,-74258,-09192
0000002761,0002300000,065375,059414,095293,071311,099301,084345,-40015,099080,-52201,-37660
0000002762,0002300833,065418,059339,098528,071311,099008,087065,-64297,098787,-24997,-61942
0000002763,0002301667,065478,059270,099506,071311,097811,090034,-82007,097590,004686,-79652
0000002764,0002302500,065549,059213,098136,071311,095828,092959,-91433,095607,033942,-89078
0000002765,0002303333,065624,059174,094548,071311,093252,095556,-91634,093031,059909,-89279
0000002766,0002304167,065696,059156,089095,071311,090334,097569,-82588,090113,080036,-80233
0000002767,0002305000,065758,059162,082314,071311,087362,098802,-65200,087141,092373,-62845
0000002768,0002305833,065803,059191,074868,071311,084625,099134,-41155,084404,095695,-38800
0000002769,0002306667,065828,059240,067486,071311,082393,098532,-12810,082172,089674,-10455
0000002770,0002307500,065830,059304,060888,071311,080881,097057,017057,080660,074920,019411
0000002771,0002308333,065809,059377,055722,071311,080241,094851,045524,080020,052859,047879
0000002772,0002309167,065766,059451,052493,071311,080534,092130,069800,080313,025652,072155
0000002773,0002310000,065707,059521,051511,071311,081730,089162,087523,081509,-04029,089878
0000002774,0002310833,065636,059578,052877,071311,083713,086236,096944,083492,-33286,099299
0000002775,0002311667,065561,059617,056459,071311,086290,083640,097136,086069,-59248,099491
0000002776,0002312500,065489,059635,061902,071311,089207,081626,088104,088986,-79386,090459
0000002777,0002313333,065427,059629,068680,071311,092180,080393,070711,091959,-91718,073066
0000002778,0002314167,065381,059600,076127,071311,094916,080062,046661,094695,-95031,049016
0000002779,0002315000,065356,059551,083514,071311,097149,080663,018320,096928,-89024,020675
0000002780,0002315833,065354,059487,090119,071311,098660,082139,-11548,098439,-74264,-09193
0000002781,0002316667,065376,059414,095291,071311,099300,084345,-40012,099079,-52197,-37657
0000002782,0002317500,065418,059339,098528,071311,099008,087065,-64296,098787,-24997,-61941
0000002783,0002318333,065478,059270,099508,071311,097812,090034,-82014,097591,004686,-79659
0000002784,0002319167,065549,059213,098134,071311,095828,092959,-91426,095607,033940,-89071
0000002785,0002320000,065624,059174,094548,071311,093252,095556,-91633,093031,059908,-89278
0000002786,0002320833,065696,059156,089096,071311,090334,097569,-82595,090113,080043,-80240
0000002787,0002321667,065758,059162,082314,071311,087362,098802,-65195,087141,092366,-62840
0000002788,0002322500,065803,059191,074868,071311,084625,099134,-41155,084404,095694,-38800
0000002789,0002323333,065828,059240,067485,071311,082392,098533,-12811,082171,089681,-10456
0000002790,0002324167,065830,059304,060889,071311,080882,097056,017055,080661,074915,019410
0000002791,0002325000,065809,059377,055722,071311,080241,094851,045524,080020,052858,047879
0000002792,0002325833,065766,059451,052490,071311,080533,092130,069806,080312,025655,072161
0000002793,0002326667,065707,059521,051512,071311,081730,089162,087517,081509,-04029,089872
0000002794,0002327500,065636,059578,052877,071311,083713,086236,096943,083492,-33286,099298
0000002795,0002328333,065561,059617,056457,071311,086290,083640,097144,086069,-59252,099499
0000002796,0002329167,065489,059635,061903,071311,089207,081627,088098,088986,-79380,090453
0000002797,0002330000,065427,059629,068680,071311,092180,080393,070710,091959,-91717,073065
0000002798,0002330833,065381,059600,076127,071311,094917,080061,046665,094695,-95039,049020
0000002799,0002331667,065356,059551,083514,071311,097149,080663,018319,096928,-89017,020674
0000002800,0002332500,065354,059487,090119,071311,098660,082139,-11548,098439,-74263,-09193
0000002801,0002333333,065375,059414,095293,071311,099301,084345,-40015,099080,-52202,-37661
0000002802,0002334167,065418,059339,098526,071311,099008,087065,-64291,098787,-24995,-61936
0000002803,0002335000,065478,059270,099508,071311,097812,090034,-82014,097591,004686,-79659
0000002804,0002335833,065549,059213,098136,071311,095828,092959,-91434,095607,033943,-89079
0000002805,0002336667,065624,059174,094547,071311,093251,095555,-91626,093030,059904,-89271
0000002806,0002337500,065696,059156,089096,071311,090334,097569,-82594,090113,080042,-80239
0000002807,0002338333,065758,059162,082315,071311,087362,098802,-65201,087141,092374,-62846
0000002808,0002339167,065803,059191,074868,071311,084626,099134,-41152,084404,095687,-38797
0000002809,0002340000,065828,059240,067485,071311,082392,098533,-12811,082171,089680,-10456
0000002810,0002340833,065830,059304,060888,071311,080881,097057,017056,080660,074921,019411
0000002811,0002341667,065809,059377,055723,071311,080242,094850,045521,080021,052854,047876
0000002812,0002342500,065766,059451,052490,071311,080533,092130,069805,080312,025654,072160
0000002813,0002343333,065707,059521,051510,071311,081730,089162,087524,081509,-04029,089879
0000002814,0002344167,065636,059578,052878,071311,083714,086237,096936,083493,-33283,099291
0000002815,0002345000,065561,059617,056457,071311,086290,083640,097143,086069,-59252,099498
0000002816,0002345833,065489,059635,061902,071311,089207,081626,088105,088986,-79387,090460
0000002817,0002346667,065427,059629,068680,071311,092180,080394,070705,091959,-91710,073060
0000002818,0002347500,065381,059600,076127,071311,094916,080061,046664,094695,-95038,049019
0000002819,0002348333,065356,059551,083515,071311,097150,080662,018320,096928,-89025,020675
0000002820,0002349167,065354,059487,090118,071311,098660,082139,-11547,098438,-74258,-09192
0000002821,0002350000,065376,059414,095292,071311,099301,084345,-40015,099080,-52201,-37660
0000002822,0002350833,065418,059339,098528,071311,099008,087065,-64297,098787,-24997,-61942
0000002823,0002351667,065478,059270,099506,071311,097811,090033,-82007,097590,004686,-79652
0000002824,0002352500,065549,059213,098136,071311,095828,092959,-91433,095607,033942,-89078
0000002825,0002353333,065624,059174,094548,071311,093252,095556,-91634,093031,059909,-89279
0000002826,0002354167,065696,059156,089095,071311,090334,097569,-82588,090113,080036,-80233
0000002827,0002355000,065758,059162,082315,071311,087362,098802,-65200,087141,092373,-62845
0000002828,0002355833,065803,059191,074868,071311,084625,099134,-41155,084404,095695,-38800
0000002829,0002356667,065828,059240,067486,071311,082393,098532,-12810,082172,089674,-10455
0000002830,0002357500,065830,059304,060888,071311,080881,097057,017057,080660,074920,019411
0000002831,0002358333,065809,059377,055721,071311,080241,094851,045524,080020,052859,047879
0000002832,0002359167,065766,059451,052492,071311,080534,092130,069800,080313,025652,072155
0000002833,0002360000,065707,059521,051510,071311,081730,089162,087523,081509,-04029,089878
0000002834,0002360833,065636,059578,052876,071311,083713,086236,096944,083492,-33286,099299
0000002835,0002361667,065561,059617,056459,071311,086290,083640,097136,086069,-59247,099491
0000002836,0002362500,065489,059635,061903,071311,089207,081626,088104,088986,-79386,090459
0000002837,0002363333,065427,059629,068680,071311,092180,080393,070711,091959,-91718,073066
0000002838,0002364167,065381,059600,076127,071311,094916,080062,046661,094695,-95031,049016
0000002839,0002365000,065356,059551,083515,071311,097149,080663,018320,096928,-89024,020675
0000002840,0002365833,065354,059487,090119,071311,098660,082139,-11548,098439,-74264,-09193
0000002841,0002366667,065376,059414,095291,071311,099300,084345,-40012,099079,-52197,-37657
0000002842,0002367500,065418,059339,098527,071311,099008,087065,-64296,098787,-24997,-61941
0000002843,0002368333,065478,059270,099507,071311,097812,090034,-82014,097591,004686,-79659
0000002844,0002369167,065549,059213,098134,071311,095828,092959,-91426,095607,033940,-89071
0000002845,0002370000,065624,059174,094548,071311,093252,095556,-91633,093031,059908,-89278
0000002846,0002370833,065696,059156,089096,071311,090334,097569,-82595,090113,080043,-80240
0000002847,0002371667,065758,059162,082314,071311,087362,098802,-65195,087141,092366,-62840
0000002848,0002372500,065803,059191,074868,071311,084625,099134,-41155,084404,095694,-38800
0000002849,0002373333,065828,059240,067485,071311,082392,098533,-12811,082171,089681,-10456
0000002850,0002374167,065830,059304,060889,071311,080882,097056,017055,080661,074915,019410
0000002851,0002375000,065809,059377,055721,071311,080241,094851,045524,080020,052858,047879
0000002852,0002375833,065766,059451,052490,071311,080533,092130,069806,080312,025655,072161
0000002853,0002376667,065707,059521,051511,071311,081730,089162,087517,081509,-04029,089872
0000002854,0002377500,065636,059578,052877,071311,083713,086236,096943,083492,-33286,099298
0000002855,0002378333,065561,059617,056457,071311,086290,083640,097144,086069,-59252,099499
0000002856,0002379167,065489,059635,061904,071311,089207,081627,088098,088986,-79380,090453
0000002857,0002380000,065427,059629,068680,071311,092180,080393,070710,091959,-91717,073065
0000002858,0002380833,065381,059600,076127,071311,094917,080061,046665,094695,-95039,049020
0000002859,0002381667,065356,059551,083514,071311,097149,080663,018319,096928,-89017,020674
0000002860,0002382500,065354,059487,090119,071311,098660,082139,-11548,098439,-74263,-09193
0000002861,0002383333,065376,059414,095292,071311,099301,084345,-40015,099080,-52202,-37661
0000002862,0002384167,065418,059339,098525,071311,099008,087065,-64291,098787,-24995,-61936
0000002863,0002385000,065478,059270,099507,071311,097812,090034,-82014,097591,004686,-79659
0000002864,0002385833,065549,059213,098136,071311,095828,092959,-91434,095607,033942,-89079
0000002865,0002386667,065624,059174,094547,071311,093251,095555,-91626,093030,059904,-89271
0000002866,0002387500,065696,059156,089096,071311,090334,097569,-82594,090113,080042,-80239
0000002867,0002388333,065758,059162,082315,071311,087362,098802,-65201,087141,092374,-62846
0000002868,0002389167,065803,059191,074868,071311,084626,099134,-41152,084404,095687,-38797
0000002869,0002390000,065828,059240,067485,071311,082392,098533,-12811,082171,089680,-10456
0000002870,0002390833,065830,059304,060888,071311,080881,097057,017056,080660,074921,019411
0000002871,0002391667,065809,059377,055722,071311,080242,094850,045521,080021,052854,047876
0000002872,0002392500,065766,059451,052490,071311,080533,092130,069805,080312,025654,072160
0000002873,0002393333,065707,059521,051509,071311,081730,089162,087524,081509,-04029,089879
0000002874,0002394167,065636,059578,052878,071311,083714,086237,096936,083493,-33283,099291
0000002875,0002395000,065561,059617,056457,071311,086290,083640,097143,086069,-59252,099498
0000002876,0002395833,065489,059635,061903,071311,089207,081626,088105,088986,-79387,090460
0000002877,0002396667,065427,059629,068681,071311,092180,080394,070705,091959,-91710,073060
0000002878,0002397500,065381,059600,076127,071311,094916,080061,046664,094695,-95038,049019
0000002879,0002398333,065356,059551,083515,071311,097150,080662,018320,096928,-89025,020675
0000002880,0002399167,065354,059487,090117,071311,098660,082139,-11546,098438,-74258,-09192
0000002881,0002400000,065376,059414,095292,071311,099301,084345,-40015,099080,-52201,-37660
0000002882,0002400833,065418,059339,098527,071311,099008,087065,-64297,098787,-24997,-61942
0000002883,0002401667,065478,059270,099505,071311,097811,090033,-82007,097590,004686,-79652
0000002884,0002402500,065549,059213,098136,071311,095828,092959,-91433,095607,033942,-89078
0000002885,0002403333,065624,059174,094548,071311,093252,095556,-91634,093031,059909,-89279
0000002886,0002404167,065696,059156,089095,071311,090334,097569,-82588,090113,080036,-80233
0000002887,0002405000,065758,059162,082315,071311,087362,098802,-65200,087141,092373,-62846
0000002888,0002405833,065803,059191,074868,071311,084625,099134,-41155,084404,095695,-38800
0000002889,0002406667,065828,059240,067486,071311,082393,098532,-12810,082172,089674,-10455
0000002890,0002407500,065830,059304,060888,071311,080881,097057,017057,080660,074920,019411
0000002891,0002408333,065809,059377,055721,071311,080241,094851,045524,080020,052859,047879
0000002892,0002409167,065766,059451,052491,071311,080534,092130,069800,080313,025652,072155
0000002893,0002410000,065707,059521,051509,071311,081730,089162,087523,081509,-04029,089878
0000002894,0002410833,065636,059578,052876,071311,083713,086236,096944,083492,-33286,099299
0000002895,0002411667,065561,059617,056459,071311,086290,083640,097136,086069,-59247,099491
0000002896,0002412500,065489,059635,061903,071311,089207,081626,088104,088986,-79386,090459
0000002897,0002413333,065427,059629,068680,071311,092180,080393,070711,091959,-91718,073066
0000002898,0002414167,065381,059600,076127,071311,094916,080062,046661,094695,-95031,049016
0000002899,0002415000,065356,059551,083515,071311,097149,080663,018320,096928,-89024,020675
0000002900,0002415833,065354,059487,090118,071311,098660,082139,-11548,098439,-74264,-09193
0000002901,0002416667,065376,059414,095290,071311,099300,084345,-40012,099079,-52197,-37657
0000002902,0002417500,065418,059339,098527,071311,099008,087065,-64296,098787,-24997,-61941
0000002903,0002418333,065478,059270,099507,071311,097812,090034,-82014,097591,004686,-79659
0000002904,0002419167,065549,059213,098134,071311,095828,092959,-91426,095607,033940,-89071
0000002905,0002420000,065624,059174,094548,071311,093252,095556,-91633,093031,059908,-89279
0000002906,0002420833,065696,059156,089097,071311,090334,097569,-82595,090113,080043,-80240
0000002907,0002421667,065758,059162,082315,071311,087362,098802,-65195,087141,092366,-62841
0000002908,0002422500,065803,059191,074868,071311,084625,099134,-41155,084404,095694,-38800
0000002909,0002423333,065828,059240,067485,071311,082392,098533,-12811,082171,089681,-10456
0000002910,0002424167,065830,059304,060889,071311,080882,097056,017055,080661,074915,019410
0000002911,0002425000,065809,059377,055721,071311,080241,094851,045524,080020,052858,047879
0000002912,0002425833,065766,059451,052489,071311,080533,092130,069806,080312,025655,072161
0000002913,0002426667,065707,059521,051511,071311,081730,089162,087517,081509,-04029,089872
0000002914,0002427500,065636,059578,052876,071311,083713,086236,096943,083492,-33286,099298
0000002915,0002428333,065561,059617,056457,071311,086290,083640,097144,086069,-59252,099499
0000002916,0002429167,065489,059635,061904,071311,089207,081627,088098,088986,-79380,090453
0000002917,0002430000,065427,059629,068681,071311,092180,080393,070710,091959,-91717,073065
0000002918,0002430833,065381,059600,076127,071311,094917,080061,046665,094695,-95039,049020
0000002919,0002431667,065356,059551,083514,071311,097149,080663,018319,096928,-89017,020674
0000002920,0002432500,065354,059487,090118,071311,098660,082139,-11548,098439,-74263,-09193
0000002921,0002433333,065376,059414,095291,071311,099301,084345,-40015,099080,-52202,-37661
0000002922,0002434167,065418,059339,098525,071311,099008,087065,-64291,098787,-24995,-61936
0000002923,0002435000,065478,059270,099506,071311,097812,090034,-82014,097591,004686,-79659
0000002924,0002435833,065549,059213,098136,071311,095828,092959,-91434,095607,033943,-89079
0000002925,0002436667,065624,059174,094547,071311,093251,095555,-91626,093030,059904,-89271
0000002926,0002437500,065696,059156,089097,071311,090334,097569,-82594,090113,080042,-80239
0000002927,0002438333,065758,059162,082315,071311,087362,098802,-65201,087141,092374,-62846
0000002928,0002439167,065803,059191,074869,071311,084626,099134,-41152,084404,095687,-38797
0000002929,0002440000,065828,059240,067485,071311,082392,098533,-12811,082171,089680,-10456
0000002930,0002440833,065830,059304,060887,071311,080881,097057,017057,080660,074921,019411
0000002931,0002441667,065809,059377,055722,071311,080242,094850,045521,080021,052854,047876
0000002932,0002442500,065766,059451,052489,071311,080533,092130,069805,080312,025654,072160
0000002933,0002443333,065707,059521,051509,071311,081730,089162,087524,081509,-04029,089879
0000002934,0002444167,065636,059578,052878,071311,083714,086237,096936,083493,-33283,099291
0000002935,0002445000,065561,059617,056457,071311,086290,083640,097143,086069,-59252,099498
0000002936,0002445833,065489,059635,061903,071311,089207,081626,088105,088986,-79387,090460
0000002937,0002446667,065427,059629,068681,071311,092180,080394,070705,091959,-91710,073060
0000002938,0002447500,065381,059600,076128,071311,094916,080061,046664,094695,-95038,049019
0000002939,0002448333,065356,059551,083515,071311,097150,080662,018320,096928,-89025,020675
0000002940,0002449167,065354,059487,090117,071311,098660,082139,-11546,098438,-74258,-09192
0000002941,0002450000,065376,059414,095291,071311,099301,084345,-40015,099080,-52201,-37660
0000002942,0002450833,065418,059339,098526,071311,099008,087065,-64297,098787,-24997,-61942
0000002943,0002451667,065478,059270,099504,071311,097811,090033,-82007,097590,004686,-79652
0000002944,0002452500,065549,059213,098135,071311,095828,092959,-91433,095607,033942,-89079
0000002945,0002453333,065624,059174,094548,071311,093252,095556,-91634,093031,059909,-89279
0000002946,0002454167,065696,059156,089096,071311,090334,097569,-82588,090113,080036,-80233
0000002947,0002455000,065758,059162,082315,071311,087362,098802,-65200,087141,092373,-62846
0000002948,0002455833,065803,059191,074869,071311,084625,099134,-41155,084404,095695,-38800
0000002949,0002456667,065828,059240,067486,071311,082393,098532,-12810,082172,089674,-10455
0000002950,0002457500,065830,059304,060887,071311,080881,097057,017057,080660,074920,019412
0000002951,0002458333,065809,059377,055720,071311,080241,094851,045524,080020,052859,047879
0000002952,0002459167,065766,059451,052490,071311,080534,092130,069800,080313,025652,072155
0000002953,0002460000,065707,059521,051509,071311,081730,089162,087523,081509,-04029,089878
0000002954,0002460833,065636,059578,052876,071311,083713,086236,096944,083492,-33286,099299
0000002955,0002461667,065561,059617,056459,071311,086290,083640,097136,086069,-59247,099491
0000002956,0002462500,065489,059635,061903,071311,089207,081626,088104,088986,-79386,090459
0000002957,0002463333,065427,059629,068681,071311,092180,080393,070711,091959,-91718,073066
0000002958,0002464167,065381,059600,076128,071311,094916,080062,046661,094695,-95031,049016
0000002959,0002465000,065356,059551,083515,071311,097149,080663,018320,096928,-89024,020675
0000002960,0002465833,065354,059487,090118,071311,098660,082139,-11548,098439,-74264,-09193
0000002961,0002466667,065376,059414,095289,071311,099300,084345,-40012,099079,-52197,-37657
0000002962,0002467500,065418,059339,098526,071311,099008,087065,-64296,098787,-24997,-61941
0000002963,0002468333,065478,059270,099506,071311,097812,090034,-82014,097591,004686,-79659
0000002964,0002469167,065549,059213,098133,071311,095828,092959,-91426,095607,033940,-89071
0000002965,0002470000,065624,059174,094548,071311,093252,095556,-91633,093031,059908,-89279
0000002966,0002470833,065696,059156,089097,071311,090334,097569,-82595,090113,080043,-80240
0000002967,0002471667,065758,059162,082315,071311,087362,098802,-65195,087141,092366,-62840
0000002968,0002472500,065803,059191,074869,071311,084625,099134,-41155,084404,095694,-38800
0000002969,0002473333,065828,059240,067485,071311,082392,098533,-12811,082171,089681,-10456
0000002970,0002474167,065830,059304,060888,071311,080882,097056,017055,080661,074915,019410
0000002971,0002475000,065809,059377,055720,071311,080241,094851,045524,080020,052858,047879
0000002972,0002475833,065766,059451,052488,071311,080533,092130,069806,080312,025654,072161
0000002973,0002476667,065707,059521,051510,071311,081730,089162,087517,081509,-04029,089872
0000002974,0002477500,065636,059578,052876,071311,083713,086236,096943,083492,-33286,099298
0000002975,0002478333,065561,059617,056457,071311,086290,083640,097144,086069,-59252,099499
0000002976,0002479167,065489,059635,061904,071311,089207,081627,088098,088986,-79380,090453
0000002977,0002480000,065427,059629,068681,071311,092180,080393,070710,091959,-91717,073065
0000002978,0002480833,065381,059600,076128,071311,094917,080061,046665,094695,-95039,049020
0000002979,0002481667,065356,059551,083514,071311,097149,080663,018319,096928,-89017,020674
0000002980,0002482500,065354,059487,090118,071311,098660,082139,-11548,098439,-74263,-09193
0000002981,0002483333,065376,059414,095291,071311,099301,084345,-40016,099080,-52202,-37661
0000002982,0002484167,065418,059339,098524,071311,099008,087065,-64291,098787,-24995,-61936
0000002983,0002485000,065478,059270,099506,071311,097812,090034,-82014,097591,004686,-79659
0000002984,0002485833,065549,059213,098135,071311,095828,092959,-91434,095607,033943,-89079
0000002985,0002486667,065624,059174,094547,071311,093251,095555,-91626,093030,059904,-89272
0000002986,0002487500,065696,059156,089097,071311,090334,097569,-82594,090113,080042,-80239
0000002987,0002488333,065758,059162,082316,071311,087362,098802,-65201,087141,092374,-62846
0000002988,0002489167,065803,059191,074869,071311,084625,099134,-41152,084404,095687,-38797
0000002989,0002490000,065828,059240,067485,071311,082392,098533,-12811,082171,089680,-10456
0000002990,0002490833,065830,059304,060887,071311,080881,097057,017057,080660,074921,019412
0000002991,0002491667,065809,059377,055721,071311,080242,094850,045521,080021,052854,047876
0000002992,0002492500,065766,059451,052488,071311,080533,092130,069805,080312,025654,072160
0000002993,0002493333,065707,059521,051508,071311,081730,089162,087524,081509,-04029,089879
0000002994,0002494167,065636,059578,052877,071311,083714,086237,096936,083493,-33283,099291
0000002995,0002495000,065561,059617,056457,071311,086290,083640,097143,086069,-59252,099498
0000002996,0002495833,065489,059635,061903,071311,089207,081626,088105,088986,-79387,090460
0000002997,0002496667,065427,059629,068682,071311,092180,080394,070705,091959,-91710,073060
0000002998,0002497500,065381,059600,076128,071311,094916,080061,046664,094695,-95038,049019
0000002999,0002498333,065356,059551,083515,071311,097150,080662,018320,096928,-89025,020675
0000003000,0002499167,065354,059487,090117,071311,098660,082139,-11547,098438,-74258,-09192
0000003001,0002500000,065376,059414,095291,071311,099301,084345,-40015,099080,-52201,-37660
