0000000001,0000000000,086521,086626,030820,005192,099715,-49121,-37175
0000000002,0000000833,086948,085876,031143,005192,099421,-21909,-61449
0000000003,0000001667,087544,085182,031241,005192,098225,007772,-79165
0000000004,0000002500,088252,084611,031105,005192,096242,037033,-88599
0000000005,0000003333,089003,084218,030746,005192,093664,062992,-88784
0000000006,0000004167,089723,084043,030201,005192,090747,083125,-79745
0000000007,0000005000,090343,084102,029523,005192,087775,095470,-62362
0000000008,0000005833,090800,084390,028778,005192,085038,098776,-38307
0000000009,0000006667,091050,084878,028039,005192,082806,092762,-09964
0000000010,0000007500,091070,085518,027379,005192,081294,078014,019904
0000000011,0000008333,090857,086249,026862,005192,080654,055941,048368
0000000012,0000009167,090431,086997,026539,005192,080947,028738,072647
0000000013,0000010000,089835,087692,026440,005192,082142,-00944,090377
0000000014,0000010833,089127,088262,026578,005192,084127,-30198,099783
0000000015,0000011667,088376,088655,026936,005192,086703,-56163,099983
0000000016,0000012500,087656,088831,027480,005192,089620,-76308,090958
0000000017,0000013333,087038,088771,028158,005192,092593,-88626,073551
0000000018,0000014167,086580,088484,028903,005192,095329,-91947,049506
0000000019,0000015000,086329,087997,029641,005192,097563,-85947,021166
0000000020,0000015833,086310,087356,030301,005192,099073,-71173,-08703
0000000021,0000016667,086523,086626,030818,005192,099713,-49112,-37169
0000000022,0000017500,086948,085877,031142,005192,099423,-21913,-61459
0000000023,0000018333,087545,085183,031239,005192,098225,007773,-79165
0000000024,0000019167,088252,084612,031102,005192,096241,037028,-88584
0000000025,0000020000,089003,084220,030744,005192,093665,063002,-88799
0000000026,0000020833,089724,084045,030199,005192,090747,083125,-79745
0000000027,0000021667,090343,084103,029521,005192,087775,095456,-62352
0000000028,0000022500,090800,084391,028776,005192,085038,098791,-38314
0000000029,0000023333,091051,084879,028038,005192,082806,092762,-09964
0000000030,0000024167,091070,085519,027378,005192,081295,078002,019902
0000000031,0000025000,090857,086250,026860,005192,080653,055949,048375
0000000032,0000025833,090431,086999,026537,005192,080947,028738,072647
0000000033,0000026667,089835,087693,026439,005192,082143,-00943,090364
0000000034,0000027500,089127,088264,026576,005192,084126,-30204,099798
0000000035,0000028333,088377,088656,026935,005192,086703,-56163,099983
0000000036,0000029167,087657,088831,027480,005192,089621,-76296,090944
0000000037,0000030000,087037,088773,028157,005192,092593,-88641,073562
0000000038,0000030833,086581,088485,028902,005192,095329,-91947,049506
0000000039,0000031667,086330,087997,029640,005192,097562,-85933,021164
0000000040,0000032500,086310,087357,030300,005192,099074,-71185,-08705
0000000041,0000033333,086524,086626,030817,005192,099713,-49112,-37169
0000000042,0000034167,086949,085878,031140,005192,099421,-21909,-61448
0000000043,0000035000,087545,085184,031239,005192,098226,007774,-79178
0000000044,0000035833,088253,084613,031102,005192,096241,037028,-88584
0000000045,0000036667,089004,084220,030743,005192,093664,062993,-88784
0000000046,0000037500,089724,084045,030199,005192,090747,083138,-79758
0000000047,0000038333,090343,084104,029521,005192,087775,095456,-62352
0000000048,0000039167,090800,084391,028776,005192,085038,098776,-38307
0000000049,0000040000,091051,084879,028037,005192,082804,092776,-09967
0000000050,0000040833,091070,085520,027377,005192,081295,078002,019902
0000000051,0000041667,090857,086250,026860,005192,080654,055941,048368
0000000052,0000042500,090432,086999,026536,005192,080945,028742,072658
0000000053,0000043333,089836,087693,026439,005192,082143,-00943,090364
0000000054,0000044167,089128,088264,026576,005192,084127,-30198,099783
0000000055,0000045000,088377,088657,026934,005192,086703,-56172,099998
0000000056,0000045833,087657,088831,027479,005192,089620,-76296,090944
0000000057,0000046667,087038,088772,028157,005192,092593,-88626,073551
0000000058,0000047500,086580,088485,028902,005192,095330,-91962,049513
0000000059,0000048333,086330,087997,029640,005192,097562,-85933,021164
0000000060,0000049167,086310,087357,030300,005192,099073,-71173,-08703
0000000061,0000050000,086523,086627,030817,005192,099715,-49120,-37175
0000000062,0000050833,086949,085878,031140,005192,099421,-21909,-61448
0000000063,0000051667,087545,085184,031238,005192,098225,007773,-79165
0000000064,0000052500,088253,084613,031102,005192,096242,037033,-88599
0000000065,0000053333,089004,084220,030743,005192,093664,062993,-88784
0000000066,0000054167,089724,084045,030198,005192,090747,083126,-79745
0000000067,0000055000,090343,084104,029520,005192,087775,095470,-62362
0000000068,0000055833,090800,084391,028776,005192,085038,098776,-38307
0000000069,0000056667,091051,084879,028037,005192,082806,092762,-09964
0000000070,0000057500,091071,085520,027377,005192,081294,078014,019904
0000000071,0000058333,090857,086250,026860,005192,080654,055941,048368
0000000072,0000059167,090432,086999,026537,005192,080947,028738,072648
0000000073,0000060000,089836,087693,026438,005192,082142,-00944,090377
0000000074,0000060833,089128,088264,026576,005192,084127,-30198,099783
0000000075,0000061667,088377,088656,026934,005192,086703,-56163,099983
0000000076,0000062500,087657,088832,027479,005192,089620,-76308,090958
0000000077,0000063333,087038,088773,028157,005192,092593,-88626,073551
0000000078,0000064167,086581,088485,028901,005192,095329,-91947,049506
0000000079,0000065000,086330,087998,029640,005192,097563,-85947,021166
0000000080,0000065833,086310,087357,030300,005192,099073,-71173,-08702
0000000081,0000066667,086524,086627,030817,005192,099713,-49112,-37169
0000000082,0000067500,086949,085878,031140,005192,099423,-21913,-61459
0000000083,0000068333,087545,085184,031238,005192,098225,007773,-79165
0000000084,0000069167,088253,084613,031101,005192,096241,037028,-88584
0000000085,0000070000,089004,084220,030743,005192,093665,063002,-88799
0000000086,0000070833,089724,084045,030198,005192,090747,083126,-79745
0000000087,0000071667,090343,084104,029520,005192,087775,095456,-62352
0000000088,0000072500,090801,084391,028775,005192,085038,098791,-38314
0000000089,0000073333,091051,084879,028037,005192,082806,092762,-09964
0000000090,0000074167,091071,085520,027377,005192,081295,078002,019902
0000000091,0000075000,090857,086250,026860,005192,080653,055949,048375
0000000092,0000075833,090432,086999,026537,005192,080947,028738,072647
0000000093,0000076667,089836,087693,026439,005192,082143,-00943,090364
0000000094,0000077500,089128,088264,026575,005192,084126,-30204,099798
0000000095,0000078333,088377,088656,026934,005192,086703,-56163,099983
0000000096,0000079167,087657,088832,027479,005192,089621,-76296,090944
0000000097,0000080000,087038,088773,028157,005192,092593,-88641,073562
0000000098,0000080833,086581,088485,028901,005192,095329,-91947,049506
0000000099,0000081667,086330,087997,029640,005192,097562,-85933,021164
0000000100,0000082500,086310,087357,030300,005192,099074,-71184,-08705
0000000101,0000083333,086524,086627,030817,005192,099713,-49112,-37169
0000000102,0000084167,086949,085878,031140,005192,099421,-21909,-61448
0000000103,0000085000,087545,085184,031238,005192,098226,007774,-79178
0000000104,0000085833,088253,084613,031101,005192,096241,037028,-88584
0000000105,0000086667,089004,084221,030743,005192,093664,062993,-88784
0000000106,0000087500,089724,084045,030198,005192,090747,083138,-79758
0000000107,0000088333,090343,084104,029520,005192,087775,095456,-62352
0000000108,0000089167,090800,084392,028775,005192,085038,098776,-38307
0000000109,0000090000,091051,084879,028037,005192,082804,092776,-09967
0000000110,0000090833,091071,085520,027377,005192,081295,078002,019902
0000000111,0000091667,090857,086250,026860,005192,080654,055941,048368
0000000112,0000092500,090432,086999,026536,005192,080945,028742,072658
0000000113,0000093333,089836,087693,026439,005192,082143,-00943,090364
0000000114,0000094167,089128,088264,026576,005192,084127,-30198,099783
0000000115,0000095000,088377,088657,026934,005192,086703,-56172,099998
0000000116,0000095833,087657,088832,027479,005192,089620,-76296,090944
0000000117,0000096667,087038,088773,028157,005192,092593,-88626,073551
0000000118,0000097500,086580,088485,028901,005192,095330,-91962,049513
0000000119,0000098333,086330,087997,029640,005192,097562,-85933,021164
0000000120,0000099167,086311,087357,030300,005192,099073,-71173,-08703
0000000121,0000100000,086523,086627,030817,005192,099715,-49120,-37175
0000000122,0000100833,086949,085878,031140,005192,099421,-21909,-61448
0000000123,0000101667,087545,085184,031238,005192,098225,007773,-79165
0000000124,0000102500,088253,084613,031102,005192,096242,037033,-88599
0000000125,0000103333,089004,084221,030743,005192,093664,062993,-88784
0000000126,0000104167,089724,084045,030198,005192,090747,083126,-79745
0000000127,0000105000,090343,084104,029520,005192,087775,095470,-62362
0000000128,0000105833,090800,084392,028775,005192,085038,098776,-38307
0000000129,0000106667,091051,084879,028037,005192,082806,092762,-09964
0000000130,0000107500,091071,085520,027376,005192,081294,078014,019904
0000000131,0000108333,090857,086250,026860,005192,080654,055941,048368
0000000132,0000109167,090432,086999,026536,005192,080947,028738,072648
0000000133,0000110000,089836,087693,026438,005192,082142,-00944,090377
0000000134,0000110833,089128,088264,026575,005192,084127,-30198,099783
0000000135,0000111667,088377,088656,026934,005192,086703,-56163,099983
0000000136,0000112500,087657,088832,027479,005192,089620,-76308,090958
0000000137,0000113333,087038,088773,028157,005192,092593,-88626,073551
0000000138,0000114167,086581,088485,028901,005192,095329,-91947,049506
0000000139,0000115000,086330,087998,029640,005192,097563,-85947,021166
0000000140,0000115833,086311,087357,030300,005192,099073,-71173,-08702
0000000141,0000116667,086524,086627,030817,005192,099713,-49112,-37169
0000000142,0000117500,086949,085878,031140,005192,099423,-21913,-61459
0000000143,0000118333,087545,085184,031238,005192,098225,007773,-79165
0000000144,0000119167,088253,084613,031101,005192,096241,037028,-88584
0000000145,0000120000,089004,084220,030743,005192,093665,063002,-88799
0000000146,0000120833,089724,084045,030198,005192,090747,083126,-79745
0000000147,0000121667,090343,084104,029520,005192,087775,095456,-62352
0000000148,0000122500,090801,084391,028775,005192,085038,098791,-38314
0000000149,0000123333,091051,084879,028037,005192,082806,092762,-09964
0000000150,0000124167,091071,085520,027377,005192,081295,078002,019902
0000000151,0000125000,090858,086250,026859,005192,080653,055949,048375
0000000152,0000125833,090432,086999,026536,005192,080947,028738,072647
0000000153,0000126667,089836,087693,026438,005192,082143,-00943,090364
0000000154,0000127500,089128,088264,026575,005192,084126,-30204,099798
0000000155,0000128333,088377,088656,026934,005192,086703,-56163,099983
0000000156,0000129167,087657,088832,027479,005192,089621,-76296,090944
0000000157,0000130000,087038,088773,028157,005192,092593,-88641,073562
0000000158,0000130833,086581,088485,028901,005192,095329,-91947,049506
0000000159,0000131667,086330,087997,029640,005192,097562,-85933,021164
0000000160,0000132500,086310,087357,030300,005192,099074,-71184,-08705
0000000161,0000133333,086524,086627,030817,005192,099713,-49112,-37169
0000000162,0000134167,086949,085878,031140,005192,099421,-21909,-61448
0000000163,0000135000,087545,085184,031238,005192,098226,007774,-79178
0000000164,0000135833,088253,084613,031101,005192,096241,037028,-88584
0000000165,0000136667,089004,084221,030743,005192,093664,062993,-88784
0000000166,0000137500,089724,084045,030198,005192,090747,083138,-79758
0000000167,0000138333,090343,084104,029520,005192,087775,095456,-62352
0000000168,0000139167,090800,084392,028775,005192,085038,098776,-38307
0000000169,0000140000,091051,084879,028037,005192,082804,092776,-09967
0000000170,0000140833,091071,085520,027377,005192,081295,078002,019902
0000000171,0000141667,090857,086250,026860,005192,080654,055941,048368
0000000172,0000142500,090432,086999,026536,005192,080945,028742,072658
0000000173,0000143333,089836,087693,026438,005192,082143,-00943,090364
0000000174,0000144167,089128,088264,026575,005192,084127,-30198,099783
0000000175,0000145000,088377,088657,026934,005192,086703,-56172,099998
0000000176,0000145833,087657,088832,027479,005192,089620,-76296,090944
0000000177,0000146667,087038,088773,028157,005192,092593,-88626,073551
0000000178,0000147500,086580,088485,028901,005192,095330,-91962,049513
0000000179,0000148333,086330,087997,029640,005192,097562,-85933,021164
0000000180,0000149167,086311,087357,030300,005192,099073,-71173,-08703
0000000181,0000150000,086524,086627,030817,005192,099715,-49120,-37175
0000000182,0000150833,086949,085878,031140,005192,099421,-21909,-61448
0000000183,0000151667,087545,085184,031238,005192,098225,007773,-79165
0000000184,0000152500,088253,084613,031101,005192,096242,037033,-88599
0000000185,0000153333,089004,084221,030743,005192,093664,062993,-88784
0000000186,0000154167,089724,084045,030198,005192,090747,083126,-79745
0000000187,0000155000,090343,084104,029520,005192,087775,095470,-62362
0000000188,0000155833,090800,084392,028775,005192,085038,098776,-38307
0000000189,0000156667,091051,084879,028037,005192,082806,092762,-09964
0000000190,0000157500,091071,085520,027376,005192,081294,078014,019904
0000000191,0000158333,090857,086250,026860,005192,080654,055941,048368
0000000192,0000159167,090432,086999,026536,005192,080947,028738,072648
0000000193,0000160000,089836,087693,026438,005192,082142,-00944,090377
0000000194,0000160833,089128,088264,026575,005192,084127,-30198,099783
0000000195,0000161667,088377,088656,026934,005192,086703,-56163,099983
0000000196,0000162500,087657,088832,027479,005192,089620,-76308,090958
0000000197,0000163333,087038,088773,028157,005192,092593,-88626,073551
0000000198,0000164167,086581,088485,028901,005192,095329,-91947,049506
0000000199,0000165000,086330,087998,029640,005192,097563,-85947,021166
0000000200,0000165833,086311,087357,030300,005192,099073,-71173,-08703
0000000201,0000166667,086524,086627,030817,005192,099713,-49112,-37169
0000000202,0000167500,086949,085878,031140,005192,099422,-21913,-61459
0000000203,0000168333,087545,085184,031238,005192,098225,007773,-79165
0000000204,0000169167,088253,084613,031101,005192,096241,037028,-88584
0000000205,0000170000,089004,084220,030743,005192,093665,063002,-88799
0000000206,0000170833,089724,084045,030198,005192,090747,083126,-79745
0000000207,0000171667,090343,084104,029520,005192,087775,095456,-62352
0000000208,0000172500,090801,084391,028775,005192,085038,098791,-38314
0000000209,0000173333,091051,084880,028037,005192,082806,092762,-09964
0000000210,0000174167,091071,085520,027377,005192,081295,078002,019902
0000000211,0000175000,090858,086250,026859,005192,080653,055949,048375
0000000212,0000175833,090432,086999,026536,005192,080947,028738,072647
0000000213,0000176667,089836,087693,026438,005192,082143,-00943,090364
0000000214,0000177500,089128,088264,026575,005192,084126,-30204,099798
0000000215,0000178333,088377,088656,026934,005192,086703,-56163,099983
0000000216,0000179167,087657,088832,027479,005192,089621,-76296,090944
0000000217,0000180000,087038,088773,028157,005192,092593,-88641,073562
0000000218,0000180833,086581,088485,028901,005192,095329,-91947,049506
0000000219,0000181667,086330,087997,029640,005192,097562,-85933,021163
0000000220,0000182500,086310,087357,030300,005192,099074,-71184,-08705
0000000221,0000183333,086524,086627,030817,005192,099713,-49112,-37169
0000000222,0000184167,086949,085878,031140,005192,099421,-21909,-61448
0000000223,0000185000,087545,085184,031238,005192,098226,007774,-79178
0000000224,0000185833,088253,084613,031101,005192,096241,037028,-88584
0000000225,0000186667,089004,084221,030743,005192,093664,062993,-88784
0000000226,0000187500,089724,084045,030198,005192,090747,083138,-79758
0000000227,0000188333,090343,084104,029520,005192,087775,095456,-62352
0000000228,0000189167,090800,084392,028775,005192,085038,098776,-38307
0000000229,0000190000,091051,084879,028037,005192,082804,092776,-09967
0000000230,0000190833,091071,085520,027377,005192,081295,078002,019902
0000000231,0000191667,090857,086250,026860,005192,080654,055941,048368
0000000232,0000192500,090432,086999,026536,005192,080945,028742,072658
0000000233,0000193333,089836,087693,026438,005192,082143,-00943,090364
0000000234,0000194167,089128,088264,026575,005192,084127,-30198,099783
0000000235,0000195000,088377,088657,026934,005192,086703,-56172,099998
0000000236,0000195833,087657,088832,027479,005192,089620,-76296,090944
0000000237,0000196667,087038,088773,028157,005192,092593,-88626,073551
0000000238,0000197500,086580,088485,028901,005192,095330,-91962,049513
0000000239,0000198333,086330,087997,029640,005192,097562,-85933,021164
0000000240,0000199167,086311,087357,030300,005192,099073,-71173,-08703
0000000241,0000200000,086524,086627,030817,005192,099715,-49120,-37175
0000000242,0000200833,086949,085878,031140,005192,099421,-21909,-61448
0000000243,0000201667,087545,085184,031238,005192,098225,007773,-79165
0000000244,0000202500,088253,084613,031101,005192,096242,037033,-88599
0000000245,0000203333,089004,084221,030743,005192,093664,062993,-88784
0000000246,0000204167,089724,084045,030198,005192,090747,083126,-79745
0000000247,0000205000,090343,084104,029520,005192,087775,095470,-62362
0000000248,0000205833,090800,084392,028775,005192,085038,098776,-38307
0000000249,0000206667,091051,084880,028037,005192,082806,092762,-09964
0000000250,0000207500,091071,085520,027376,005192,081294,078014,019904
0000000251,0000208333,090857,086250,026860,005192,080654,055941,048368
0000000252,0000209167,090432,086999,026536,005192,080947,028738,072648
0000000253,0000210000,089836,087693,026438,005192,082142,-00944,090377
0000000254,0000210833,089128,088264,026575,005192,084127,-30198,099783
0000000255,0000211667,088377,088656,026934,005192,086703,-56163,099983
0000000256,0000212500,087657,088832,027479,005192,089620,-76308,090958
0000000257,0000213333,087038,088773,028157,005192,092593,-88626,073551
0000000258,0000214167,086581,088485,028901,005192,095329,-91947,049506
0000000259,0000215000,086330,087998,029640,005192,097563,-85947,021166
0000000260,0000215833,086311,087357,030300,005192,099073,-71173,-08703
0000000261,0000216667,086524,086627,030817,005192,099713,-49112,-37169
0000000262,0000217500,086949,085878,031140,005192,099422,-21913,-61459
0000000263,0000218333,087545,085184,031238,005192,098225,007773,-79165
0000000264,0000219167,088253,084613,031101,005192,096241,037028,-88584
0000000265,0000220000,089004,084220,030743,005192,093665,063002,-88799
0000000266,0000220833,089724,084045,030198,005192,090747,083126,-79745
0000000267,0000221667,090343,084104,029520,005192,087775,095456,-62352
0000000268,0000222500,090801,084391,028775,005192,085038,098791,-38314
0000000269,0000223333,091051,084880,028037,005192,082806,092762,-09964
0000000270,0000224167,091071,085520,027377,005192,081295,078002,019902
0000000271,0000225000,090858,086250,026859,005192,080653,055949,048375
0000000272,0000225833,090432,086999,026536,005192,080947,028738,072647
0000000273,0000226667,089836,087693,026438,005192,082143,-00943,090364
0000000274,0000227500,089128,088264,026575,005192,084126,-30204,099798
0000000275,0000228333,088377,088656,026934,005192,086703,-56163,099983
0000000276,0000229167,087657,088832,027479,005192,089621,-76296,090944
0000000277,0000230000,087038,088773,028157,005192,092593,-88641,073562
0000000278,0000230833,086581,088485,028901,005192,095329,-91947,049506
0000000279,0000231667,086330,087997,029640,005192,097562,-85933,021163
0000000280,0000232500,086310,087357,030300,005192,099074,-71184,-08705
0000000281,0000233333,086524,086627,030817,005192,099713,-49112,-37169
0000000282,0000234167,086949,085878,031140,005192,099421,-21909,-61448
0000000283,0000235000,087545,085184,031238,005192,098226,007774,-79178
0000000284,0000235833,088253,084613,031101,005192,096241,037028,-88584
0000000285,0000236667,089004,084221,030743,005192,093664,062993,-88784
0000000286,0000237500,089724,084045,030198,005192,090747,083138,-79758
0000000287,0000238333,090343,084104,029520,005192,087775,095456,-62352
0000000288,0000239167,090800,084392,028775,005192,085038,098776,-38307
0000000289,0000240000,091051,084879,028037,005192,082804,092776,-09967
0000000290,0000240833,091071,085520,027377,005192,081295,078002,019902
0000000291,0000241667,090857,086250,026860,005192,080654,055941,048368
0000000292,0000242500,090432,086999,026536,005192,080945,028742,072658
0000000293,0000243333,089836,087693,026438,005192,082143,-00943,090364
0000000294,0000244167,089128,088264,026575,005192,084127,-30198,099783
0000000295,0000245000,088377,088657,026934,005192,086703,-56172,099998
0000000296,0000245833,087657,088832,027479,005192,089620,-76296,090944
0000000297,0000246667,087038,088773,028157,005192,092593,-88626,073551
0000000298,0000247500,086580,088486,028901,005192,095330,-91962,049513
0000000299,0000248333,086330,087997,029640,005192,097562,-85933,021164
0000000300,0000249167,086310,087357,030300,005192,099073,-71173,-08703
0000000301,0000250000,086523,086627,030817,005192,099715,-49120,-37175
0000000302,0000250833,086949,085878,031140,005192,099421,-21909,-61448
0000000303,0000251667,087545,085184,031238,005192,098225,007773,-79165
0000000304,0000252500,088253,084613,031101,005192,096242,037033,-88599
0000000305,0000253333,089004,084221,030743,005192,093664,062993,-88784
0000000306,0000254167,089724,084045,030198,005192,090747,083126,-79745
0000000307,0000255000,090343,084104,029520,005192,087775,095470,-62362
0000000308,0000255833,090800,084392,028775,005192,085038,098776,-38307
0000000309,0000256667,091051,084880,028037,005192,082806,092762,-09964
0000000310,0000257500,091071,085520,027376,005192,081294,078014,019904
0000000311,0000258333,090857,086250,026860,005192,080654,055941,048368
0000000312,0000259167,090432,086999,026536,005192,080947,028738,072648
0000000313,0000260000,089836,087693,026438,005192,082142,-00944,090377
0000000314,0000260833,089128,088264,026575,005192,084127,-30198,099783
0000000315,0000261667,088377,088656,026934,005192,086703,-56163,099983
0000000316,0000262500,087657,088832,027479,005192,089620,-76308,090958
0000000317,0000263333,087038,088773,028157,005192,092593,-88626,073551
0000000318,0000264167,086581,088485,028901,005192,095329,-91947,049506
0000000319,0000265000,086330,087998,029640,005192,097563,-85947,021166
0000000320,0000265833,086310,087357,030300,005192,099073,-71173,-08703
0000000321,0000266667,086524,086627,030817,005192,099713,-49111,-37169
0000000322,0000267500,086949,085878,031140,005192,099422,-21913,-61459
0000000323,0000268333,087545,085184,031238,005192,098225,007773,-79165
0000000324,0000269167,088253,084613,031101,005192,096241,037028,-88584
0000000325,0000270000,089004,084220,030743,005192,093665,063002,-88799
0000000326,0000270833,089724,084045,030198,005192,090747,083126,-79745
0000000327,0000271667,090343,084104,029520,005192,087775,095456,-62352
0000000328,0000272500,090801,084391,028775,005192,085038,098791,-38314
0000000329,0000273333,091051,084880,028037,005192,082806,092762,-09964
0000000330,0000274167,091071,085520,027377,005192,081295,078002,019902
0000000331,0000275000,090857,086250,026859,005192,080653,055949,048375
0000000332,0000275833,090432,086999,026536,005192,080947,028738,072647
0000000333,0000276667,089836,087693,026438,005192,082143,-00943,090364
0000000334,0000277500,089128,088264,026575,005192,084126,-30204,099798
0000000335,0000278333,088377,088656,026934,005192,086703,-56163,099983
0000000336,0000279167,087657,088832,027479,005192,089621,-76296,090944
0000000337,0000280000,087038,088773,028157,005192,092593,-88641,073562
0000000338,0000280833,086581,088485,028901,005192,095329,-91947,049506
0000000339,0000281667,086330,087997,029640,005192,097562,-85933,021163
0000000340,0000282500,086310,087357,030300,005192,099074,-71184,-08705
0000000341,0000283333,086524,086627,030817,005192,099713,-49112,-37169
0000000342,0000284167,086949,085878,031140,005192,099421,-21909,-61448
0000000343,0000285000,087545,085184,031238,005192,098226,007774,-79178
0000000344,0000285833,088253,084613,031101,005192,096241,037028,-88584
0000000345,0000286667,089004,084221,030743,005192,093664,062993,-88784
0000000346,0000287500,089724,084045,030198,005192,090747,083138,-79758
0000000347,0000288333,090343,084104,029520,005192,087775,095456,-62352
0000000348,0000289167,090800,084392,028775,005192,085038,098776,-38307
0000000349,0000290000,091051,084879,028037,005192,082804,092776,-09967
0000000350,0000290833,091071,085520,027377,005192,081295,078002,019902
0000000351,0000291667,090857,086250,026860,005192,080654,055941,048368
0000000352,0000292500,090432,086999,026536,005192,080945,028742,072658
0000000353,0000293333,089836,087693,026438,005192,082143,-00943,090364
0000000354,0000294167,089128,088264,026575,005192,084127,-30198,099783
0000000355,0000295000,088377,088657,026934,005192,086703,-56172,099998
0000000356,0000295833,087657,088832,027479,005192,089620,-76296,090944
0000000357,0000296667,087038,088773,028157,005192,092593,-88626,073551
0000000358,0000297500,086580,088486,028901,005192,095330,-91962,049513
0000000359,0000298333,086330,087997,029640,005192,097562,-85933,021164
0000000360,0000299167,086310,087357,030300,005192,099073,-71173,-08703
0000000361,0000300000,086523,086627,030817,005192,099715,-49120,-37175
0000000362,0000300833,086949,085878,031140,005192,099421,-21909,-61448
0000000363,0000301667,087545,085184,031238,005192,098225,007773,-79165
0000000364,0000302500,088253,084613,031101,005192,096242,037033,-88599
0000000365,0000303333,089004,084221,030743,005192,093664,062993,-88784
0000000366,0000304167,089724,084045,030198,005192,090747,083126,-79745
0000000367,0000305000,090343,084104,029520,005192,087775,095470,-62362
0000000368,0000305833,090800,084392,028775,005192,085038,098776,-38307
0000000369,0000306667,091051,084880,028037,005192,082806,092762,-09964
0000000370,0000307500,091071,085520,027376,005192,081294,078014,019904
0000000371,0000308333,090857,086250,026860,005192,080654,055941,048368
0000000372,0000309167,090432,086999,026536,005192,080947,028738,072648
0000000373,0000310000,089836,087693,026438,005192,082142,-00944,090377
0000000374,0000310833,089128,088264,026575,005192,084127,-30198,099783
0000000375,0000311667,088377,088656,026934,005192,086703,-56163,099983
0000000376,0000312500,087657,088832,027479,005192,089620,-76308,090958
0000000377,0000313333,087038,088773,028157,005192,092593,-88626,073551
0000000378,0000314167,086581,088485,028901,005192,095329,-91947,049506
0000000379,0000315000,086330,087998,029640,005192,097563,-85947,021166
0000000380,0000315833,086310,087357,030300,005192,099073,-71173,-08703
0000000381,0000316667,086524,086627,030817,005192,099713,-49111,-37169
0000000382,0000317500,086949,085878,031140,005192,099422,-21913,-61459
0000000383,0000318333,087545,085184,031238,005192,098225,007773,-79165
0000000384,0000319167,088253,084613,031101,005192,096241,037028,-88584
0000000385,0000320000,089004,084220,030743,005192,093665,063002,-88799
0000000386,0000320833,089724,084045,030198,005192,090747,083125,-79745
0000000387,0000321667,090343,084104,029520,005192,087775,095456,-62352
0000000388,0000322500,090801,084391,028775,005192,085038,098791,-38314
0000000389,0000323333,091051,084880,028037,005192,082806,092762,-09964
0000000390,0000324167,091071,085520,027377,005192,081295,078002,019902
0000000391,0000325000,090857,086250,026859,005192,080653,055949,048375
0000000392,0000325833,090432,086999,026536,005192,080947,028738,072647
0000000393,0000326667,089836,087693,026438,005192,082143,-00943,090364
0000000394,0000327500,089128,088264,026575,005192,084126,-30204,099798
0000000395,0000328333,088377,088656,026934,005192,086703,-56163,099983
0000000396,0000329167,087657,088832,027479,005192,089621,-76296,090944
0000000397,0000330000,087038,088773,028157,005192,092593,-88641,073562
0000000398,0000330833,086581,088485,028901,005192,095329,-91947,049506
0000000399,0000331667,086330,087997,029640,005192,097562,-85933,021163
0000000400,0000332500,086310,087357,030300,005192,099074,-71184,-08705
0000000401,0000333333,086524,086627,030817,005192,099713,-49112,-37169
0000000402,0000334167,086949,085878,031140,005192,099421,-21909,-61448
0000000403,0000335000,087545,085184,031238,005192,098226,007774,-79178
0000000404,0000335833,088253,084613,031101,005192,096241,037028,-88584
0000000405,0000336667,089004,084221,030743,005192,093664,062993,-88784
0000000406,0000337500,089724,084045,030198,005192,090747,083138,-79758
0000000407,0000338333,090343,084104,029520,005192,087775,095456,-62352
0000000408,0000339167,090800,084392,028775,005192,085038,098776,-38307
0000000409,0000340000,091051,084879,028037,005192,082804,092776,-09967
0000000410,0000340833,091071,085520,027377,005192,081295,078002,019902
0000000411,0000341667,090857,086250,026860,005192,080654,055941,048368
0000000412,0000342500,090432,086999,026536,005192,080945,028742,072658
0000000413,0000343333,089836,087693,026438,005192,082143,-00943,090364
0000000414,0000344167,089128,088264,026575,005192,084127,-30198,099783
0000000415,0000345000,088377,088657,026934,005192,086703,-56172,099998
0000000416,0000345833,087657,088832,027479,005192,089620,-76296,090944
0000000417,0000346667,087038,088773,028157,005192,092593,-88626,073551
0000000418,0000347500,086580,088486,028901,005192,095330,-91962,049513
0000000419,0000348333,086330,087997,029640,005192,097562,-85933,021164
0000000420,0000349167,086310,087357,030300,005192,099073,-71173,-08703
0000000421,0000350000,086523,086627,030817,005192,099715,-49120,-37175
0000000422,0000350833,086949,085878,031140,005192,099421,-21909,-61448
0000000423,0000351667,087545,085184,031238,005192,098225,007773,-79165
0000000424,0000352500,088253,084613,031101,005192,096242,037033,-88599
0000000425,0000353333,089004,084221,030743,005192,093664,062993,-88784
0000000426,0000354167,089724,084045,030198,005192,090747,083126,-79745
0000000427,0000355000,090343,084104,029520,005192,087775,095470,-62362
0000000428,0000355833,090800,084392,028775,005192,085038,098776,-38307
0000000429,0000356667,091051,084880,028037,005192,082806,092762,-09964
0000000430,0000357500,091071,085520,027376,005192,081294,078014,019904
0000000431,0000358333,090857,086250,026860,005192,080654,055941,048368
0000000432,0000359167,090432,086999,026536,005192,080947,028738,072648
0000000433,0000360000,089836,087693,026438,005192,082142,-00944,090377
0000000434,0000360833,089128,088264,026575,005192,084127,-30198,099783
0000000435,0000361667,088377,088657,026934,005192,086703,-56163,099983
0000000436,0000362500,087657,088832,027478,005192,089620,-76308,090958
0000000437,0000363333,087038,088773,028157,005192,092593,-88626,073551
0000000438,0000364167,086581,088485,028901,005192,095329,-91947,049506
0000000439,0000365000,086330,087998,029640,005192,097563,-85947,021166
0000000440,0000365833,086310,087357,030300,005192,099073,-71173,-08703
0000000441,0000366667,086524,086627,030817,005192,099713,-49111,-37169
0000000442,0000367500,086949,085878,031140,005192,099422,-21913,-61459
0000000443,0000368333,087545,085184,031238,005192,098225,007773,-79165
0000000444,0000369167,088253,084613,031101,005192,096241,037028,-88584
0000000445,0000370000,089004,084220,030743,005192,093665,063002,-88799
0000000446,0000370833,089724,084045,030198,005192,090747,083125,-79745
0000000447,0000371667,090343,084104,029520,005192,087775,095456,-62352
0000000448,0000372500,090801,084391,028775,005192,085038,098791,-38314
0000000449,0000373333,091051,084880,028037,005192,082806,092762,-09964
0000000450,0000374167,091071,085520,027377,005192,081295,078002,019902
0000000451,0000375000,090857,086250,026859,005192,080653,055949,048375
0000000452,0000375833,090432,086999,026536,005192,080947,028738,072647
0000000453,0000376667,089836,087693,026438,005192,082143,-00943,090364
0000000454,0000377500,089128,088264,026575,005192,084126,-30204,099798
0000000455,0000378333,088377,088657,026934,005192,086703,-56163,099983
0000000456,0000379167,087657,088832,027479,005192,089621,-76296,090944
0000000457,0000380000,087038,088773,028157,005192,092593,-88641,073562
0000000458,0000380833,086581,088485,028901,005192,095329,-91947,049506
0000000459,0000381667,086330,087997,029640,005192,097562,-85933,021163
0000000460,0000382500,086310,087357,030300,005192,099074,-71184,-08705
0000000461,0000383333,086524,086627,030817,005192,099713,-49112,-37169
0000000462,0000384167,086949,085878,031140,005192,099421,-21909,-61448
0000000463,0000385000,087545,085184,031238,005192,098226,007774,-79178
0000000464,0000385833,088253,084613,031101,005192,096241,037028,-88584
0000000465,0000386667,089004,084221,030743,005192,093664,062993,-88784
0000000466,0000387500,089724,084045,030198,005192,090747,083138,-79758
0000000467,0000388333,090343,084104,029520,005192,087775,095456,-62352
0000000468,0000389167,090800,084392,028775,005192,085038,098776,-38307
0000000469,0000390000,091051,084879,028037,005192,082804,092776,-09967
0000000470,0000390833,091071,085520,027377,005192,081295,078002,019902
0000000471,0000391667,090857,086250,026860,005192,080654,055941,048368
0000000472,0000392500,090432,086999,026536,005192,080945,028742,072658
0000000473,0000393333,089836,087693,026438,005192,082143,-00943,090364
0000000474,0000394167,089128,088264,026575,005192,084127,-30198,099783
0000000475,0000395000,088377,088657,026934,005192,086703,-56172,099998
0000000476,0000395833,087657,088832,027479,005192,089620,-76296,090944
0000000477,0000396667,087038,088773,028157,005192,092593,-88626,073551
0000000478,0000397500,086580,088486,028901,005192,095330,-91962,049513
0000000479,0000398333,086330,087997,029640,005192,097562,-85933,021164
0000000480,0000399167,086310,087357,030300,005192,099073,-71173,-08703
0000000481,0000400000,086523,086627,030817,005192,099715,-49120,-37175
0000000482,0000400833,086949,085878,031140,005192,099421,-21909,-61448
0000000483,0000401667,087545,085184,031238,005192,098225,007773,-79165
0000000484,0000402500,088253,084613,031101,005192,096242,037033,-88599
0000000485,0000403333,089004,084221,030743,005192,093664,062993,-88784
0000000486,0000404167,089724,084045,030198,005192,090747,083126,-79745
0000000487,0000405000,090343,084104,029520,005192,087775,095470,-62362
0000000488,0000405833,090800,084392,028775,005192,085038,098776,-38307
0000000489,0000406667,091051,084880,028037,005192,082806,092762,-09964
0000000490,0000407500,091071,085520,027376,005192,081294,078014,019904
0000000491,0000408333,090857,086250,026860,005192,080654,055941,048368
0000000492,0000409167,090432,086999,026536,005192,080947,028738,072648
0000000493,0000410000,089836,087693,026438,005192,082142,-00944,090377
0000000494,0000410833,089128,088264,026575,005192,084127,-30198,099783
0000000495,0000411667,088377,088657,026934,005192,086703,-56163,099983
0000000496,0000412500,087657,088832,027478,005192,089620,-76308,090958
0000000497,0000413333,087038,088773,028157,005192,092593,-88626,073551
0000000498,0000414167,086581,088485,028901,005192,095329,-91947,049506
0000000499,0000415000,086330,087998,029640,005192,097563,-85947,021166
0000000500,0000415833,086310,087357,030300,005192,099073,-71173,-08703
0000000501,0000416667,086524,086627,030817,005192,099713,-49111,-37169
0000000502,0000417500,086949,085878,031140,005192,099422,-21913,-61459
0000000503,0000418333,087545,085184,031238,005192,098225,007773,-79165
0000000504,0000419167,088253,084613,031101,005192,096241,037028,-88584
0000000505,0000420000,089004,084220,030743,005192,093665,063002,-88799
0000000506,0000420833,089724,084045,030198,005192,090747,083125,-79745
0000000507,0000421667,090343,084104,029520,005192,087775,095456,-62352
0000000508,0000422500,090801,084391,028775,005192,085038,098791,-38314
0000000509,0000423333,091051,084880,028037,005192,082806,092762,-09964
0000000510,0000424167,091071,085520,027377,005192,081295,078002,019902
0000000511,0000425000,090857,086250,026859,005192,080653,055949,048375
0000000512,0000425833,090432,086999,026536,005192,080947,028738,072647
0000000513,0000426667,089836,087693,026438,005192,082143,-00943,090364
0000000514,0000427500,089128,088264,026575,005192,084126,-30204,099798
0000000515,0000428333,088377,088657,026934,005192,086703,-56163,099983
0000000516,0000429167,087657,088832,027479,005192,089621,-76296,090944
0000000517,0000430000,087038,088773,028156,005192,092593,-88641,073562
0000000518,0000430833,086581,088485,028901,005192,095329,-91947,049506
0000000519,0000431667,086330,087997,029640,005192,097562,-85933,021163
0000000520,0000432500,086310,087357,030300,005192,099074,-71184,-08705
0000000521,0000433333,086524,086627,030817,005192,099713,-49112,-37169
0000000522,0000434167,086949,085878,031140,005192,099421,-21909,-61448
0000000523,0000435000,087545,085184,031238,005192,098226,007774,-79178
0000000524,0000435833,088253,084613,031101,005192,096241,037028,-88584
0000000525,0000436667,089004,084221,030743,005192,093664,062993,-88784
0000000526,0000437500,089724,084045,030198,005192,090747,083138,-79758
0000000527,0000438333,090343,084104,029520,005192,087775,095456,-62352
0000000528,0000439167,090800,084392,028775,005192,085038,098776,-38307
0000000529,0000440000,091051,084879,028037,005192,082804,092776,-09967
0000000530,0000440833,091070,085520,027377,005192,081295,078002,019902
0000000531,0000441667,090857,086250,026860,005192,080654,055941,048368
0000000532,0000442500,090432,086999,026536,005192,080945,028742,072658
0000000533,0000443333,089836,087693,026438,005192,082143,-00943,090364
0000000534,0000444167,089128,088264,026575,005192,084127,-30198,099783
0000000535,0000445000,088377,088657,026934,005192,086703,-56172,099998
0000000536,0000445833,087657,088832,027479,005192,089620,-76296,090944
0000000537,0000446667,087038,088773,028157,005192,092593,-88626,073551
0000000538,0000447500,086580,088486,028901,005192,095330,-91962,049513
0000000539,0000448333,086330,087997,029640,005192,097562,-85933,021164
0000000540,0000449167,086310,087357,030300,005192,099073,-71173,-08703
0000000541,0000450000,086523,086627,030817,005192,099715,-49120,-37175
0000000542,0000450833,086949,085878,031140,005192,099421,-21909,-61448
0000000543,0000451667,087545,085184,031238,005192,098225,007773,-79165
0000000544,0000452500,088253,084613,031101,005192,096242,037033,-88599
0000000545,0000453333,089004,084221,030743,005192,093664,062993,-88784
0000000546,0000454167,089724,084045,030198,005192,090747,083126,-79745
0000000547,0000455000,090343,084104,029520,005192,087775,095470,-62362
0000000548,0000455833,090800,084392,028775,005192,085038,098776,-38307
0000000549,0000456667,091051,084880,028037,005192,082806,092762,-09964
0000000550,0000457500,091071,085520,027376,005192,081294,078014,019904
0000000551,0000458333,090857,086250,026860,005192,080654,055941,048368
0000000552,0000459167,090432,086999,026536,005192,080947,028738,072648
0000000553,0000460000,089836,087693,026438,005192,082142,-00944,090377
0000000554,0000460833,089128,088264,026575,005192,084127,-30198,099783
0000000555,0000461667,088377,088657,026934,005192,086703,-56163,099983
0000000556,0000462500,087657,088832,027478,005192,089620,-76308,090958
0000000557,0000463333,087038,088773,028157,005192,092593,-88626,073551
0000000558,0000464167,086581,088485,028901,005192,095329,-91947,049506
0000000559,0000465000,086330,087998,029640,005192,097563,-85947,021166
0000000560,0000465833,086310,087357,030300,005192,099073,-71173,-08703
0000000561,0000466667,086524,086627,030817,005192,099713,-49111,-37169
0000000562,0000467500,086949,085878,031140,005192,099422,-21913,-61459
0000000563,0000468333,087545,085184,031238,005192,098225,007773,-79165
0000000564,0000469167,088253,084613,031101,005192,096241,037028,-88584
0000000565,0000470000,089004,084220,030743,005192,093665,063002,-88799
0000000566,0000470833,089724,084045,030198,005192,090747,083125,-79745
0000000567,0000471667,090343,084104,029520,005192,087775,095456,-62352
0000000568,0000472500,090801,084391,028775,005192,085038,098791,-38314
0000000569,0000473333,091051,084880,028037,005192,082806,092762,-09964
0000000570,0000474167,091070,085520,027377,005192,081295,078002,019902
0000000571,0000475000,090857,086250,026859,005192,080653,055949,048375
0000000572,0000475833,090432,086999,026536,005192,080947,028738,072647
0000000573,0000476667,089836,087693,026438,005192,082143,-00943,090364
0000000574,0000477500,089128,088264,026575,005192,084126,-30204,099798
0000000575,0000478333,088377,088657,026934,005192,086703,-56163,099983
0000000576,0000479167,087657,088832,027479,005192,089621,-76296,090944
0000000577,0000480000,087038,088773,028156,005192,092593,-88641,073562
0000000578,0000480833,086581,088485,028901,005192,095329,-91947,049506
0000000579,0000481667,086330,087997,029640,005192,097562,-85933,021163
0000000580,0000482500,086310,087357,030300,005192,099074,-71184,-08705
0000000581,0000483333,086524,086627,030817,005192,099713,-49112,-37169
0000000582,0000484167,086949,085878,031140,005192,099421,-21909,-61448
0000000583,0000485000,087545,085184,031238,005192,098226,007774,-79178
0000000584,0000485833,088253,084613,031101,005192,096241,037028,-88584
0000000585,0000486667,089004,084221,030743,005192,093664,062993,-88784
0000000586,0000487500,089724,084045,030198,005192,090747,083138,-79758
0000000587,0000488333,090343,084104,029520,005192,087775,095456,-62352
0000000588,0000489167,090800,084392,028775,005192,085038,098776,-38307
0000000589,0000490000,091051,084879,028037,005192,082804,092776,-09967
0000000590,0000490833,091070,085520,027377,005192,081295,078002,019902
0000000591,0000491667,090857,086250,026860,005192,080654,055941,048368
0000000592,0000492500,090432,086999,026536,005192,080945,028742,072658
0000000593,0000493333,089836,087693,026438,005192,082143,-00943,090364
0000000594,0000494167,089128,088264,026575,005192,084127,-30198,099783
0000000595,0000495000,088377,088657,026934,005192,086703,-56172,099998
0000000596,0000495833,087657,088832,027479,005192,089620,-76296,090944
0000000597,0000496667,087038,088773,028157,005192,092593,-88626,073551
0000000598,0000497500,086580,088486,028901,005192,095330,-91962,049513
0000000599,0000498333,086330,087998,029640,005192,097562,-85933,021164
0000000600,0000499167,086310,087357,030300,005192,099073,-71173,-08703
0000000601,0000500000,086523,086627,030817,005192,099715,-49120,-37175
0000000602,0000500833,080945,079874,-10897,-48851,099760,-18537,-48774
0000000603,0000501667,078844,076486,-27785,-71230,098007,005606,-72600
0000000604,0000502500,078263,074625,-40496,-86383,095873,033351,-82931
0000000605,0000503333,078765,073991,-45181,-91200,093478,061102,-85992
0000000606,0000504167,080156,074503,-43385,-87500,090734,082984,-81669
0000000607,0000505000,082372,076186,-34340,-74557,087916,096840,-66637
0000000608,0000505833,085292,078975,-19393,-53900,085163,099998,-45103
0000000609,0000506667,088613,082568,-00281,-27874,082886,093543,-18250
0000000610,0000507500,091979,086576,021458,001238,081357,078615,010564
0000000611,0000508333,095054,090595,043605,030479,080763,057044,038627
0000000612,0000509167,097538,094232,064252,057248,081115,030436,063697
0000000613,0000510000,099254,097204,081211,078894,082324,000888,083194
0000000614,0000510833,099998,099189,092796,093208,084261,-28817,095250
0000000615,0000511667,099700,099998,097751,098674,086759,-55577,098458
0000000616,0000512500,098393,099559,095658,094835,089607,-76415,092512
0000000617,0000513333,096192,097896,086783,082096,092537,-89167,078008
0000000618,0000514167,093321,095179,072068,061793,095246,-92766,056412
0000000619,0000515000,090065,091681,052947,035918,097450,-87051,029847
0000000620,0000515833,086722,087719,031264,006930,098930,-72616,000892
0000000621,0000516667,083619,083683,009128,-22345,099550,-50753,-27607
0000000622,0000517500,081068,079972,-11254,-48989,099265,-23490,-52847
0000000623,0000518333,079328,076955,-27854,-70345,098097,006476,-72360
0000000624,0000519167,078574,074929,-39036,-84308,096150,036111,-84249
0000000625,0000520000,078864,074080,-43745,-89575,093614,062485,-87375
0000000626,0000520833,080163,074492,-41510,-85630,090741,083053,-81392
0000000627,0000521667,082349,076136,-32535,-72825,087818,095864,-66863
0000000628,0000522500,085209,078852,-17686,-52399,085130,099675,-45243
0000000629,0000523333,088464,082372,001606,-26333,082934,094035,-18661
0000000630,0000524167,091789,086339,023439,002792,081445,079482,010268
0000000631,0000525000,094857,090355,045674,032111,080809,057493,038735
0000000632,0000525833,097373,094035,066149,058783,081095,030244,063978
0000000633,0000526667,099098,097027,082870,080221,082275,000392,083516
0000000634,0000527500,099860,099041,094214,094340,084225,-29186,095431
0000000635,0000528333,099573,099870,099051,099721,086756,-55610,098523
0000000636,0000529167,098261,099427,096904,095818,089622,-76250,092502
0000000637,0000530000,096058,097759,088014,083057,092546,-89071,077999
0000000638,0000530833,093184,095033,073250,062693,095242,-92809,056418
0000000639,0000531667,089921,091517,054061,036725,097440,-87138,029856
0000000640,0000532500,086580,087552,032325,007683,098926,-72647,000905
0000000641,0000533333,083483,083518,010162,-21612,099555,-50710,-27598
0000000642,0000534167,080935,079812,-10243,-48272,099269,-23442,-52839
0000000643,0000535000,079191,076795,-26888,-69676,098097,006473,-72357
0000000644,0000535833,078428,074767,-38132,-83712,096148,036081,-84241
0000000645,0000536667,078715,073923,-42879,-89016,093613,062457,-87334
0000000646,0000537500,080017,074342,-40688,-85103,090741,083052,-81350
0000000647,0000538333,082205,075990,-31751,-72331,087818,095868,-66845
0000000648,0000539167,085064,078706,-16930,-51934,085128,099647,-45236
0000000649,0000540000,088316,082220,002319,-25919,082932,094017,-18662
0000000650,0000540833,091642,086184,024120,003171,081444,079492,010280
0000000651,0000541667,094715,090204,046331,032475,080811,057508,038755
0000000652,0000542500,097237,093889,066784,059135,081096,030249,063996
0000000653,0000543333,098962,096884,083479,080550,082272,000375,083528
0000000654,0000544167,099718,098896,094781,094620,084224,-29203,095423
0000000655,0000545000,099430,099728,099596,099979,086756,-55608,098529
0000000656,0000545833,098120,099290,097439,096075,089624,-76241,092525
0000000657,0000546667,095918,097625,088523,083291,092547,-89056,078009
0000000658,0000547500,093044,094899,073743,062912,095240,-92820,056423
0000000659,0000548333,089780,091381,054532,036919,097439,-87160,029858
0000000660,0000549167,086441,087413,032774,007853,098925,-72641,000911
0000000661,0000550000,083348,083381,010597,-21448,099556,-50695,-27583
0000000662,0000550833,080806,079677,-09825,-48117,099270,-23437,-52830
0000000663,0000551667,079067,076664,-26481,-69524,098095,006463,-72344
0000000664,0000552500,078303,074636,-37751,-83586,096146,036065,-84238
0000000665,0000553333,078590,073793,-42524,-88915,093613,062458,-87336
0000000666,0000554167,079896,074219,-40335,-84995,090743,083055,-81333
0000000667,0000555000,082085,075871,-31413,-72232,087819,095873,-66834
0000000668,0000555833,084945,078589,-16610,-51851,085128,099648,-45237
0000000669,0000556667,088196,082104,002629,-25845,082932,093998,-18661
0000000670,0000557500,091522,086068,024414,003230,081444,079489,010281
0000000671,0000558333,094598,090091,046618,032531,080811,057520,038765
0000000672,0000559167,097123,093778,067059,059185,081097,030254,064000
0000000673,0000560000,098851,096775,083746,080597,082272,000371,083531
0000000674,0000560833,099609,098789,095040,094664,084223,-29214,095430
0000000675,0000561667,099320,099620,099833,099998,086756,-55607,098524
0000000676,0000562500,098012,099186,097673,096096,089624,-76234,092531
0000000677,0000563333,095814,097525,088756,083320,092548,-89058,078022
0000000678,0000564167,092942,094800,073959,062926,095240,-92816,056422
0000000679,0000565000,089678,091282,054742,036928,097438,-87167,029858
0000000680,0000565833,086340,087315,032975,007855,098926,-72650,000913
0000000681,0000566667,083251,083285,010792,-21447,099556,-50687,-27576
0000000682,0000567500,080712,079583,-09636,-48116,099271,-23432,-52823
0000000683,0000568333,078975,076571,-26303,-69532,098095,006461,-72347
0000000684,0000569167,078215,074545,-37572,-83588,096145,036055,-84230
0000000685,0000570000,078502,073702,-42359,-88929,093612,062453,-87334
0000000686,0000570833,079809,074129,-40183,-85019,090743,083064,-81336
0000000687,0000571667,082002,075786,-31256,-72242,087820,095870,-66823
0000000688,0000572500,084863,078506,-16463,-51868,085128,099645,-45233
0000000689,0000573333,088115,082023,002766,-25871,082931,094000,-18663
0000000690,0000574167,091441,085988,024547,003202,081444,079480,010281
0000000691,0000575000,094518,090013,046745,032501,080812,057522,038767
0000000692,0000575833,097046,093703,067186,059160,081097,030260,064008
0000000693,0000576667,098774,096701,083863,080562,082273,000372,083527
0000000694,0000577500,099534,098716,095156,094630,084222,-29218,095430
0000000695,0000578333,099246,099548,099950,099970,086756,-55614,098532
0000000696,0000579167,097939,099114,097774,096052,089625,-76226,092526
0000000697,0000580000,095743,097455,088860,083283,092548,-89054,078024
0000000698,0000580833,092873,094733,074064,062895,095240,-92824,056429
0000000699,0000581667,089611,091215,054837,036888,097437,-87163,029857
0000000700,0000582500,086274,087248,033067,007814,098925,-72652,000914
0000000701,0000583333,083186,083219,010879,-21491,099557,-50690,-27576
0000000702,0000584167,080650,079519,-09547,-48153,099270,-23428,-52815
0000000703,0000585000,078914,076508,-26220,-69572,098095,006461,-72344
0000000704,0000585833,078154,074482,-37499,-83637,096146,036055,-84237
0000000705,0000586667,078445,073642,-42279,-88966,093612,062446,-87326
0000000706,0000587500,079752,074070,-40111,-85063,090743,083063,-81333
0000000707,0000588333,081946,075728,-31192,-72293,087820,095879,-66827
0000000708,0000589167,084809,078451,-16394,-51908,085128,099638,-45228
0000000709,0000590000,088062,081968,002829,-25915,082931,093997,-18662
0000000710,0000590833,091388,085935,024606,003155,081444,079484,010281
0000000711,0000591667,094466,089960,046801,032452,080812,057518,038765
0000000712,0000592500,096994,093652,067241,059113,081097,030261,064009
0000000713,0000593333,098725,096652,083920,080522,082272,000372,083534
0000000714,0000594167,099483,098667,095202,094577,084222,-29216,095423
0000000715,0000595000,099197,099501,099998,099921,086756,-55614,098531
0000000716,0000595833,097891,099068,097827,096011,089624,-76232,092534
0000000717,0000596667,095695,097408,088902,083230,092548,-89046,078021
0000000718,0000597500,092828,094687,074109,062848,095240,-92822,056430
0000000719,0000598333,089567,091170,054882,036844,097438,-87172,029860
0000000720,0000599167,086230,087204,033108,007767,098924,-72648,000915
0000000721,0000600000,083143,083175,010918,-21538,099557,-50690,-27575
0000000722,0000600833,080609,079477,-09516,-48205,099272,-23436,-52818
0000000723,0000601667,078874,076471,-26184,-69614,098095,006467,-72338
0000000724,0000602500,078114,074445,-37468,-83684,096145,036058,-84236
0000000725,0000603333,078401,073607,-42256,-89022,093613,062438,-87334
0000000726,0000604167,079710,074039,-40079,-85105,090742,083061,-81326
0000000727,0000605000,081905,075696,-31166,-72341,087820,095876,-66825
0000000728,0000605833,084768,078420,-16373,-51960,085128,099646,-45231
0000000729,0000606667,088023,081938,002854,-25960,082931,093998,-18660
0000000730,0000607500,088557,085393,026239,001414,081540,080066,008429
0000000731,0000608333,088690,086112,028838,004866,080502,055567,002660
0000000732,0000609167,088690,086177,028838,004930,080148,028333,-00888
0000000733,0000610000,088690,085952,028838,004706,079771,-00597,-04650
0000000734,0000610833,088690,086112,028838,004865,079392,-29737,-08441
0000000735,0000611667,088690,086168,028838,004921,079064,-54902,-11724
0000000736,0000612500,088690,086236,028838,004990,078778,-76949,-14577
0000000737,0000613333,088690,086376,028838,005130,078622,-88879,-16144
0000000738,0000614167,088690,086439,028838,005192,078586,-91728,-16506
0000000739,0000615000,088690,086439,028838,005192,078586,-91726,-16506
0000000740,0000615833,088690,086439,028838,005192,078586,-91726,-16504
0000000741,0000616667,088690,086439,028838,005192,078586,-91727,-16506
0000000742,0000617500,088690,086439,028838,005192,078586,-91727,-16506
0000000743,0000618333,088690,086439,028838,005192,078586,-91726,-16505
0000000744,0000619167,088690,086439,028838,005192,078586,-91726,-16506
0000000745,0000620000,088690,086439,028838,005192,078586,-91727,-16506
0000000746,0000620833,088690,086439,028838,005192,078586,-91726,-16506
0000000747,0000621667,088690,086439,028838,005192,078586,-91727,-16505
0000000748,0000622500,088690,086439,028838,005192,078586,-91727,-16506
0000000749,0000623333,088690,086439,028838,005192,078586,-91727,-16506
0000000750,0000624167,088690,086439,028838,005192,078586,-91727,-16505
0000000751,0000625000,088690,086439,028838,005192,078586,-91727,-16506
0000000752,0000625833,088690,086439,028838,005192,078586,-91727,-16506
0000000753,0000626667,088690,086439,028838,005192,078586,-91726,-16506
0000000754,0000627500,088690,086439,028838,005192,078586,-91727,-16506
0000000755,0000628333,088690,086439,028838,005192,078586,-91727,-16506
0000000756,0000629167,088690,086439,028838,005192,078586,-91727,-16506
0000000757,0000630000,088690,086439,028838,005192,078586,-91727,-16506
0000000758,0000630833,088690,086439,028838,005192,078586,-91727,-16506
0000000759,0000631667,088690,086439,028838,005192,078586,-91727,-16506
0000000760,0000632500,088690,086439,028838,005192,078586,-91727,-16506
0000000761,0000633333,088690,086439,028838,005192,078586,-91727,-16506
0000000762,0000634167,088690,086439,028838,005192,078586,-91727,-16506
0000000763,0000635000,088690,086439,028838,005192,078586,-91727,-16506
0000000764,0000635833,088690,086439,028838,005192,078586,-91727,-16506
0000000765,0000636667,088690,086439,028838,005192,078586,-91727,-16506
0000000766,0000637500,088690,086439,028838,005192,078586,-91727,-16506
0000000767,0000638333,088690,086439,028838,005192,078586,-91727,-16506
0000000768,0000639167,088690,086439,028838,005192,078586,-91727,-16506
0000000769,0000640000,088690,086439,028838,005192,078586,-91727,-16506
0000000770,0000640833,088690,086439,028838,005192,078586,-91727,-16506
0000000771,0000641667,088690,086439,028838,005192,078586,-91727,-16506
0000000772,0000642500,088690,086439,028838,005192,078586,-91727,-16506
0000000773,0000643333,088690,086439,028838,005192,078586,-91727,-16506
0000000774,0000644167,088690,086439,028838,005192,078586,-91727,-16506
0000000775,0000645000,088690,086439,028838,005192,078586,-91727,-16506
0000000776,0000645833,088690,086439,028838,005192,078586,-91727,-16506
0000000777,0000646667,088690,086439,028838,005192,078586,-91727,-16506
0000000778,0000647500,088690,086439,028838,005192,078586,-91727,-16506
0000000779,0000648333,088690,086439,028838,005192,078586,-91727,-16506
0000000780,0000649167,088690,086439,028838,005192,078586,-91727,-16506
0000000781,0000650000,088690,086439,028838,005192,078586,-91726,-16506
0000000782,0000650833,088690,086439,028838,005192,078586,-91726,-16506
0000000783,0000651667,088690,086439,028838,005192,078586,-91726,-16506
0000000784,0000652500,088690,086439,028838,005192,078586,-91726,-16506
0000000785,0000653333,088690,086439,028838,005192,078586,-91726,-16506
0000000786,0000654167,088690,086439,028838,005192,078586,-91726,-16506
0000000787,0000655000,088690,086439,028838,005192,078586,-91726,-16506
0000000788,0000655833,088690,086439,028838,005192,078586,-91726,-16506
0000000789,0000656667,088690,086439,028838,005192,078586,-91726,-16506
0000000790,0000657500,088690,086439,028838,005192,078586,-91726,-16506
0000000791,0000658333,088690,086439,028838,005192,078586,-91726,-16506
0000000792,0000659167,088690,086439,028838,005192,078586,-91726,-16506
0000000793,0000660000,088690,086439,028838,005192,078586,-91726,-16506
0000000794,0000660833,088690,086439,028838,005192,078586,-91726,-16506
0000000795,0000661667,088690,086439,028838,005192,078586,-91726,-16506
0000000796,0000662500,088690,086439,028838,005192,078586,-91726,-16506
0000000797,0000663333,088690,086439,028838,005192,078586,-91726,-16506
0000000798,0000664167,088690,086439,028838,005192,078586,-91726,-16506
0000000799,0000665000,088690,086439,028838,005192,078586,-91726,-16506
0000000800,0000665833,088690,086439,028838,005192,078586,-91726,-16506
0000000801,0000666667,088690,086439,028838,005192,078586,-91726,-16506
0000000802,0000667500,088690,086439,028838,005192,078586,-91726,-16506
0000000803,0000668333,088690,086439,028838,005192,078586,-91726,-16506
0000000804,0000669167,088690,086439,028838,005192,078586,-91726,-16506
0000000805,0000670000,088690,086439,028838,005192,078586,-91726,-16506
0000000806,0000670833,088690,086439,028838,005192,078586,-91726,-16506
0000000807,0000671667,088690,086439,028838,005192,078586,-91726,-16506
0000000808,0000672500,088690,086439,028838,005192,078586,-91726,-16506
0000000809,0000673333,088690,086439,028838,005192,078586,-91726,-16506
0000000810,0000674167,088690,086439,028838,005192,078586,-91726,-16506
0000000811,0000675000,088690,086439,028838,005192,078586,-91726,-16506
0000000812,0000675833,088690,086439,028838,005192,078586,-91726,-16506
0000000813,0000676667,088690,086439,028838,005192,078586,-91726,-16506
0000000814,0000677500,088690,086439,028838,005192,078586,-91726,-16506
0000000815,0000678333,088690,086439,028838,005192,078586,-91726,-16506
0000000816,0000679167,088690,086439,028838,005192,078586,-91726,-16506
0000000817,0000680000,088690,086439,028838,005192,078586,-91726,-16506
0000000818,0000680833,088690,086439,028838,005192,078586,-91726,-16506
0000000819,0000681667,088690,086439,028838,005192,078586,-91726,-16506
0000000820,0000682500,088690,086439,028838,005192,078586,-91726,-16506
0000000821,0000683333,088690,086439,028838,005192,078586,-91726,-16506
0000000822,0000684167,088690,086439,028838,005192,078586,-91726,-16506
0000000823,0000685000,088690,086439,028838,005192,078586,-91726,-16506
0000000824,0000685833,088690,086439,028838,005192,078586,-91726,-16506
0000000825,0000686667,088690,086439,028838,005192,078586,-91726,-16506
0000000826,0000687500,088690,086439,028838,005192,078586,-91726,-16506
0000000827,0000688333,088690,086439,028838,005192,078586,-91726,-16506
0000000828,0000689167,088690,086439,028838,005192,078586,-91726,-16506
0000000829,0000690000,088690,086439,028838,005192,078586,-91726,-16506
0000000830,0000690833,088690,086439,028838,005192,078586,-91726,-16506
0000000831,0000691667,088690,086439,028838,005192,078586,-91726,-16506
0000000832,0000692500,088690,086439,028838,005192,078586,-91726,-16506
0000000833,0000693333,088690,086439,028838,005192,078586,-91726,-16506
0000000834,0000694167,088690,086439,028838,005192,078586,-91726,-16506
0000000835,0000695000,088690,086439,028838,005192,078586,-91726,-16506
0000000836,0000695833,088690,086439,028838,005192,078586,-91726,-16506
0000000837,0000696667,088690,086439,028838,005192,078586,-91726,-16506
0000000838,0000697500,088690,086439,028838,005192,078586,-91726,-16506
0000000839,0000698333,088690,086439,028838,005192,078586,-91726,-16506
0000000840,0000699167,088690,086439,028838,005192,078586,-91726,-16506
0000000841,0000700000,088690,086439,028838,005192,078586,-91726,-16506
0000000842,0000700833,088690,086439,028838,005192,078586,-91726,-16506
0000000843,0000701667,088690,086439,028838,005192,078586,-91726,-16506
0000000844,0000702500,088690,086439,028838,005192,078586,-91726,-16506
0000000845,0000703333,088690,086439,028838,005192,078586,-91726,-16506
0000000846,0000704167,088690,086439,028838,005192,078586,-91726,-16506
0000000847,0000705000,088690,086439,028838,005192,078586,-91726,-16506
0000000848,0000705833,088690,086439,028838,005192,078586,-91726,-16506
0000000849,0000706667,088690,086439,028838,005192,078586,-91726,-16506
0000000850,0000707500,088690,086439,028838,005192,078586,-91726,-16505
0000000851,0000708333,088690,086439,028838,005192,078586,-91726,-16505
0000000852,0000709167,088690,086439,028838,005192,078586,-91726,-16505
0000000853,0000710000,088690,086439,028838,005192,078586,-91726,-16505
0000000854,0000710833,088690,086439,028838,005192,078586,-91726,-16505
0000000855,0000711667,088690,086439,028838,005192,078586,-91726,-16505
0000000856,0000712500,088690,086439,028838,005192,078586,-91726,-16505
0000000857,0000713333,088690,086439,028838,005192,078586,-91726,-16505
0000000858,0000714167,088690,086439,028838,005192,078586,-91726,-16505
0000000859,0000715000,088690,086439,028838,005192,078586,-91726,-16505
0000000860,0000715833,088690,086439,028838,005192,078586,-91726,-16505
0000000861,0000716667,088690,086439,028838,005192,078586,-91726,-16505
0000000862,0000717500,088690,086439,028838,005192,078586,-91726,-16505
0000000863,0000718333,088690,086439,028838,005192,078586,-91726,-16505
0000000864,0000719167,088690,086439,028838,005192,078586,-91726,-16505
0000000865,0000720000,088690,086439,028838,005192,078586,-91726,-16505
0000000866,0000720833,088690,086439,028838,005192,078586,-91726,-16505
0000000867,0000721667,088690,086439,028838,005192,078586,-91726,-16505
0000000868,0000722500,088690,086439,028838,005192,078586,-91726,-16505
0000000869,0000723333,088690,086439,028838,005192,078586,-91726,-16505
0000000870,0000724167,088690,086439,028838,005192,078586,-91726,-16505
0000000871,0000725000,088690,086439,028838,005192,078586,-91726,-16505
0000000872,0000725833,088690,086439,028838,005192,078586,-91726,-16505
0000000873,0000726667,088690,086439,028838,005192,078586,-91726,-16505
0000000874,0000727500,088690,086439,028838,005192,078586,-91726,-16505
0000000875,0000728333,088690,086439,028838,005192,078586,-91726,-16505
0000000876,0000729167,088690,086439,028838,005192,078586,-91726,-16505
0000000877,0000730000,088690,086439,028838,005192,078586,-91726,-16505
0000000878,0000730833,088690,086439,028838,005192,078586,-91726,-16505
0000000879,0000731667,088690,086439,028838,005192,078586,-91726,-16505
0000000880,0000732500,088690,086439,028838,005192,078586,-91726,-16505
0000000881,0000733333,088690,086439,028838,005192,078586,-91726,-16505
0000000882,0000734167,088690,086439,028838,005192,078586,-91726,-16505
0000000883,0000735000,088690,086439,028838,005192,078586,-91726,-16505
0000000884,0000735833,088690,086439,028838,005192,078586,-91726,-16505
0000000885,0000736667,088690,086439,028838,005192,078586,-91726,-16505
0000000886,0000737500,088690,086439,028838,005192,078586,-91726,-16505
0000000887,0000738333,088690,086439,028838,005192,078586,-91726,-16505
0000000888,0000739167,088690,086439,028838,005192,078586,-91726,-16505
0000000889,0000740000,088690,086439,028838,005192,078586,-91726,-16505
0000000890,0000740833,088690,086439,028838,005192,078586,-91726,-16505
0000000891,0000741667,088690,086439,028838,005192,078586,-91726,-16505
0000000892,0000742500,088690,086439,028838,005192,078586,-91726,-16505
0000000893,0000743333,088690,086439,028838,005192,078586,-91726,-16505
0000000894,0000744167,088690,086439,028838,005192,078586,-91726,-16505
0000000895,0000745000,088690,086439,028838,005192,078586,-91726,-16505
0000000896,0000745833,088690,086439,028838,005192,078586,-91726,-16505
0000000897,0000746667,088690,086439,028838,005192,078586,-91726,-16505
0000000898,0000747500,088690,086439,028838,005192,078586,-91726,-16505
0000000899,0000748333,088690,086439,028838,005192,078586,-91726,-16505
0000000900,0000749167,088690,086439,028838,005192,078586,-91726,-16505
0000000901,0000750000,088690,086439,028838,005192,078586,-91726,-16505
0000000902,0000750833,088690,086439,028838,005192,078586,-91726,-16505
0000000903,0000751667,088690,086439,028838,005192,078586,-91726,-16505
0000000904,0000752500,088690,086439,028838,005192,078586,-91726,-16505
0000000905,0000753333,088690,086439,028838,005192,078586,-91726,-16505
0000000906,0000754167,088690,086439,028838,005192,078586,-91726,-16505
0000000907,0000755000,088690,086439,028838,005192,078586,-91726,-16505
0000000908,0000755833,088690,086439,028838,005192,078586,-91726,-16505
0000000909,0000756667,088690,086439,028838,005192,078586,-91726,-16505
0000000910,0000757500,088690,086439,028838,005192,078586,-91726,-16505
0000000911,0000758333,088690,086439,028838,005192,078586,-91726,-16505
0000000912,0000759167,088690,086439,028838,005192,078586,-91726,-16505
0000000913,0000760000,088690,086439,028838,005192,078586,-91726,-16505
0000000914,0000760833,088690,086439,028838,005192,078586,-91726,-16505
0000000915,0000761667,088690,086439,028838,005192,078586,-91726,-16505
0000000916,0000762500,088690,086439,028838,005192,078586,-91726,-16505
0000000917,0000763333,088690,086439,028838,005192,078586,-91726,-16505
0000000918,0000764167,088690,086439,028838,005192,078586,-91726,-16505
0000000919,0000765000,088690,086439,028838,005192,078586,-91726,-16505
0000000920,0000765833,088690,086439,028838,005192,078586,-91726,-16505
0000000921,0000766667,088690,086439,028838,005192,078586,-91726,-16505
0000000922,0000767500,088690,086439,028838,005192,078586,-91726,-16505
0000000923,0000768333,088690,086439,028838,005192,078586,-91726,-16505
0000000924,0000769167,088690,086439,028838,005192,078586,-91726,-16505
0000000925,0000770000,088690,086439,028838,005192,078586,-91726,-16505
0000000926,0000770833,088690,086439,028838,005192,078586,-91726,-16505
0000000927,0000771667,088690,086439,028838,005192,078586,-91726,-16505
0000000928,0000772500,088690,086439,028838,005192,078586,-91726,-16505
0000000929,0000773333,088690,086439,028838,005192,078586,-91726,-16505
0000000930,0000774167,088690,086439,028838,005192,078586,-91726,-16505
0000000931,0000775000,088690,086439,028838,005192,078586,-91726,-16505
0000000932,0000775833,088690,086439,028838,005192,078586,-91726,-16505
0000000933,0000776667,088690,086439,028838,005192,078586,-91726,-16505
0000000934,0000777500,088690,086439,028838,005192,078586,-91726,-16505
0000000935,0000778333,088690,086439,028838,005192,078586,-91726,-16505
0000000936,0000779167,088690,086439,028838,005192,078586,-91726,-16505
0000000937,0000780000,088690,086439,028838,005192,078586,-91726,-16505
0000000938,0000780833,088690,086439,028838,005192,078586,-91726,-16505
0000000939,0000781667,088690,086439,028838,005192,078586,-91726,-16505
0000000940,0000782500,088690,086439,028838,005192,078586,-91726,-16505
0000000941,0000783333,088690,086439,028838,005192,078586,-91726,-16505
0000000942,0000784167,088690,086439,028838,005192,078586,-91726,-16505
0000000943,0000785000,088690,086439,028838,005192,078586,-91726,-16505
0000000944,0000785833,088690,086439,028838,005192,078586,-91726,-16505
0000000945,0000786667,088690,086439,028838,005192,078586,-91726,-16505
0000000946,0000787500,088690,086439,028838,005192,078586,-91726,-16505
0000000947,0000788333,088690,086439,028838,005192,078586,-91726,-16505
0000000948,0000789167,088690,086439,028838,005192,078586,-91726,-16505
0000000949,0000790000,088690,086439,028838,005192,078586,-91726,-16505
0000000950,0000790833,088690,086439,028838,005192,078586,-91726,-16505
0000000951,0000791667,088690,086439,028838,005192,078586,-91726,-16505
0000000952,0000792500,088690,086439,028838,005192,078586,-91726,-16505
0000000953,0000793333,088690,086439,028838,005192,078586,-91726,-16505
0000000954,0000794167,088690,086439,028838,005192,078586,-91726,-16505
0000000955,0000795000,088690,086439,028838,005192,078586,-91726,-16505
0000000956,0000795833,088690,086439,028838,005192,078586,-91726,-16505
0000000957,0000796667,088690,086439,028838,005192,078586,-91726,-16505
0000000958,0000797500,088690,086439,028838,005192,078586,-91726,-16505
0000000959,0000798333,088690,086439,028838,005192,078586,-91726,-16505
0000000960,0000799167,088690,086439,028838,005192,078586,-91726,-16505
0000000961,0000800000,088690,086439,028838,005192,078586,-91726,-16505
0000000962,0000800833,088690,086439,028838,005192,078586,-91726,-16505
0000000963,0000801667,088690,086439,028838,005192,078586,-91726,-16505
0000000964,0000802500,088690,086439,028838,005192,078586,-91726,-16505
0000000965,0000803333,088690,086439,028838,005192,078586,-91726,-16505
0000000966,0000804167,088690,086439,028838,005192,078586,-91726,-16505
0000000967,0000805000,088690,086439,028838,005192,078586,-91726,-16505
0000000968,0000805833,088690,086439,028838,005192,078586,-91726,-16505
0000000969,0000806667,088690,086439,028838,005192,078586,-91726,-16505
0000000970,0000807500,088690,086439,028838,005192,078586,-91726,-16505
0000000971,0000808333,088690,086439,028838,005192,078586,-91726,-16505
0000000972,0000809167,088690,086439,028838,005192,078586,-91726,-16505
0000000973,0000810000,088690,086439,028838,005192,078586,-91726,-16505
0000000974,0000810833,088690,086439,028838,005192,078586,-91726,-16505
0000000975,0000811667,088690,086439,028838,005192,078586,-91726,-16505
0000000976,0000812500,088690,086439,028838,005192,078586,-91726,-16505
0000000977,0000813333,088690,086439,028838,005192,078586,-91726,-16505
0000000978,0000814167,088690,086439,028838,005192,078586,-91726,-16505
0000000979,0000815000,088690,086439,028838,005192,078586,-91726,-16505
0000000980,0000815833,088690,086439,028838,005192,078586,-91726,-16505
0000000981,0000816667,088690,086439,028838,005192,078586,-91726,-16505
0000000982,0000817500,088690,086439,028838,005192,078586,-91726,-16505
0000000983,0000818333,088690,086439,028838,005192,078586,-91726,-16505
0000000984,0000819167,088690,086439,028838,005192,078586,-91726,-16505
0000000985,0000820000,088690,086439,028838,005192,078586,-91726,-16505
0000000986,0000820833,088690,086439,028838,005192,078586,-91726,-16505
0000000987,0000821667,088690,086439,028838,005192,078586,-91726,-16505
0000000988,0000822500,088690,086439,028838,005192,078586,-91726,-16505
0000000989,0000823333,088690,086439,028838,005192,078586,-91726,-16505
0000000990,0000824167,088690,086439,028838,005192,078586,-91726,-16505
0000000991,0000825000,088690,086439,028838,005192,078586,-91726,-16505
0000000992,0000825833,088690,086439,028838,005192,078586,-91726,-16505
0000000993,0000826667,088690,086439,028838,005192,078586,-91726,-16505
0000000994,0000827500,088690,086439,028838,005192,078586,-91726,-16505
0000000995,0000828333,088690,086439,028838,005192,078586,-91726,-16505
0000000996,0000829167,088690,086439,028838,005192,078586,-91726,-16505
0000000997,0000830000,088690,086439,028838,005192,078586,-91726,-16505
0000000998,0000830833,088690,086439,028838,005192,078586,-91726,-16505
0000000999,0000831667,088690,086439,028838,005192,078586,-91726,-16505
0000001000,0000832500,088690,086439,028838,005192,078586,-91726,-16505
0000001001,0000833333,088690,086439,028838,005192,078586,-91726,-16505
0000001002,0000834167,088690,086439,028838,005192,078586,-91726,-16505
0000001003,0000835000,088690,086439,028838,005192,078586,-91726,-16505
0000001004,0000835833,088690,086439,028838,005192,078586,-91726,-16505
0000001005,0000836667,088690,086439,028838,005192,078586,-91726,-16505
0000001006,0000837500,088690,086439,028838,005192,078586,-91726,-16505
0000001007,0000838333,088690,086439,028838,005192,078586,-91726,-16505
0000001008,0000839167,088690,086439,028838,005192,078586,-91726,-16505
0000001009,0000840000,088690,086439,028838,005192,078586,-91726,-16505
0000001010,0000840833,088690,086439,028838,005192,078586,-91726,-16505
0000001011,0000841667,088690,086439,028838,005192,078586,-91726,-16505
0000001012,0000842500,088690,086439,028838,005192,078586,-91726,-16505
0000001013,0000843333,088690,086439,028838,005192,078586,-91726,-16505
0000001014,0000844167,088690,086439,028838,005192,078586,-91726,-16505
0000001015,0000845000,088690,086439,028838,005192,078586,-91726,-16505
0000001016,0000845833,088690,086439,028838,005192,078586,-91726,-16505
0000001017,0000846667,088690,086439,028838,005192,078586,-91726,-16505
0000001018,0000847500,088690,086439,028838,005192,078586,-91726,-16505
0000001019,0000848333,088690,086439,028838,005192,078586,-91726,-16505
0000001020,0000849167,088690,086439,028838,005192,078586,-91726,-16505
0000001021,0000850000,088690,086439,028838,005192,078586,-91726,-16505
0000001022,0000850833,088690,086439,028838,005192,078586,-91726,-16505
0000001023,0000851667,088690,086439,028838,005192,078586,-91726,-16505
0000001024,0000852500,088690,086439,028838,005192,078586,-91726,-16505
0000001025,0000853333,088690,086439,028838,005192,078586,-91726,-16505
0000001026,0000854167,088690,086439,028838,005192,078586,-91726,-16505
0000001027,0000855000,088690,086439,028838,005192,078586,-91726,-16505
0000001028,0000855833,088690,086439,028838,005192,078586,-91726,-16505
0000001029,0000856667,088690,086439,028838,005192,078586,-91726,-16505
0000001030,0000857500,088690,086439,028838,005192,078586,-91726,-16505
0000001031,0000858333,088690,086439,028838,005192,078586,-91726,-16505
0000001032,0000859167,088690,086439,028838,005192,078586,-91726,-16505
0000001033,0000860000,088690,086439,028838,005192,078586,-91726,-16505
0000001034,0000860833,088690,086439,028838,005192,078586,-91726,-16505
0000001035,0000861667,088690,086439,028838,005192,078586,-91726,-16505
0000001036,0000862500,088690,086439,028838,005192,078586,-91726,-16505
0000001037,0000863333,088690,086439,028838,005192,078586,-91726,-16505
0000001038,0000864167,088690,086439,028838,005192,078586,-91726,-16505
0000001039,0000865000,088690,086439,028838,005192,078586,-91726,-16505
0000001040,0000865833,088690,086439,028838,005192,078586,-91726,-16505
0000001041,0000866667,088690,086439,028838,005192,078586,-91726,-16505
0000001042,0000867500,088690,086439,028838,005192,078586,-91726,-16505
0000001043,0000868333,088690,086439,028838,005192,078586,-91726,-16505
0000001044,0000869167,088690,086439,028838,005192,078586,-91726,-16505
0000001045,0000870000,088690,086439,028838,005192,078586,-91726,-16505
0000001046,0000870833,088690,086439,028838,005192,078586,-91726,-16505
0000001047,0000871667,088690,086439,028838,005192,078586,-91726,-16505
0000001048,0000872500,088690,086439,028838,005192,078586,-91726,-16505
0000001049,0000873333,088690,086439,028838,005192,078586,-91726,-16505
0000001050,0000874167,088690,086439,028838,005192,078586,-91726,-16505
0000001051,0000875000,088690,086439,028838,005192,078586,-91726,-16505
0000001052,0000875833,088690,086439,028838,005192,078586,-91726,-16505
0000001053,0000876667,088690,086439,028838,005192,078586,-91726,-16505
0000001054,0000877500,088690,086439,028838,005192,078586,-91726,-16505
0000001055,0000878333,088690,086439,028838,005192,078586,-91726,-16505
0000001056,0000879167,088690,086439,028838,005192,078586,-91726,-16505
0000001057,0000880000,088690,086439,028838,005192,078586,-91726,-16505
0000001058,0000880833,088690,086439,028838,005192,078586,-91726,-16505
0000001059,0000881667,088690,086439,028838,005192,078586,-91726,-16505
0000001060,0000882500,088690,086439,028838,005192,078586,-91726,-16505
0000001061,0000883333,088690,086439,028838,005192,078586,-91726,-16505
0000001062,0000884167,088690,086439,028838,005192,078586,-91726,-16505
0000001063,0000885000,088690,086439,028838,005192,078586,-91726,-16505
0000001064,0000885833,088690,086439,028838,005192,078586,-91726,-16505
0000001065,0000886667,088690,086439,028838,005192,078586,-91726,-16505
0000001066,0000887500,088690,086439,028838,005192,078586,-91726,-16505
0000001067,0000888333,088690,086439,028838,005192,078586,-91726,-16505
0000001068,0000889167,088690,086439,028838,005192,078586,-91726,-16505
0000001069,0000890000,088690,086439,028838,005192,078586,-91726,-16505
0000001070,0000890833,088690,086439,028838,005192,078586,-91726,-16505
0000001071,0000891667,088690,086439,028838,005192,078586,-91726,-16505
0000001072,0000892500,088690,086439,028838,005192,078586,-91725,-16505
0000001073,0000893333,088690,086439,028838,005192,078586,-91725,-16505
0000001074,0000894167,088690,086439,028838,005192,078586,-91725,-16505
0000001075,0000895000,088690,086439,028838,005192,078586,-91725,-16505
0000001076,0000895833,088690,086439,028838,005192,078586,-91725,-16505
0000001077,0000896667,088690,086439,028838,005192,078586,-91725,-16505
0000001078,0000897500,088690,086439,028838,005192,078586,-91725,-16505
0000001079,0000898333,088690,086439,028838,005192,078586,-91725,-16505
0000001080,0000899167,088690,086439,028838,005192,078586,-91725,-16505
0000001081,0000900000,088690,086439,028838,005192,078586,-91725,-16505
0000001082,0000900833,088690,086439,028838,005192,078586,-91725,-16505
0000001083,0000901667,088690,086439,028838,005192,078586,-91725,-16505
0000001084,0000902500,088690,086439,028838,005192,078586,-91725,-16505
0000001085,0000903333,088690,086439,028838,005192,078586,-91725,-16505
0000001086,0000904167,088690,086439,028838,005192,078586,-91725,-16505
0000001087,0000905000,088690,086439,028838,005192,078586,-91725,-16505
0000001088,0000905833,088690,086439,028838,005192,078586,-91725,-16505
0000001089,0000906667,088690,086439,028838,005192,078586,-91725,-16505
0000001090,0000907500,088690,086439,028838,005192,078586,-91725,-16505
0000001091,0000908333,088690,086439,028838,005192,078586,-91725,-16505
0000001092,0000909167,088690,086439,028838,005192,078586,-91725,-16505
0000001093,0000910000,088690,086439,028838,005192,078586,-91725,-16505
0000001094,0000910833,088690,086439,028838,005192,078586,-91725,-16505
0000001095,0000911667,088690,086439,028838,005192,078586,-91725,-16505
0000001096,0000912500,088690,086439,028838,005192,078586,-91725,-16505
0000001097,0000913333,088690,086439,028838,005192,078586,-91725,-16505
0000001098,0000914167,088690,086439,028838,005192,078586,-91725,-16505
0000001099,0000915000,088690,086439,028838,005192,078586,-91725,-16505
0000001100,0000915833,088690,086439,028838,005192,078586,-91725,-16505
0000001101,0000916667,088690,086439,028838,005192,078586,-91725,-16505
0000001102,0000917500,088690,086439,028838,005192,078586,-91725,-16505
0000001103,0000918333,088690,086439,028838,005192,078586,-91725,-16505
0000001104,0000919167,088690,086439,028838,005192,078586,-91725,-16505
0000001105,0000920000,088690,086439,028838,005192,078586,-91725,-16505
0000001106,0000920833,088690,086439,028838,005192,078586,-91725,-16505
0000001107,0000921667,088690,086439,028838,005192,078586,-91725,-16505
0000001108,0000922500,088690,086439,028838,005192,078586,-91725,-16505
0000001109,0000923333,088690,086439,028838,005192,078586,-91725,-16505
0000001110,0000924167,088690,086439,028838,005192,078586,-91725,-16505
0000001111,0000925000,088690,086439,028838,005192,078586,-91725,-16505
0000001112,0000925833,088690,086439,028838,005192,078586,-91725,-16505
0000001113,0000926667,088690,086439,028838,005192,078586,-91725,-16505
0000001114,0000927500,088690,086439,028838,005192,078586,-91725,-16505
0000001115,0000928333,088690,086439,028838,005192,078586,-91725,-16505
0000001116,0000929167,088690,086439,028838,005192,078586,-91725,-16505
0000001117,0000930000,088690,086439,028838,005192,078586,-91725,-16505
0000001118,0000930833,088690,086439,028838,005192,078586,-91725,-16505
0000001119,0000931667,088690,086439,028838,005192,078586,-91725,-16505
0000001120,0000932500,088690,086439,028838,005192,078586,-91725,-16505
0000001121,0000933333,088690,086439,028838,005192,078586,-91725,-16505
0000001122,0000934167,088690,086439,028838,005192,078586,-91725,-16505
0000001123,0000935000,088690,086439,028838,005192,078586,-91725,-16505
0000001124,0000935833,088690,086439,028838,005192,078586,-91725,-16505
0000001125,0000936667,088690,086439,028838,005192,078586,-91725,-16505
0000001126,0000937500,088690,086439,028838,005192,078586,-91725,-16505
0000001127,0000938333,088690,086439,028838,005192,078586,-91725,-16505
0000001128,0000939167,088690,086439,028838,005192,078586,-91725,-16505
0000001129,0000940000,088690,086439,028838,005192,078586,-91725,-16505
0000001130,0000940833,088690,086439,028838,005192,078586,-91725,-16505
0000001131,0000941667,088690,086439,028838,005192,078586,-91725,-16505
0000001132,0000942500,088690,086439,028838,005192,078586,-91725,-16505
0000001133,0000943333,088690,086439,028838,005192,078586,-91725,-16505
0000001134,0000944167,088690,086439,028838,005192,078586,-91725,-16505
0000001135,0000945000,088690,086439,028838,005192,078586,-91725,-16505
0000001136,0000945833,088690,086439,028838,005192,078586,-91725,-16505
0000001137,0000946667,088690,086439,028838,005192,078586,-91725,-16505
0000001138,0000947500,088690,086439,028838,005192,078586,-91725,-16505
0000001139,0000948333,088690,086439,028838,005192,078586,-91725,-16505
0000001140,0000949167,088690,086439,028838,005192,078586,-91725,-16505
0000001141,0000950000,088690,086439,028838,005192,078586,-91725,-16505
0000001142,0000950833,088690,086439,028838,005192,078586,-91725,-16505
0000001143,0000951667,088690,086439,028838,005192,078586,-91725,-16505
0000001144,0000952500,088690,086439,028838,005192,078586,-91725,-16505
0000001145,0000953333,088690,086439,028838,005192,078586,-91725,-16505
0000001146,0000954167,088690,086439,028838,005192,078586,-91725,-16505
0000001147,0000955000,088690,086439,028838,005192,078586,-91725,-16505
0000001148,0000955833,088690,086439,028838,005192,078586,-91725,-16505
0000001149,0000956667,088690,086439,028838,005192,078586,-91725,-16505
0000001150,0000957500,088690,086439,028838,005192,078586,-91725,-16505
0000001151,0000958333,088690,086439,028838,005192,078586,-91725,-16505
0000001152,0000959167,088690,086439,028838,005192,078586,-91725,-16505
0000001153,0000960000,088690,086439,028838,005192,078586,-91725,-16505
0000001154,0000960833,088690,086439,028838,005192,078586,-91725,-16505
0000001155,0000961667,088690,086439,028838,005192,078586,-91725,-16505
0000001156,0000962500,088690,086439,028838,005192,078586,-91725,-16505
0000001157,0000963333,088690,086439,028838,005192,078586,-91725,-16505
0000001158,0000964167,088690,086439,028838,005192,078586,-91725,-16505
0000001159,0000965000,088690,086439,028838,005192,078586,-91725,-16505
0000001160,0000965833,088690,086439,028838,005192,078586,-91725,-16505
0000001161,0000966667,088690,086439,028838,005192,078586,-91725,-16505
0000001162,0000967500,088690,086439,028838,005192,078586,-91725,-16505
0000001163,0000968333,088690,086439,028838,005192,078586,-91725,-16505
0000001164,0000969167,088690,086439,028838,005192,078586,-91725,-16505
0000001165,0000970000,088690,086439,028838,005192,078586,-91725,-16505
0000001166,0000970833,088690,086439,028838,005192,078586,-91725,-16505
0000001167,0000971667,088690,086439,028838,005192,078586,-91725,-16505
0000001168,0000972500,088690,086439,028838,005192,078586,-91725,-16505
0000001169,0000973333,088690,086439,028838,005192,078586,-91725,-16505
0000001170,0000974167,088690,086439,028838,005192,078586,-91725,-16505
0000001171,0000975000,088690,086439,028838,005192,078586,-91725,-16505
0000001172,0000975833,088690,086439,028838,005192,078586,-91725,-16505
0000001173,0000976667,088690,086439,028838,005192,078586,-91725,-16505
0000001174,0000977500,088690,086439,028838,005192,078586,-91725,-16505
0000001175,0000978333,088690,086439,028838,005192,078586,-91725,-16505
0000001176,0000979167,088690,086439,028838,005192,078586,-91725,-16505
0000001177,0000980000,088690,086439,028838,005192,078586,-91725,-16505
0000001178,0000980833,088690,086439,028838,005192,078586,-91725,-16505
0000001179,0000981667,088690,086439,028838,005192,078586,-91725,-16505
0000001180,0000982500,088690,086439,028838,005192,078586,-91725,-16505
0000001181,0000983333,088690,086439,028838,005192,078586,-91725,-16505
0000001182,0000984167,088690,086439,028838,005192,078586,-91725,-16505
0000001183,0000985000,088690,086439,028838,005192,078586,-91725,-16505
0000001184,0000985833,088690,086439,028838,005192,078586,-91725,-16505
0000001185,0000986667,088690,086439,028838,005192,078586,-91725,-16505
0000001186,0000987500,088690,086439,028838,005192,078586,-91725,-16505
0000001187,0000988333,088690,086439,028838,005192,078586,-91725,-16505
0000001188,0000989167,088690,086439,028838,005192,078586,-91725,-16505
0000001189,0000990000,088690,086439,028838,005192,078586,-91725,-16505
0000001190,0000990833,088690,086439,028838,005192,078586,-91725,-16505
0000001191,0000991667,088690,086439,028838,005192,078586,-91725,-16505
0000001192,0000992500,088690,086439,028838,005192,078586,-91725,-16505
0000001193,0000993333,088690,086439,028838,005192,078586,-91725,-16505
0000001194,0000994167,088690,086439,028838,005192,078586,-91725,-16505
0000001195,0000995000,088690,086439,028838,005192,078586,-91725,-16505
0000001196,0000995833,088690,086439,028838,005192,078586,-91725,-16505
0000001197,0000996667,088690,086439,028838,005192,078586,-91725,-16505
0000001198,0000997500,088690,086439,028838,005192,078586,-91725,-16505
0000001199,0000998333,088690,086439,028838,005192,078586,-91725,-16505
0000001200,0000999167,088690,086439,028838,005192,078586,-91725,-16505
0000001201,0001000000,088690,086439,028838,005192,078586,-91725,-16505
0000001202,0001000833,088690,086439,028838,005192,078586,-91725,-16505
0000001203,0001001667,088690,086439,028838,005192,078586,-91725,-16505
0000001204,0001002500,088690,086439,028838,005192,078586,-91725,-16505
0000001205,0001003333,088690,086439,028838,005192,078586,-91725,-16505
0000001206,0001004167,088690,086439,028838,005192,078586,-91725,-16505
0000001207,0001005000,088690,086439,028838,005192,078586,-91725,-16505
0000001208,0001005833,088690,086439,028838,005192,078586,-91725,-16505
0000001209,0001006667,088690,086439,028838,005192,078586,-91725,-16505
0000001210,0001007500,088690,086439,028838,005192,078586,-91725,-16505
0000001211,0001008333,088690,086439,028838,005192,078586,-91725,-16505
0000001212,0001009167,088690,086439,028838,005192,078586,-91725,-16505
0000001213,0001010000,088690,086439,028838,005192,078586,-91725,-16505
0000001214,0001010833,088690,086439,028838,005192,078586,-91725,-16505
0000001215,0001011667,088690,086439,028838,005192,078586,-91725,-16505
0000001216,0001012500,088690,086439,028838,005192,078586,-91725,-16505
0000001217,0001013333,088690,086439,028838,005192,078586,-91725,-16505
0000001218,0001014167,088690,086439,028838,005192,078586,-91725,-16505
0000001219,0001015000,088690,086439,028838,005192,078586,-91725,-16505
0000001220,0001015833,088690,086439,028838,005192,078586,-91725,-16505
0000001221,0001016667,088690,086439,028838,005192,078586,-91725,-16505
0000001222,0001017500,088690,086439,028838,005192,078586,-91725,-16505
0000001223,0001018333,088690,086439,028838,005192,078586,-91725,-16505
0000001224,0001019167,088690,086439,028838,005192,078586,-91725,-16505
0000001225,0001020000,088690,086439,028838,005192,078586,-91725,-16505
0000001226,0001020833,088690,086439,028838,005192,078586,-91725,-16505
0000001227,0001021667,088690,086439,028838,005192,078586,-91725,-16505
0000001228,0001022500,088690,086439,028838,005192,078586,-91725,-16505
0000001229,0001023333,088690,086439,028838,005192,078586,-91725,-16505
0000001230,0001024167,088690,086439,028838,005192,078586,-91725,-16505
0000001231,0001025000,088690,086439,028838,005192,078586,-91725,-16505
0000001232,0001025833,088690,086439,028838,005192,078586,-91725,-16505
0000001233,0001026667,088690,086439,028838,005192,078586,-91725,-16505
0000001234,0001027500,088690,086439,028838,005192,078586,-91725,-16505
0000001235,0001028333,088690,086439,028838,005192,078586,-91725,-16505
0000001236,0001029167,088690,086439,028838,005192,078586,-91725,-16505
0000001237,0001030000,088690,086439,028838,005192,078586,-91725,-16505
0000001238,0001030833,088690,086439,028838,005192,078586,-91725,-16505
0000001239,0001031667,088690,086439,028838,005192,078586,-91725,-16505
0000001240,0001032500,088690,086439,028838,005192,078586,-91725,-16505
0000001241,0001033333,088690,086439,028838,005192,078586,-91725,-16505
0000001242,0001034167,088690,086439,028838,005192,078586,-91725,-16505
0000001243,0001035000,088690,086439,028838,005192,078586,-91725,-16505
0000001244,0001035833,088690,086439,028838,005192,078586,-91725,-16505
0000001245,0001036667,088690,086439,028838,005192,078586,-91725,-16505
0000001246,0001037500,088690,086439,028838,005192,078586,-91725,-16505
0000001247,0001038333,088690,086439,028838,005192,078586,-91725,-16505
0000001248,0001039167,088690,086439,028838,005192,078586,-91725,-16505
0000001249,0001040000,088690,086439,028838,005192,078586,-91725,-16505
0000001250,0001040833,088690,086439,028838,005192,078586,-91725,-16505
0000001251,0001041667,088690,086439,028838,005192,078586,-91725,-16505
0000001252,0001042500,088690,086439,028838,005192,078586,-91725,-16505
0000001253,0001043333,088690,086439,028838,005192,078586,-91725,-16505
0000001254,0001044167,088690,086439,028838,005192,078586,-91725,-16505
0000001255,0001045000,088690,086439,028838,005192,078586,-91725,-16505
0000001256,0001045833,088690,086439,028838,005192,078586,-91725,-16505
0000001257,0001046667,088690,086439,028838,005192,078586,-91725,-16505
0000001258,0001047500,088690,086439,028838,005192,078586,-91725,-16505
0000001259,0001048333,088690,086439,028838,005192,078586,-91725,-16505
0000001260,0001049167,088690,086439,028838,005192,078586,-91725,-16505
0000001261,0001050000,088690,086439,028838,005192,078586,-91725,-16505
0000001262,0001050833,088690,086439,028838,005192,078586,-91725,-16505
0000001263,0001051667,088690,086439,028838,005192,078586,-91725,-16505
0000001264,0001052500,088690,086439,028838,005192,078586,-91725,-16505
0000001265,0001053333,088690,086439,028838,005192,078586,-91725,-16505
0000001266,0001054167,088690,086439,028838,005192,078586,-91725,-16505
0000001267,0001055000,088690,086439,028838,005192,078586,-91725,-16505
0000001268,0001055833,088690,086439,028838,005192,078586,-91725,-16505
0000001269,0001056667,088690,086439,028838,005192,078586,-91725,-16505
0000001270,0001057500,088690,086439,028838,005192,078586,-91725,-16505
0000001271,0001058333,088690,086439,028838,005192,078586,-91725,-16505
0000001272,0001059167,088690,086439,028838,005192,078586,-91725,-16505
0000001273,0001060000,088690,086439,028838,005192,078586,-91725,-16505
0000001274,0001060833,088690,086439,028838,005192,078586,-91725,-16505
0000001275,0001061667,088690,086439,028838,005192,078586,-91725,-16505
0000001276,0001062500,088690,086439,028838,005192,078586,-91725,-16505
0000001277,0001063333,088690,086439,028838,005192,078586,-91725,-16505
0000001278,0001064167,088690,086439,028838,005192,078586,-91725,-16505
0000001279,0001065000,088690,086439,028838,005192,078586,-91725,-16505
0000001280,0001065833,088690,086439,028838,005192,078586,-91725,-16505
0000001281,0001066667,088690,086439,028838,005192,078586,-91725,-16505
0000001282,0001067500,088690,086439,028838,005192,078586,-91725,-16505
0000001283,0001068333,088690,086439,028838,005192,078586,-91725,-16505
0000001284,0001069167,088690,086439,028838,005192,078586,-91725,-16505
0000001285,0001070000,088690,086439,028838,005192,078586,-91725,-16505
0000001286,0001070833,088690,086439,028838,005192,078586,-91725,-16505
0000001287,0001071667,088690,086439,028838,005192,078586,-91725,-16505
0000001288,0001072500,088690,086439,028838,005192,078586,-91725,-16505
0000001289,0001073333,088690,086439,028838,005192,078586,-91725,-16505
0000001290,0001074167,088690,086439,028838,005192,078586,-91725,-16505
0000001291,0001075000,088690,086439,028838,005192,078586,-91725,-16505
0000001292,0001075833,088690,086439,028838,005192,078586,-91725,-16505
0000001293,0001076667,088690,086439,028838,005192,078586,-91725,-16505
0000001294,0001077500,088690,086439,028838,005192,078586,-91725,-16505
0000001295,0001078333,088690,086439,028838,005192,078586,-91725,-16505
0000001296,0001079167,088690,086439,028838,005192,078586,-91725,-16505
0000001297,0001080000,088690,086439,028838,005192,078586,-91725,-16505
0000001298,0001080833,088690,086439,028838,005192,078586,-91725,-16505
0000001299,0001081667,088690,086439,028838,005192,078586,-91725,-16505
0000001300,0001082500,088690,086439,028838,005192,078586,-91725,-16505
0000001301,0001083333,088690,086439,028838,005192,078586,-91725,-16505
0000001302,0001084167,088690,086439,028838,005192,078586,-91725,-16505
0000001303,0001085000,088690,086439,028838,005192,078586,-91725,-16505
0000001304,0001085833,088690,086439,028838,005192,078586,-91725,-16505
0000001305,0001086667,088690,086439,028838,005192,078586,-91725,-16505
0000001306,0001087500,088690,086439,028838,005192,078586,-91725,-16505
0000001307,0001088333,088690,086439,028838,005192,078586,-91725,-16505
0000001308,0001089167,088690,086439,028838,005192,078586,-91725,-16505
0000001309,0001090000,088690,086439,028838,005192,078586,-91725,-16505
0000001310,0001090833,088690,086439,028838,005192,078586,-91725,-16505
0000001311,0001091667,088690,086439,028838,005192,078586,-91725,-16505
0000001312,0001092500,088690,086439,028838,005192,078586,-91725,-16505
0000001313,0001093333,088690,086439,028838,005192,078586,-91725,-16505
0000001314,0001094167,088690,086439,028838,005192,078586,-91725,-16505
0000001315,0001095000,088690,086439,028838,005192,078586,-91725,-16505
0000001316,0001095833,088690,086439,028838,005192,078586,-91725,-16505
0000001317,0001096667,088690,086439,028838,005192,078586,-91725,-16505
0000001318,0001097500,088690,086439,028838,005192,078586,-91725,-16505
0000001319,0001098333,088690,086439,028838,005192,078586,-91725,-16505
0000001320,0001099167,088690,086439,028838,005192,078586,-91725,-16505
0000001321,0001100000,088690,086439,028838,005192,078586,-91725,-16505
0000001322,0001100833,088690,086439,028838,005192,092164,-32963,-49558
0000001323,0001101667,088690,086439,028838,005192,094956,018780,-51761
0000001324,0001102500,088690,086439,028838,005192,094574,062629,-46805
0000001325,0001103333,088690,086439,028838,005192,091612,085400,-49740
0000001326,0001104167,088690,086439,028838,005192,089002,087710,-66324
0000001327,0001105000,088690,086439,028838,005192,085411,090213,-59789
0000001328,0001105833,088690,086439,028838,005192,083015,094938,-35042
0000001329,0001106667,088690,086439,028838,005192,082477,097184,-01605
0000001330,0001107500,088690,086439,028838,005192,082470,090768,034147
0000001331,0001108333,088690,086439,028838,005192,081991,068412,061626
0000001332,0001109167,088690,086439,028838,005192,081500,031984,075955
0000001333,0001110000,088690,086439,028838,005192,082254,-08019,081087
0000001334,0001110833,088690,086439,028838,005192,083891,-40220,087579
0000001335,0001111667,088690,086439,028838,005192,086871,-63076,090268
0000001336,0001112500,088690,086439,028838,005192,090355,-78682,085126
0000001337,0001113333,088690,086439,028838,005192,093642,-88283,070111
0000001338,0001114167,088690,086439,028838,005192,096129,-92323,045755
0000001339,0001115000,088690,086439,028838,005192,098145,-89859,013171
0000001340,0001115833,088690,086439,028838,005192,099328,-76834,-17942
0000001341,0001116667,088690,086439,028838,005192,099998,-53076,-44289
0000001342,0001117500,088690,086439,028838,005192,099994,-22856,-65511
0000001343,0001118333,088690,086439,028838,005192,099011,009506,-80296
0000001344,0001119167,088690,086439,028838,005192,096882,039512,-87998
0000001345,0001120000,088690,086439,028838,005192,094195,064418,-89129
0000001346,0001120833,088690,086439,028838,005192,091048,082640,-81661
0000001347,0001121667,088690,086439,028838,005192,087831,094103,-64346
0000001348,0001122500,088690,086439,028838,005192,085090,097634,-39845
0000001349,0001123333,088690,086439,028838,005192,082939,092723,-10159
0000001350,0001124167,088690,086439,028838,005192,081437,078528,020574
0000001351,0001125000,088690,086439,028838,005192,080695,056263,049163
0000001352,0001125833,088690,086439,028838,005192,080912,028024,072288
0000001353,0001126667,088690,086439,028838,005192,082001,-02261,089520
0000001354,0001127500,088690,086439,028838,005192,083948,-31614,098834
0000001355,0001128333,088690,086439,028838,005192,086580,-56815,099735
0000001356,0001129167,088690,086439,028838,005192,089602,-75975,091464
0000001357,0001130000,088690,086439,028838,005192,092590,-87685,074711
0000001358,0001130833,088690,086439,028838,005192,095311,-91167,050339
0000001359,0001131667,088690,086439,028838,005192,097498,-85564,021464
0000001360,0001132500,088690,086439,028838,005192,098973,-70963,-08570
0000001361,0001133333,088690,086439,028838,005192,099625,-48736,-36891
0000001362,0001134167,088690,086439,028838,005192,099375,-21220,-60888
0000001363,0001135000,088690,086439,028838,005192,098200,008710,-78269
0000001364,0001135833,088690,086439,028838,005192,096205,037835,-87714
0000001365,0001136667,088690,086439,028838,005192,093608,063290,-88366
0000001366,0001137500,088690,086439,028838,005192,090656,083016,-79588
0000001367,0001138333,088690,086439,028838,005192,087688,095166,-62279
0000001368,0001139167,088690,086439,028838,005192,084982,098547,-38085
0000001369,0001140000,088690,086439,028838,005192,082783,092611,-09640
0000001370,0001140833,088690,086439,028838,005192,081286,077878,020302
0000001371,0001141667,088690,086439,028838,005192,080660,055693,048586
0000001372,0001142500,088690,086439,028838,005192,080950,028363,072675
0000001373,0001143333,088690,086439,028838,005192,082151,-01359,090247
0000001374,0001144167,088690,086439,028838,005192,084150,-30488,099659
0000001375,0001145000,088690,086439,028838,005192,086746,-56278,099883
0000001376,0001145833,088690,086439,028838,005192,089670,-76257,090861
0000001377,0001146667,088690,086439,028838,005192,092637,-88519,073388
0000001378,0001147500,088690,086439,028838,005192,095366,-91829,049241
0000001379,0001148333,088690,086439,028838,005192,097583,-85808,020828
0000001380,0001149167,088690,086439,028838,005192,099081,-71012,-09047
0000001381,0001150000,088690,086439,028838,005192,099715,-48902,-37458
0000001382,0001150833,088690,086439,028838,005192,099419,-21649,-61643
0000001383,0001151667,088690,086439,028838,005192,098212,008039,-79244
0000001384,0001152500,088690,086439,028838,005192,096223,037229,-88618
0000001385,0001153333,088690,086439,028838,005192,093639,063105,-88758
0000001386,0001154167,088690,086439,028838,005192,090719,083144,-79646
0000001387,0001155000,088690,086439,028838,005192,087749,095404,-62190
0000001388,0001155833,088690,086439,028838,005192,085021,098671,-38087
0000001389,0001156667,088690,086439,028838,005192,082798,092612,-09691
0000001390,0001157500,088690,086439,028838,005192,081296,077814,020169
0000001391,0001158333,088690,086439,028838,005192,080662,055707,048583
0000001392,0001159167,088690,086439,028838,005192,080961,028473,072780
0000001393,0001160000,088690,086439,028838,005192,082162,-01197,090423
0000001394,0001160833,088690,086439,028838,005192,084151,-30409,099769
0000001395,0001161667,088690,086439,028838,005192,086731,-56302,099891
0000001396,0001162500,088690,086439,028838,005192,089647,-76360,090799
0000001397,0001163333,088690,086439,028838,005192,092617,-88619,073344
0000001398,0001164167,088690,086439,028838,005192,095346,-91865,049249
0000001399,0001165000,088690,086439,028838,005192,097571,-85795,020889
0000001400,0001165833,088690,086439,028838,005192,099074,-70974,-08958
0000001401,0001166667,088690,086439,028838,005192,099706,-48860,-37373
0000001402,0001167500,088690,086439,028838,005192,099407,-21637,-61584
0000001403,0001168333,088690,086439,028838,005192,098204,008035,-79223
0000001404,0001169167,088690,086439,028838,005192,096215,037250,-88552
0000001405,0001170000,088690,086439,028838,005192,093637,063155,-88680
0000001406,0001170833,088690,086439,028838,005192,090720,083212,-79568
0000001407,0001171667,088690,086439,028838,005192,087751,095454,-62112
0000001408,0001172500,088690,086439,028838,005192,085020,098703,-38036
0000001409,0001173333,088690,086439,028838,005192,082795,092616,-09687
0000001410,0001174167,088690,086439,028838,005192,081293,077787,020153
0000001411,0001175000,088690,086439,028838,005192,080660,055690,048571
0000001412,0001175833,088690,086439,028838,005192,080960,028472,072783
0000001413,0001176667,088690,086439,028838,005192,082163,-01198,090415
0000001414,0001177500,088690,086439,028838,005192,084151,-30417,099758
0000001415,0001178333,088690,086439,028838,005192,086730,-56323,099880
0000001416,0001179167,088690,086439,028838,005192,089647,-76378,090764
0000001417,0001180000,088690,086439,028838,005192,092616,-88634,073322
0000001418,0001180833,088690,086439,028838,005192,095348,-91875,049244
0000001419,0001181667,088690,086439,028838,005192,097573,-85778,020893
0000001420,0001182500,088690,086439,028838,005192,099077,-70963,-08954
0000001421,0001183333,088690,086439,028838,005192,099709,-48860,-37376
0000001422,0001184167,088690,086439,028838,005192,099408,-21637,-61585
0000001423,0001185000,088690,086439,028838,005192,098205,008034,-79228
0000001424,0001185833,088690,086439,028838,005192,096217,037252,-88564
0000001425,0001186667,088690,086439,028838,005192,093637,063153,-88673
0000001426,0001187500,088690,086439,028838,005192,090721,083215,-79568
0000001427,0001188333,088690,086439,028838,005192,087751,095461,-62121
0000001428,0001189167,088690,086439,028838,005192,085021,098690,-38040
0000001429,0001190000,088690,086439,028838,005192,082794,092607,-09696
0000001430,0001190833,088690,086439,028838,005192,081292,077788,020148
0000001431,0001191667,088690,086439,028838,005192,080660,055684,048564
0000001432,0001192500,088690,086439,028838,005192,080960,028471,072782
0000001433,0001193333,088690,086439,028838,005192,082163,-01198,090422
0000001434,0001194167,088690,086439,028838,005192,084151,-30413,099752
0000001435,0001195000,088690,086439,028838,005192,086730,-56323,099880
0000001436,0001195833,088690,086439,028838,005192,089647,-76384,090772
0000001437,0001196667,088690,086439,028838,005192,092616,-88626,073319
0000001438,0001197500,088690,086439,028838,005192,095348,-91872,049247
0000001439,0001198333,088690,086439,028838,005192,097574,-85783,020897
0000001440,0001199167,088690,086439,028838,005192,099076,-70955,-08950
0000001441,0001200000,088690,086439,028838,005192,099709,-48858,-37374
0000001442,0001200833,088690,086439,028838,005192,099408,-21639,-61591
0000001443,0001201667,088690,086439,028838,005192,098204,008032,-79222
0000001444,0001202500,088690,086439,028838,005192,096217,037251,-88563
0000001445,0001203333,088690,086439,028838,005192,093638,063157,-88681
0000001446,0001204167,088690,086439,028838,005192,090721,083208,-79562
0000001447,0001205000,088690,086439,028838,005192,087751,095460,-62120
0000001448,0001205833,088690,086439,028838,005192,085020,098698,-38045
0000001449,0001206667,088690,086439,028838,005192,082795,092600,-09696
0000001450,0001207500,088690,086439,028838,005192,081292,077787,020148
0000001451,0001208333,088690,086439,028838,005192,080660,055688,048568
0000001452,0001209167,088690,086439,028838,005192,080960,028470,072778
0000001453,0001210000,088690,086439,028838,005192,082163,-01197,090422
0000001454,0001210833,088690,086439,028838,005192,084151,-30415,099760
0000001455,0001211667,088690,086439,028838,005192,086730,-56318,099873
0000001456,0001212500,088690,086439,028838,005192,089647,-76383,090771
0000001457,0001213333,088690,086439,028838,005192,092616,-88633,073325
0000001458,0001214167,088690,086439,028838,005192,095347,-91864,049244
0000001459,0001215000,088690,086439,028838,005192,097574,-85782,020897
0000001460,0001215833,088690,086439,028838,005192,099077,-70962,-08951
0000001461,0001216667,088690,086439,028838,005192,099708,-48855,-37371
0000001462,0001217500,088690,086439,028838,005192,099408,-21639,-61590
0000001463,0001218333,088690,086439,028838,005192,098205,008032,-79230
0000001464,0001219167,088690,086439,028838,005192,096216,037248,-88556
0000001465,0001220000,088690,086439,028838,005192,093638,063157,-88680
0000001466,0001220833,088690,086439,028838,005192,090721,083215,-79569
0000001467,0001221667,088690,086439,028838,005192,087752,095453,-62115
0000001468,0001222500,088690,086439,028838,005192,085020,098697,-38044
0000001469,0001223333,088690,086439,028838,005192,082794,092608,-09697
0000001470,0001224167,088690,086439,028838,005192,081293,077782,020146
0000001471,0001225000,088690,086439,028838,005192,080660,055688,048568
0000001472,0001225833,088690,086439,028838,005192,080960,028472,072784
0000001473,0001226667,088690,086439,028838,005192,082163,-01197,090416
0000001474,0001227500,088690,086439,028838,005192,084151,-30415,099759
0000001475,0001228333,088690,086439,028838,005192,086730,-56323,099880
0000001476,0001229167,088690,086439,028838,005192,089647,-76377,090764
0000001477,0001230000,088690,086439,028838,005192,092616,-88633,073324
0000001478,0001230833,088690,086439,028838,005192,095348,-91872,049248
0000001479,0001231667,088690,086439,028838,005192,097573,-85776,020896
0000001480,0001232500,088690,086439,028838,005192,099076,-70961,-08951
0000001481,0001233333,088690,086439,028838,005192,099709,-48859,-37374
0000001482,0001234167,088690,086439,028838,005192,099408,-21638,-61585
0000001483,0001235000,088690,086439,028838,005192,098205,008032,-79229
0000001484,0001235833,088690,086439,028838,005192,096217,037251,-88564
0000001485,0001236667,088690,086439,028838,005192,093637,063152,-88673
0000001486,0001237500,088690,086439,028838,005192,090721,083214,-79568
0000001487,0001238333,088690,086439,028838,005192,087751,095461,-62121
0000001488,0001239167,088690,086439,028838,005192,085020,098690,-38041
0000001489,0001240000,088690,086439,028838,005192,082794,092607,-09697
0000001490,0001240833,088690,086439,028838,005192,081292,077788,020148
0000001491,0001241667,088690,086439,028838,005192,080660,055684,048565
0000001492,0001242500,088690,086439,028838,005192,080960,028472,072783
0000001493,0001243333,088690,086439,028838,005192,082163,-01197,090423
0000001494,0001244167,088690,086439,028838,005192,084151,-30413,099752
0000001495,0001245000,088690,086439,028838,005192,086730,-56323,099880
0000001496,0001245833,088690,086439,028838,005192,089647,-76384,090771
0000001497,0001246667,088690,086439,028838,005192,092616,-88626,073319
0000001498,0001247500,088690,086439,028838,005192,095348,-91871,049247
0000001499,0001248333,088690,086439,028838,005192,097574,-85783,020898
0000001500,0001249167,088690,086439,028838,005192,099076,-70956,-08949
0000001501,0001250000,088690,086439,028838,005192,099709,-48859,-37374
0000001502,0001250833,088690,086439,028838,005192,099408,-21640,-61591
0000001503,0001251667,088690,086439,028838,005192,098204,008031,-79222
0000001504,0001252500,088690,086439,028838,005192,096217,037251,-88563
0000001505,0001253333,088690,086439,028838,005192,093638,063157,-88681
0000001506,0001254167,088690,086439,028838,005192,090721,083208,-79562
0000001507,0001255000,088690,086439,028838,005192,087751,095460,-62121
0000001508,0001255833,088690,086439,028838,005192,085020,098698,-38045
0000001509,0001256667,088690,086439,028838,005192,082795,092601,-09696
0000001510,0001257500,088690,086439,028838,005192,081292,077787,020148
0000001511,0001258333,088690,086439,028838,005192,080660,055689,048568
0000001512,0001259167,088690,086439,028838,005192,080960,028470,072778
0000001513,0001260000,088690,086439,028838,005192,082163,-01197,090423
0000001514,0001260833,088690,086439,028838,005192,084151,-30415,099760
0000001515,0001261667,088690,086439,028838,005192,086730,-56318,099872
0000001516,0001262500,088690,086439,028838,005192,089647,-76383,090771
0000001517,0001263333,088690,086439,028838,005192,092616,-88633,073325
0000001518,0001264167,088690,086439,028838,005192,095347,-91864,049244
0000001519,0001265000,088690,086439,028838,005192,097574,-85782,020897
0000001520,0001265833,088690,086439,028838,005192,099077,-70962,-08950
0000001521,0001266667,088690,086439,028838,005192,099708,-48855,-37370
0000001522,0001267500,088690,086439,028838,005192,099408,-21640,-61590
0000001523,0001268333,088690,086439,028838,005192,098205,008031,-79229
0000001524,0001269167,088690,086439,028838,005192,096216,037248,-88556
0000001525,0001270000,088690,086439,028838,005192,093638,063156,-88680
0000001526,0001270833,088690,086439,028838,005192,090721,083215,-79569
0000001527,0001271667,088690,086439,028838,005192,087752,095454,-62116
0000001528,0001272500,088690,086439,028838,005192,085020,098697,-38045
0000001529,0001273333,088690,086439,028838,005192,082794,092608,-09697
0000001530,0001274167,088690,086439,028838,005192,081292,077782,020146
0000001531,0001275000,088690,086439,028838,005192,080660,055688,048568
0000001532,0001275833,088690,086439,028838,005192,080960,028472,072784
0000001533,0001276667,088690,086439,028838,005192,082163,-01197,090416
0000001534,0001277500,088690,086439,028838,005192,084151,-30415,099759
0000001535,0001278333,088690,086439,028838,005192,086730,-56323,099880
0000001536,0001279167,088690,086439,028838,005192,089647,-76377,090764
0000001537,0001280000,088690,086439,028838,005192,092616,-88632,073324
0000001538,0001280833,088690,086439,028838,005192,095348,-91872,049248
0000001539,0001281667,088690,086439,028838,005192,097573,-85775,020896
0000001540,0001282500,088690,086439,028838,005192,099076,-70961,-08950
0000001541,0001283333,088690,086439,028838,005192,099709,-48860,-37374
0000001542,0001284167,088690,086439,028838,005192,099408,-21638,-61585
0000001543,0001285000,088690,086439,028838,005192,098205,008031,-79228
0000001544,0001285833,088690,086439,028838,005192,096217,037250,-88564
0000001545,0001286667,088690,086439,028838,005192,093637,063152,-88673
0000001546,0001287500,088690,086439,028838,005192,090721,083214,-79569
0000001547,0001288333,088690,086439,028838,005192,087751,095461,-62122
0000001548,0001289167,088690,086439,028838,005192,085020,098690,-38042
0000001549,0001290000,088690,086439,028838,005192,082794,092607,-09697
0000001550,0001290833,088690,086439,028838,005192,081292,077788,020147
0000001551,0001291667,088690,086439,028838,005192,080660,055684,048565
0000001552,0001292500,088690,086439,028838,005192,080960,028472,072783
0000001553,0001293333,088690,086439,028838,005192,082163,-01197,090423
0000001554,0001294167,088690,086439,028838,005192,084151,-30413,099752
0000001555,0001295000,088690,086439,028838,005192,086730,-56323,099879
0000001556,0001295833,088690,086439,028838,005192,089647,-76384,090771
0000001557,0001296667,088690,086439,028838,005192,092616,-88625,073319
0000001558,0001297500,088690,086439,028838,005192,095348,-91871,049247
0000001559,0001298333,088690,086439,028838,005192,097574,-85783,020898
0000001560,0001299167,088690,086439,028838,005192,099076,-70956,-08949
0000001561,0001300000,088690,086439,028838,005192,099709,-48859,-37373
0000001562,0001300833,088690,086439,028838,005192,099408,-21641,-61590
0000001563,0001301667,088690,086439,028838,005192,098204,008031,-79222
0000001564,0001302500,088690,086439,028838,005192,096217,037250,-88563
0000001565,0001303333,088690,086439,028838,005192,093638,063157,-88681
0000001566,0001304167,088690,086439,028838,005192,090721,083208,-79562
0000001567,0001305000,088690,086439,028838,005192,087751,095460,-62121
0000001568,0001305833,088690,086439,028838,005192,085020,098698,-38046
0000001569,0001306667,088690,086439,028838,005192,082795,092601,-09696
0000001570,0001307500,088690,086439,028838,005192,081292,077788,020147
0000001571,0001308333,088690,086439,028838,005192,080660,055689,048568
0000001572,0001309167,088690,086439,028838,005192,080960,028470,072778
0000001573,0001310000,088690,086439,028838,005192,082163,-01197,090423
0000001574,0001310833,088690,086439,028838,005192,084151,-30415,099760
0000001575,0001311667,088690,086439,028838,005192,086730,-56318,099872
0000001576,0001312500,088690,086439,028838,005192,089647,-76383,090771
0000001577,0001313333,088690,086439,028838,005192,092616,-88633,073325
0000001578,0001314167,088690,086439,028838,005192,095347,-91864,049244
0000001579,0001315000,088690,086439,028838,005192,097574,-85782,020898
0000001580,0001315833,088690,086439,028838,005192,099076,-70962,-08950
0000001581,0001316667,088690,086439,028838,005192,099708,-48855,-37370
0000001582,0001317500,088690,086439,028838,005192,099408,-21640,-61589
0000001583,0001318333,088690,086439,028838,005192,098205,008031,-79229
0000001584,0001319167,088690,086439,028838,005192,096216,037247,-88556
0000001585,0001320000,088690,086439,028838,005192,093638,063156,-88680
0000001586,0001320833,088690,086439,028838,005192,090721,083215,-79570
0000001587,0001321667,088690,086439,028838,005192,087752,095454,-62116
0000001588,0001322500,088690,086439,028838,005192,085020,098697,-38045
0000001589,0001323333,088690,086439,028838,005192,082794,092608,-09698
0000001590,0001324167,088690,086439,028838,005192,081292,077782,020146
0000001591,0001325000,088690,086439,028838,005192,080660,055688,048568
0000001592,0001325833,088690,086439,028838,005192,080960,028473,072784
0000001593,0001326667,088690,086439,028838,005192,082163,-01196,090416
0000001594,0001327500,088690,086439,028838,005192,084151,-30415,099759
0000001595,0001328333,088690,086439,028838,005192,086730,-56323,099880
0000001596,0001329167,088690,086439,028838,005192,089647,-76377,090764
0000001597,0001330000,088690,086439,028838,005192,092616,-88632,073324
0000001598,0001330833,088690,086439,028838,005192,095348,-91872,049248
0000001599,0001331667,088690,086439,028838,005192,097573,-85775,020897
0000001600,0001332500,088690,086439,028838,005192,099076,-70961,-08950
0000001601,0001333333,088690,086439,028838,005192,099709,-48860,-37373
0000001602,0001334167,088690,086439,028838,005192,099408,-21639,-61584
0000001603,0001335000,088690,086439,028838,005192,098205,008031,-79228
0000001604,0001335833,088690,086439,028838,005192,096217,037250,-88564
0000001605,0001336667,088690,086439,028838,005192,093638,063151,-88673
0000001606,0001337500,088690,086439,028838,005192,090721,083214,-79569
0000001607,0001338333,088690,086439,028838,005192,087751,095461,-62122
0000001608,0001339167,088690,086439,028838,005192,085021,098690,-38042
0000001609,0001340000,088690,086439,028838,005192,082794,092608,-09698
0000001610,0001340833,088690,086439,028838,005192,081292,077789,020147
0000001611,0001341667,088690,086439,028838,005192,080660,055685,048565
0000001612,0001342500,088690,086439,028838,005192,080960,028472,072783
0000001613,0001343333,088690,086439,028838,005192,082163,-01197,090423
0000001614,0001344167,088690,086439,028838,005192,084151,-30413,099752
0000001615,0001345000,088690,086439,028838,005192,086730,-56322,099879
0000001616,0001345833,088690,086439,028838,005192,089647,-76383,090771
0000001617,0001346667,088690,086439,028838,005192,092616,-88625,073319
0000001618,0001347500,088690,086439,028838,005192,095348,-91871,049248
0000001619,0001348333,088690,086439,028838,005192,097574,-85783,020898
0000001620,0001349167,088690,086439,028838,005192,099076,-70956,-08948
0000001621,0001350000,088690,086439,028838,005192,099709,-48860,-37373
0000001622,0001350833,089016,085686,029265,005192,099425,-21931,-61463
0000001623,0001351667,089521,084985,029461,005192,098226,007763,-79172
0000001624,0001352500,090147,084414,029406,005192,096243,037017,-88596
0000001625,0001353333,090822,084012,029133,005192,093666,063051,-88862
0000001626,0001354167,091473,083829,028665,005192,090749,083126,-79759
0000001627,0001355000,092024,083896,028046,005192,087777,095462,-62378
0000001628,0001355833,092417,084186,027364,005192,085040,098788,-38335
0000001629,0001356667,092605,084683,026678,005192,082808,092724,-09949
0000001630,0001357500,092564,085335,026068,005192,081297,078005,019881
0000001631,0001358333,092292,086070,025605,005192,080656,055940,048358
0000001632,0001359167,091812,086825,025330,005192,080949,028732,072635
0000001633,0001360000,091164,087519,025283,005192,082144,-00920,090330
0000001634,0001360833,090409,088090,025468,005192,084128,-30201,099777
0000001635,0001361667,089612,088487,025868,005192,086705,-56158,099963
0000001636,0001362500,088849,088664,026453,005192,089622,-76295,090931
0000001637,0001363333,088189,088612,027166,005192,092594,-88649,073559
0000001638,0001364167,087691,088331,027944,005192,095331,-91947,049493
0000001639,0001365000,087401,087850,028716,005192,097564,-85945,021158
0000001640,0001365833,087342,087217,029407,005192,099075,-71186,-08709
0000001641,0001366667,087518,086491,029958,005192,099715,-49106,-37187
0000001642,0001367500,087907,085745,030314,005192,099423,-21914,-61461
0000001643,0001368333,088469,085054,030443,005192,098226,007775,-79185
0000001644,0001369167,089146,084484,030336,005192,096242,037030,-88596
0000001645,0001370000,089867,084094,030005,005192,093666,062990,-88794
0000001646,0001370833,090559,083922,029485,005192,090748,083131,-79762
0000001647,0001371667,091151,083984,028831,005192,087776,095451,-62357
0000001648,0001372500,091582,084276,028108,005192,085039,098777,-38315
0000001649,0001373333,091807,084769,027391,005192,082806,092769,-09977
0000001650,0001374167,091800,085414,026753,005191,081296,077998,019895
0000001651,0001375000,091560,086149,026257,005191,080655,055943,048360
0000001652,0001375833,091110,086900,025956,005191,080947,028741,072641
0000001653,0001376667,090490,087596,025880,005191,082144,-00945,090355
0000001654,0001377500,089761,088169,026037,005191,084127,-30198,099779
0000001655,0001378333,088990,088563,026414,005191,086704,-56167,099983
0000001656,0001379167,088251,088739,026976,005191,089621,-76295,090937
0000001657,0001380000,087614,088683,027669,005191,092594,-88630,073548
0000001658,0001380833,087139,088398,028429,005191,095330,-91955,049506
0000001659,0001381667,086870,087914,029182,005191,097563,-85933,021158
0000001660,0001382500,086832,087278,029857,005191,099074,-71178,-08709
0000001661,0001383333,087027,086551,030388,005191,099715,-49118,-37176
0000001662,0001384167,087435,085804,030727,005191,099422,-21909,-61454
0000001663,0001385000,088014,085112,030840,005191,098226,007772,-79175
0000001664,0001385833,088707,084542,030717,005191,096242,037029,-88595
0000001665,0001386667,089444,084150,030372,005191,093665,062992,-88788
0000001666,0001387500,090152,083975,029839,005191,090748,083129,-79753
0000001667,0001388333,090759,084036,029171,005191,087775,095461,-62360
0000001668,0001389167,091203,084326,028437,005191,085039,098773,-38310
0000001669,0001390000,091441,084817,027708,005191,082806,092765,-09969
0000001670,0001390833,091447,085461,027058,005191,081295,078006,019898
0000001671,0001391667,091220,086194,026552,005191,080655,055939,048362
0000001672,0001392500,090782,086945,026239,005191,080947,028740,072646
0000001673,0001393333,090174,087639,026152,005191,082143,-00942,090364
0000001674,0001394167,089455,088211,026300,005191,084127,-30196,099777
0000001675,0001395000,088695,088603,026668,005191,086703,-56165,099984
0000001676,0001395833,087966,088779,027221,005191,089621,-76300,090947
0000001677,0001396667,087339,088721,027906,005191,092593,-88625,073548
0000001678,0001397500,086873,088436,028657,005191,095330,-91953,049507
0000001679,0001398333,086613,087950,029403,005191,097563,-85940,021163
0000001680,0001399167,086584,087312,030070,005191,099073,-71173,-08704
0000001681,0001400000,086787,086584,030594,005191,099714,-49116,-37174
0000001682,0001400833,087203,085837,030926,005191,099422,-21912,-61456
0000001683,0001401667,087791,085143,031032,005191,098225,007772,-79167
0000001684,0001402500,088491,084572,030903,005191,096242,037030,-88593
0000001685,0001403333,089235,084179,030551,005191,093665,062996,-88793
0000001686,0001404167,089950,084004,030012,005191,090748,083124,-79746
0000001687,0001405000,090563,084064,029339,005191,087775,095460,-62357
0000001688,0001405833,091014,084353,028599,005191,085038,098781,-38312
0000001689,0001406667,091258,084844,027865,005191,082806,092759,-09966
0000001690,0001407500,091270,085486,027209,005191,081295,078005,019900
0000001691,0001408333,091049,086219,026698,005191,080654,055944,048367
0000001692,0001409167,090616,086968,026381,005191,080947,028738,072642
0000001693,0001410000,090014,087663,026289,005191,082143,-00942,090365
0000001694,0001410833,089301,088233,026432,005191,084127,-30199,099786
0000001695,0001411667,088545,088625,026796,005191,086703,-56160,099979
0000001696,0001412500,087821,088800,027345,005191,089620,-76299,090948
0000001697,0001413333,087198,088742,028026,005191,092593,-88632,073555
0000001698,0001414167,086737,088456,028773,005191,095329,-91946,049505
0000001699,0001415000,086481,087970,029515,005191,097563,-85939,021164
0000001700,0001415833,086456,087331,030179,005191,099074,-71179,-08704
0000001701,0001416667,086664,086602,030700,005191,099713,-49112,-37169
0000001702,0001417500,087084,085854,031028,005191,099422,-21911,-61454
0000001703,0001418333,087675,085160,031131,005191,098225,007773,-79172
0000001704,0001419167,088379,084589,030998,005191,096241,037027,-88584
0000001705,0001420000,089127,084196,030644,005191,093665,062996,-88791
0000001706,0001420833,089845,084020,030102,005191,090747,083130,-79752
0000001707,0001421667,090461,084080,029426,005191,087775,095453,-62351
0000001708,0001422500,090915,084368,028683,005191,085038,098781,-38310
0000001709,0001423333,091162,084858,027946,005191,082805,092767,-09967
0000001710,0001424167,091178,085500,027288,005191,081295,078000,019899
0000001711,0001425000,090960,086232,026774,005191,080654,055944,048368
0000001712,0001425833,090530,086981,026455,005191,080946,028741,072649
0000001713,0001426667,089930,087675,026361,005191,082144,-00942,090360
0000001714,0001427500,089219,088245,026501,005191,084127,-30198,099786
0000001715,0001428333,088466,088637,026863,005191,086703,-56165,099988
0000001716,0001429167,087745,088811,027410,005191,089620,-76293,090942
0000001717,0001430000,087124,088753,028089,005191,092593,-88631,073555
0000001718,0001430833,086665,088467,028834,005191,095330,-91953,049510
0000001719,0001431667,086412,087980,029574,005191,097562,-85932,021164
0000001720,0001432500,086389,087341,030236,005191,099073,-71178,-08703
0000001721,0001433333,086599,086612,030755,005191,099714,-49116,-37172
0000001722,0001434167,087021,085864,031081,005191,099421,-21909,-61448
0000001723,0001435000,087614,085170,031183,005191,098225,007773,-79171
0000001724,0001435833,088320,084598,031049,005191,096241,037030,-88591
0000001725,0001436667,089069,084205,030692,005191,093664,062992,-88783
0000001726,0001437500,089789,084028,030149,005191,090747,083130,-79750
0000001727,0001438333,090407,084088,029471,005191,087775,095461,-62357
0000001728,0001439167,090863,084376,028727,005191,085039,098774,-38307
0000001729,0001440000,091112,084865,027989,005191,082805,092766,-09966
0000001730,0001440833,091129,085508,027330,005191,081295,078007,019901
0000001731,0001441667,090912,086239,026815,005191,080655,055940,048365
0000001732,0001442500,090484,086988,026494,005191,080946,028741,072649
0000001733,0001443333,089885,087682,026399,005191,082143,-00942,090367
0000001734,0001444167,089176,088252,026538,005191,084127,-30196,099780
0000001735,0001445000,088424,088643,026898,005191,086703,-56164,099987
0000001736,0001445833,087704,088818,027444,005191,089620,-76300,090950
0000001737,0001446667,087085,088759,028122,005191,092593,-88624,073550
0000001738,0001447500,086627,088472,028867,005191,095330,-91952,049510
0000001739,0001448333,086375,087986,029605,005191,097563,-85940,021166
0000001740,0001449167,086353,087347,030266,005191,099073,-71173,-08702
0000001741,0001450000,086564,086618,030785,005191,099714,-49116,-37171
0000001742,0001450833,086987,085869,031110,005191,099422,-21911,-61453
0000001743,0001451667,087581,085175,031210,005191,098225,007772,-79164
0000001744,0001452500,088288,084603,031076,005191,096241,037030,-88590
0000001745,0001453333,089038,084209,030718,005191,093665,062997,-88791
0000001746,0001454167,089759,084033,030174,005191,090747,083124,-79744
0000001747,0001455000,090378,084092,029496,005191,087775,095460,-62356
0000001748,0001455833,090835,084381,028751,005191,085038,098782,-38310
0000001749,0001456667,091084,084870,028012,005191,082806,092760,-09965
0000001750,0001457500,091102,085512,027352,005191,081295,078006,019901
0000001751,0001458333,090886,086243,026837,005191,080654,055945,048369
0000001752,0001459167,090459,086992,026515,005191,080947,028739,072644
0000001753,0001460000,089861,087686,026419,005191,082143,-00942,090367
0000001754,0001460833,089153,088256,026558,005191,084126,-30198,099788
0000001755,0001461667,088402,088647,026918,005191,086703,-56160,099981
0000001756,0001462500,087682,088822,027463,005191,089620,-76299,090949
0000001757,0001463333,087063,088763,028140,005191,092593,-88632,073556
0000001758,0001464167,086606,088476,028884,005191,095329,-91945,049507
0000001759,0001465000,086355,087989,029622,005191,097563,-85939,021166
0000001760,0001465833,086333,087350,030283,005191,099073,-71179,-08703
0000001761,0001466667,086545,086621,030800,005191,099713,-49112,-37168
0000001762,0001467500,086968,085872,031125,005191,099422,-21911,-61453
0000001763,0001468333,087563,085178,031225,005191,098225,007773,-79171
0000001764,0001469167,088271,084606,031090,005191,096241,037027,-88583
0000001765,0001470000,089022,084212,030732,005191,093665,062996,-88790
0000001766,0001470833,089743,084036,030188,005191,090747,083130,-79751
0000001767,0001471667,090362,084095,029509,005191,087775,095453,-62350
0000001768,0001472500,090819,084383,028764,005191,085038,098781,-38310
0000001769,0001473333,091069,084872,028025,005191,082805,092767,-09966
0000001770,0001474167,091088,085514,027365,005191,081295,078001,019900
0000001771,0001475000,090873,086245,026848,005191,080654,055944,048369
0000001772,0001475833,090445,086994,026526,005191,080946,028741,072650
0000001773,0001476667,089848,087688,026430,005191,082143,-00941,090361
0000001774,0001477500,089140,088258,026568,005191,084126,-30198,099787
0000001775,0001478333,088389,088649,026928,005191,086703,-56165,099989
0000001776,0001479167,087670,088823,027473,005191,089620,-76293,090943
0000001777,0001480000,087052,088764,028150,005191,092593,-88631,073556
0000001778,0001480833,086595,088478,028894,005191,095330,-91953,049511
0000001779,0001481667,086344,087991,029631,005191,097562,-85932,021165
0000001780,0001482500,086323,087352,030292,005191,099073,-71178,-08702
0000001781,0001483333,086535,086622,030809,005191,099714,-49116,-37171
0000001782,0001484167,086959,085874,031134,005191,099421,-21909,-61447
0000001783,0001485000,087554,085179,031233,005191,098225,007773,-79170
0000001784,0001485833,088261,084607,031098,005191,096241,037030,-88591
0000001785,0001486667,089013,084214,030740,005191,093664,062992,-88783
0000001786,0001487500,089734,084037,030195,005191,090747,083130,-79750
0000001787,0001488333,090354,084096,029516,005191,087775,095461,-62356
0000001788,0001489167,090811,084385,028771,005191,085039,098774,-38306
0000001789,0001490000,091061,084873,028031,005191,082805,092767,-09966
0000001790,0001490833,091080,085515,027371,005191,081294,078007,019901
0000001791,0001491667,090865,086246,026855,005191,080655,055941,048365
0000001792,0001492500,090438,086995,026532,005191,080946,028741,072649
0000001793,0001493333,089841,087689,026436,005191,082143,-00942,090368
0000001794,0001494167,089133,088259,026574,005191,084127,-30195,099780
0000001795,0001495000,088383,088650,026933,005191,086703,-56164,099988
0000001796,0001495833,087664,088825,027478,005191,089620,-76300,090950
0000001797,0001496667,087046,088765,028155,005191,092593,-88624,073551
0000001798,0001497500,086589,088479,028899,005191,095330,-91952,049510
0000001799,0001498333,086338,087992,029636,005191,097563,-85940,021166
0000001800,0001499167,086317,087353,030296,005191,099073,-71173,-08701
0000001801,0001500000,086529,086623,030814,005191,099714,-49116,-37171
0000001802,0001500833,086953,085875,031138,005191,099422,-21911,-61453
0000001803,0001501667,087548,085180,031237,005191,098224,007772,-79164
0000001804,0001502500,088256,084608,031102,005191,096241,037030,-88590
0000001805,0001503333,089008,084214,030744,005191,093665,062996,-88790
0000001806,0001504167,089729,084039,030199,005191,090747,083124,-79743
0000001807,0001505000,090349,084097,029520,005191,087775,095460,-62355
0000001808,0001505833,090807,084385,028774,005191,085038,098782,-38310
0000001809,0001506667,091057,084874,028035,005191,082806,092760,-09965
0000001810,0001507500,091076,085516,027375,005191,081295,078006,019901
0000001811,0001508333,090861,086247,026858,005191,080654,055945,048369
0000001812,0001509167,090434,086996,026536,005191,080947,028739,072644
0000001813,0001510000,089838,087689,026439,005191,082143,-00942,090367
0000001814,0001510833,089130,088260,026577,005191,084126,-30198,099788
0000001815,0001511667,088379,088651,026936,005191,086703,-56160,099981
0000001816,0001512500,087660,088825,027481,005191,089620,-76299,090949
0000001817,0001513333,087042,088766,028158,005191,092593,-88631,073557
0000001818,0001514167,086586,088479,028901,005191,095329,-91945,049507
0000001819,0001515000,086334,087993,029639,005191,097563,-85939,021166
0000001820,0001515833,086314,087353,030299,005191,099073,-71179,-08702
0000001821,0001516667,086526,086624,030816,005191,099713,-49112,-37167
0000001822,0001517500,086950,085875,031141,005191,099422,-21911,-61452
0000001823,0001518333,087546,085181,031240,005191,098225,007772,-79171
0000001824,0001519167,088254,084609,031104,005191,096241,037027,-88583
0000001825,0001520000,089005,084215,030746,005191,093665,062996,-88790
0000001826,0001520833,089726,084039,030201,005191,090747,083130,-79751
0000001827,0001521667,090346,084098,029522,005191,087775,095454,-62350
0000001828,0001522500,090804,084386,028776,005191,085038,098781,-38310
0000001829,0001523333,091055,084875,028037,005191,082805,092768,-09966
0000001830,0001524167,091073,085516,027377,005191,081295,078001,019900
0000001831,0001525000,090859,086247,026860,005191,080654,055944,048369
0000001832,0001525833,090432,086996,026537,005191,080946,028741,072650
0000001833,0001526667,089836,087690,026441,005191,082143,-00941,090361
0000001834,0001527500,089128,088260,026579,005191,084126,-30198,099787
0000001835,0001528333,088377,088651,026937,005191,086703,-56165,099989
0000001836,0001529167,087658,088826,027482,005191,089620,-76293,090943
0000001837,0001530000,087040,088767,028159,005191,092593,-88631,073556
0000001838,0001530833,086584,088480,028903,005191,095330,-91953,049511
0000001839,0001531667,086333,087993,029640,005191,097562,-85932,021165
0000001840,0001532500,086312,087354,030300,005191,099073,-71178,-08702
0000001841,0001533333,086525,086624,030818,005191,099714,-49116,-37171
0000001842,0001534167,086949,085875,031142,005191,099421,-21909,-61447
0000001843,0001535000,087544,085181,031241,005191,098225,007773,-79170
0000001844,0001535833,088252,084609,031105,005191,096241,037030,-88591
0000001845,0001536667,089004,084216,030747,005191,093664,062991,-88783
0000001846,0001537500,089725,084039,030202,005191,090747,083130,-79750
0000001847,0001538333,090345,084098,029523,005191,087775,095461,-62356
0000001848,0001539167,090803,084386,028777,005191,085039,098774,-38306
0000001849,0001540000,091053,084875,028038,005191,082805,092767,-09966
0000001850,0001540833,091072,085517,027377,005191,081294,078007,019901
0000001851,0001541667,090858,086248,026861,005191,080655,055941,048365
0000001852,0001542500,090431,086997,026538,005191,080946,028741,072649
0000001853,0001543333,089835,087690,026441,005191,082143,-00942,090368
0000001854,0001544167,089127,088260,026579,005191,084127,-30196,099780
0000001855,0001545000,088376,088652,026938,005191,086703,-56164,099988
0000001856,0001545833,087657,088826,027483,005191,089620,-76300,090950
0000001857,0001546667,087039,088767,028160,005191,092593,-88624,073551
0000001858,0001547500,086583,088480,028904,005191,095330,-91952,049510
0000001859,0001548333,086332,087993,029641,005191,097563,-85939,021166
0000001860,0001549167,086312,087354,030301,005191,099073,-71173,-08701
0000001861,0001550000,086524,086624,030818,005191,099714,-49116,-37170
0000001862,0001550833,086948,085876,031142,005191,099422,-21912,-61453
0000001863,0001551667,087544,085181,031241,005191,098224,007772,-79164
0000001864,0001552500,088252,084609,031105,005191,096241,037030,-88590
0000001865,0001553333,089003,084216,030747,005191,093665,062996,-88790
0000001866,0001554167,089724,084040,030202,005191,090747,083124,-79743
0000001867,0001555000,090344,084098,029524,005191,087775,095460,-62356
0000001868,0001555833,090802,084386,028778,005191,085038,098782,-38310
0000001869,0001556667,091052,084875,028038,005191,082806,092760,-09965
0000001870,0001557500,091072,085517,027378,005191,081295,078006,019901
0000001871,0001558333,090857,086248,026861,005191,080654,055945,048369
0000001872,0001559167,090431,086997,026539,005191,080947,028739,072644
0000001873,0001560000,089834,087690,026442,005191,082143,-00942,090367
0000001874,0001560833,089126,088261,026580,005191,084126,-30198,099788
0000001875,0001561667,088376,088652,026939,005191,086703,-56160,099981
0000001876,0001562500,087657,088826,027483,005191,089620,-76299,090949
0000001877,0001563333,087039,088767,028160,005191,092593,-88631,073557
0000001878,0001564167,086582,088480,028904,005191,095329,-91945,049507
0000001879,0001565000,086331,087993,029642,005191,097563,-85939,021166
0000001880,0001565833,086311,087354,030301,005191,099073,-71179,-08702
0000001881,0001566667,086523,086624,030818,005191,099713,-49112,-37167
0000001882,0001567500,086948,085876,031143,005191,099422,-21911,-61452
0000001883,0001568333,087543,085181,031242,005191,098225,007772,-79171
0000001884,0001569167,088251,084609,031106,005191,096241,037027,-88583
0000001885,0001570000,089003,084216,030748,005191,093665,062996,-88790
0000001886,0001570833,089724,084040,030203,005191,090747,083130,-79751
0000001887,0001571667,090344,084099,029524,005191,087775,095454,-62351
0000001888,0001572500,090802,084387,028778,005191,085038,098781,-38310
0000001889,0001573333,091052,084875,028039,005191,082805,092768,-09966
0000001890,0001574167,091071,085517,027378,005191,081295,078001,019900
0000001891,0001575000,090857,086248,026861,005191,080654,055945,048369
0000001892,0001575833,090430,086997,026539,005191,080946,028741,072650
0000001893,0001576667,089834,087690,026442,005191,082143,-00941,090361
0000001894,0001577500,089126,088261,026580,005191,084126,-30198,099787
0000001895,0001578333,088376,088652,026939,005191,086703,-56165,099989
0000001896,0001579167,087656,088827,027483,005192,089620,-76293,090943
0000001897,0001580000,087038,088768,028160,005192,092593,-88631,073556
0000001898,0001580833,086582,088481,028904,005192,095330,-91953,049511
0000001899,0001581667,086331,087993,029642,005192,097562,-85932,021165
0000001900,0001582500,086311,087354,030301,005192,099073,-71178,-08702
0000001901,0001583333,086523,086625,030819,005192,099714,-49116,-37171
0000001902,0001584167,086948,085876,031143,005192,099421,-21909,-61447
0000001903,0001585000,087543,085182,031242,005192,098225,007773,-79170
0000001904,0001585833,088251,084609,031106,005192,096241,037030,-88591
0000001905,0001586667,089002,084216,030748,005192,093664,062991,-88783
0000001906,0001587500,089724,084040,030203,005192,090747,083130,-79750
0000001907,0001588333,090344,084099,029524,005192,087775,095461,-62356
0000001908,0001589167,090801,084387,028778,005192,085039,098774,-38306
0000001909,0001590000,091052,084876,028039,005192,082805,092767,-09966
0000001910,0001590833,091071,085517,027378,005192,081294,078007,019901
0000001911,0001591667,090857,086248,026862,005192,080655,055941,048366
0000001912,0001592500,090430,086997,026539,005192,080946,028741,072650
0000001913,0001593333,089834,087691,026442,005192,082143,-00942,090368
0000001914,0001594167,089126,088261,026580,005192,084127,-30196,099780
0000001915,0001595000,088376,088652,026938,005192,086703,-56165,099988
0000001916,0001595833,087656,088827,027483,005192,089620,-76300,090950
0000001917,0001596667,087038,088768,028160,005192,092593,-88624,073551
0000001918,0001597500,086582,088481,028904,005192,095330,-91952,049510
0000001919,0001598333,086331,087994,029642,005192,097563,-85939,021166
0000001920,0001599167,086311,087354,030301,005192,099073,-71173,-08701
0000001921,0001600000,086523,086625,030819,005192,099714,-49116,-37170
0000001922,0001600833,086948,085876,031143,005192,099422,-21912,-61452
0000001923,0001601667,087543,085182,031242,005192,098224,007772,-79164
0000001924,0001602500,088251,084610,031106,005192,096241,037030,-88590
0000001925,0001603333,089002,084216,030748,005192,093665,062996,-88790
0000001926,0001604167,089723,084040,030202,005192,090747,083124,-79743
0000001927,0001605000,090343,084099,029524,005192,087775,095460,-62356
0000001928,0001605833,090801,084387,028778,005192,085038,098782,-38310
0000001929,0001606667,091052,084876,028039,005192,082806,092760,-09965
0000001930,0001607500,091071,085517,027378,005192,081295,078006,019902
0000001931,0001608333,090857,086248,026862,005192,080654,055945,048369
0000001932,0001609167,090430,086997,026539,005192,080947,028739,072645
0000001933,0001610000,089834,087691,026442,005192,082143,-00942,090367
0000001934,0001610833,089126,088261,026580,005192,084126,-30198,099788
0000001935,0001611667,088376,088652,026939,005192,086703,-56160,099981
0000001936,0001612500,087656,088827,027483,005192,089620,-76299,090949
0000001937,0001613333,087038,088768,028160,005192,092593,-88631,073557
0000001938,0001614167,086582,088481,028904,005192,095329,-91945,049507
0000001939,0001615000,086331,087994,029642,005192,097563,-85939,021166
0000001940,0001615833,086311,087354,030301,005192,099073,-71179,-08702
0000001941,0001616667,086523,086625,030819,005192,099713,-49112,-37167
0000001942,0001617500,086948,085876,031143,005192,099422,-21911,-61452
0000001943,0001618333,087543,085182,031242,005192,098225,007772,-79171
0000001944,0001619167,088251,084610,031105,005192,096241,037027,-88583
0000001945,0001620000,089002,084216,030747,005192,093665,062996,-88790
0000001946,0001620833,089724,084040,030202,005192,090747,083130,-79751
0000001947,0001621667,090343,084099,029524,005192,087775,095454,-62351
0000001948,0001622500,090801,084387,028778,005192,085038,098781,-38310
0000001949,0001623333,091052,084876,028039,005192,082805,092768,-09966
0000001950,0001624167,091071,085517,027378,005192,081295,078001,019900
0000001951,0001625000,090857,086248,026861,005192,080654,055944,048369
0000001952,0001625833,090430,086997,026539,005192,080946,028741,072650
0000001953,0001626667,089834,087691,026442,005192,082143,-00942,090361
0000001954,0001627500,089126,088261,026579,005192,084126,-30198,099788
0000001955,0001628333,088376,088653,026938,005192,086703,-56165,099989
0000001956,0001629167,087656,088827,027483,005192,089620,-76293,090943
0000001957,0001630000,087038,088768,028160,005192,092593,-88631,073556
0000001958,0001630833,086581,088481,028904,005192,095330,-91953,049511
0000001959,0001631667,086331,087994,029642,005192,097562,-85932,021165
0000001960,0001632500,086311,087354,030301,005192,099073,-71178,-08702
0000001961,0001633333,086523,086625,030819,005192,099714,-49116,-37171
0000001962,0001634167,086948,085876,031142,005192,099421,-21909,-61447
0000001963,0001635000,087543,085182,031242,005192,098225,007773,-79170
0000001964,0001635833,088251,084610,031105,005192,096241,037030,-88591
0000001965,0001636667,089002,084217,030747,005192,093664,062991,-88783
0000001966,0001637500,089724,084041,030202,005192,090747,083130,-79750
0000001967,0001638333,090343,084099,029524,005192,087775,095461,-62356
0000001968,0001639167,090801,084387,028778,005192,085039,098774,-38306
0000001969,0001640000,091052,084876,028039,005192,082805,092767,-09966
0000001970,0001640833,091071,085517,027378,005192,081294,078007,019902
0000001971,0001641667,090857,086248,026862,005192,080655,055941,048366
0000001972,0001642500,090430,086997,026539,005192,080946,028741,072650
0000001973,0001643333,089834,087691,026442,005192,082143,-00942,090368
0000001974,0001644167,089126,088261,026580,005192,084127,-30196,099781
0000001975,0001645000,088376,088653,026938,005192,086703,-56165,099988
0000001976,0001645833,087656,088827,027483,005192,089620,-76300,090950
0000001977,0001646667,087038,088768,028160,005192,092593,-88624,073551
0000001978,0001647500,086581,088481,028904,005192,095330,-91952,049510
0000001979,0001648333,086331,087994,029642,005192,097563,-85939,021166
0000001980,0001649167,086311,087354,030301,005192,099073,-71172,-08701
0000001981,0001650000,086523,086625,030819,005192,099714,-49116,-37171
0000001982,0001650833,086948,085876,031143,005192,099422,-21911,-61453
0000001983,0001651667,087543,085182,031241,005192,098224,007772,-79164
0000001984,0001652500,088251,084610,031105,005192,096241,037030,-88590
0000001985,0001653333,089003,084217,030747,005192,093665,062996,-88790
0000001986,0001654167,089723,084041,030202,005192,090747,083124,-79743
0000001987,0001655000,090343,084100,029523,005192,087775,095461,-62356
0000001988,0001655833,090801,084387,028778,005192,085038,098782,-38310
0000001989,0001656667,091052,084876,028039,005192,082806,092760,-09965
0000001990,0001657500,091071,085517,027378,005192,081295,078006,019902
0000001991,0001658333,090857,086248,026861,005192,080654,055945,048369
0000001992,0001659167,090430,086997,026539,005192,080947,028739,072645
0000001993,0001660000,089834,087691,026442,005192,082143,-00942,090367
0000001994,0001660833,089126,088261,026579,005192,084126,-30199,099788
0000001995,0001661667,088376,088653,026938,005192,086703,-56160,099981
0000001996,0001662500,087656,088827,027483,005192,089620,-76299,090949
0000001997,0001663333,087038,088768,028160,005192,092593,-88632,073556
0000001998,0001664167,086582,088481,028904,005192,095329,-91945,049507
0000001999,0001665000,086331,087994,029642,005192,097563,-85938,021166
0000002000,0001665833,086311,087355,030301,005192,099073,-71179,-08702
0000002001,0001666667,086523,086625,030818,005192,099713,-49112,-37167
0000002002,0001667500,086948,085876,031142,005192,099422,-21911,-61452
0000002003,0001668333,087543,085182,031241,005192,098225,007773,-79171
0000002004,0001669167,088251,084610,031105,005192,096241,037027,-88583
0000002005,0001670000,089003,084217,030747,005192,093665,062996,-88790
0000002006,0001670833,089724,084041,030202,005192,090747,083130,-79751
0000002007,0001671667,090343,084100,029523,005192,087775,095454,-62351
0000002008,0001672500,090801,084387,028778,005192,085038,098781,-38310
0000002009,0001673333,091052,084876,028039,005192,082805,092768,-09966
0000002010,0001674167,091071,085517,027378,005192,081295,078001,019901
0000002011,0001675000,090857,086248,026861,005192,080654,055944,048369
0000002012,0001675833,090430,086997,026539,005192,080946,028741,072650
0000002013,0001676667,089834,087691,026442,005192,082143,-00942,090361
0000002014,0001677500,089126,088261,026579,005192,084126,-30199,099788
0000002015,0001678333,088376,088653,026938,005192,086703,-56165,099989
0000002016,0001679167,087656,088827,027483,005192,089620,-76293,090943
0000002017,0001680000,087038,088768,028160,005192,092593,-88631,073556
0000002018,0001680833,086581,088481,028904,005192,095330,-91953,049510
0000002019,0001681667,086331,087994,029641,005192,097562,-85932,021165
0000002020,0001682500,086311,087355,030301,005192,099073,-71178,-08702
0000002021,0001683333,086523,086625,030818,005192,099714,-49116,-37171
0000002022,0001684167,086948,085876,031142,005192,099421,-21909,-61447
0000002023,0001685000,087543,085182,031241,005192,098225,007773,-79170
0000002024,0001685833,088251,084610,031105,005192,096241,037030,-88591
0000002025,0001686667,089003,084217,030747,005192,093664,062991,-88783
0000002026,0001687500,089724,084041,030202,005192,090747,083130,-79750
0000002027,0001688333,090343,084100,029523,005192,087775,095461,-62356
0000002028,0001689167,090801,084388,028778,005192,085039,098774,-38306
0000002029,0001690000,091052,084876,028038,005192,082805,092767,-09966
0000002030,0001690833,091071,085517,027378,005192,081294,078007,019902
0000002031,0001691667,090857,086248,026861,005192,080655,055941,048366
0000002032,0001692500,090431,086997,026538,005192,080946,028741,072650
0000002033,0001693333,089834,087691,026441,005192,082143,-00942,090368
0000002034,0001694167,089126,088261,026579,005192,084127,-30196,099781
0000002035,0001695000,088376,088653,026938,005192,086703,-56165,099988
0000002036,0001695833,087656,088828,027482,005192,089620,-76300,090950
0000002037,0001696667,087038,088768,028160,005192,092593,-88624,073551
0000002038,0001697500,086581,088481,028904,005192,095330,-91952,049510
0000002039,0001698333,086331,087994,029641,005192,097563,-85939,021166
0000002040,0001699167,086311,087355,030301,005192,099073,-71172,-08701
0000002041,0001700000,086523,086625,030818,005192,099714,-49115,-37171
0000002042,0001700833,086948,085876,031142,005192,099422,-21911,-61453
0000002043,0001701667,087543,085182,031241,005192,098224,007772,-79164
0000002044,0001702500,088251,084610,031105,005192,096241,037030,-88590
0000002045,0001703333,089003,084217,030747,005192,093665,062996,-88790
0000002046,0001704167,089724,084041,030202,005192,090747,083124,-79743
0000002047,0001705000,090343,084100,029523,005192,087775,095461,-62356
0000002048,0001705833,090801,084388,028778,005192,085038,098782,-38310
0000002049,0001706667,091052,084876,028038,005192,082806,092760,-09964
0000002050,0001707500,091071,085517,027378,005192,081295,078006,019902
0000002051,0001708333,090857,086248,026861,005192,080654,055945,048369
0000002052,0001709167,090430,086997,026539,005192,080947,028739,072645
0000002053,0001710000,089834,087691,026441,005192,082143,-00942,090368
0000002054,0001710833,089126,088262,026579,005192,084126,-30199,099789
0000002055,0001711667,088376,088653,026938,005192,086703,-56160,099981
0000002056,0001712500,087656,088828,027482,005192,089620,-76299,090949
0000002057,0001713333,087038,088769,028160,005192,092593,-88632,073556
0000002058,0001714167,086581,088481,028904,005192,095329,-91945,049507
0000002059,0001715000,086331,087994,029641,005192,097563,-85938,021166
0000002060,0001715833,086311,087355,030301,005192,099073,-71179,-08703
0000002061,0001716667,086523,086625,030818,005192,099713,-49112,-37167
0000002062,0001717500,086948,085876,031142,005192,099422,-21911,-61452
0000002063,0001718333,087543,085182,031241,005192,098225,007773,-79171
0000002064,0001719167,088251,084610,031105,005192,096241,037027,-88583
0000002065,0001720000,089003,084217,030747,005192,093665,062996,-88790
0000002066,0001720833,089724,084041,030202,005192,090747,083131,-79751
0000002067,0001721667,090343,084100,029523,005192,087775,095454,-62350
0000002068,0001722500,090801,084388,028778,005192,085038,098781,-38309
0000002069,0001723333,091052,084876,028038,005192,082805,092768,-09966
0000002070,0001724167,091071,085518,027378,005192,081295,078001,019901
0000002071,0001725000,090857,086249,026861,005192,080654,055944,048369
0000002072,0001725833,090431,086998,026538,005192,080946,028741,072651
0000002073,0001726667,089834,087691,026441,005192,082143,-00942,090361
0000002074,0001727500,089126,088262,026579,005192,084126,-30199,099788
0000002075,0001728333,088376,088653,026937,005192,086703,-56165,099989
0000002076,0001729167,087656,088828,027482,005192,089620,-76293,090943
0000002077,0001730000,087038,088769,028160,005192,092593,-88631,073555
0000002078,0001730833,086581,088482,028903,005192,095330,-91953,049510
0000002079,0001731667,086331,087994,029641,005192,097562,-85932,021164
0000002080,0001732500,086311,087355,030301,005192,099073,-71178,-08703
0000002081,0001733333,086523,086625,030818,005192,099714,-49116,-37171
0000002082,0001734167,086948,085876,031142,005192,099421,-21909,-61447
0000002083,0001735000,087543,085182,031241,005192,098225,007773,-79170
0000002084,0001735833,088252,084610,031105,005192,096241,037030,-88591
0000002085,0001736667,089003,084217,030746,005192,093664,062992,-88782
0000002086,0001737500,089724,084041,030201,005192,090747,083130,-79750
0000002087,0001738333,090343,084100,029523,005192,087775,095461,-62356
0000002088,0001739167,090801,084388,028777,005192,085039,098774,-38306
0000002089,0001740000,091052,084876,028038,005192,082805,092767,-09965
0000002090,0001740833,091071,085518,027378,005192,081294,078007,019902
0000002091,0001741667,090857,086249,026861,005192,080655,055940,048366
0000002092,0001742500,090431,086998,026538,005192,080946,028740,072650
0000002093,0001743333,089834,087691,026441,005192,082143,-00942,090368
0000002094,0001744167,089126,088262,026579,005192,084127,-30196,099781
0000002095,0001745000,088376,088653,026937,005192,086703,-56165,099988
0000002096,0001745833,087656,088828,027482,005192,089620,-76300,090950
0000002097,0001746667,087038,088769,028160,005192,092593,-88624,073550
0000002098,0001747500,086581,088482,028903,005192,095330,-91952,049510
0000002099,0001748333,086331,087995,029641,005192,097563,-85939,021166
0000002100,0001749167,086311,087355,030301,005192,099073,-71172,-08702
0000002101,0001750000,086523,086625,030818,005192,099714,-49115,-37171
0000002102,0001750833,086948,085876,031142,005192,099422,-21911,-61453
0000002103,0001751667,087544,085182,031241,005192,098224,007772,-79164
0000002104,0001752500,088252,084611,031104,005192,096241,037030,-88590
0000002105,0001753333,089003,084217,030746,005192,093665,062997,-88790
0000002106,0001754167,089724,084042,030201,005192,090747,083124,-79743
0000002107,0001755000,090343,084100,029523,005192,087775,095461,-62355
0000002108,0001755833,090801,084388,028777,005192,085038,098782,-38310
0000002109,0001756667,091052,084877,028038,005192,082806,092760,-09964
0000002110,0001757500,091071,085518,027378,005192,081294,078006,019902
0000002111,0001758333,090857,086249,026861,005192,080654,055945,048370
0000002112,0001759167,090431,086998,026538,005192,080947,028738,072645
0000002113,0001760000,089834,087691,026441,005192,082143,-00943,090368
0000002114,0001760833,089126,088262,026578,005192,084126,-30199,099789
0000002115,0001761667,088376,088653,026937,005192,086703,-56161,099981
0000002116,0001762500,087656,088828,027482,005192,089620,-76300,090949
0000002117,0001763333,087038,088769,028159,005192,092593,-88632,073556
0000002118,0001764167,086581,088482,028903,005192,095329,-91945,049506
0000002119,0001765000,086331,087995,029641,005192,097563,-85938,021165
0000002120,0001765833,086311,087355,030301,005192,099073,-71178,-08703
0000002121,0001766667,086524,086625,030818,005192,099713,-49111,-37168
0000002122,0001767500,086948,085876,031142,005192,099422,-21911,-61452
0000002123,0001768333,087544,085182,031241,005192,098225,007773,-79171
0000002124,0001769167,088252,084611,031104,005192,096241,037027,-88583
0000002125,0001770000,089003,084217,030746,005192,093665,062996,-88789
0000002126,0001770833,089724,084042,030201,005192,090747,083131,-79751
0000002127,0001771667,090343,084101,029523,005192,087775,095454,-62350
0000002128,0001772500,090801,084388,028777,005192,085038,098781,-38309
0000002129,0001773333,091052,084877,028038,005192,082805,092768,-09966
0000002130,0001774167,091071,085518,027378,005192,081295,078001,019901
0000002131,0001775000,090857,086249,026861,005192,080654,055944,048370
0000002132,0001775833,090431,086998,026538,005192,080946,028741,072651
0000002133,0001776667,089834,087691,026441,005192,082143,-00942,090362
0000002134,0001777500,089126,088262,026578,005192,084126,-30199,099788
0000002135,0001778333,088376,088654,026937,005192,086703,-56166,099989
0000002136,0001779167,087656,088828,027482,005192,089620,-76294,090943
0000002137,0001780000,087038,088769,028159,005192,092593,-88631,073555
0000002138,0001780833,086581,088482,028903,005192,095330,-91953,049510
0000002139,0001781667,086331,087995,029641,005192,097562,-85932,021164
0000002140,0001782500,086311,087355,030301,005192,099073,-71178,-08703
0000002141,0001783333,086523,086625,030818,005192,099714,-49116,-37171
0000002142,0001784167,086948,085877,031142,005192,099421,-21909,-61447
0000002143,0001785000,087544,085182,031240,005192,098225,007773,-79170
0000002144,0001785833,088252,084611,031104,005192,096241,037030,-88591
0000002145,0001786667,089003,084218,030746,005192,093664,062992,-88782
0000002146,0001787500,089724,084042,030201,005192,090747,083130,-79750
0000002147,0001788333,090343,084101,029523,005192,087775,095462,-62356
0000002148,0001789167,090801,084388,028777,005192,085039,098774,-38306
0000002149,0001790000,091052,084877,028038,005192,082805,092767,-09965
0000002150,0001790833,091071,085518,027378,005192,081294,078007,019902
0000002151,0001791667,090857,086249,026861,005192,080655,055940,048366
0000002152,0001792500,090431,086998,026538,005192,080946,028740,072650
0000002153,0001793333,089835,087691,026441,005192,082143,-00943,090369
0000002154,0001794167,089126,088262,026578,005192,084127,-30197,099781
0000002155,0001795000,088376,088654,026937,005192,086703,-56165,099988
0000002156,0001795833,087656,088828,027482,005192,089620,-76300,090950
0000002157,0001796667,087038,088769,028159,005192,092593,-88624,073550
0000002158,0001797500,086581,088482,028903,005192,095330,-91952,049509
0000002159,0001798333,086331,087995,029641,005192,097563,-85939,021165
0000002160,0001799167,086311,087355,030301,005192,099073,-71172,-08702
0000002161,0001800000,086523,086625,030818,005192,099714,-49115,-37171
0000002162,0001800833,086948,085877,031142,005192,099422,-21911,-61453
0000002163,0001801667,087544,085182,031240,005192,098224,007773,-79164
0000002164,0001802500,088252,084611,031104,005192,096241,037030,-88590
0000002165,0001803333,089003,084218,030746,005192,093665,062997,-88790
0000002166,0001804167,089724,084042,030201,005192,090747,083124,-79743
0000002167,0001805000,090343,084101,029523,005192,087775,095461,-62355
0000002168,0001805833,090801,084388,028777,005192,085038,098782,-38310
0000002169,0001806667,091052,084877,028038,005192,082806,092760,-09964
0000002170,0001807500,091071,085518,027378,005192,081294,078006,019902
0000002171,0001808333,090857,086249,026861,005192,080654,055945,048370
0000002172,0001809167,090431,086998,026538,005192,080947,028738,072645
0000002173,0001810000,089835,087691,026441,005192,082143,-00943,090368
0000002174,0001810833,089127,088262,026578,005192,084126,-30199,099789
0000002175,0001811667,088376,088654,026937,005192,086703,-56161,099981
0000002176,0001812500,087656,088829,027482,005192,089620,-76300,090949
0000002177,0001813333,087038,088769,028159,005192,092593,-88632,073556
0000002178,0001814167,086581,088482,028903,005192,095329,-91945,049506
0000002179,0001815000,086331,087995,029641,005192,097563,-85938,021165
0000002180,0001815833,086311,087355,030301,005192,099073,-71178,-08703
0000002181,0001816667,086524,086625,030818,005192,099713,-49111,-37168
0000002182,0001817500,086948,085877,031142,005192,099422,-21910,-61452
0000002183,0001818333,087544,085182,031240,005192,098225,007773,-79171
0000002184,0001819167,088252,084611,031104,005192,096241,037027,-88583
0000002185,0001820000,089003,084218,030746,005192,093665,062996,-88789
0000002186,0001820833,089724,084042,030201,005192,090747,083131,-79750
0000002187,0001821667,090343,084101,029522,005192,087775,095454,-62350
0000002188,0001822500,090801,084388,028777,005192,085038,098781,-38309
0000002189,0001823333,091052,084877,028038,005192,082805,092768,-09965
0000002190,0001824167,091071,085518,027378,005192,081295,078001,019901
0000002191,0001825000,090857,086249,026861,005192,080654,055944,048370
0000002192,0001825833,090431,086998,026538,005192,080946,028740,072651
0000002193,0001826667,089835,087691,026441,005192,082143,-00943,090362
0000002194,0001827500,089127,088262,026578,005192,084126,-30199,099788
0000002195,0001828333,088376,088654,026937,005192,086703,-56166,099989
0000002196,0001829167,087657,088829,027482,005192,089620,-76294,090943
0000002197,0001830000,087038,088770,028159,005192,092593,-88631,073555
0000002198,0001830833,086581,088482,028903,005192,095330,-91953,049510
0000002199,0001831667,086331,087995,029641,005192,097562,-85931,021164
0000002200,0001832500,086311,087355,030301,005192,099073,-71177,-08703
0000002201,0001833333,086524,086625,030818,005192,099714,-49115,-37171
0000002202,0001834167,086949,085877,031141,005192,099421,-21909,-61447
0000002203,0001835000,087544,085182,031240,005192,098225,007773,-79170
0000002204,0001835833,088252,084611,031104,005192,096241,037030,-88591
0000002205,0001836667,089003,084218,030746,005192,093664,062992,-88782
0000002206,0001837500,089724,084042,030201,005192,090747,083130,-79750
0000002207,0001838333,090343,084101,029522,005192,087775,095462,-62356
0000002208,0001839167,090801,084389,028777,005192,085038,098774,-38306
0000002209,0001840000,091052,084877,028038,005192,082805,092767,-09965
0000002210,0001840833,091071,085518,027378,005192,081294,078007,019902
0000002211,0001841667,090857,086249,026861,005192,080655,055940,048367
0000002212,0001842500,090431,086998,026538,005192,080946,028740,072651
0000002213,0001843333,089835,087692,026440,005192,082143,-00943,090369
0000002214,0001844167,089127,088262,026578,005192,084127,-30197,099781
0000002215,0001845000,088376,088654,026937,005192,086703,-56166,099988
0000002216,0001845833,087656,088829,027481,005192,089620,-76300,090950
0000002217,0001846667,087038,088769,028159,005192,092593,-88624,073550
0000002218,0001847500,086581,088482,028903,005192,095330,-91952,049509
0000002219,0001848333,086331,087995,029641,005192,097563,-85939,021165
0000002220,0001849167,086311,087355,030301,005192,099073,-71172,-08702
0000002221,0001850000,086524,086625,030818,005192,099714,-49115,-37171
0000002222,0001850833,086948,085877,031142,005192,099422,-21911,-61453
0000002223,0001851667,087544,085183,031240,005192,098224,007773,-79164
0000002224,0001852500,088252,084611,031104,005192,096241,037030,-88590
0000002225,0001853333,089003,084218,030746,005192,093665,062997,-88790
0000002226,0001854167,089724,084042,030200,005192,090747,083124,-79743
0000002227,0001855000,090343,084101,029522,005192,087775,095461,-62355
0000002228,0001855833,090801,084389,028777,005192,085038,098782,-38310
0000002229,0001856667,091052,084877,028038,005192,082806,092760,-09964
0000002230,0001857500,091071,085518,027378,005192,081294,078006,019903
0000002231,0001858333,090857,086249,026861,005192,080654,055944,048370
0000002232,0001859167,090431,086998,026538,005192,080947,028738,072646
0000002233,0001860000,089835,087692,026440,005192,082143,-00943,090368
0000002234,0001860833,089127,088262,026578,005192,084126,-30200,099789
0000002235,0001861667,088376,088654,026937,005192,086703,-56161,099981
0000002236,0001862500,087656,088829,027481,005192,089620,-76300,090949
0000002237,0001863333,087038,088770,028159,005192,092593,-88632,073556
0000002238,0001864167,086581,088482,028903,005192,095329,-91945,049506
0000002239,0001865000,086331,087995,029641,005192,097563,-85938,021165
0000002240,0001865833,086311,087355,030301,005192,099073,-71178,-08703
0000002241,0001866667,086524,086625,030818,005192,099713,-49111,-37168
0000002242,0001867500,086949,085877,031141,005192,099422,-21910,-61452
0000002243,0001868333,087544,085183,031240,005192,098225,007773,-79171
0000002244,0001869167,088252,084611,031103,005192,096241,037028,-88583
0000002245,0001870000,089003,084218,030745,005192,093665,062996,-88789
0000002246,0001870833,089724,084042,030201,005192,090747,083131,-79750
0000002247,0001871667,090343,084101,029522,005192,087775,095454,-62350
0000002248,0001872500,090801,084389,028777,005192,085038,098781,-38309
0000002249,0001873333,091052,084877,028038,005192,082805,092768,-09965
0000002250,0001874167,091071,085518,027378,005192,081295,078001,019901
0000002251,0001875000,090857,086249,026861,005192,080654,055944,048370
0000002252,0001875833,090431,086998,026538,005192,080946,028740,072651
0000002253,0001876667,089835,087692,026440,005192,082143,-00943,090362
0000002254,0001877500,089127,088262,026578,005192,084126,-30200,099788
0000002255,0001878333,088376,088654,026936,005192,086703,-56166,099989
0000002256,0001879167,087657,088829,027481,005192,089620,-76294,090943
0000002257,0001880000,087038,088770,028159,005192,092593,-88631,073555
0000002258,0001880833,086581,088483,028903,005192,095330,-91953,049510
0000002259,0001881667,086331,087995,029641,005192,097562,-85931,021164
0000002260,0001882500,086311,087355,030301,005192,099073,-71177,-08703
0000002261,0001883333,086524,086625,030818,005192,099714,-49115,-37171
0000002262,0001884167,086949,085877,031141,005192,099421,-21908,-61447
0000002263,0001885000,087544,085183,031240,005192,098225,007773,-79170
0000002264,0001885833,088252,084611,031104,005192,096241,037030,-88591
0000002265,0001886667,089003,084218,030745,005192,093664,062992,-88782
0000002266,0001887500,089724,084042,030200,005192,090747,083130,-79750
0000002267,0001888333,090343,084101,029522,005192,087775,095462,-62356
0000002268,0001889167,090801,084389,028777,005192,085038,098774,-38306
0000002269,0001890000,091052,084877,028038,005192,082805,092767,-09965
0000002270,0001890833,091071,085518,027377,005192,081294,078007,019903
0000002271,0001891667,090857,086249,026861,005192,080655,055940,048367
0000002272,0001892500,090431,086998,026538,005192,080946,028740,072651
0000002273,0001893333,089835,087692,026440,005192,082143,-00943,090369
0000002274,0001894167,089127,088262,026578,005192,084127,-30197,099781
0000002275,0001895000,088376,088654,026936,005192,086703,-56166,099988
0000002276,0001895833,087656,088829,027481,005192,089620,-76300,090950
0000002277,0001896667,087038,088770,028159,005192,092593,-88624,073550
0000002278,0001897500,086581,088483,028903,005192,095330,-91952,049509
0000002279,0001898333,086331,087995,029641,005192,097563,-85939,021165
0000002280,0001899167,086311,087355,030301,005192,099073,-71172,-08702
0000002281,0001900000,086524,086625,030818,005192,099714,-49115,-37171
0000002282,0001900833,086949,085877,031141,005192,099422,-21911,-61453
0000002283,0001901667,087544,085183,031240,005192,098224,007773,-79164
0000002284,0001902500,088252,084611,031103,005192,096241,037030,-88590
0000002285,0001903333,089003,084218,030745,005192,093665,062997,-88790
0000002286,0001904167,089724,084043,030200,005192,090747,083124,-79743
0000002287,0001905000,090343,084101,029522,005192,087775,095461,-62355
0000002288,0001905833,090801,084389,028777,005192,085038,098782,-38310
0000002289,0001906667,091052,084877,028038,005192,082806,092760,-09964
0000002290,0001907500,091071,085518,027377,005192,081294,078006,019903
0000002291,0001908333,090857,086249,026860,005192,080654,055944,048370
0000002292,0001909167,090431,086998,026538,005192,080947,028738,072646
0000002293,0001910000,089835,087692,026440,005192,082143,-00943,090368
0000002294,0001910833,089127,088262,026577,005192,084126,-30200,099789
0000002295,0001911667,088376,088654,026936,005192,086703,-56161,099981
0000002296,0001912500,087657,088829,027481,005192,089620,-76300,090949
0000002297,0001913333,087038,088770,028159,005192,092593,-88632,073556
0000002298,0001914167,086581,088483,028903,005192,095329,-91945,049506
0000002299,0001915000,086331,087995,029641,005192,097563,-85938,021165
0000002300,0001915833,086311,087355,030301,005192,099073,-71178,-08703
0000002301,0001916667,086524,086625,030817,005192,099713,-49111,-37168
0000002302,0001917500,086949,085877,031141,005192,099422,-21910,-61452
0000002303,0001918333,087544,085183,031240,005192,098225,007773,-79171
0000002304,0001919167,088252,084611,031103,005192,096241,037028,-88583
0000002305,0001920000,089003,084218,030745,005192,093665,062996,-88789
0000002306,0001920833,089724,084043,030200,005192,090747,083131,-79750
0000002307,0001921667,090343,084102,029522,005192,087775,095454,-62350
0000002308,0001922500,090801,084389,028777,005192,085038,098781,-38309
0000002309,0001923333,091052,084877,028038,005192,082805,092768,-09965
0000002310,0001924167,091071,085518,027377,005192,081295,078000,019902
0000002311,0001925000,090857,086249,026860,005192,080654,055944,048370
0000002312,0001925833,090431,086998,026537,005192,080946,028740,072651
0000002313,0001926667,089835,087692,026440,005192,082143,-00943,090362
0000002314,0001927500,089127,088263,026577,005192,084126,-30200,099788
0000002315,0001928333,088376,088654,026936,005192,086703,-56166,099989
0000002316,0001929167,087657,088829,027481,005192,089620,-76294,090942
0000002317,0001930000,087038,088770,028159,005192,092593,-88631,073555
0000002318,0001930833,086581,088483,028903,005192,095330,-91953,049509
0000002319,0001931667,086331,087995,029641,005192,097562,-85931,021164
0000002320,0001932500,086311,087355,030301,005192,099073,-71177,-08703
0000002321,0001933333,086524,086625,030818,005192,099714,-49115,-37172
0000002322,0001934167,086949,085877,031141,005192,099421,-21908,-61447
0000002323,0001935000,087544,085183,031240,005192,098225,007773,-79170
0000002324,0001935833,088252,084611,031103,005192,096241,037030,-88591
0000002325,0001936667,089003,084219,030745,005192,093664,062992,-88782
0000002326,0001937500,089724,084043,030200,005192,090747,083130,-79750
0000002327,0001938333,090343,084101,029522,005192,087775,095462,-62356
0000002328,0001939167,090801,084389,028777,005192,085038,098774,-38306
0000002329,0001940000,091052,084877,028038,005192,082805,092767,-09965
0000002330,0001940833,091071,085518,027377,005192,081294,078007,019903
0000002331,0001941667,090857,086249,026861,005192,080655,055940,048367
0000002332,0001942500,090431,086998,026537,005192,080946,028740,072651
0000002333,0001943333,089835,087692,026440,005192,082143,-00943,090369
0000002334,0001944167,089127,088262,026577,005192,084127,-30197,099781
0000002335,0001945000,088376,088654,026936,005192,086703,-56166,099988
0000002336,0001945833,087657,088829,027481,005192,089620,-76301,090950
0000002337,0001946667,087038,088770,028159,005192,092593,-88624,073550
0000002338,0001947500,086581,088483,028903,005192,095330,-91952,049509
0000002339,0001948333,086331,087995,029641,005192,097563,-85939,021165
0000002340,0001949167,086311,087355,030300,005192,099073,-71172,-08702
0000002341,0001950000,086524,086625,030818,005192,099714,-49115,-37171
0000002342,0001950833,086949,085877,031141,005192,099422,-21910,-61453
0000002343,0001951667,087544,085183,031239,005192,098224,007773,-79164
0000002344,0001952500,088252,084611,031103,005192,096241,037030,-88590
0000002345,0001953333,089003,084218,030745,005192,093665,062997,-88790
0000002346,0001954167,089724,084043,030200,005192,090747,083124,-79743
0000002347,0001955000,090343,084102,029522,005192,087775,095461,-62355
0000002348,0001955833,090801,084389,028777,005192,085038,098782,-38310
0000002349,0001956667,091051,084878,028038,005192,082806,092760,-09964
0000002350,0001957500,091071,085518,027377,005192,081294,078006,019903
0000002351,0001958333,090857,086249,026860,005192,080654,055944,048370
0000002352,0001959167,090431,086998,026538,005192,080947,028738,072646
0000002353,0001960000,089835,087692,026440,005192,082143,-00943,090368
0000002354,0001960833,089127,088263,026577,005192,084126,-30200,099789
0000002355,0001961667,088376,088654,026936,005192,086703,-56161,099981
0000002356,0001962500,087657,088829,027481,005192,089620,-76300,090949
0000002357,0001963333,087038,088770,028158,005192,092593,-88632,073555
0000002358,0001964167,086581,088483,028903,005192,095329,-91945,049506
0000002359,0001965000,086331,087995,029641,005192,097563,-85938,021165
0000002360,0001965833,086311,087355,030301,005192,099073,-71178,-08703
0000002361,0001966667,086524,086625,030817,005192,099713,-49111,-37168
0000002362,0001967500,086949,085877,031141,005192,099422,-21910,-61452
0000002363,0001968333,087544,085183,031240,005192,098225,007773,-79171
0000002364,0001969167,088252,084612,031103,005192,096241,037028,-88583
0000002365,0001970000,089003,084219,030745,005192,093665,062996,-88789
0000002366,0001970833,089724,084043,030200,005192,090747,083131,-79750
0000002367,0001971667,090343,084102,029522,005192,087775,095454,-62350
0000002368,0001972500,090801,084389,028777,005192,085038,098781,-38309
0000002369,0001973333,091052,084878,028038,005192,082805,092768,-09965
0000002370,0001974167,091071,085519,027377,005192,081295,078000,019902
0000002371,0001975000,090857,086249,026860,005192,080654,055944,048370
0000002372,0001975833,090431,086998,026537,005192,080946,028740,072651
0000002373,0001976667,089835,087692,026440,005192,082143,-00943,090362
0000002374,0001977500,089127,088263,026577,005192,084126,-30200,099788
0000002375,0001978333,088376,088655,026936,005192,086703,-56166,099989
0000002376,0001979167,087657,088829,027481,005192,089620,-76294,090942
0000002377,0001980000,087038,088770,028158,005192,092593,-88631,073555
0000002378,0001980833,086581,088483,028903,005192,095330,-91953,049509
0000002379,0001981667,086331,087995,029641,005192,097562,-85931,021163
0000002380,0001982500,086311,087356,030300,005192,099073,-71177,-08703
0000002381,0001983333,086524,086626,030817,005192,099714,-49115,-37172
0000002382,0001984167,086949,085877,031141,005192,099421,-21908,-61447
0000002383,0001985000,087544,085183,031239,005192,098225,007773,-79170
0000002384,0001985833,088252,084611,031103,005192,096241,037030,-88591
0000002385,0001986667,089003,084219,030745,005192,093664,062992,-88782
0000002386,0001987500,089724,084043,030200,005192,090747,083130,-79750
0000002387,0001988333,090343,084102,029522,005192,087775,095462,-62356
0000002388,0001989167,090801,084390,028776,005192,085038,098774,-38306
0000002389,0001990000,091052,084878,028038,005192,082805,092767,-09965
0000002390,0001990833,091071,085518,027377,005192,081294,078007,019903
0000002391,0001991667,090857,086249,026860,005192,080655,055940,048367
0000002392,0001992500,090431,086998,026537,005192,080946,028740,072651
0000002393,0001993333,089835,087692,026440,005192,082143,-00943,090369
0000002394,0001994167,089127,088263,026577,005192,084127,-30197,099781
0000002395,0001995000,088376,088655,026936,005192,086703,-56166,099988
0000002396,0001995833,087657,088830,027481,005192,089620,-76301,090950
0000002397,0001996667,087038,088770,028158,005192,092593,-88624,073550
0000002398,0001997500,086581,088483,028903,005192,095330,-91952,049509
0000002399,0001998333,086331,087996,029641,005192,097563,-85939,021165
0000002400,0001999167,086311,087355,030300,005192,099073,-71172,-08702
0000002401,0002000000,086524,086626,030817,005192,099714,-49115,-37171
0000002402,0002000833,086949,085877,031141,005192,099422,-21910,-61453
0000002403,0002001667,087545,085183,031239,005192,098224,007773,-79164
0000002404,0002002500,088252,084611,031103,005192,096241,037030,-88590
0000002405,0002003333,089003,084219,030745,005192,093665,062997,-88790
0000002406,0002004167,089724,084043,030200,005192,090747,083124,-79743
0000002407,0002005000,090343,084102,029522,005192,087775,095461,-62355
0000002408,0002005833,090801,084389,028776,005192,085038,098782,-38310
0000002409,0002006667,091051,084878,028038,005192,082806,092760,-09964
0000002410,0002007500,091071,085519,027377,005192,081294,078006,019903
0000002411,0002008333,090857,086249,026860,005192,080654,055944,048370
0000002412,0002009167,090431,086998,026537,005192,080947,028738,072646
0000002413,0002010000,089835,087692,026440,005192,082143,-00943,090368
0000002414,0002010833,089127,088263,026577,005192,084126,-30200,099789
0000002415,0002011667,088376,088655,026936,005192,086703,-56161,099981
0000002416,0002012500,087657,088830,027481,005192,089620,-76300,090949
0000002417,0002013333,087038,088771,028158,005192,092593,-88632,073555
0000002418,0002014167,086581,088483,028902,005192,095329,-91945,049506
0000002419,0002015000,086331,087996,029641,005192,097563,-85938,021165
0000002420,0002015833,086311,087356,030300,005192,099073,-71178,-08703
0000002421,0002016667,086524,086626,030817,005192,099713,-49111,-37168
0000002422,0002017500,086949,085877,031141,005192,099422,-21910,-61452
0000002423,0002018333,087544,085183,031239,005192,098225,007773,-79171
0000002424,0002019167,088252,084612,031103,005192,096241,037028,-88583
0000002425,0002020000,089003,084219,030745,005192,093665,062996,-88789
0000002426,0002020833,089724,084043,030200,005192,090747,083131,-79750
0000002427,0002021667,090343,084102,029521,005192,087775,095454,-62350
0000002428,0002022500,090801,084390,028776,005192,085038,098781,-38309
0000002429,0002023333,091052,084878,028037,005192,082805,092768,-09965
0000002430,0002024167,091071,085519,027377,005192,081295,078001,019902
0000002431,0002025000,090857,086249,026860,005192,080654,055944,048370
0000002432,0002025833,090431,086998,026537,005192,080946,028740,072651
0000002433,0002026667,089835,087692,026440,005192,082143,-00943,090362
0000002434,0002027500,089127,088263,026577,005192,084126,-30200,099788
0000002435,0002028333,088376,088655,026936,005192,086703,-56166,099989
0000002436,0002029167,087657,088830,027481,005192,089620,-76294,090942
0000002437,0002030000,087038,088771,028158,005192,092593,-88631,073555
0000002438,0002030833,086581,088483,028902,005192,095330,-91953,049509
0000002439,0002031667,086331,087996,029641,005192,097562,-85931,021163
0000002440,0002032500,086311,087356,030300,005192,099073,-71177,-08703
0000002441,0002033333,086524,086626,030817,005192,099714,-49115,-37171
0000002442,0002034167,086949,085877,031141,005192,099421,-21908,-61447
0000002443,0002035000,087544,085183,031239,005192,098225,007773,-79170
0000002444,0002035833,088252,084612,031103,005192,096241,037030,-88590
0000002445,0002036667,089003,084219,030744,005192,093664,062992,-88782
0000002446,0002037500,089724,084043,030200,005192,090747,083130,-79750
0000002447,0002038333,090343,084102,029521,005192,087775,095462,-62356
0000002448,0002039167,090801,084390,028776,005192,085038,098774,-38306
0000002449,0002040000,091052,084878,028037,005192,082805,092767,-09965
0000002450,0002040833,091071,085519,027377,005192,081294,078007,019903
0000002451,0002041667,090857,086249,026860,005192,080655,055940,048367
0000002452,0002042500,090431,086998,026537,005192,080946,028740,072651
0000002453,0002043333,089835,087692,026440,005192,082143,-00943,090369
0000002454,0002044167,089127,088263,026577,005192,084127,-30197,099781
0000002455,0002045000,088376,088655,026936,005192,086703,-56166,099988
0000002456,0002045833,087657,088830,027480,005192,089620,-76301,090950
0000002457,0002046667,087038,088770,028158,005192,092593,-88624,073550
0000002458,0002047500,086581,088483,028902,005192,095330,-91952,049509
0000002459,0002048333,086331,087996,029641,005192,097563,-85939,021165
0000002460,0002049167,086311,087356,030300,005192,099073,-71171,-08702
0000002461,0002050000,086524,086626,030817,005192,099714,-49115,-37171
0000002462,0002050833,086949,085877,031141,005192,099422,-21910,-61453
0000002463,0002051667,087545,085183,031239,005192,098224,007773,-79164
0000002464,0002052500,088252,084612,031103,005192,096241,037030,-88590
0000002465,0002053333,089004,084219,030744,005192,093665,062997,-88790
0000002466,0002054167,089724,084043,030199,005192,090747,083124,-79743
0000002467,0002055000,090343,084102,029521,005192,087775,095461,-62355
0000002468,0002055833,090801,084390,028776,005192,085038,098782,-38310
0000002469,0002056667,091051,084878,028037,005192,082806,092760,-09964
0000002470,0002057500,091071,085519,027377,005192,081294,078006,019903
0000002471,0002058333,090857,086249,026860,005192,080654,055944,048370
0000002472,0002059167,090431,086998,026537,005192,080947,028738,072646
0000002473,0002060000,089835,087692,026439,005192,082143,-00943,090368
0000002474,0002060833,089127,088263,026577,005192,084126,-30200,099789
0000002475,0002061667,088376,088655,026936,005192,086703,-56161,099981
0000002476,0002062500,087657,088830,027480,005192,089620,-76300,090949
0000002477,0002063333,087038,088771,028158,005192,092593,-88632,073555
0000002478,0002064167,086581,088483,028902,005192,095329,-91945,049506
0000002479,0002065000,086331,087996,029640,005192,097563,-85938,021165
0000002480,0002065833,086311,087356,030300,005192,099073,-71178,-08703
0000002481,0002066667,086524,086626,030817,005192,099713,-49111,-37168
0000002482,0002067500,086949,085877,031141,005192,099422,-21910,-61452
0000002483,0002068333,087545,085183,031239,005192,098225,007773,-79171
0000002484,0002069167,088253,084612,031102,005192,096241,037028,-88583
0000002485,0002070000,089004,084219,030744,005192,093665,062996,-88789
0000002486,0002070833,089724,084043,030200,005192,090747,083131,-79750
0000002487,0002071667,090343,084102,029521,005192,087775,095454,-62350
0000002488,0002072500,090801,084390,028776,005192,085038,098781,-38309
0000002489,0002073333,091052,084878,028037,005192,082805,092768,-09965
0000002490,0002074167,091071,085519,027377,005192,081295,078001,019902
0000002491,0002075000,090857,086249,026860,005192,080654,055944,048370
0000002492,0002075833,090431,086998,026537,005192,080946,028740,072651
0000002493,0002076667,089835,087692,026440,005192,082143,-00943,090362
0000002494,0002077500,089127,088263,026577,005192,084126,-30200,099788
0000002495,0002078333,088376,088655,026935,005192,086703,-56166,099989
0000002496,0002079167,087657,088830,027480,005192,089620,-76294,090942
0000002497,0002080000,087038,088771,028158,005192,092593,-88631,073555
0000002498,0002080833,086581,088483,028902,005192,095330,-91953,049509
0000002499,0002081667,086331,087996,029640,005192,097562,-85931,021164
0000002500,0002082500,086311,087356,030300,005192,099073,-71177,-08703
0000002501,0002083333,086524,086626,030817,005192,099714,-49115,-37171
0000002502,0002084167,086949,085877,031141,005192,099421,-21908,-61447
0000002503,0002085000,087545,085183,031239,005192,098225,007773,-79170
0000002504,0002085833,088253,084612,031103,005192,096241,037030,-88590
0000002505,0002086667,089004,084219,030744,005192,093664,062992,-88782
0000002506,0002087500,089724,084043,030199,005192,090747,083130,-79750
0000002507,0002088333,090343,084102,029521,005192,087775,095462,-62356
0000002508,0002089167,090801,084390,028776,005192,085038,098774,-38306
0000002509,0002090000,091052,084878,028037,005192,082805,092767,-09965
0000002510,0002090833,091071,085519,027377,005192,081294,078007,019903
0000002511,0002091667,090857,086249,026860,005192,080655,055940,048367
0000002512,0002092500,090431,086998,026537,005192,080946,028740,072651
0000002513,0002093333,089835,087692,026439,005192,082143,-00943,090369
0000002514,0002094167,089127,088263,026577,005192,084127,-30197,099781
0000002515,0002095000,088376,088655,026935,005192,086703,-56166,099988
0000002516,0002095833,087657,088830,027480,005192,089620,-76301,090950
0000002517,0002096667,087038,088771,028158,005192,092593,-88624,073550
0000002518,0002097500,086581,088483,028902,005192,095330,-91952,049509
0000002519,0002098333,086331,087996,029640,005192,097563,-85939,021165
0000002520,0002099167,086311,087356,030300,005192,099073,-71172,-08702
0000002521,0002100000,086524,086626,030817,005192,099714,-49115,-37171
0000002522,0002100833,086949,085877,031141,005192,099422,-21911,-61453
0000002523,0002101667,087545,085183,031239,005192,098224,007773,-79164
0000002524,0002102500,088253,084612,031103,005192,096241,037030,-88590
0000002525,0002103333,089004,084219,030744,005192,093665,062997,-88790
0000002526,0002104167,089724,084044,030199,005192,090747,083124,-79743
0000002527,0002105000,090343,084102,029521,005192,087775,095461,-62355
0000002528,0002105833,090801,084390,028776,005192,085038,098782,-38310
0000002529,0002106667,091051,084878,028037,005192,082806,092760,-09964
0000002530,0002107500,091071,085519,027377,005192,081294,078006,019903
0000002531,0002108333,090857,086249,026860,005192,080654,055944,048370
0000002532,0002109167,090431,086998,026537,005192,080947,028738,072646
0000002533,0002110000,089835,087692,026439,005192,082143,-00943,090368
0000002534,0002110833,089127,088263,026577,005192,084126,-30200,099789
0000002535,0002111667,088377,088655,026935,005192,086703,-56161,099981
0000002536,0002112500,087657,088830,027480,005192,089620,-76300,090949
0000002537,0002113333,087038,088771,028158,005192,092593,-88632,073555
0000002538,0002114167,086581,088483,028902,005192,095329,-91945,049506
0000002539,0002115000,086331,087996,029640,005192,097563,-85938,021165
0000002540,0002115833,086311,087356,030300,005192,099073,-71178,-08703
0000002541,0002116667,086524,086626,030817,005192,099713,-49111,-37168
0000002542,0002117500,086949,085877,031141,005192,099422,-21910,-61452
0000002543,0002118333,087545,085183,031239,005192,098225,007773,-79171
0000002544,0002119167,088253,084612,031102,005192,096241,037027,-88583
0000002545,0002120000,089004,084219,030744,005192,093665,062996,-88789
0000002546,0002120833,089724,084043,030199,005192,090747,083131,-79750
0000002547,0002121667,090343,084103,029521,005192,087775,095454,-62350
0000002548,0002122500,090801,084390,028776,005192,085038,098781,-38309
0000002549,0002123333,091052,084878,028037,005192,082805,092768,-09965
0000002550,0002124167,091071,085519,027377,005192,081295,078001,019901
0000002551,0002125000,090857,086249,026860,005192,080654,055944,048370
0000002552,0002125833,090432,086998,026537,005192,080946,028740,072651
0000002553,0002126667,089835,087692,026439,005192,082143,-00943,090362
0000002554,0002127500,089127,088263,026577,005192,084126,-30200,099788
0000002555,0002128333,088377,088655,026935,005192,086703,-56166,099989
0000002556,0002129167,087657,088830,027480,005192,089620,-76294,090942
0000002557,0002130000,087038,088771,028158,005192,092593,-88631,073555
0000002558,0002130833,086581,088484,028902,005192,095330,-91953,049509
0000002559,0002131667,086331,087996,029640,005192,097562,-85931,021164
0000002560,0002132500,086311,087356,030300,005192,099073,-71177,-08703
0000002561,0002133333,086524,086626,030817,005192,099714,-49115,-37171
0000002562,0002134167,086949,085877,031141,005192,099421,-21908,-61447
0000002563,0002135000,087545,085183,031239,005192,098225,007773,-79170
0000002564,0002135833,088253,084612,031102,005192,096241,037030,-88590
0000002565,0002136667,089004,084219,030744,005192,093664,062992,-88782
0000002566,0002137500,089724,084044,030199,005192,090747,083130,-79750
0000002567,0002138333,090343,084102,029521,005192,087775,095462,-62356
0000002568,0002139167,090801,084390,028776,005192,085038,098774,-38306
0000002569,0002140000,091052,084878,028037,005192,082805,092767,-09965
0000002570,0002140833,091071,085519,027377,005192,081294,078007,019902
0000002571,0002141667,090857,086250,026860,005192,080655,055940,048367
0000002572,0002142500,090432,086998,026537,005192,080946,028740,072651
0000002573,0002143333,089835,087692,026439,005192,082143,-00943,090369
0000002574,0002144167,089127,088263,026577,005192,084127,-30197,099781
0000002575,0002145000,088377,088655,026935,005192,086703,-56166,099988
0000002576,0002145833,087657,088830,027480,005192,089620,-76301,090950
0000002577,0002146667,087038,088771,028158,005192,092593,-88624,073550
0000002578,0002147500,086581,088484,028902,005192,095330,-91952,049509
0000002579,0002148333,086330,087996,029640,005192,097563,-85939,021165
0000002580,0002149167,086311,087356,030300,005192,099073,-71172,-08702
0000002581,0002150000,086524,086626,030817,005192,099714,-49115,-37171
0000002582,0002150833,086949,085877,031141,005192,099422,-21911,-61453
0000002583,0002151667,087545,085183,031239,005192,098224,007773,-79163
0000002584,0002152500,088253,084612,031102,005192,096241,037030,-88590
0000002585,0002153333,089004,084219,030744,005192,093665,062996,-88790
0000002586,0002154167,089724,084044,030199,005192,090747,083124,-79743
0000002587,0002155000,090343,084102,029521,005192,087775,095461,-62355
0000002588,0002155833,090801,084390,028776,005192,085038,098782,-38310
0000002589,0002156667,091051,084878,028037,005192,082806,092760,-09964
0000002590,0002157500,091071,085519,027377,005192,081294,078006,019902
0000002591,0002158333,090857,086250,026860,005192,080654,055945,048370
0000002592,0002159167,090431,086998,026537,005192,080947,028738,072646
0000002593,0002160000,089835,087692,026439,005192,082143,-00943,090368
0000002594,0002160833,089127,088263,026576,005192,084126,-30200,099789
0000002595,0002161667,088377,088655,026935,005192,086703,-56161,099981
0000002596,0002162500,087657,088830,027480,005192,089620,-76300,090949
0000002597,0002163333,087038,088771,028158,005192,092593,-88632,073556
0000002598,0002164167,086581,088484,028902,005192,095329,-91945,049506
0000002599,0002165000,086330,087996,029640,005192,097563,-85938,021165
0000002600,0002165833,086311,087356,030300,005192,099073,-71178,-08703
0000002601,0002166667,086524,086626,030817,005192,099713,-49111,-37168
0000002602,0002167500,086949,085877,031141,005192,099422,-21910,-61452
0000002603,0002168333,087545,085183,031239,005192,098225,007773,-79170
0000002604,0002169167,088253,084612,031102,005192,096241,037027,-88582
0000002605,0002170000,089004,084219,030744,005192,093665,062996,-88789
0000002606,0002170833,089724,084044,030199,005192,090747,083131,-79750
0000002607,0002171667,090343,084103,029521,005192,087775,095454,-62350
0000002608,0002172500,090801,084390,028776,005192,085038,098781,-38309
0000002609,0002173333,091052,084878,028037,005192,082805,092768,-09966
0000002610,0002174167,091071,085519,027377,005192,081295,078001,019901
0000002611,0002175000,090857,086250,026860,005192,080654,055944,048370
0000002612,0002175833,090432,086998,026537,005192,080946,028740,072651
0000002613,0002176667,089835,087692,026439,005192,082143,-00943,090362
0000002614,0002177500,089127,088263,026576,005192,084126,-30200,099788
0000002615,0002178333,088377,088655,026935,005192,086703,-56166,099989
0000002616,0002179167,087657,088830,027480,005192,089620,-76294,090942
0000002617,0002180000,087038,088771,028158,005192,092593,-88631,073555
0000002618,0002180833,086581,088484,028902,005192,095330,-91953,049509
0000002619,0002181667,086331,087996,029640,005192,097562,-85931,021164
0000002620,0002182500,086311,087356,030300,005192,099073,-71177,-08703
0000002621,0002183333,086524,086626,030817,005192,099714,-49115,-37171
0000002622,0002184167,086949,085877,031140,005192,099421,-21909,-61447
0000002623,0002185000,087545,085183,031239,005192,098225,007773,-79170
0000002624,0002185833,088253,084612,031102,005192,096241,037030,-88590
0000002625,0002186667,089004,084219,030744,005192,093664,062991,-88782
0000002626,0002187500,089724,084044,030199,005192,090747,083130,-79750
0000002627,0002188333,090343,084103,029521,005192,087775,095462,-62356
0000002628,0002189167,090801,084390,028776,005192,085039,098774,-38306
0000002629,0002190000,091052,084878,028037,005192,082805,092767,-09965
0000002630,0002190833,091071,085519,027377,005192,081294,078007,019902
0000002631,0002191667,090857,086250,026860,005192,080655,055940,048367
0000002632,0002192500,090432,086998,026537,005192,080946,028740,072651
0000002633,0002193333,089835,087692,026439,005192,082143,-00943,090369
0000002634,0002194167,089127,088263,026576,005192,084127,-30197,099781
0000002635,0002195000,088377,088655,026935,005192,086703,-56166,099988
0000002636,0002195833,087657,088830,027480,005192,089620,-76300,090950
0000002637,0002196667,087038,088771,028158,005192,092593,-88624,073550
0000002638,0002197500,086581,088484,028902,005192,095330,-91952,049509
0000002639,0002198333,086330,087996,029640,005192,097563,-85939,021165
0000002640,0002199167,086311,087356,030300,005192,099073,-71172,-08702
0000002641,0002200000,086524,086626,030817,005192,099714,-49115,-37171
0000002642,0002200833,086949,085877,031141,005192,099422,-21911,-61453
0000002643,0002201667,087545,085183,031239,005192,098224,007773,-79163
0000002644,0002202500,088253,084612,031102,005192,096241,037030,-88589
0000002645,0002203333,089004,084219,030744,005192,093665,062996,-88790
0000002646,0002204167,089724,084044,030199,005192,090747,083124,-79743
0000002647,0002205000,090343,084103,029521,005192,087775,095461,-62356
0000002648,0002205833,090801,084390,028776,005192,085038,098782,-38310
0000002649,0002206667,091051,084878,028037,005192,082806,092760,-09964
0000002650,0002207500,091071,085519,027377,005192,081294,078006,019902
0000002651,0002208333,090857,086250,026860,005192,080654,055945,048370
0000002652,0002209167,090432,086998,026537,005192,080947,028738,072646
0000002653,0002210000,089835,087692,026439,005192,082143,-00943,090368
0000002654,0002210833,089127,088263,026576,005192,084126,-30200,099789
0000002655,0002211667,088377,088655,026935,005192,086703,-56161,099981
0000002656,0002212500,087657,088830,027480,005192,089620,-76300,090949
0000002657,0002213333,087038,088771,028158,005192,092593,-88632,073556
0000002658,0002214167,086581,088484,028902,005192,095329,-91945,049506
0000002659,0002215000,086330,087996,029640,005192,097563,-85938,021165
0000002660,0002215833,086311,087356,030300,005192,099073,-71178,-08703
0000002661,0002216667,086524,086626,030817,005192,099713,-49111,-37168
0000002662,0002217500,086949,085877,031141,005192,099422,-21910,-61452
0000002663,0002218333,087545,085183,031239,005192,098225,007773,-79170
0000002664,0002219167,088253,084612,031102,005192,096241,037027,-88582
0000002665,0002220000,089004,084219,030744,005192,093665,062996,-88789
0000002666,0002220833,089724,084044,030199,005192,090747,083130,-79751
0000002667,0002221667,090343,084103,029521,005192,087775,095454,-62351
0000002668,0002222500,090801,084390,028776,005192,085038,098781,-38309
0000002669,0002223333,091052,084878,028037,005192,082805,092768,-09966
0000002670,0002224167,091071,085519,027377,005192,081295,078001,019901
0000002671,0002225000,090857,086250,026860,005192,080654,055944,048370
0000002672,0002225833,090432,086999,026537,005192,080946,028740,072651
0000002673,0002226667,089835,087692,026439,005192,082143,-00943,090362
0000002674,0002227500,089127,088263,026576,005192,084126,-30200,099788
0000002675,0002228333,088377,088655,026935,005192,086703,-56166,099989
0000002676,0002229167,087657,088830,027480,005192,089620,-76294,090943
0000002677,0002230000,087038,088771,028158,005192,092593,-88631,073555
0000002678,0002230833,086581,088484,028902,005192,095330,-91953,049510
0000002679,0002231667,086331,087996,029640,005192,097562,-85931,021164
0000002680,0002232500,086311,087356,030300,005192,099073,-71177,-08703
0000002681,0002233333,086524,086626,030817,005192,099714,-49115,-37171
0000002682,0002234167,086949,085877,031140,005192,099421,-21909,-61447
0000002683,0002235000,087545,085183,031239,005192,098225,007773,-79170
0000002684,0002235833,088253,084612,031102,005192,096241,037030,-88590
0000002685,0002236667,089004,084220,030744,005192,093664,062991,-88782
0000002686,0002237500,089724,084044,030199,005192,090747,083130,-79750
0000002687,0002238333,090343,084103,029521,005192,087775,095461,-62356
0000002688,0002239167,090801,084390,028776,005192,085039,098774,-38306
0000002689,0002240000,091052,084878,028037,005192,082805,092767,-09965
0000002690,0002240833,091071,085519,027377,005192,081294,078007,019902
0000002691,0002241667,090857,086250,026860,005192,080655,055940,048367
0000002692,0002242500,090432,086999,026537,005192,080946,028740,072651
0000002693,0002243333,089836,087692,026439,005192,082143,-00943,090369
0000002694,0002244167,089127,088263,026576,005192,084127,-30197,099781
0000002695,0002245000,088377,088656,026935,005192,086703,-56166,099988
0000002696,0002245833,087657,088831,027480,005192,089620,-76300,090950
0000002697,0002246667,087038,088771,028158,005192,092593,-88624,073550
0000002698,0002247500,086581,088484,028902,005192,095330,-91952,049509
0000002699,0002248333,086330,087996,029640,005192,097563,-85939,021165
0000002700,0002249167,086311,087356,030300,005192,099073,-71172,-08702
0000002701,0002250000,086524,086626,030817,005192,099714,-49115,-37171
0000002702,0002250833,086949,085877,031141,005192,099422,-21911,-61452
0000002703,0002251667,087545,085184,031239,005192,098224,007772,-79163
0000002704,0002252500,088253,084612,031102,005192,096241,037030,-88589
0000002705,0002253333,089004,084219,030744,005192,093665,062996,-88790
0000002706,0002254167,089724,084044,030199,005192,090747,083124,-79743
0000002707,0002255000,090343,084103,029521,005192,087775,095461,-62356
0000002708,0002255833,090801,084390,028776,005192,085038,098782,-38310
0000002709,0002256667,091051,084878,028037,005192,082806,092761,-09964
0000002710,0002257500,091071,085519,027377,005192,081294,078006,019902
0000002711,0002258333,090857,086250,026860,005192,080654,055945,048370
0000002712,0002259167,090432,086999,026537,005192,080947,028738,072646
0000002713,0002260000,089836,087692,026439,005192,082143,-00943,090368
0000002714,0002260833,089127,088263,026576,005192,084126,-30200,099789
0000002715,0002261667,088377,088655,026935,005192,086703,-56161,099981
0000002716,0002262500,087657,088831,027480,005192,089620,-76300,090949
0000002717,0002263333,087038,088772,028157,005192,092593,-88632,073556
0000002718,0002264167,086581,088484,028902,005192,095329,-91945,049506
0000002719,0002265000,086330,087996,029640,005192,097563,-85938,021165
0000002720,0002265833,086311,087356,030300,005192,099073,-71178,-08703
0000002721,0002266667,086524,086626,030817,005192,099713,-49111,-37167
0000002722,0002267500,086949,085877,031140,005192,099422,-21911,-61452
0000002723,0002268333,087545,085183,031239,005192,098225,007773,-79170
0000002724,0002269167,088253,084612,031102,005192,096241,037027,-88582
0000002725,0002270000,089004,084220,030744,005192,093665,062996,-88789
0000002726,0002270833,089724,084044,030199,005192,090747,083130,-79751
0000002727,0002271667,090343,084103,029521,005192,087775,095454,-62351
0000002728,0002272500,090801,084390,028776,005192,085038,098781,-38310
0000002729,0002273333,091052,084878,028037,005192,082805,092768,-09966
0000002730,0002274167,091071,085519,027377,005192,081295,078001,019901
0000002731,0002275000,090857,086250,026860,005192,080654,055944,048370
0000002732,0002275833,090432,086999,026537,005192,080946,028741,072651
0000002733,0002276667,089835,087692,026439,005192,082143,-00942,090362
0000002734,0002277500,089127,088263,026576,005192,084126,-30199,099788
0000002735,0002278333,088377,088656,026935,005192,086703,-56166,099989
0000002736,0002279167,087657,088830,027480,005192,089620,-76294,090943
0000002737,0002280000,087038,088772,028157,005192,092593,-88631,073555
0000002738,0002280833,086581,088484,028902,005192,095330,-91953,049510
0000002739,0002281667,086331,087996,029640,005192,097562,-85931,021164
0000002740,0002282500,086311,087356,030300,005192,099073,-71177,-08703
0000002741,0002283333,086524,086626,030817,005192,099714,-49116,-37171
0000002742,0002284167,086949,085877,031140,005192,099421,-21909,-61447
0000002743,0002285000,087545,085183,031239,005192,098225,007773,-79170
0000002744,0002285833,088253,084612,031102,005192,096241,037030,-88590
0000002745,0002286667,089004,084220,030744,005192,093664,062991,-88782
0000002746,0002287500,089724,084044,030199,005192,090747,083130,-79750
0000002747,0002288333,090343,084103,029521,005192,087775,095461,-62356
0000002748,0002289167,090801,084391,028776,005192,085039,098774,-38306
0000002749,0002290000,091051,084878,028037,005192,082805,092767,-09966
0000002750,0002290833,091071,085519,027377,005192,081294,078007,019902
0000002751,0002291667,090857,086250,026860,005192,080655,055940,048366
0000002752,0002292500,090432,086999,026537,005192,080946,028740,072651
0000002753,0002293333,089836,087693,026439,005192,082143,-00943,090369
0000002754,0002294167,089127,088263,026576,005192,084127,-30197,099781
0000002755,0002295000,088377,088656,026935,005192,086703,-56166,099988
0000002756,0002295833,087657,088831,027480,005192,089620,-76300,090950
0000002757,0002296667,087038,088771,028157,005192,092593,-88624,073550
0000002758,0002297500,086581,088484,028902,005192,095330,-91952,049509
0000002759,0002298333,086330,087996,029640,005192,097563,-85939,021165
0000002760,0002299167,086311,087356,030300,005192,099073,-71172,-08702
0000002761,0002300000,086524,086626,030817,005192,099714,-49115,-37171
0000002762,0002300833,086949,085877,031140,005192,099422,-21911,-61452
0000002763,0002301667,087545,085184,031238,005192,098224,007772,-79163
0000002764,0002302500,088253,084612,031102,005192,096241,037029,-88589
0000002765,0002303333,089004,084220,030744,005192,093665,062996,-88790
0000002766,0002304167,089724,084044,030199,005192,090747,083124,-79743
0000002767,0002305000,090343,084103,029521,005192,087775,095461,-62356
0000002768,0002305833,090801,084390,028776,005192,085038,098782,-38310
0000002769,0002306667,091051,084879,028037,005192,082806,092761,-09965
0000002770,0002307500,091071,085519,027377,005192,081294,078007,019902
0000002771,0002308333,090857,086250,026860,005192,080654,055945,048370
0000002772,0002309167,090432,086999,026537,005192,080947,028738,072646
0000002773,0002310000,089836,087693,026439,005192,082143,-00943,090368
0000002774,0002310833,089127,088263,026576,005192,084126,-30200,099789
0000002775,0002311667,088377,088655,026935,005192,086703,-56161,099981
0000002776,0002312500,087657,088831,027479,005192,089620,-76300,090949
0000002777,0002313333,087038,088772,028157,005192,092593,-88632,073556
0000002778,0002314167,086581,088484,028902,005192,095329,-91945,049506
0000002779,0002315000,086330,087997,029640,005192,097563,-85938,021165
0000002780,0002315833,086311,087356,030300,005192,099073,-71178,-08703
0000002781,0002316667,086524,086626,030817,005192,099713,-49111,-37167
0000002782,0002317500,086949,085877,031140,005192,099422,-21911,-61452
0000002783,0002318333,087545,085184,031239,005192,098225,007772,-79170
0000002784,0002319167,088253,084612,031102,005192,096241,037027,-88582
0000002785,0002320000,089004,084220,030744,005192,093665,062996,-88789
0000002786,0002320833,089724,084044,030199,005192,090747,083130,-79751
0000002787,0002321667,090343,084103,029521,005192,087775,095454,-62351
0000002788,0002322500,090801,084390,028776,005192,085038,098782,-38310
0000002789,0002323333,091051,084878,028037,005192,082805,092768,-09966
0000002790,0002324167,091071,085519,027377,005192,081295,078001,019901
0000002791,0002325000,090857,086250,026860,005192,080654,055944,048370
0000002792,0002325833,090432,086999,026537,005192,080946,028741,072651
0000002793,0002326667,089836,087692,026439,005192,082143,-00942,090362
0000002794,0002327500,089128,088264,026576,005192,084126,-30199,099788
0000002795,0002328333,088377,088656,026935,005192,086703,-56166,099989
0000002796,0002329167,087657,088831,027480,005192,089620,-76294,090943
0000002797,0002330000,087038,088772,028157,005192,092593,-88631,073555
0000002798,0002330833,086581,088484,028902,005192,095330,-91953,049510
0000002799,0002331667,086331,087996,029640,005192,097562,-85931,021164
0000002800,0002332500,086311,087356,030300,005192,099073,-71177,-08703
0000002801,0002333333,086524,086626,030817,005192,099714,-49116,-37171
0000002802,0002334167,086949,085878,031140,005192,099421,-21909,-61447
0000002803,0002335000,087545,085184,031239,005192,098225,007773,-79169
0000002804,0002335833,088253,084612,031102,005192,096241,037029,-88590
0000002805,0002336667,089004,084220,030743,005192,093664,062991,-88782
0000002806,0002337500,089724,084044,030199,005192,090747,083130,-79750
0000002807,0002338333,090343,084103,029521,005192,087775,095461,-62356
0000002808,0002339167,090801,084391,028776,005192,085039,098774,-38307
0000002809,0002340000,091051,084879,028037,005192,082805,092767,-09966
0000002810,0002340833,091071,085519,027377,005192,081294,078007,019902
0000002811,0002341667,090857,086250,026860,005192,080655,055941,048366
0000002812,0002342500,090432,086999,026537,005192,080946,028740,072651
0000002813,0002343333,089836,087693,026439,005192,082143,-00943,090369
0000002814,0002344167,089127,088263,026576,005192,084127,-30197,099781
0000002815,0002345000,088377,088656,026935,005192,086703,-56166,099988
0000002816,0002345833,087657,088831,027479,005192,089620,-76300,090950
0000002817,0002346667,087038,088772,028157,005192,092593,-88624,073550
0000002818,0002347500,086581,088484,028902,005192,095330,-91952,049509
0000002819,0002348333,086330,087997,029640,005192,097563,-85939,021165
0000002820,0002349167,086311,087356,030300,005192,099073,-71172,-08702
0000002821,0002350000,086524,086626,030817,005192,099714,-49115,-37171
0000002822,0002350833,086949,085878,031140,005192,099422,-21911,-61452
0000002823,0002351667,087545,085184,031238,005192,098224,007772,-79163
0000002824,0002352500,088253,084612,031102,005192,096241,037029,-88589
0000002825,0002353333,089004,084220,030744,005192,093665,062996,-88790
0000002826,0002354167,089724,084044,030199,005192,090747,083124,-79744
0000002827,0002355000,090343,084103,029521,005192,087775,095461,-62356
0000002828,0002355833,090801,084391,028776,005192,085038,098782,-38310
0000002829,0002356667,091051,084879,028037,005192,082806,092761,-09965
0000002830,0002357500,091071,085519,027377,005192,081294,078007,019902
0000002831,0002358333,090857,086250,026860,005192,080654,055945,048370
0000002832,0002359167,090432,086999,026537,005192,080947,028739,072646
0000002833,0002360000,089836,087693,026439,005192,082143,-00943,090368
0000002834,0002360833,089128,088264,026576,005192,084126,-30199,099789
0000002835,0002361667,088377,088656,026935,005192,086703,-56161,099981
0000002836,0002362500,087657,088831,027479,005192,089620,-76300,090949
0000002837,0002363333,087038,088772,028157,005192,092593,-88632,073556
0000002838,0002364167,086581,088484,028902,005192,095329,-91945,049506
0000002839,0002365000,086330,087997,029640,005192,097563,-85938,021165
0000002840,0002365833,086311,087356,030300,005192,099073,-71178,-08703
0000002841,0002366667,086524,086626,030817,005192,099713,-49111,-37167
0000002842,0002367500,086949,085878,031140,005192,099422,-21911,-61452
0000002843,0002368333,087545,085184,031239,005192,098225,007772,-79170
0000002844,0002369167,088253,084612,031102,005192,096241,037027,-88582
0000002845,0002370000,089004,084220,030744,005192,093665,062996,-88789
0000002846,0002370833,089724,084044,030199,005192,090747,083130,-79751
0000002847,0002371667,090343,084103,029521,005192,087775,095454,-62351
0000002848,0002372500,090801,084391,028776,005192,085038,098782,-38310
0000002849,0002373333,091051,084879,028037,005192,082805,092768,-09966
0000002850,0002374167,091071,085519,027377,005192,081295,078001,019901
0000002851,0002375000,090857,086250,026860,005192,080654,055944,048370
0000002852,0002375833,090432,086999,026537,005192,080946,028741,072651
0000002853,0002376667,089836,087693,026439,005192,082143,-00942,090362
0000002854,0002377500,089128,088264,026576,005192,084126,-30199,099788
0000002855,0002378333,088377,088656,026934,005192,086703,-56166,099989
0000002856,0002379167,087657,088831,027479,005192,089620,-76294,090943
0000002857,0002380000,087038,088772,028157,005192,092593,-88631,073555
0000002858,0002380833,086581,088484,028902,005192,095330,-91953,049510
0000002859,0002381667,086330,087997,029640,005192,097562,-85931,021164
0000002860,0002382500,086311,087356,030300,005192,099073,-71177,-08703
0000002861,0002383333,086524,086626,030817,005192,099714,-49116,-37171
0000002862,0002384167,086949,085878,031140,005192,099421,-21909,-61447
0000002863,0002385000,087545,085184,031239,005192,098225,007773,-79169
0000002864,0002385833,088253,084612,031102,005192,096241,037029,-88590
0000002865,0002386667,089004,084220,030743,005192,093664,062991,-88782
0000002866,0002387500,089724,084044,030199,005192,090747,083130,-79750
0000002867,0002388333,090343,084103,029521,005192,087775,095461,-62357
0000002868,0002389167,090800,084391,028776,005192,085039,098774,-38307
0000002869,0002390000,091051,084879,028037,005192,082805,092767,-09966
0000002870,0002390833,091071,085519,027377,005192,081294,078007,019902
0000002871,0002391667,090857,086250,026860,005192,080655,055941,048366
0000002872,0002392500,090432,086999,026537,005192,080946,028740,072651
0000002873,0002393333,089836,087693,026439,005192,082143,-00943,090369
0000002874,0002394167,089128,088263,026576,005192,084127,-30197,099781
0000002875,0002395000,088377,088656,026934,005192,086703,-56166,099988
0000002876,0002395833,087657,088831,027479,005192,089620,-76300,090950
0000002877,0002396667,087038,088772,028157,005192,092593,-88624,073550
0000002878,0002397500,086581,088484,028902,005192,095330,-91952,049509
0000002879,0002398333,086330,087997,029640,005192,097563,-85939,021165
0000002880,0002399167,086311,087356,030300,005192,099073,-71172,-08701
0000002881,0002400000,086524,086626,030817,005192,099714,-49115,-37170
0000002882,0002400833,086949,085878,031140,005192,099422,-21911,-61452
0000002883,0002401667,087545,085184,031238,005192,098224,007772,-79163
0000002884,0002402500,088253,084612,031102,005192,096241,037029,-88589
0000002885,0002403333,089004,084220,030743,005192,093665,062996,-88790
0000002886,0002404167,089724,084044,030199,005192,090747,083124,-79744
0000002887,0002405000,090343,084103,029521,005192,087775,095461,-62356
0000002888,0002405833,090801,084391,028776,005192,085038,098782,-38310
0000002889,0002406667,091051,084879,028037,005192,082806,092761,-09965
0000002890,0002407500,091071,085519,027377,005192,081294,078007,019902
0000002891,0002408333,090857,086250,026860,005192,080654,055945,048370
0000002892,0002409167,090432,086999,026537,005192,080947,028739,072646
0000002893,0002410000,089836,087693,026439,005192,082143,-00943,090368
0000002894,0002410833,089128,088264,026576,005192,084126,-30199,099789
0000002895,0002411667,088377,088656,026935,005192,086703,-56161,099981
0000002896,0002412500,087657,088831,027479,005192,089620,-76300,090949
0000002897,0002413333,087038,088772,028157,005192,092593,-88632,073556
0000002898,0002414167,086581,088484,028902,005192,095329,-91945,049506
0000002899,0002415000,086330,087997,029640,005192,097563,-85938,021165
0000002900,0002415833,086311,087356,030300,005192,099073,-71178,-08703
0000002901,0002416667,086524,086626,030817,005192,099713,-49111,-37167
0000002902,0002417500,086949,085878,031140,005192,099422,-21911,-61452
0000002903,0002418333,087545,085184,031238,005192,098225,007772,-79170
0000002904,0002419167,088253,084613,031102,005192,096241,037027,-88582
0000002905,0002420000,089004,084220,030743,005192,093665,062996,-88789
0000002906,0002420833,089724,084044,030199,005192,090747,083130,-79751
0000002907,0002421667,090343,084103,029521,005192,087775,095454,-62351
0000002908,0002422500,090801,084391,028776,005192,085038,098782,-38310
0000002909,0002423333,091051,084879,028037,005192,082805,092768,-09966
0000002910,0002424167,091071,085519,027377,005192,081295,078001,019901
0000002911,0002425000,090857,086250,026860,005192,080654,055944,048370
0000002912,0002425833,090432,086999,026536,005192,080946,028741,072651
0000002913,0002426667,089836,087693,026439,005192,082143,-00942,090362
0000002914,0002427500,089128,088264,026576,005192,084126,-30199,099788
0000002915,0002428333,088377,088656,026934,005192,086703,-56166,099989
0000002916,0002429167,087657,088831,027479,005192,089620,-76294,090943
0000002917,0002430000,087038,088772,028157,005192,092593,-88631,073555
0000002918,0002430833,086581,088485,028902,005192,095330,-91953,049510
0000002919,0002431667,086330,087997,029640,005192,097562,-85931,021164
0000002920,0002432500,086311,087356,030300,005192,099073,-71177,-08703
0000002921,0002433333,086524,086626,030817,005192,099714,-49116,-37171
0000002922,0002434167,086949,085878,031140,005192,099421,-21909,-61447
0000002923,0002435000,087545,085184,031238,005192,098225,007772,-79169
0000002924,0002435833,088253,084612,031102,005192,096241,037029,-88590
0000002925,0002436667,089004,084220,030743,005192,093664,062991,-88782
0000002926,0002437500,089724,084044,030199,005192,090747,083130,-79750
0000002927,0002438333,090343,084103,029521,005192,087775,095461,-62357
0000002928,0002439167,090800,084391,028776,005192,085039,098774,-38307
0000002929,0002440000,091051,084879,028037,005192,082805,092767,-09966
0000002930,0002440833,091071,085519,027377,005192,081294,078007,019902
0000002931,0002441667,090857,086250,026860,005192,080655,055941,048366
0000002932,0002442500,090432,086999,026536,005192,080946,028740,072651
0000002933,0002443333,089836,087693,026439,005192,082143,-00943,090369
0000002934,0002444167,089128,088264,026576,005192,084127,-30197,099781
0000002935,0002445000,088377,088656,026934,005192,086703,-56166,099988
0000002936,0002445833,087657,088831,027479,005192,089620,-76300,090950
0000002937,0002446667,087038,088772,028157,005192,092593,-88624,073550
0000002938,0002447500,086581,088485,028902,005192,095330,-91952,049509
0000002939,0002448333,086330,087997,029640,005192,097563,-85939,021165
0000002940,0002449167,086311,087356,030300,005192,099073,-71172,-08701
0000002941,0002450000,086524,086626,030817,005192,099714,-49115,-37170
0000002942,0002450833,086949,085878,031140,005192,099422,-21911,-61452
0000002943,0002451667,087545,085184,031238,005192,098224,007772,-79163
0000002944,0002452500,088253,084612,031102,005192,096241,037029,-88589
0000002945,0002453333,089004,084220,030743,005192,093665,062996,-88790
0000002946,0002454167,089724,084045,030198,005192,090747,083124,-79744
0000002947,0002455000,090343,084103,029521,005192,087775,095461,-62356
0000002948,0002455833,090801,084391,028776,005192,085038,098782,-38310
0000002949,0002456667,091051,084879,028037,005192,082806,092761,-09965
0000002950,0002457500,091071,085519,027377,005192,081294,078007,019902
0000002951,0002458333,090857,086250,026860,005192,080654,055945,048370
0000002952,0002459167,090432,086999,026537,005192,080947,028739,072646
0000002953,0002460000,089836,087693,026439,005192,082143,-00943,090368
0000002954,0002460833,089128,088264,026576,005192,084126,-30199,099789
0000002955,0002461667,088377,088656,026934,005192,086703,-56161,099981
0000002956,0002462500,087657,088831,027479,005192,089620,-76300,090949
0000002957,0002463333,087038,088772,028157,005192,092593,-88632,073556
0000002958,0002464167,086581,088484,028902,005192,095329,-91945,049506
0000002959,0002465000,086330,087997,029640,005192,097563,-85938,021165
0000002960,0002465833,086311,087357,030300,005192,099073,-71178,-08703
0000002961,0002466667,086524,086626,030817,005192,099713,-49111,-37167
0000002962,0002467500,086949,085878,031140,005192,099422,-21911,-61452
0000002963,0002468333,087545,085184,031238,005192,098225,007772,-79170
0000002964,0002469167,088253,084613,031101,005192,096241,037027,-88582
0000002965,0002470000,089004,084220,030743,005192,093665,062996,-88789
0000002966,0002470833,089724,084044,030199,005192,090747,083130,-79751
0000002967,0002471667,090343,084103,029520,005192,087775,095454,-62351
0000002968,0002472500,090801,084391,028776,005192,085038,098782,-38310
0000002969,0002473333,091051,084879,028037,005192,082805,092768,-09966
0000002970,0002474167,091071,085519,027377,005192,081295,078001,019901
0000002971,0002475000,090857,086250,026860,005192,080654,055944,048370
0000002972,0002475833,090432,086999,026536,005192,080946,028741,072651
0000002973,0002476667,089836,087693,026439,005192,082143,-00942,090362
0000002974,0002477500,089128,088264,026576,005192,084126,-30199,099788
0000002975,0002478333,088377,088656,026934,005192,086703,-56166,099989
0000002976,0002479167,087657,088831,027479,005192,089620,-76294,090943
0000002977,0002480000,087038,088772,028157,005192,092593,-88631,073555
0000002978,0002480833,086581,088485,028902,005192,095330,-91953,049510
0000002979,0002481667,086330,087997,029640,005192,097562,-85931,021164
0000002980,0002482500,086311,087357,030300,005192,099073,-71177,-08703
0000002981,0002483333,086524,086626,030817,005192,099714,-49116,-37171
0000002982,0002484167,086949,085878,031140,005192,099421,-21909,-61447
0000002983,0002485000,087545,085184,031238,005192,098225,007772,-79169
0000002984,0002485833,088253,084613,031102,005192,096241,037029,-88590
0000002985,0002486667,089004,084220,030743,005192,093664,062991,-88782
0000002986,0002487500,089724,084044,030198,005192,090747,083130,-79750
0000002987,0002488333,090343,084103,029520,005192,087775,095461,-62357
0000002988,0002489167,090800,084391,028776,005192,085039,098774,-38307
0000002989,0002490000,091051,084879,028037,005192,082805,092767,-09966
0000002990,0002490833,091071,085519,027377,005192,081294,078007,019902
0000002991,0002491667,090857,086250,026860,005192,080655,055941,048366
0000002992,0002492500,090432,086999,026536,005192,080946,028740,072651
0000002993,0002493333,089836,087693,026439,005192,082143,-00943,090369
0000002994,0002494167,089128,088264,026576,005192,084127,-30197,099781
0000002995,0002495000,088377,088656,026934,005192,086703,-56166,099988
0000002996,0002495833,087657,088831,027479,005192,089620,-76300,090950
0000002997,0002496667,087038,088772,028157,005192,092593,-88624,073550
0000002998,0002497500,086581,088485,028902,005192,095330,-91952,049509
0000002999,0002498333,086330,087997,029640,005192,097563,-85939,021165
0000003000,0002499167,086311,087357,030300,005192,099073,-71172,-08702
0000003001,0002500000,086524,086626,030817,005192,099714,-49115,-37170
