0000000001,0000000000,074155,070853,094874,064582,097503,084408,-38372,099055,-48252,-38657
0000000002,0000000833,074198,070778,098105,064582,094565,087129,-62645,098761,-21041,-62930
0000000003,0000001667,074258,070709,099085,064582,082599,090097,-80361,097564,008641,-80646
0000000004,0000002500,074329,070651,097719,064582,062773,093023,-89796,095582,037902,-90081
0000000005,0000003333,074404,070612,094131,064582,036998,095619,-89980,093004,063861,-90266
0000000006,0000004167,074476,070595,088681,064582,007826,097633,-80941,090087,083994,-81226
0000000007,0000005000,074538,070601,081902,064582,-21901,098867,-63559,087114,096339,-63844
0000000008,0000005833,074583,070629,074453,064582,-49263,099198,-39503,084378,099645,-39788
0000000009,0000006667,074608,070678,067066,064582,-71591,098596,-11161,082145,093631,-11446
0000000010,0000007500,074610,070742,060463,064582,-86711,097122,018707,080633,078883,018422
0000000011,0000008333,074589,070815,055294,064582,-93102,094914,047171,079994,056810,046886
0000000012,0000009167,074546,070890,052061,064582,-90179,092194,071451,080286,029607,071166
0000000013,0000010000,074487,070959,051077,064582,-78227,089226,089181,081482,-00075,088896
0000000014,0000010833,074416,071017,052449,064582,-58379,086300,098587,083466,-29329,098302
0000000015,0000011667,074341,071056,056032,064582,-32613,083704,098787,086043,-55294,098501
0000000016,0000012500,074269,071073,061477,064582,-03443,081689,089761,088960,-75440,089476
0000000017,0000013333,074207,071067,068257,064582,026282,080458,072354,091932,-87757,072069
0000000018,0000014167,074161,071039,075702,064582,053647,080125,048310,094669,-91078,048024
0000000019,0000015000,074136,070990,083086,064582,075987,080725,019970,096903,-85078,019684
0000000020,0000015833,074134,070926,089684,064582,091082,082203,-09899,098412,-70304,-10184
0000000021,0000016667,074156,070853,094853,064582,097487,084409,-38365,099053,-48243,-38650
0000000022,0000017500,074198,070778,098090,064582,094578,087129,-62656,098762,-21044,-62941
0000000023,0000018333,074258,070709,099067,064582,082599,090097,-80362,097564,008642,-80647
0000000024,0000019167,074329,070652,097698,064582,062763,093023,-89781,095581,037897,-90066
0000000025,0000020000,074404,070612,094117,064582,037003,095620,-89996,093005,063871,-90281
0000000026,0000020833,074476,070595,088665,064582,007826,097633,-80942,090087,083994,-81227
0000000027,0000021667,074538,070601,081885,064582,-21897,098866,-63548,087114,096325,-63833
0000000028,0000022500,074583,070629,074437,064582,-49271,099199,-39510,084377,099660,-39796
0000000029,0000023333,074608,070678,067052,064582,-71591,098596,-11161,082145,093631,-11446
0000000030,0000024167,074610,070742,060450,064582,-86697,097120,018705,080635,078871,018420
0000000031,0000025000,074589,070815,055277,064582,-93117,094915,047178,079993,056818,046893
0000000032,0000025833,074546,070890,052047,064582,-90179,092194,071451,080286,029607,071166
0000000033,0000026667,074487,070960,051068,064582,-78214,089226,089167,081483,-00075,088882
0000000034,0000027500,074416,071017,052434,064582,-58388,086300,098601,083465,-29335,098316
0000000035,0000028333,074341,071056,056021,064582,-32614,083704,098787,086043,-55294,098501
0000000036,0000029167,074269,071073,061470,064582,-03442,081691,089747,088960,-75427,089462
0000000037,0000030000,074207,071068,068247,064582,026286,080456,072365,091933,-87772,072080
0000000038,0000030833,074161,071039,075693,064582,053647,080125,048310,094669,-91078,048025
0000000039,0000031667,074136,070990,083077,064582,075976,080727,019967,096902,-85064,019682
0000000040,0000032500,074134,070926,089679,064582,091096,082202,-09901,098414,-70316,-10186
0000000041,0000033333,074156,070853,094845,064582,097487,084409,-38365,099053,-48243,-38650
0000000042,0000034167,074198,070778,098079,064582,094564,087129,-62645,098761,-21040,-62930
0000000043,0000035000,074258,070709,099063,064582,082611,090098,-80375,097565,008642,-80660
0000000044,0000035833,074329,070652,097691,064582,062763,093023,-89781,095581,037897,-90066
0000000045,0000036667,074404,070612,094107,064582,036998,095619,-89981,093004,063862,-90266
0000000046,0000037500,074476,070595,088661,064582,007827,097634,-80955,090087,084007,-81240
0000000047,0000038333,074538,070601,081879,064582,-21897,098866,-63548,087115,096325,-63833
0000000048,0000039167,074583,070629,074432,064582,-49263,099198,-39503,084378,099645,-39789
0000000049,0000040000,074608,070678,067045,064582,-71603,098598,-11163,082144,093645,-11448
0000000050,0000040833,074610,070742,060445,064582,-86697,097120,018705,080635,078871,018420
0000000051,0000041667,074589,070815,055275,064582,-93102,094914,047171,079994,056810,046886
0000000052,0000042500,074547,070890,052039,064582,-90194,092194,071461,080285,029611,071176
0000000053,0000043333,074487,070960,051063,064582,-78214,089226,089167,081483,-00074,088882
0000000054,0000044167,074416,071017,052432,064582,-58378,086300,098587,083466,-29329,098302
0000000055,0000045000,074341,071056,056014,064582,-32619,083703,098801,086042,-55304,098516
0000000056,0000045833,074269,071073,061465,064582,-03442,081691,089747,088960,-75427,089462
0000000057,0000046667,074207,071068,068244,064582,026282,080458,072354,091932,-87757,072069
0000000058,0000047500,074161,071039,075690,064582,053655,080124,048317,094670,-91093,048031
0000000059,0000048333,074136,070990,083074,064582,075976,080727,019967,096902,-85064,019682
0000000060,0000049167,074134,070926,089673,064582,091082,082203,-09899,098412,-70304,-10184
0000000061,0000050000,074156,070853,094846,064582,097502,084408,-38372,099054,-48251,-38657
0000000062,0000050833,074198,070778,098076,064582,094564,087129,-62645,098761,-21040,-62930
0000000063,0000051667,074258,070709,099056,064582,082599,090097,-80362,097564,008642,-80647
0000000064,0000052500,074329,070652,097691,064582,062772,093023,-89796,095581,037902,-90081
0000000065,0000053333,074404,070612,094104,064582,036998,095619,-89981,093004,063861,-90266
0000000066,0000054167,074476,070595,088656,064582,007826,097633,-80942,090087,083994,-81227
0000000067,0000055000,074538,070601,081878,064582,-21901,098867,-63559,087114,096339,-63844
0000000068,0000055833,074583,070629,074430,064582,-49263,099198,-39504,084378,099645,-39789
0000000069,0000056667,074608,070678,067044,064582,-71591,098596,-11161,082145,093631,-11446
0000000070,0000057500,074610,070742,060441,064582,-86711,097122,018707,080633,078883,018422
0000000071,0000058333,074589,070815,055273,064582,-93102,094914,047171,079994,056810,046886
0000000072,0000059167,074546,070890,052040,064582,-90179,092194,071451,080286,029607,071166
0000000073,0000060000,074487,070960,051057,064582,-78227,089226,089181,081482,-00075,088896
0000000074,0000060833,074416,071017,052431,064582,-58378,086300,098587,083466,-29329,098302
0000000075,0000061667,074341,071056,056015,064582,-32613,083704,098786,086043,-55294,098501
0000000076,0000062500,074269,071074,061462,064582,-03443,081689,089761,088960,-75440,089476
0000000077,0000063333,074207,071068,068243,064582,026282,080458,072354,091932,-87757,072069
0000000078,0000064167,074161,071039,075688,064582,053647,080125,048310,094669,-91078,048024
0000000079,0000065000,074136,070990,083074,064582,075987,080725,019969,096903,-85078,019684
0000000080,0000065833,074134,070926,089672,064582,091082,082203,-09899,098412,-70304,-10184
0000000081,0000066667,074156,070853,094841,064582,097487,084409,-38365,099053,-48243,-38650
0000000082,0000067500,074198,070778,098078,064582,094578,087129,-62656,098762,-21044,-62941
0000000083,0000068333,074258,070709,099055,064582,082599,090097,-80362,097564,008642,-80647
0000000084,0000069167,074329,070652,097686,064582,062763,093023,-89781,095581,037897,-90066
0000000085,0000070000,074404,070612,094106,064582,037003,095620,-89996,093005,063871,-90281
0000000086,0000070833,074476,070595,088655,064582,007826,097633,-80942,090087,083994,-81227
0000000087,0000071667,074538,070601,081875,064582,-21897,098866,-63548,087114,096325,-63833
0000000088,0000072500,074583,070629,074428,064582,-49271,099199,-39510,084377,099660,-39796
0000000089,0000073333,074608,070678,067043,064582,-71591,098596,-11161,082145,093631,-11446
0000000090,0000074167,074610,070742,060442,064582,-86697,097120,018705,080635,078871,018420
0000000091,0000075000,074589,070815,055269,064582,-93117,094915,047178,079993,056818,046893
0000000092,0000075833,074546,070890,052039,064582,-90179,092194,071451,080286,029607,071166
0000000093,0000076667,074487,070960,051060,064582,-78214,089226,089167,081483,-00075,088882
0000000094,0000077500,074416,071017,052426,064582,-58388,086300,098601,083465,-29335,098316
0000000095,0000078333,074341,071056,056014,064582,-32614,083704,098786,086043,-55294,098501
0000000096,0000079167,074269,071073,061463,064582,-03442,081691,089747,088960,-75427,089462
0000000097,0000080000,074207,071068,068241,064582,026286,080456,072365,091933,-87772,072080
0000000098,0000080833,074161,071039,075688,064582,053647,080125,048310,094669,-91078,048025
0000000099,0000081667,074136,070990,083072,064582,075976,080727,019967,096902,-85064,019682
0000000100,0000082500,074134,070926,089674,064582,091096,082202,-09901,098414,-70316,-10186
0000000101,0000083333,074156,070853,094841,064582,097487,084409,-38365,099053,-48243,-38650
0000000102,0000084167,074198,070778,098074,064582,094564,087129,-62645,098761,-21040,-62930
0000000103,0000085000,074258,070709,099058,064582,082611,090098,-80375,097565,008642,-80660
0000000104,0000085833,074329,070652,097686,064582,062763,093023,-89781,095581,037897,-90066
0000000105,0000086667,074404,070612,094102,064582,036998,095619,-89981,093004,063862,-90266
0000000106,0000087500,074476,070595,088656,064582,007827,097634,-80955,090087,084007,-81240
0000000107,0000088333,074538,070601,081875,064582,-21897,098866,-63548,087115,096325,-63833
0000000108,0000089167,074583,070629,074428,064582,-49263,099198,-39503,084378,099645,-39789
0000000109,0000090000,074608,070678,067041,064582,-71603,098598,-11163,082144,093645,-11448
0000000110,0000090833,074610,070742,060441,064582,-86697,097120,018705,080635,078871,018420
0000000111,0000091667,074589,070815,055272,064582,-93102,094914,047171,079994,056810,046886
0000000112,0000092500,074547,070890,052035,064582,-90194,092194,071461,080285,029611,071176
0000000113,0000093333,074487,070960,051059,064582,-78214,089226,089167,081483,-00074,088882
0000000114,0000094167,074416,071017,052429,064582,-58378,086300,098587,083466,-29329,098302
0000000115,0000095000,074341,071056,056011,064582,-32619,083703,098801,086042,-55304,098516
0000000116,0000095833,074269,071073,061462,064582,-03442,081691,089747,088960,-75427,089462
0000000117,0000096667,074207,071068,068241,064582,026282,080458,072354,091932,-87757,072069
0000000118,0000097500,074161,071039,075687,064582,053655,080124,048317,094670,-91093,048031
0000000119,0000098333,074136,070990,083071,064582,075976,080727,019967,096902,-85064,019682
0000000120,0000099167,074134,070926,089671,064582,091082,082203,-09899,098412,-70304,-10184
0000000121,0000100000,074156,070853,094844,064582,097502,084408,-38372,099054,-48251,-38657
0000000122,0000100833,074198,070778,098074,064582,094564,087129,-62645,098761,-21040,-62930
0000000123,0000101667,074258,070709,099054,064582,082599,090097,-80362,097564,008642,-80647
0000000124,0000102500,074329,070652,097689,064582,062772,093023,-89796,095581,037902,-90081
0000000125,0000103333,074404,070612,094102,064582,036998,095619,-89981,093004,063861,-90266
0000000126,0000104167,074476,070595,088654,064582,007826,097633,-80941,090087,083994,-81227
0000000127,0000105000,074538,070601,081875,064582,-21901,098867,-63559,087114,096339,-63844
0000000128,0000105833,074583,070629,074427,064582,-49263,099198,-39504,084378,099645,-39789
0000000129,0000106667,074608,070678,067042,064582,-71591,098596,-11161,082145,093631,-11446
0000000130,0000107500,074610,070742,060439,064582,-86711,097122,018707,080633,078883,018422
0000000131,0000108333,074589,070815,055271,064582,-93102,094914,047171,079994,056810,046886
0000000132,0000109167,074547,070890,052038,064582,-90179,092194,071451,080286,029607,071166
0000000133,0000110000,074487,070960,051055,064582,-78227,089226,089181,081482,-00075,088896
0000000134,0000110833,074416,071017,052429,064582,-58378,086300,098587,083466,-29329,098302
0000000135,0000111667,074341,071056,056014,064582,-32613,083704,098786,086043,-55294,098501
0000000136,0000112500,074269,071074,061460,064582,-03443,081689,089761,088960,-75440,089476
0000000137,0000113333,074207,071068,068241,064582,026282,080458,072354,091932,-87757,072069
0000000138,0000114167,074161,071039,075687,064582,053647,080125,048310,094669,-91078,048024
0000000139,0000115000,074136,070990,083072,064582,075987,080725,019969,096903,-85078,019684
0000000140,0000115833,074134,070926,089671,064582,091082,082203,-09899,098412,-70304,-10184
0000000141,0000116667,074156,070853,094840,064582,097487,084409,-38365,099053,-48243,-38650
0000000142,0000117500,074198,070778,098077,064582,094578,087129,-62656,098762,-21044,-62941
0000000143,0000118333,074258,070709,099054,064582,082599,090097,-80362,097564,008642,-80647
0000000144,0000119167,074329,070652,097685,064582,062763,093023,-89781,095581,037897,-90066
0000000145,0000120000,074404,070612,094105,064582,037003,095620,-89996,093005,063871,-90281
0000000146,0000120833,074476,070595,088653,064582,007826,097633,-80942,090087,083994,-81227
0000000147,0000121667,074538,070601,081874,064582,-21897,098866,-63548,087114,096325,-63833
0000000148,0000122500,074583,070629,074427,064582,-49271,099199,-39510,084377,099660,-39796
0000000149,0000123333,074608,070678,067042,064582,-71591,098596,-11161,082145,093631,-11446
0000000150,0000124167,074610,070742,060441,064582,-86697,097120,018705,080635,078871,018420
0000000151,0000125000,074589,070815,055268,064582,-93117,094915,047178,079993,056818,046893
0000000152,0000125833,074547,070890,052038,064582,-90179,092194,071451,080286,029607,071166
0000000153,0000126667,074487,070960,051059,064582,-78214,089226,089167,081483,-00075,088882
0000000154,0000127500,074416,071017,052425,064582,-58388,086300,098602,083465,-29335,098316
0000000155,0000128333,074341,071056,056013,064582,-32614,083704,098786,086043,-55294,098501
0000000156,0000129167,074269,071073,061462,064582,-03442,081691,089747,088960,-75427,089462
0000000157,0000130000,074207,071068,068240,064582,026286,080456,072365,091933,-87772,072080
0000000158,0000130833,074161,071039,075687,064582,053647,080125,048310,094669,-91078,048025
0000000159,0000131667,074136,070990,083071,064582,075976,080727,019967,096902,-85064,019682
0000000160,0000132500,074134,070926,089673,064582,091096,082202,-09901,098414,-70316,-10186
0000000161,0000133333,074156,070853,094840,064582,097487,084409,-38365,099053,-48243,-38650
0000000162,0000134167,074198,070778,098073,064582,094564,087129,-62645,098761,-21040,-62930
0000000163,0000135000,074258,070709,099057,064582,082611,090098,-80375,097565,008642,-80660
0000000164,0000135833,074329,070652,097685,064582,062763,093023,-89781,095581,037897,-90066
0000000165,0000136667,074404,070612,094101,064582,036998,095619,-89981,093004,063862,-90266
0000000166,0000137500,074476,070595,088655,064582,007827,097634,-80955,090087,084007,-81240
0000000167,0000138333,074538,070601,081874,064582,-21897,098866,-63548,087115,096325,-63833
0000000168,0000139167,074583,070629,074427,064582,-49263,099198,-39503,084378,099645,-39789
0000000169,0000140000,074608,070678,067040,064582,-71603,098598,-11163,082144,093645,-11448
0000000170,0000140833,074610,070742,060441,064582,-86697,097120,018705,080635,078871,018420
0000000171,0000141667,074589,070815,055271,064582,-93102,094914,047171,079994,056810,046886
0000000172,0000142500,074547,070890,052034,064582,-90194,092194,071461,080285,029611,071176
0000000173,0000143333,074487,070960,051059,064582,-78214,089226,089167,081483,-00074,088882
0000000174,0000144167,074416,071017,052429,064582,-58378,086300,098587,083466,-29330,098302
0000000175,0000145000,074341,071056,056010,064582,-32619,083703,098801,086042,-55304,098516
0000000176,0000145833,074269,071073,061462,064582,-03442,081691,089747,088960,-75427,089462
0000000177,0000146667,074207,071068,068241,064582,026282,080458,072354,091932,-87757,072069
0000000178,0000147500,074161,071039,075687,064582,053655,080124,048317,094670,-91093,048031
0000000179,0000148333,074136,070990,083071,064582,075976,080727,019967,096902,-85064,019682
0000000180,0000149167,074134,070926,089671,064582,091082,082203,-09899,098412,-70304,-10184
0000000181,0000150000,074156,070853,094843,064582,097502,084408,-38372,099054,-48251,-38657
0000000182,0000150833,074198,070778,098073,064582,094564,087129,-62645,098761,-21040,-62930
0000000183,0000151667,074258,070709,099054,064582,082599,090097,-80362,097564,008642,-80647
0000000184,0000152500,074329,070652,097689,064582,062772,093023,-89796,095581,037902,-90081
0000000185,0000153333,074404,070612,094101,064582,036998,095619,-89981,093004,063861,-90266
0000000186,0000154167,074476,070595,088653,064582,007826,097633,-80941,090087,083994,-81227
0000000187,0000155000,074538,070601,081875,064582,-21901,098867,-63559,087114,096339,-63844
0000000188,0000155833,074583,070630,074427,064582,-49263,099198,-39504,084378,099645,-39789
0000000189,0000156667,074608,070678,067041,064582,-71591,098596,-11161,082145,093631,-11446
0000000190,0000157500,074610,070742,060438,064582,-86711,097122,018707,080633,078883,018422
0000000191,0000158333,074589,070815,055271,064582,-93102,094914,047171,079994,056810,046886
0000000192,0000159167,074547,070890,052038,064582,-90179,092194,071451,080286,029607,071166
0000000193,0000160000,074487,070960,051055,064582,-78227,089226,089181,081482,-00075,088896
0000000194,0000160833,074416,071017,052428,064582,-58378,086300,098587,083466,-29329,098302
0000000195,0000161667,074341,071056,056013,064582,-32613,083704,098786,086043,-55294,098501
0000000196,0000162500,074269,071074,061460,064582,-03443,081689,089761,088960,-75440,089476
0000000197,0000163333,074207,071068,068241,064582,026282,080458,072354,091932,-87757,072069
0000000198,0000164167,074161,071039,075687,064582,053647,080125,048310,094669,-91078,048024
0000000199,0000165000,074136,070990,083072,064582,075987,080725,019969,096903,-85078,019684
0000000200,0000165833,074134,070926,089671,064582,091082,082203,-09899,098412,-70304,-10184
0000000201,0000166667,074156,070853,094840,064582,097487,084409,-38365,099053,-48243,-38650
0000000202,0000167500,074198,070778,098077,064582,094578,087129,-62656,098762,-21044,-62941
0000000203,0000168333,074258,070709,099053,064582,082599,090097,-80362,097564,008642,-80647
0000000204,0000169167,074329,070652,097685,064582,062763,093023,-89781,095581,037897,-90066
0000000205,0000170000,074404,070612,094104,064582,037003,095620,-89996,093005,063871,-90281
0000000206,0000170833,074476,070595,088653,064582,007826,097633,-80942,090087,083994,-81227
0000000207,0000171667,074538,070601,081874,064582,-21897,098866,-63548,087115,096325,-63833
0000000208,0000172500,074583,070629,074427,064582,-49271,099199,-39510,084377,099660,-39796
0000000209,0000173333,074608,070678,067041,064582,-71591,098596,-11161,082145,093631,-11446
0000000210,0000174167,074610,070742,060441,064582,-86697,097120,018705,080635,078871,018420
0000000211,0000175000,074589,070815,055268,064582,-93117,094915,047178,079993,056818,046893
0000000212,0000175833,074547,070890,052038,064582,-90179,092194,071451,080286,029607,071166
0000000213,0000176667,074487,070960,051059,064582,-78214,089226,089167,081483,-00075,088882
0000000214,0000177500,074416,071017,052425,064582,-58388,086300,098602,083465,-29335,098316
0000000215,0000178333,074341,071056,056013,064582,-32614,083704,098786,086043,-55294,098501
0000000216,0000179167,074269,071073,061462,064582,-03442,081691,089747,088960,-75427,089462
0000000217,0000180000,074207,071068,068240,064582,026286,080456,072365,091933,-87772,072080
0000000218,0000180833,074161,071039,075687,064582,053647,080125,048310,094669,-91078,048025
0000000219,0000181667,074136,070990,083071,064582,075976,080727,019967,096902,-85064,019682
0000000220,0000182500,074134,070926,089673,064582,091096,082202,-09901,098414,-70316,-10186
0000000221,0000183333,074156,070853,094840,064582,097487,084409,-38365,099053,-48243,-38650
0000000222,0000184167,074198,070778,098073,064582,094564,087129,-62645,098761,-21040,-62930
0000000223,0000185000,074258,070709,099057,064582,082611,090098,-80375,097565,008642,-80660
0000000224,0000185833,074329,070652,097685,064582,062763,093023,-89781,095581,037897,-90066
0000000225,0000186667,074404,070612,094101,064582,036998,095619,-89981,093004,063862,-90266
0000000226,0000187500,074476,070595,088655,064582,007827,097634,-80955,090087,084007,-81240
0000000227,0000188333,074538,070601,081874,064582,-21897,098866,-63548,087115,096324,-63833
0000000228,0000189167,074583,070630,074427,064582,-49263,099198,-39503,084378,099645,-39789
0000000229,0000190000,074608,070678,067040,064582,-71603,098598,-11163,082144,093645,-11448
0000000230,0000190833,074610,070742,060441,064582,-86697,097120,018705,080635,078871,018420
0000000231,0000191667,074589,070815,055271,064582,-93102,094914,047171,079994,056810,046886
0000000232,0000192500,074547,070890,052034,064582,-90194,092194,071462,080285,029611,071176
0000000233,0000193333,074487,070960,051058,064582,-78214,089226,089167,081483,-00074,088882
0000000234,0000194167,074416,071017,052428,064582,-58378,086300,098587,083466,-29330,098302
0000000235,0000195000,074341,071056,056010,064582,-32619,083703,098801,086042,-55304,098516
0000000236,0000195833,074269,071074,061462,064582,-03442,081691,089747,088960,-75427,089462
0000000237,0000196667,074207,071068,068241,064582,026282,080458,072354,091932,-87757,072069
0000000238,0000197500,074161,071039,075687,064582,053655,080124,048317,094670,-91093,048031
0000000239,0000198333,074136,070990,083071,064582,075976,080727,019967,096902,-85064,019682
0000000240,0000199167,074134,070926,089671,064582,091082,082203,-09899,098412,-70304,-10184
0000000241,0000200000,074156,070853,094843,064582,097502,084408,-38372,099054,-48251,-38657
0000000242,0000200833,074198,070778,098073,064582,094564,087129,-62645,098761,-21040,-62930
0000000243,0000201667,074258,070709,099053,064582,082599,090097,-80362,097564,008642,-80647
0000000244,0000202500,074329,070652,097688,064582,062772,093023,-89796,095581,037902,-90081
0000000245,0000203333,074404,070612,094101,064582,036998,095619,-89981,093004,063861,-90266
0000000246,0000204167,074476,070595,088653,064582,007826,097633,-80941,090087,083994,-81227
0000000247,0000205000,074538,070601,081874,064582,-21901,098867,-63559,087114,096339,-63844
0000000248,0000205833,074583,070630,074427,064582,-49263,099198,-39504,084378,099645,-39789
0000000249,0000206667,074608,070678,067041,064582,-71591,098596,-11161,082145,093631,-11446
0000000250,0000207500,074610,070742,060438,064582,-86711,097122,018707,080633,078883,018422
0000000251,0000208333,074589,070815,055271,064582,-93102,094914,047171,079994,056810,046886
0000000252,0000209167,074547,070890,052038,064582,-90179,092194,071451,080286,029607,071166
0000000253,0000210000,074487,070960,051055,064582,-78227,089226,089181,081482,-00075,088896
0000000254,0000210833,074416,071017,052428,064582,-58378,086300,098587,083466,-29329,098302
0000000255,0000211667,074341,071056,056013,064582,-32613,083704,098786,086043,-55294,098501
0000000256,0000212500,074269,071074,061459,064582,-03443,081689,089761,088960,-75440,089476
0000000257,0000213333,074207,071068,068241,064582,026282,080458,072354,091932,-87757,072069
0000000258,0000214167,074161,071039,075687,064582,053647,080125,048310,094669,-91078,048024
0000000259,0000215000,074136,070990,083072,064582,075987,080725,019969,096903,-85078,019684
0000000260,0000215833,074134,070926,089671,064582,091082,082203,-09899,098412,-70304,-10184
0000000261,0000216667,074156,070853,094840,064582,097487,084409,-38365,099053,-48243,-38650
0000000262,0000217500,074198,070778,098077,064582,094578,087129,-62656,098762,-21044,-62941
0000000263,0000218333,074258,070709,099053,064582,082599,090097,-80362,097564,008642,-80647
0000000264,0000219167,074329,070652,097685,064582,062763,093023,-89781,095581,037897,-90066
0000000265,0000220000,074404,070612,094104,064582,037003,095620,-89996,093005,063871,-90281
0000000266,0000220833,074476,070595,088653,064582,007826,097633,-80942,090087,083994,-81227
0000000267,0000221667,074538,070601,081873,064582,-21897,098866,-63548,087115,096325,-63833
0000000268,0000222500,074583,070629,074426,064582,-49271,099199,-39510,084377,099660,-39796
0000000269,0000223333,074608,070678,067041,064582,-71591,098596,-11161,082145,093631,-11446
0000000270,0000224167,074610,070742,060440,064582,-86697,097120,018705,080635,078871,018420
0000000271,0000225000,074589,070815,055268,064582,-93117,094915,047178,079993,056818,046893
0000000272,0000225833,074547,070890,052038,064582,-90179,092194,071451,080286,029607,071166
0000000273,0000226667,074487,070960,051058,064582,-78214,089226,089167,081483,-00075,088882
0000000274,0000227500,074416,071017,052425,064582,-58388,086300,098602,083465,-29335,098316
0000000275,0000228333,074341,071056,056013,064582,-32614,083704,098787,086043,-55294,098501
0000000276,0000229167,074269,071074,061461,064582,-03442,081691,089747,088960,-75427,089462
0000000277,0000230000,074207,071068,068239,064582,026286,080456,072365,091933,-87772,072080
0000000278,0000230833,074161,071039,075687,064582,053647,080125,048310,094669,-91078,048025
0000000279,0000231667,074136,070990,083071,064582,075976,080727,019967,096902,-85064,019682
0000000280,0000232500,074134,070926,089673,064582,091096,082202,-09901,098414,-70316,-10187
0000000281,0000233333,074156,070853,094840,064582,097487,084409,-38365,099053,-48243,-38650
0000000282,0000234167,074198,070778,098073,064582,094564,087129,-62645,098761,-21040,-62930
0000000283,0000235000,074258,070709,099057,064582,082611,090098,-80375,097565,008642,-80660
0000000284,0000235833,074329,070652,097685,064582,062763,093023,-89781,095581,037897,-90066
0000000285,0000236667,074404,070612,094101,064582,036998,095619,-89981,093004,063862,-90266
0000000286,0000237500,074476,070595,088655,064582,007827,097634,-80955,090087,084007,-81240
0000000287,0000238333,074538,070601,081873,064582,-21897,098866,-63548,087115,096324,-63833
0000000288,0000239167,074583,070630,074426,064582,-49263,099198,-39504,084378,099645,-39789
0000000289,0000240000,074608,070678,067040,064582,-71603,098598,-11163,082144,093645,-11448
0000000290,0000240833,074610,070742,060440,064582,-86697,097120,018705,080635,078871,018420
0000000291,0000241667,074589,070815,055271,064582,-93102,094914,047171,079994,056810,046886
0000000292,0000242500,074547,070890,052034,064582,-90194,092194,071462,080285,029611,071176
0000000293,0000243333,074487,070960,051058,064582,-78214,089226,089167,081483,-00074,088882
0000000294,0000244167,074416,071017,052428,064582,-58378,086300,098587,083466,-29330,098302
0000000295,0000245000,074341,071056,056010,064582,-32619,083703,098801,086042,-55304,098516
0000000296,0000245833,074269,071074,061461,064582,-03442,081691,089747,088960,-75427,089462
0000000297,0000246667,074207,071068,068240,064582,026282,080458,072354,091932,-87757,072069
0000000298,0000247500,074161,071039,075687,064582,053655,080124,048317,094670,-91093,048031
0000000299,0000248333,074136,070990,083071,064582,075976,080727,019967,096902,-85064,019682
0000000300,0000249167,074134,070926,089671,064582,091082,082203,-09899,098412,-70304,-10184
0000000301,0000250000,074156,070853,094843,064582,097502,084408,-38372,099054,-48251,-38657
0000000302,0000250833,074198,070778,098073,064582,094564,087129,-62645,098761,-21040,-62930
0000000303,0000251667,074258,070709,099053,064582,082599,090097,-80362,097564,008642,-80647
0000000304,0000252500,074329,070652,097688,064582,062772,093023,-89796,095581,037902,-90081
0000000305,0000253333,074404,070612,094101,064582,036998,095619,-89981,093004,063861,-90266
0000000306,0000254167,074476,070595,088653,064582,007826,097633,-80941,090087,083994,-81227
0000000307,0000255000,074538,070601,081874,064582,-21901,098867,-63559,087114,096339,-63844
0000000308,0000255833,074583,070630,074426,064582,-49263,099198,-39504,084378,099645,-39789
0000000309,0000256667,074608,070678,067041,064582,-71591,098596,-11161,082145,093631,-11446
0000000310,0000257500,074610,070742,060438,064582,-86711,097122,018707,080633,078883,018422
0000000311,0000258333,074589,070815,055271,064582,-93102,094914,047171,079994,056810,046886
0000000312,0000259167,074547,070890,052038,064582,-90179,092194,071451,080286,029607,071166
0000000313,0000260000,074487,070960,051055,064582,-78227,089226,089181,081482,-00075,088896
0000000314,0000260833,074416,071017,052428,064582,-58378,086300,098587,083466,-29329,098302
0000000315,0000261667,074341,071056,056013,064582,-32613,083704,098786,086043,-55294,098501
0000000316,0000262500,074269,071074,061459,064582,-03442,081689,089761,088960,-75440,089476
0000000317,0000263333,074207,071068,068240,064582,026282,080458,072354,091932,-87757,072069
0000000318,0000264167,074161,071039,075687,064582,053647,080125,048310,094669,-91078,048024
0000000319,0000265000,074136,070990,083072,064582,075987,080725,019969,096903,-85078,019684
0000000320,0000265833,074134,070926,089671,064582,091082,082203,-09899,098412,-70304,-10184
0000000321,0000266667,074156,070853,094840,064582,097487,084409,-38365,099053,-48243,-38650
0000000322,0000267500,074198,070778,098077,064582,094578,087129,-62656,098762,-21044,-62941
0000000323,0000268333,074258,070709,099053,064582,082599,090097,-80362,097564,008642,-80647
0000000324,0000269167,074329,070652,097684,064582,062763,093023,-89781,095581,037897,-90066
0000000325,0000270000,074404,070612,094104,064582,037003,095620,-89996,093005,063871,-90281
0000000326,0000270833,074476,070595,088652,064582,007826,097633,-80942,090087,083994,-81227
0000000327,0000271667,074538,070601,081873,064582,-21897,098866,-63548,087115,096325,-63833
0000000328,0000272500,074583,070629,074426,064582,-49271,099199,-39510,084377,099660,-39796
0000000329,0000273333,074608,070678,067041,064582,-71591,098596,-11161,082145,093631,-11446
0000000330,0000274167,074610,070742,060440,064582,-86697,097120,018705,080635,078871,018420
0000000331,0000275000,074589,070815,055267,064582,-93117,094915,047178,079993,056818,046893
0000000332,0000275833,074547,070890,052038,064582,-90179,092194,071451,080286,029607,071166
0000000333,0000276667,074487,070960,051058,064582,-78214,089226,089167,081483,-00075,088882
0000000334,0000277500,074416,071017,052424,064582,-58388,086300,098602,083465,-29335,098316
0000000335,0000278333,074341,071056,056013,064582,-32614,083704,098787,086043,-55294,098501
0000000336,0000279167,074269,071074,061461,064582,-03442,081691,089747,088960,-75427,089462
0000000337,0000280000,074207,071068,068239,064582,026286,080456,072365,091933,-87772,072080
0000000338,0000280833,074161,071039,075686,064582,053647,080125,048310,094669,-91078,048025
0000000339,0000281667,074136,070990,083071,064582,075976,080727,019967,096902,-85064,019682
0000000340,0000282500,074134,070926,089673,064582,091096,082202,-09901,098414,-70316,-10187
0000000341,0000283333,074156,070853,094840,064582,097487,084409,-38365,099053,-48243,-38650
0000000342,0000284167,074198,070778,098073,064582,094564,087129,-62645,098761,-21040,-62930
0000000343,0000285000,074258,070709,099057,064582,082611,090098,-80375,097565,008642,-80660
0000000344,0000285833,074329,070652,097684,064582,062763,093023,-89781,095581,037897,-90066
0000000345,0000286667,074404,070612,094101,064582,036998,095619,-89981,093004,063862,-90266
0000000346,0000287500,074476,070595,088655,064582,007827,097634,-80955,090087,084007,-81240
0000000347,0000288333,074538,070601,081873,064582,-21897,098866,-63548,087115,096324,-63833
0000000348,0000289167,074583,070630,074426,064582,-49263,099198,-39504,084378,099645,-39789
0000000349,0000290000,074608,070678,067040,064582,-71603,098598,-11163,082144,093645,-11448
0000000350,0000290833,074610,070742,060440,064582,-86697,097120,018705,080635,078871,018420
0000000351,0000291667,074589,070815,055271,064582,-93102,094914,047171,079994,056810,046886
0000000352,0000292500,074547,070890,052034,064582,-90194,092194,071462,080285,029611,071176
0000000353,0000293333,074487,070960,051058,064582,-78214,089226,089167,081483,-00074,088882
0000000354,0000294167,074416,071017,052428,064582,-58378,086300,098587,083466,-29330,098302
0000000355,0000295000,074341,071056,056010,064582,-32619,083703,098801,086042,-55304,098516
0000000356,0000295833,074269,071074,061461,064582,-03442,081691,089747,088960,-75427,089462
0000000357,0000296667,074207,071068,068240,064582,026282,080458,072354,091932,-87757,072069
0000000358,0000297500,074161,071039,075687,064582,053655,080124,048316,094670,-91093,048031
0000000359,0000298333,074136,070990,083071,064582,075976,080727,019967,096902,-85064,019682
0000000360,0000299167,074134,070926,089671,064582,091082,082203,-09899,098412,-70304,-10184
0000000361,0000300000,074156,070853,094843,064582,097502,084408,-38372,099054,-48251,-38657
0000000362,0000300833,074198,070778,098073,064582,094564,087129,-62645,098761,-21040,-62930
0000000363,0000301667,074258,070709,099053,064582,082599,090097,-80362,097564,008642,-80647
0000000364,0000302500,074329,070652,097688,064582,062772,093023,-89796,095581,037902,-90081
0000000365,0000303333,074404,070612,094101,064582,036998,095619,-89981,093004,063861,-90266
0000000366,0000304167,074476,070595,088652,064582,007826,097633,-80941,090087,083994,-81227
0000000367,0000305000,074538,070601,081874,064582,-21901,098867,-63559,087114,096339,-63844
0000000368,0000305833,074583,070630,074426,064582,-49263,099198,-39504,084378,099645,-39789
0000000369,0000306667,074608,070678,067041,064582,-71591,098596,-11161,082145,093631,-11446
0000000370,0000307500,074610,070742,060438,064582,-86711,097122,018707,080633,078883,018422
0000000371,0000308333,074589,070815,055271,064582,-93102,094914,047171,079994,056810,046886
0000000372,0000309167,074547,070890,052038,064582,-90179,092194,071451,080286,029607,071166
0000000373,0000310000,074487,070960,051054,064582,-78227,089226,089181,081482,-00075,088896
0000000374,0000310833,074416,071017,052428,064582,-58378,086300,098587,083466,-29329,098302
0000000375,0000311667,074341,071056,056013,064582,-32613,083704,098786,086043,-55294,098501
0000000376,0000312500,074269,071074,061459,064582,-03442,081689,089761,088960,-75440,089476
0000000377,0000313333,074207,071068,068240,064582,026282,080458,072354,091932,-87757,072069
0000000378,0000314167,074161,071039,075686,064582,053647,080125,048310,094669,-91078,048024
0000000379,0000315000,074136,070990,083072,064582,075987,080725,019969,096903,-85078,019684
0000000380,0000315833,074134,070926,089671,064582,091082,082203,-09899,098412,-70304,-10184
0000000381,0000316667,074156,070853,094840,064582,097487,084409,-38365,099053,-48243,-38650
0000000382,0000317500,074198,070778,098077,064582,094578,087129,-62656,098762,-21044,-62941
0000000383,0000318333,074258,070709,099053,064582,082599,090097,-80362,097564,008642,-80647
0000000384,0000319167,074329,070652,097684,064582,062763,093023,-89781,095581,037897,-90066
0000000385,0000320000,074404,070612,094103,064582,037003,095620,-89996,093005,063871,-90281
0000000386,0000320833,074476,070595,088652,064582,007826,097633,-80942,090087,083994,-81227
0000000387,0000321667,074538,070601,081873,064582,-21897,098866,-63548,087115,096325,-63833
0000000388,0000322500,074583,070629,074426,064582,-49271,099199,-39510,084377,099660,-39796
0000000389,0000323333,074608,070678,067041,064582,-71591,098596,-11161,082145,093631,-11446
0000000390,0000324167,074610,070742,060440,064582,-86697,097120,018705,080635,078871,018420
0000000391,0000325000,074589,070815,055267,064582,-93117,094915,047178,079993,056818,046893
0000000392,0000325833,074547,070890,052038,064582,-90179,092194,071451,080286,029607,071166
0000000393,0000326667,074487,070960,051058,064582,-78214,089226,089167,081483,-00075,088882
0000000394,0000327500,074416,071017,052424,064582,-58388,086300,098602,083465,-29335,098316
0000000395,0000328333,074341,071056,056012,064582,-32614,083704,098787,086043,-55294,098501
0000000396,0000329167,074269,071074,061461,064582,-03442,081691,089747,088960,-75427,089462
0000000397,0000330000,074207,071068,068239,064582,026286,080456,072365,091933,-87772,072080
0000000398,0000330833,074161,071039,075686,064582,053647,080125,048310,094669,-91078,048025
0000000399,0000331667,074136,070990,083071,064582,075976,080727,019967,096902,-85064,019682
0000000400,0000332500,074134,070926,089673,064582,091096,082202,-09901,098414,-70316,-10187
0000000401,0000333333,074156,070853,094840,064582,097487,084409,-38365,099053,-48243,-38650
0000000402,0000334167,074198,070778,098073,064582,094564,087129,-62645,098761,-21040,-62930
0000000403,0000335000,074258,070709,099057,064582,082611,090098,-80375,097565,008642,-80660
0000000404,0000335833,074329,070652,097684,064582,062763,093023,-89781,095581,037897,-90066
0000000405,0000336667,074404,070612,094100,064582,036998,095619,-89981,093004,063862,-90266
0000000406,0000337500,074476,070595,088654,064582,007827,097634,-80955,090087,084007,-81240
0000000407,0000338333,074538,070601,081873,064582,-21897,098866,-63548,087115,096324,-63833
0000000408,0000339167,074583,070630,074426,064582,-49263,099198,-39504,084378,099645,-39789
0000000409,0000340000,074608,070678,067040,064582,-71603,098598,-11163,082144,093645,-11448
0000000410,0000340833,074610,070742,060440,064582,-86697,097120,018705,080635,078871,018420
0000000411,0000341667,074589,070815,055271,064582,-93102,094914,047171,079994,056810,046886
0000000412,0000342500,074547,070890,052034,064582,-90194,092194,071462,080285,029611,071176
0000000413,0000343333,074487,070960,051058,064582,-78214,089226,089167,081483,-00074,088882
0000000414,0000344167,074416,071017,052428,064582,-58378,086300,098587,083466,-29330,098302
0000000415,0000345000,074341,071056,056009,064582,-32619,083703,098801,086042,-55304,098516
0000000416,0000345833,074269,071074,061461,064582,-03442,081691,089747,088960,-75427,089462
0000000417,0000346667,074207,071068,068240,064582,026282,080458,072354,091932,-87757,072069
0000000418,0000347500,074161,071039,075686,064582,053655,080124,048316,094670,-91093,048031
0000000419,0000348333,074136,070990,083071,064582,075976,080727,019967,096902,-85064,019682
0000000420,0000349167,074134,070926,089671,064582,091082,082203,-09899,098412,-70304,-10184
0000000421,0000350000,074156,070853,094843,064582,097502,084408,-38372,099054,-48251,-38657
0000000422,0000350833,074198,070778,098073,064582,094564,087129,-62645,098761,-21040,-62930
0000000423,0000351667,074258,070709,099053,064582,082599,090097,-80362,097564,008642,-80647
0000000424,0000352500,074329,070652,097688,064582,062772,093023,-89796,095581,037902,-90081
0000000425,0000353333,074404,070612,094100,064582,036998,095619,-89981,093004,063861,-90266
0000000426,0000354167,074476,070595,088652,064582,007826,097633,-80941,090087,083994,-81227
0000000427,0000355000,074538,070601,081874,064582,-21901,098867,-63559,087114,096339,-63844
0000000428,0000355833,074583,070630,074426,064582,-49263,099198,-39504,084378,099645,-39789
0000000429,0000356667,074608,070678,067041,064582,-71591,098596,-11161,082145,093631,-11446
0000000430,0000357500,074610,070742,060438,064582,-86711,097122,018707,080633,078883,018422
0000000431,0000358333,074589,070815,055271,064582,-93102,094914,047171,079994,056810,046886
0000000432,0000359167,074547,070890,052038,064582,-90179,092194,071451,080286,029607,071166
0000000433,0000360000,074487,070960,051054,064582,-78227,089226,089181,081482,-00075,088896
0000000434,0000360833,074416,071017,052428,064582,-58378,086300,098587,083466,-29329,098302
0000000435,0000361667,074341,071056,056012,064582,-32613,083704,098786,086043,-55294,098501
0000000436,0000362500,074269,071074,061459,064582,-03442,081689,089761,088960,-75440,089476
0000000437,0000363333,074207,071068,068240,064582,026282,080458,072354,091932,-87757,072069
0000000438,0000364167,074161,071039,075686,064582,053647,080125,048310,094669,-91078,048024
0000000439,0000365000,074136,070990,083072,064582,075987,080725,019969,096903,-85078,019684
0000000440,0000365833,074134,070926,089671,064582,091082,082203,-09899,098412,-70304,-10184
0000000441,0000366667,074156,070853,094840,064582,097487,084409,-38365,099053,-48243,-38650
0000000442,0000367500,074198,070778,098077,064582,094578,087129,-62656,098762,-21044,-62941
0000000443,0000368333,074258,070709,099053,064582,082599,090097,-80362,097564,008642,-80647
0000000444,0000369167,074329,070652,097684,064582,062763,093023,-89781,095581,037897,-90066
0000000445,0000370000,074404,070612,094103,064582,037003,095620,-89996,093005,063871,-90281
0000000446,0000370833,074476,070595,088652,064582,007826,097633,-80942,090087,083994,-81227
0000000447,0000371667,074538,070601,081873,064582,-21897,098866,-63548,087115,096325,-63833
0000000448,0000372500,074583,070629,074426,064582,-49271,099199,-39510,084377,099660,-39796
0000000449,0000373333,074608,070678,067041,064582,-71591,098596,-11161,082145,093631,-11446
0000000450,0000374167,074610,070742,060440,064582,-86697,097120,018705,080635,078871,018420
0000000451,0000375000,074589,070815,055267,064582,-93117,094915,047178,079993,056818,046893
0000000452,0000375833,074547,070890,052038,064582,-90179,092194,071451,080286,029607,071166
0000000453,0000376667,074487,070960,051058,064582,-78214,089226,089167,081483,-00075,088882
0000000454,0000377500,074416,071017,052424,064582,-58388,086300,098602,083465,-29335,098316
0000000455,0000378333,074341,071056,056012,064582,-32614,083704,098787,086043,-55294,098501
0000000456,0000379167,074269,071074,061461,064582,-03442,081691,089747,088960,-75427,089462
0000000457,0000380000,074207,071068,068239,064582,026286,080456,072365,091933,-87772,072080
0000000458,0000380833,074161,071039,075686,064582,053647,080125,048310,094669,-91078,048025
0000000459,0000381667,074136,070990,083071,064582,075976,080727,019967,096902,-85064,019682
0000000460,0000382500,074134,070926,089673,064582,091096,082202,-09901,098414,-70316,-10187
0000000461,0000383333,074156,070853,094840,064582,097487,084409,-38365,099053,-48243,-38650
0000000462,0000384167,074198,070778,098073,064582,094564,087129,-62645,098761,-21040,-62930
0000000463,0000385000,074258,070709,099057,064582,082611,090098,-80375,097565,008642,-80660
0000000464,0000385833,074329,070652,097684,064582,062763,093023,-89781,095581,037897,-90066
0000000465,0000386667,074404,070612,094100,064582,036998,095619,-89981,093004,063862,-90266
0000000466,0000387500,074476,070595,088654,064582,007827,097634,-80955,090087,084007,-81240
0000000467,0000388333,074538,070601,081873,064582,-21897,098866,-63548,087115,096324,-63833
0000000468,0000389167,074583,070630,074426,064582,-49263,099198,-39504,084378,099645,-39789
0000000469,0000390000,074608,070678,067040,064582,-71603,098598,-11163,082144,093645,-11448
0000000470,0000390833,074610,070742,060440,064582,-86697,097120,018705,080635,078871,018420
0000000471,0000391667,074589,070815,055270,064582,-93102,094914,047171,079994,056810,046886
0000000472,0000392500,074547,070890,052034,064582,-90194,092194,071462,080285,029611,071176
0000000473,0000393333,074487,070960,051058,064582,-78214,089226,089167,081483,-00074,088882
0000000474,0000394167,074416,071017,052428,064582,-58378,086300,098587,083466,-29330,098302
0000000475,0000395000,074341,071056,056009,064582,-32619,083703,098801,086042,-55304,098516
0000000476,0000395833,074269,071074,061461,064582,-03442,081691,089747,088960,-75427,089462
0000000477,0000396667,074207,071068,068240,064582,026282,080458,072354,091932,-87757,072069
0000000478,0000397500,074161,071039,075686,064582,053655,080124,048316,094670,-91093,048031
0000000479,0000398333,074136,070990,083071,064582,075976,080727,019967,096902,-85064,019682
0000000480,0000399167,074134,070926,089671,064582,091082,082203,-09899,098412,-70304,-10184
0000000481,0000400000,074156,070853,094843,064582,097502,084408,-38372,099054,-48251,-38657
0000000482,0000400833,074198,070778,098073,064582,094564,087129,-62645,098761,-21040,-62930
0000000483,0000401667,074258,070709,099053,064582,082599,090097,-80362,097564,008642,-80647
0000000484,0000402500,074329,070652,097688,064582,062772,093023,-89796,095581,037902,-90081
0000000485,0000403333,074404,070612,094100,064582,036998,095619,-89981,093004,063861,-90266
0000000486,0000404167,074476,070595,088652,064582,007826,097633,-80941,090087,083994,-81227
0000000487,0000405000,074538,070601,081874,064582,-21901,098867,-63559,087114,096339,-63844
0000000488,0000405833,074583,070630,074426,064582,-49263,099198,-39504,084378,099645,-39789
0000000489,0000406667,074608,070678,067041,064582,-71591,098596,-11161,082145,093631,-11446
0000000490,0000407500,074610,070742,060438,064582,-86711,097122,018707,080633,078883,018422
0000000491,0000408333,074589,070815,055270,064582,-93102,094914,047171,079994,056810,046886
0000000492,0000409167,074546,070890,052038,064582,-90179,092194,071451,080286,029607,071166
0000000493,0000410000,074487,070960,051054,064582,-78227,089226,089181,081482,-00075,088896
0000000494,0000410833,074416,071017,052428,064582,-58378,086300,098587,083466,-29329,098302
0000000495,0000411667,074341,071056,056012,064582,-32613,083704,098786,086043,-55294,098501
0000000496,0000412500,074269,071074,061459,064582,-03442,081689,089761,088960,-75440,089476
0000000497,0000413333,074207,071068,068240,064582,026282,080458,072354,091932,-87757,072069
0000000498,0000414167,074161,071039,075686,064582,053647,080125,048310,094669,-91078,048024
0000000499,0000415000,074136,070990,083072,064582,075987,080725,019969,096903,-85078,019684
0000000500,0000415833,074134,070926,089671,064582,091082,082203,-09899,098412,-70304,-10184
0000000501,0000416667,074156,070853,094840,064582,097487,084409,-38365,099053,-48243,-38650
0000000502,0000417500,074198,070778,098077,064582,094578,087129,-62656,098762,-21044,-62941
0000000503,0000418333,074258,070709,099053,064582,082599,090097,-80362,097564,008642,-80647
0000000504,0000419167,074329,070652,097684,064582,062763,093023,-89781,095581,037897,-90066
0000000505,0000420000,074404,070612,094103,064582,037003,095620,-89996,093005,063871,-90281
0000000506,0000420833,074476,070595,088652,064582,007826,097633,-80942,090087,083994,-81227
0000000507,0000421667,074538,070601,081873,064582,-21897,098866,-63548,087115,096325,-63833
0000000508,0000422500,074583,070629,074426,064582,-49271,099199,-39510,084377,099660,-39796
0000000509,0000423333,074608,070678,067041,064582,-71591,098596,-11161,082145,093631,-11446
0000000510,0000424167,074610,070742,060440,064582,-86697,097120,018705,080635,078871,018420
0000000511,0000425000,074589,070815,055267,064582,-93117,094915,047178,079993,056818,046893
0000000512,0000425833,074546,070890,052038,064582,-90179,092194,071451,080286,029607,071166
0000000513,0000426667,074487,070960,051058,064582,-78214,089226,089167,081483,-00075,088882
0000000514,0000427500,074416,071017,052424,064582,-58388,086300,098602,083465,-29335,098316
0000000515,0000428333,074341,071056,056012,064582,-32614,083704,098787,086043,-55294,098501
0000000516,0000429167,074269,071074,061461,064582,-03442,081691,089747,088960,-75427,089462
0000000517,0000430000,074207,071068,068239,064582,026286,080456,072365,091933,-87772,072080
0000000518,0000430833,074161,071039,075686,064582,053647,080125,048310,094669,-91078,048025
0000000519,0000431667,074136,070990,083071,064582,075976,080727,019967,096902,-85064,019682
0000000520,0000432500,074134,070926,089673,064582,091096,082202,-09901,098414,-70316,-10187
0000000521,0000433333,074156,070853,094840,064582,097487,084409,-38365,099053,-48243,-38650
0000000522,0000434167,074198,070778,098073,064582,094564,087129,-62645,098761,-21040,-62930
0000000523,0000435000,074258,070709,099057,064582,082611,090098,-80375,097565,008642,-80660
0000000524,0000435833,074329,070652,097684,064582,062763,093023,-89781,095581,037897,-90066
0000000525,0000436667,074404,070612,094100,064582,036998,095619,-89981,093004,063861,-90266
0000000526,0000437500,074476,070595,088654,064582,007827,097634,-80955,090087,084007,-81240
0000000527,0000438333,074538,070601,081873,064582,-21897,098866,-63548,087115,096324,-63833
0000000528,0000439167,074583,070630,074426,064582,-49263,099198,-39504,084378,099645,-39789
0000000529,0000440000,074608,070678,067040,064582,-71603,098598,-11163,082144,093645,-11448
0000000530,0000440833,074610,070742,060440,064582,-86697,097120,018705,080635,078871,018420
0000000531,0000441667,074589,070815,055270,064582,-93102,094914,047171,079994,056810,046886
0000000532,0000442500,074547,070890,052034,064582,-90194,092194,071462,080285,029611,071176
0000000533,0000443333,074487,070960,051058,064582,-78214,089226,089167,081483,-00074,088882
0000000534,0000444167,074416,071017,052428,064582,-58378,086300,098587,083466,-29330,098302
0000000535,0000445000,074341,071056,056009,064582,-32619,083703,098801,086042,-55304,098516
0000000536,0000445833,074269,071074,061461,064582,-03442,081691,089747,088960,-75427,089462
0000000537,0000446667,074207,071068,068240,064582,026282,080458,072354,091932,-87757,072069
0000000538,0000447500,074161,071039,075686,064582,053655,080124,048316,094670,-91093,048031
0000000539,0000448333,074136,070990,083071,064582,075976,080727,019967,096902,-85064,019682
0000000540,0000449167,074134,070926,089671,064582,091082,082203,-09899,098412,-70304,-10184
0000000541,0000450000,074156,070853,094843,064582,097502,084408,-38372,099054,-48251,-38657
0000000542,0000450833,074198,070778,098073,064582,094564,087129,-62645,098761,-21040,-62930
0000000543,0000451667,074258,070709,099053,064582,082599,090097,-80362,097564,008642,-80647
0000000544,0000452500,074329,070652,097688,064582,062772,093023,-89796,095581,037902,-90081
0000000545,0000453333,074404,070612,094100,064582,036998,095619,-89981,093004,063861,-90266
0000000546,0000454167,074476,070595,088652,064582,007826,097633,-80941,090087,083994,-81227
0000000547,0000455000,074538,070601,081874,064582,-21901,098867,-63559,087114,096339,-63844
0000000548,0000455833,074583,070630,074426,064582,-49263,099198,-39504,084378,099645,-39789
0000000549,0000456667,074608,070678,067041,064582,-71591,098596,-11161,082145,093631,-11446
0000000550,0000457500,074610,070742,060438,064582,-86711,097122,018707,080633,078883,018422
0000000551,0000458333,074589,070815,055270,064582,-93102,094914,047171,079994,056810,046886
0000000552,0000459167,074546,070890,052038,064582,-90179,092194,071451,080286,029607,071166
0000000553,0000460000,074487,070960,051054,064582,-78227,089226,089181,081482,-00075,088896
0000000554,0000460833,074416,071017,052427,064582,-58378,086300,098587,083466,-29329,098302
0000000555,0000461667,074341,071056,056012,064582,-32613,083704,098786,086043,-55294,098501
0000000556,0000462500,074269,071074,061458,064582,-03442,081689,089761,088960,-75440,089476
0000000557,0000463333,074207,071068,068240,064582,026282,080458,072354,091932,-87757,072069
0000000558,0000464167,074161,071039,075686,064582,053647,080125,048310,094669,-91078,048024
0000000559,0000465000,074136,070990,083072,064582,075987,080725,019969,096903,-85078,019684
0000000560,0000465833,074134,070926,089670,064582,091082,082203,-09899,098412,-70304,-10184
0000000561,0000466667,074156,070853,094840,064582,097487,084409,-38365,099053,-48243,-38650
0000000562,0000467500,074198,070778,098077,064582,094578,087129,-62656,098762,-21044,-62941
0000000563,0000468333,074258,070709,099053,064582,082599,090097,-80362,097564,008642,-80647
0000000564,0000469167,074329,070652,097684,064582,062763,093023,-89781,095581,037897,-90066
0000000565,0000470000,074404,070612,094103,064582,037003,095620,-89996,093005,063871,-90281
0000000566,0000470833,074476,070595,088652,064582,007826,097633,-80942,090087,083994,-81227
0000000567,0000471667,074538,070601,081873,064582,-21897,098866,-63548,087115,096325,-63833
0000000568,0000472500,074583,070629,074426,064582,-49271,099199,-39511,084377,099660,-39796
0000000569,0000473333,074608,070678,067041,064582,-71591,098596,-11161,082145,093631,-11446
0000000570,0000474167,074610,070742,060440,064582,-86697,097120,018705,080635,078871,018420
0000000571,0000475000,074589,070815,055267,064582,-93117,094915,047178,079993,056818,046893
0000000572,0000475833,074546,070890,052038,064582,-90179,092194,071451,080286,029607,071166
0000000573,0000476667,074487,070960,051058,064582,-78214,089226,089167,081483,-00075,088882
0000000574,0000477500,074416,071017,052424,064582,-58388,086300,098602,083465,-29335,098316
0000000575,0000478333,074341,071056,056012,064582,-32614,083704,098787,086043,-55294,098501
0000000576,0000479167,074269,071074,061461,064582,-03442,081691,089747,088960,-75427,089462
0000000577,0000480000,074207,071068,068239,064582,026286,080456,072365,091933,-87772,072080
0000000578,0000480833,074161,071039,075686,064582,053647,080125,048310,094669,-91078,048025
0000000579,0000481667,074136,070990,083071,064582,075976,080727,019967,096902,-85064,019682
0000000580,0000482500,074134,070926,089673,064582,091096,082202,-09901,098414,-70316,-10187
0000000581,0000483333,074156,070853,094840,064582,097487,084409,-38365,099053,-48243,-38650
0000000582,0000484167,074198,070778,098073,064582,094564,087129,-62645,098761,-21040,-62930
0000000583,0000485000,074258,070709,099057,064582,082611,090098,-80375,097565,008642,-80660
0000000584,0000485833,074329,070652,097684,064582,062763,093023,-89781,095581,037897,-90066
0000000585,0000486667,074404,070612,094100,064582,036998,095619,-89981,093004,063861,-90266
0000000586,0000487500,074476,070595,088654,064582,007827,097634,-80955,090087,084007,-81240
0000000587,0000488333,074538,070601,081873,064582,-21897,098866,-63548,087115,096324,-63833
0000000588,0000489167,074583,070630,074426,064582,-49263,099198,-39504,084378,099645,-39789
0000000589,0000490000,074608,070678,067039,064582,-71603,098598,-11163,082144,093645,-11448
0000000590,0000490833,074610,070742,060440,064582,-86697,097120,018705,080635,078871,018420
0000000591,0000491667,074589,070815,055270,064582,-93102,094914,047171,079994,056810,046886
0000000592,0000492500,074547,070890,052034,064582,-90194,092194,071462,080285,029611,071176
0000000593,0000493333,074487,070960,051058,064582,-78214,089226,089167,081483,-00074,088882
0000000594,0000494167,074416,071017,052427,064582,-58378,086300,098587,083466,-29330,098302
0000000595,0000495000,074341,071056,056009,064582,-32619,083703,098801,086042,-55304,098516
0000000596,0000495833,074269,071074,061461,064582,-03442,081691,089747,088960,-75427,089462
0000000597,0000496667,074207,071068,068240,064582,026282,080458,072354,091932,-87757,072069
0000000598,0000497500,074161,071039,075686,064582,053655,080124,048316,094670,-91093,048031
0000000599,0000498333,074136,070990,083070,064582,075976,080727,019967,096902,-85064,019682
0000000600,0000499167,074134,070926,089670,064582,091082,082203,-09899,098412,-70304,-10184
0000000601,0000500000,074156,070853,094843,064582,097502,084408,-38372,099054,-48251,-38657
0000000602,0000500833,081600,063377,098035,064582,082791,088307,-62649,097583,-09264,-62934
0000000603,0000501667,085512,059456,098868,064582,082494,090106,-80338,097554,008723,-80623
0000000604,0000502500,086215,058771,097156,064582,080489,091247,-89752,097353,020142,-90037
0000000605,0000503333,084048,060978,093150,064582,069056,092411,-89957,096210,031779,-90242
0000000606,0000504167,079643,065441,087377,064582,049805,093432,-80914,094285,041988,-81199
0000000607,0000505000,073596,071556,080524,064582,030240,093652,-63551,092328,044190,-63836
0000000608,0000505833,066638,078586,073256,064582,006880,093585,-39521,089992,043520,-39806
0000000609,0000506667,059672,085624,066182,064582,-17703,093210,-11184,087534,039765,-11469
0000000610,0000507500,053444,091913,060009,064582,-37629,092218,018660,085541,029848,018375
0000000611,0000508333,048632,096770,055527,064582,-54661,091078,047098,083838,018443,046813
0000000612,0000509167,045858,099565,053462,064582,-66779,089867,071322,082626,006336,071037
0000000613,0000510000,045417,099998,054252,064582,-70436,088466,088991,082261,-07675,088706
0000000614,0000510833,047394,097985,057853,064582,-67859,087269,098384,082518,-19646,098099
0000000615,0000511667,051703,093617,063731,064582,-58803,086343,098580,083424,-28899,098295
0000000616,0000512500,057918,087330,070966,064582,-42571,085618,089603,085047,-36153,089318
0000000617,0000513333,065464,079709,078449,064582,-22524,085342,072311,087052,-38908,072026
0000000618,0000514167,073667,071439,085169,064582,-00105,085494,048381,089294,-37397,048096
0000000619,0000515000,081708,063344,090466,064582,023430,085963,020150,091647,-32701,019865
0000000620,0000515833,088823,056192,094140,064582,044593,086828,-09658,093763,-24055,-09943
0000000621,0000516667,094345,050649,096293,064582,061695,087964,-38122,095474,-12694,-38407
0000000622,0000517500,097727,047261,096981,064582,073538,089211,-62439,096658,-00220,-62724
0000000623,0000518333,098651,046346,096081,064582,078155,090526,-80205,097120,012929,-80490
0000000624,0000519167,097049,047973,093474,064582,075348,091753,-89666,096839,025196,-89951
0000000625,0000520000,093083,051981,089278,064582,065696,092744,-89925,095874,035108,-90210
0000000626,0000520833,087150,057968,083878,064582,049614,093454,-80946,094266,042211,-81231
0000000627,0000521667,079848,065331,077760,064582,028877,093793,-63594,092192,045595,-63879
0000000628,0000522500,071894,073350,071315,064582,005704,093708,-39575,089875,044750,-39860
0000000629,0000523333,064079,081230,064854,064582,-17984,093242,-11222,087506,040085,-11507
0000000630,0000524167,057181,088188,058828,064582,-39680,092423,018666,085336,031893,018381
0000000631,0000525000,051869,093548,053983,064582,-57144,091322,047137,083590,020886,046852
0000000632,0000525833,048674,096772,051195,064582,-68875,090069,071393,082417,008361,071108
0000000633,0000526667,047912,097534,051096,064582,-73599,088775,089063,081944,-04584,088778
0000000634,0000527500,049650,095769,053808,064582,-70840,087560,098455,082220,-16736,098170
0000000635,0000528333,053731,091636,058938,064582,-61002,086556,098651,083204,-26771,098366
0000000636,0000529167,059762,085538,065705,064582,-44963,085854,089634,084808,-33792,089349
0000000637,0000530000,067151,078075,073186,064582,-24290,085520,072303,086875,-37133,072018
0000000638,0000530833,075182,069969,080544,064582,-01074,085596,048323,089197,-36370,048038
0000000639,0000531667,083073,062012,087161,064582,022478,086070,020030,091552,-31629,019745
0000000640,0000532500,090052,054979,092600,064582,044068,086895,-09803,093711,-23386,-10088
0000000641,0000533333,095438,049555,096454,064582,061519,087994,-38251,095456,-12389,-38536
0000000642,0000534167,098704,046270,098290,064582,073154,089257,-62510,096620,000235,-62795
0000000643,0000535000,099540,045439,097769,064582,077850,090558,-80217,097089,013246,-80502
0000000644,0000535833,097862,047147,094833,064582,075105,091774,-89634,096815,025407,-89919
0000000645,0000536667,093835,051224,089818,064582,065225,092783,-89844,095827,035498,-90129
0000000646,0000537500,087860,057263,083385,064582,049192,093488,-80856,094223,042543,-81141
0000000647,0000538333,080518,064676,076307,064582,028538,093820,-63524,092158,045864,-63809
0000000648,0000539167,072532,072733,069279,064582,005304,093744,-39533,089835,045108,-39818
0000000649,0000540000,064683,080646,062811,064582,-18248,093269,-11232,087479,040359,-11517
0000000650,0000540833,057746,087638,057335,064582,-39821,092442,018613,085322,032087,018328
0000000651,0000541667,052402,093022,053353,064582,-57273,091342,047060,083577,021091,046775
0000000652,0000542500,049169,096274,051433,064582,-68907,090080,071321,082414,008465,071035
0000000653,0000543333,048369,097068,052018,064582,-73580,088778,089011,081946,-04552,088726
0000000654,0000544167,050081,095325,055188,064582,-70830,087563,098407,082221,-16698,098122
0000000655,0000545000,054133,091219,060563,064582,-60956,086554,098624,083209,-26789,098338
0000000656,0000545833,060136,085147,067416,064582,-44916,085850,089627,084813,-33833,089342
0000000657,0000546667,067505,077703,074852,064582,-24274,085519,072296,086877,-37144,072011
0000000658,0000547500,075518,069618,082054,064582,-01051,085593,048332,089199,-36402,048047
0000000659,0000548333,083394,061679,088430,064582,022492,086067,020050,091553,-31663,019765
0000000660,0000549167,090357,054664,093595,064582,044052,086894,-09781,093709,-23393,-10066
0000000661,0000550000,095732,049253,097218,064582,061520,087992,-38233,095456,-12409,-38518
0000000662,0000550833,098988,045980,098908,064582,073167,089255,-62503,096621,000215,-62788
0000000663,0000551667,099809,045165,098326,064582,077849,090557,-80205,097089,013235,-80490
0000000664,0000552500,098121,046882,095391,064582,075127,091771,-89630,096817,025382,-89915
0000000665,0000553333,094085,050968,090385,064582,065257,092780,-89848,095830,035469,-90133
0000000666,0000554167,088098,057021,083909,064582,049213,093484,-80841,094226,042508,-81126
0000000667,0000555000,080747,064443,076701,064582,028570,093815,-63507,092161,045816,-63792
0000000668,0000555833,072752,072511,069440,064582,005333,093739,-39514,089838,045059,-39799
0000000669,0000556667,064898,080433,062676,064582,-18221,093264,-11206,087482,040305,-11491
0000000670,0000557500,057953,087435,056911,064582,-39787,092436,018635,085326,032030,018350
0000000671,0000558333,052600,092830,052725,064582,-57240,091337,047077,083580,021042,046792
0000000672,0000559167,049363,096087,050724,064582,-68862,090075,071319,082418,008422,071034
0000000673,0000560000,048553,096890,051333,064582,-73533,088774,089005,081951,-04593,088720
0000000674,0000560833,050255,095156,054610,064582,-70789,087560,098403,082225,-16734,098117
0000000675,0000561667,054302,091054,060162,064582,-60905,086552,098599,083214,-26815,098314
0000000676,0000562500,060296,084989,067236,064582,-44868,085847,089605,084817,-33859,089320
0000000677,0000563333,067655,077552,074929,064582,-24231,085516,072278,086881,-37169,071993
0000000678,0000564167,075661,069472,082388,064582,-01010,085592,048306,089203,-36417,048021
0000000679,0000565000,083528,061539,088968,064582,022527,086065,020034,091557,-31682,019749
0000000680,0000565833,090487,054528,094225,064582,044081,086892,-09786,093712,-23416,-10071
0000000681,0000566667,095854,049126,097798,064582,061532,087990,-38221,095457,-12432,-38507
0000000682,0000567500,099108,045856,099326,064582,073177,089252,-62486,096622,000187,-62771
0000000683,0000568333,099928,045044,098517,064582,077861,090554,-80190,097090,013207,-80475
0000000684,0000569167,098233,046771,095330,064582,075127,091768,-89599,096817,025351,-89884
0000000685,0000570000,094197,050859,090084,064582,065264,092777,-89824,095831,035439,-90109
0000000686,0000570833,088208,056915,083397,064582,049225,093481,-80828,094227,042482,-81113
0000000687,0000571667,080854,064343,076027,064582,028581,093812,-63487,092162,045786,-63772
0000000688,0000572500,072857,072414,068683,064582,005351,093737,-39506,089839,045033,-39791
0000000689,0000573333,064998,080340,061931,064582,-18198,093262,-11209,087484,040286,-11494
0000000690,0000574167,058051,087344,056269,064582,-39755,092434,018625,085329,032009,018340
0000000691,0000575000,052692,092743,052229,064582,-57210,091336,047064,083583,021025,046779
0000000692,0000575833,049449,096005,050372,064582,-68840,090074,071311,082420,008407,071026
0000000693,0000576667,048639,096807,051104,064582,-73502,088773,088988,081954,-04607,088703
0000000694,0000577500,050334,095078,054462,064582,-70766,087558,098393,082228,-16748,098108
0000000695,0000578333,054376,090980,060075,064582,-60890,086550,098599,083215,-26831,098314
0000000696,0000579167,060369,084916,067214,064582,-44845,085847,089591,084820,-33867,089306
0000000697,0000580000,067724,077483,074987,064582,-24212,085515,072269,086883,-37178,071984
0000000698,0000580833,075726,069405,082548,064582,-00993,085590,048300,089205,-36428,048015
0000000699,0000581667,083590,061475,089237,064582,022541,086065,020024,091558,-31686,019739
0000000700,0000582500,090546,054465,094591,064582,044093,086891,-09793,093714,-23422,-10078
0000000701,0000583333,095912,049063,098218,064582,061545,087989,-38227,095459,-12439,-38512
0000000702,0000584167,099160,045800,099740,064582,073176,089251,-62478,096622,000180,-62763
0000000703,0000585000,099980,044988,098878,064582,077862,090553,-80182,097090,013198,-80467
0000000704,0000585833,098287,046714,095597,064582,075132,091768,-89597,096817,025343,-89882
0000000705,0000586667,094247,050808,090223,064582,065257,092776,-89805,095830,035426,-90090
0000000706,0000587500,088259,056864,083389,064582,049223,093480,-80813,094227,042470,-81098
0000000707,0000588333,080905,064293,075864,064582,028582,093811,-63479,092162,045776,-63764
0000000708,0000589167,072907,072367,068380,064582,005353,093735,-39491,089839,045017,-39776
0000000709,0000590000,065047,080294,061534,064582,-18193,093261,-11202,087485,040274,-11487
0000000710,0000590833,058098,087301,055845,064582,-39749,092433,018626,085329,032002,018341
0000000711,0000591667,052740,092699,051848,064582,-57193,091335,047055,083585,021016,046770
0000000712,0000592500,049493,095963,050074,064582,-68824,090073,071302,082422,008401,071017
0000000713,0000593333,048679,096770,050904,064582,-73493,088772,088985,081955,-04613,088700
0000000714,0000594167,050376,095038,054370,064582,-70746,087558,098376,082230,-16751,098091
0000000715,0000595000,054413,090943,060082,064582,-60876,086550,098588,083217,-26834,098303
0000000716,0000595833,060403,084881,067320,064582,-44837,085846,089588,084821,-33873,089303
0000000717,0000596667,067757,077448,075193,064582,-24199,085516,072254,086884,-37176,071969
0000000718,0000597500,075757,069372,082845,064582,-00984,085590,048292,089206,-36429,048007
0000000719,0000598333,083620,061442,089600,064582,022548,086064,020021,091559,-31690,019736
0000000720,0000599167,090573,054435,094972,064582,044092,086891,-09791,093713,-23422,-10077
0000000721,0000600000,095938,049033,098570,064582,061544,087989,-38222,095459,-12442,-38507
0000000722,0000600833,099181,045776,099998,064582,073171,089252,-62481,096621,000189,-62766
0000000723,0000601667,099998,044969,099041,064582,077842,090553,-80164,097088,013200,-80449
0000000724,0000602500,098308,046693,095652,064582,075119,091768,-89585,096816,025345,-89870
0000000725,0000603333,094270,050785,090185,064582,065257,092777,-89810,095830,035432,-90095
0000000726,0000604167,088281,056844,083249,064582,049210,093480,-80794,094225,042463,-81079
0000000727,0000605000,080923,064274,077539,079990,028618,093816,-63770,092166,045824,-64055
0000000728,0000605833,074372,070834,078245,096479,020452,093308,-39667,084778,095649,-39953
0000000729,0000606667,074372,070834,078507,099103,023095,093778,-11622,085072,064516,-11907
0000000730,0000607500,074372,070834,078597,099998,027769,094091,018316,080244,082907,018031
0000000731,0000608333,074372,070834,077998,094008,032239,094387,046940,080276,054033,046655
0000000732,0000609167,074372,070834,077523,089257,035412,094700,071214,078387,048545,070929
0000000733,0000610000,074372,070834,076664,080669,037186,094987,089157,082472,-10180,088872
0000000734,0000610833,074372,070834,075653,070556,038401,095109,098504,083504,-29867,098219
0000000735,0000611667,074372,070834,075055,064582,038792,095110,099996,086783,-62873,098602
0000000736,0000612500,074372,070834,075055,064582,038812,095108,099995,088373,-69693,089575
0000000737,0000613333,074372,070834,075055,064582,038756,095113,099997,091656,-85262,072371
0000000738,0000614167,074372,070834,075055,064582,038736,095116,099998,094553,-90084,048261
0000000739,0000615000,074372,070834,075055,064582,038757,095113,099998,097178,-88075,020021
0000000740,0000615833,074372,070834,075055,064582,038772,095112,099997,098764,-73973,-09973
0000000741,0000616667,074372,070834,075055,064582,038757,095113,099997,098833,-46251,-38403
0000000742,0000617500,074372,070834,075055,064582,038737,095115,099998,098772,-21263,-62801
0000000743,0000618333,074372,070834,075055,064582,038751,095114,099998,097286,011305,-80545
0000000744,0000619167,074372,070834,075055,064582,038768,095112,099997,095952,034149,-90086
0000000745,0000620000,074372,070834,075055,064582,038771,095112,099997,092944,064514,-90378
0000000746,0000620833,074372,070834,075055,064582,038756,095113,099997,090316,081832,-81388
0000000747,0000621667,074372,070834,075055,064582,038753,095114,099997,086873,098960,-64063
0000000748,0000622500,074372,070834,075055,064582,038760,095113,099997,084482,098846,-40035
0000000749,0000623333,074372,070834,075055,064582,038762,095113,099997,082103,094355,-11736
0000000750,0000624167,074372,070834,075055,064582,038757,095113,099997,080785,077640,018173
0000000751,0000625000,074372,070834,075055,064582,038752,095114,099997,079983,057189,046651
0000000752,0000625833,074372,070834,075055,064582,038756,095113,099997,080237,030268,071021
0000000753,0000626667,074372,070834,075055,064582,038761,095113,099997,081449,000365,088790
0000000754,0000627500,074372,070834,075055,064582,038760,095113,099997,083401,-28707,098331
0000000755,0000628333,074372,070834,075055,064582,038757,095113,099997,086111,-56070,098583
0000000756,0000629167,074372,070834,075055,064582,038757,095113,099997,088886,-74879,089640
0000000757,0000630000,074372,070834,075055,064582,038759,095113,099997,091970,-88391,072307
0000000758,0000630833,074372,070834,075055,064582,038759,095113,099997,094558,-90254,048299
0000000759,0000631667,074372,070834,075055,064582,038757,095113,099997,096951,-85847,019967
0000000760,0000632500,074372,070834,075055,064582,038756,095113,099997,098366,-70098,-09925
0000000761,0000633333,074372,070834,075055,064582,038758,095113,099997,099119,-49122,-38426
0000000762,0000634167,074372,070834,075055,064582,038759,095113,099997,098737,-20941,-62779
0000000763,0000635000,074372,070834,075055,064582,038758,095113,099997,097601,008212,-80574
0000000764,0000635833,074372,070834,075055,064582,038758,095113,099997,095588,037845,-90083
0000000765,0000636667,074372,070834,075055,064582,038758,095113,099997,093043,063572,-90365
0000000766,0000637500,074372,070834,075055,064582,038758,095113,099997,090129,083763,-81423
0000000767,0000638333,074372,070834,075055,064582,038758,095113,099997,087130,096401,-64069
0000000768,0000639167,074372,070834,075055,064582,038758,095113,099997,084410,099604,-40068
0000000769,0000640000,074372,070834,075055,064582,038757,095113,099997,082131,094048,-11730
0000000770,0000640833,074372,070834,075055,064582,038758,095113,099997,080662,078855,018154
0000000771,0000641667,074372,070834,075055,064582,038758,095113,099997,079972,057244,046671
0000000772,0000642500,074372,070834,075055,064582,038758,095113,099997,080297,029644,071027
0000000773,0000643333,074372,070834,075055,064582,038758,095113,099997,081442,000401,088818
0000000774,0000644167,074372,070834,075055,064582,038758,095113,099997,083454,-29234,098331
0000000775,0000645000,074372,070834,075055,064582,038758,095113,099997,086001,-54998,098623
0000000776,0000645833,074372,070834,075055,064582,038758,095113,099997,088944,-75453,089649
0000000777,0000646667,074372,070834,075055,064582,038758,095113,099997,091904,-87716,072312
0000000778,0000647500,074372,070834,075055,064582,038758,095113,099997,094653,-91197,048308
0000000779,0000648333,074372,070834,075055,064582,038758,095113,099997,096889,-85216,019963
0000000780,0000649167,074372,070834,075055,064582,038758,095113,099997,098406,-70506,-09921
0000000781,0000650000,074372,070834,075055,064582,038758,095113,099997,099066,-48583,-38441
0000000782,0000650833,074372,070834,075055,064582,038758,095113,099997,098770,-21283,-62779
0000000783,0000651667,074372,070834,075055,064582,038758,095113,099997,097592,008298,-80581
0000000784,0000652500,074372,070834,075055,064582,038758,095113,099997,095599,037743,-90099
0000000785,0000653333,074372,070834,075055,064582,038758,095113,099997,093039,063620,-90376
0000000786,0000654167,074372,070834,075055,064582,038758,095113,099997,090110,083955,-81419
0000000787,0000655000,074372,070834,075055,064582,038758,095113,099997,087146,096264,-64092
0000000788,0000655833,074372,070834,075055,064582,038758,095113,099997,084394,099773,-40074
0000000789,0000656667,074372,070834,075055,064582,038758,095113,099997,082160,093773,-11737
0000000790,0000657500,074372,070834,075055,064582,038758,095113,099997,080634,079143,018154
0000000791,0000658333,074372,070834,075055,064582,038758,095113,099997,079989,057072,046671
0000000792,0000659167,074372,070834,075055,064582,038758,095113,099997,080271,029896,071025
0000000793,0000660000,074372,070834,075055,064582,038758,095113,099997,081459,000202,088839
0000000794,0000660833,074372,070834,075055,064582,038758,095113,099997,083441,-29111,098338
0000000795,0000661667,074372,070834,075055,064582,038758,095113,099997,086012,-55115,098628
0000000796,0000662500,074372,070834,075055,064582,038758,095113,099997,088934,-75379,089671
0000000797,0000663333,074372,070834,075055,064582,038758,095113,099997,091906,-87747,072321
0000000798,0000664167,074372,070834,075055,064582,038758,095113,099997,094653,-91198,048307
0000000799,0000665000,074372,070834,075055,064582,038758,095113,099997,096890,-85226,019968
0000000800,0000665833,074372,070834,075055,064582,038758,095113,099997,098412,-70555,-09924
0000000801,0000666667,074372,070834,075055,064582,038758,095113,099997,099058,-48504,-38440
0000000802,0000667500,074372,070834,075055,064582,038758,095113,099997,098778,-21347,-62796
0000000803,0000668333,074372,070834,075055,064582,038758,095113,099997,097585,008373,-80587
0000000804,0000669167,074372,070834,075055,064582,038758,095113,099997,095608,037657,-90099
0000000805,0000670000,074372,070834,075055,064582,038758,095113,099997,093033,063699,-90397
0000000806,0000670833,074372,070834,075055,064582,038758,095113,099997,090116,083904,-81424
0000000807,0000671667,074372,070834,075055,064582,038758,095113,099997,087140,096324,-64092
0000000808,0000672500,074372,070834,075055,064582,038758,095113,099997,084396,099756,-40084
0000000809,0000673333,074372,070834,075055,064582,038758,095113,099997,082157,093803,-11740
0000000810,0000674167,074372,070834,075055,064582,038758,095113,099997,080636,079123,018153
0000000811,0000675000,074372,070834,075055,064582,038758,095113,099997,079987,057093,046678
0000000812,0000675833,074372,070834,075055,064582,038758,095113,099997,080270,029908,071027
0000000813,0000676667,074372,070834,075055,064582,038758,095113,099997,081461,000195,088836
0000000814,0000677500,074372,070834,075055,064582,038758,095113,099997,083438,-29100,098358
0000000815,0000678333,074372,070834,075055,064582,038758,095113,099997,086014,-55139,098634
0000000816,0000679167,074372,070834,075055,064582,038758,095113,099997,088932,-75351,089670
0000000817,0000680000,074372,070834,075055,064582,038758,095113,099997,091909,-87787,072336
0000000818,0000680833,074372,070834,075055,064582,038758,095113,099997,094651,-91180,048310
0000000819,0000681667,074372,070834,075055,064582,038758,095113,099997,096891,-85247,019969
0000000820,0000682500,074372,070834,075055,064582,038758,095113,099997,098412,-70556,-09926
0000000821,0000683333,074372,070834,075055,064582,038758,095113,099997,099060,-48521,-38441
0000000822,0000684167,074372,070834,075055,064582,038758,095113,099997,098776,-21334,-62794
0000000823,0000685000,074372,070834,075055,064582,038758,095113,099997,097587,008368,-80605
0000000824,0000685833,074372,070834,075055,064582,038758,095113,099997,095608,037661,-90104
0000000825,0000686667,074372,070834,075055,064582,038758,095113,099997,093033,063697,-90394
0000000826,0000687500,074372,070834,075055,064582,038758,095113,099997,090116,083918,-81441
0000000827,0000688333,074372,070834,075055,064582,038758,095113,099997,087140,096334,-64095
0000000828,0000689167,074372,070834,075055,064582,038758,095113,099997,084397,099747,-40083
0000000829,0000690000,074372,070834,075055,064582,038758,095113,099997,082155,093828,-11744
0000000830,0000690833,074372,070834,075055,064582,038758,095113,099997,080636,079119,018153
0000000831,0000691667,074372,070834,075055,064582,038758,095113,099997,079986,057099,046676
0000000832,0000692500,074372,070834,075055,064582,038758,095113,099997,080269,029907,071040
0000000833,0000693333,074372,070834,075055,064582,038758,095113,099997,081460,000201,088839
0000000834,0000694167,074372,070834,075055,064582,038758,095113,099997,083439,-29103,098354
0000000835,0000695000,074372,070834,075055,064582,038758,095113,099997,086013,-55147,098652
0000000836,0000695833,074372,070834,075055,064582,038758,095113,099997,088932,-75356,089674
0000000837,0000696667,074372,070834,075055,064582,038758,095113,099997,091908,-87781,072334
0000000838,0000697500,074372,070834,075055,064582,038758,095113,099997,094652,-91199,048319
0000000839,0000698333,074372,070834,075055,064582,038758,095113,099997,096892,-85251,019970
0000000840,0000699167,074372,070834,075055,064582,038758,095113,099997,098411,-70551,-09925
0000000841,0000700000,074372,070834,075055,064582,038758,095113,099997,099062,-48533,-38449
0000000842,0000700833,074372,070834,075055,064582,038758,095113,099997,098776,-21333,-62795
0000000843,0000701667,074372,070834,075055,064582,038758,095113,099997,097587,008365,-80600
0000000844,0000702500,074372,070834,075055,064582,038758,095113,099997,095609,037669,-90121
0000000845,0000703333,074372,070834,075055,064582,038758,095113,099997,093034,063696,-90397
0000000846,0000704167,074372,070834,075055,064582,038758,095113,099997,090116,083915,-81437
0000000847,0000705000,074372,070834,075055,064582,038758,095113,099997,087140,096349,-64108
0000000848,0000705833,074372,070834,075055,064582,038758,095113,099997,084397,099751,-40085
0000000849,0000706667,074372,070834,075055,064582,038758,095113,099997,082156,093823,-11744
0000000850,0000707500,074372,070834,075055,064582,038758,095113,099997,080635,079134,018155
0000000851,0000708333,074372,070834,075055,064582,038758,095113,099997,079986,057101,046676
0000000852,0000709167,074372,070834,075055,064582,038758,095113,099997,080269,029906,071037
0000000853,0000710000,074372,070834,075055,064582,038758,095113,099997,081458,000201,088854
0000000854,0000710833,074372,070834,075055,064582,038758,095113,099997,083438,-29104,098357
0000000855,0000711667,074372,070834,075055,064582,038758,095113,099997,086013,-55143,098647
0000000856,0000712500,074372,070834,075055,064582,038758,095113,099997,088932,-75371,089689
0000000857,0000713333,074372,070834,075055,064582,038758,095113,099997,091908,-87782,072335
0000000858,0000714167,074372,070834,075055,064582,038758,095113,099997,094651,-91194,048317
0000000859,0000715000,074372,070834,075055,064582,038758,095113,099997,096893,-85266,019973
0000000860,0000715833,074372,070834,075055,064582,038758,095113,099997,098411,-70553,-09925
0000000861,0000716667,074372,070834,075055,064582,038758,095113,099997,099061,-48530,-38446
0000000862,0000717500,074372,070834,075055,064582,038758,095113,099997,098778,-21338,-62807
0000000863,0000718333,074372,070834,075055,064582,038758,095113,099997,097587,008365,-80601
0000000864,0000719167,074372,070834,075055,064582,038758,095113,099997,095609,037666,-90115
0000000865,0000720000,074372,070834,075055,064582,038758,095113,099997,093034,063706,-90414
0000000866,0000720833,074372,070834,075055,064582,038758,095113,099997,090116,083916,-81439
0000000867,0000721667,074372,070834,075055,064582,038758,095113,099997,087140,096343,-64104
0000000868,0000722500,074372,070834,075055,064582,038758,095113,099997,084396,099767,-40093
0000000869,0000723333,074372,070834,075055,064582,038758,095113,099997,082156,093824,-11744
0000000870,0000724167,074372,070834,075055,064582,038758,095113,099997,080635,079129,018153
0000000871,0000725000,074372,070834,075055,064582,038758,095113,099997,079984,057110,046683
0000000872,0000725833,074372,070834,075055,064582,038758,095113,099997,080269,029907,071037
0000000873,0000726667,074372,070834,075055,064582,038758,095113,099997,081459,000201,088848
0000000874,0000727500,074372,070834,075055,064582,038758,095113,099997,083437,-29110,098373
0000000875,0000728333,074372,070834,075055,064582,038758,095113,099997,086013,-55143,098648
0000000876,0000729167,074372,070834,075055,064582,038758,095113,099997,088932,-75365,089683
0000000877,0000730000,074372,070834,075055,064582,038758,095113,099997,091909,-87797,072347
0000000878,0000730833,074372,070834,075055,064582,038758,095113,099997,094651,-91194,048317
0000000879,0000731667,074372,070834,075055,064582,038758,095113,099997,096892,-85259,019971
0000000880,0000732500,074372,070834,075055,064582,038758,095113,099997,098413,-70566,-09927
0000000881,0000733333,074372,070834,075055,064582,038758,095113,099997,099061,-48530,-38446
0000000882,0000734167,074372,070834,075055,064582,038758,095113,099997,098777,-21336,-62802
0000000883,0000735000,074372,070834,075055,064582,038758,095113,099997,097589,008366,-80615
0000000884,0000735833,074372,070834,075055,064582,038758,095113,099997,095609,037666,-90115
0000000885,0000736667,074372,070834,075055,064582,038758,095113,099997,093034,063701,-90407
0000000886,0000737500,074372,070834,075055,064582,038758,095113,099997,090116,083929,-81453
0000000887,0000738333,074372,070834,075055,064582,038758,095113,099997,087140,096343,-64104
0000000888,0000739167,074372,070834,075055,064582,038758,095113,099997,084397,099760,-40090
0000000889,0000740000,074372,070834,075055,064582,038758,095113,099997,082154,093838,-11747
0000000890,0000740833,074372,070834,075055,064582,038758,095113,099997,080635,079130,018153
0000000891,0000741667,074372,070834,075055,064582,038758,095113,099997,079985,057106,046680
0000000892,0000742500,074372,070834,075055,064582,038758,095113,099997,080268,029911,071048
0000000893,0000743333,074372,070834,075055,064582,038758,095113,099997,081459,000202,088848
0000000894,0000744167,074372,070834,075055,064582,038758,095113,099997,083438,-29107,098365
0000000895,0000745000,074372,070834,075055,064582,038758,095113,099997,086013,-55153,098663
0000000896,0000745833,074372,070834,075055,064582,038758,095113,099997,088932,-75365,089683
0000000897,0000746667,074372,070834,075055,064582,038758,095113,099997,091909,-87790,072341
0000000898,0000747500,074372,070834,075055,064582,038758,095113,099997,094652,-91209,048324
0000000899,0000748333,074372,070834,075055,064582,038758,095113,099997,096892,-85259,019971
0000000900,0000749167,074372,070834,075055,064582,038758,095113,099997,098412,-70560,-09926
0000000901,0000750000,074372,070834,075055,064582,038758,095113,099997,099063,-48538,-38453
0000000902,0000750833,074372,070834,075055,064582,038758,095113,099997,098777,-21336,-62802
0000000903,0000751667,074372,070834,075055,064582,038758,095113,099997,097588,008366,-80608
0000000904,0000752500,074372,070834,075055,064582,038758,095113,099997,095609,037671,-90130
0000000905,0000753333,074372,070834,075055,064582,038758,095113,099997,093034,063701,-90406
0000000906,0000754167,074372,070834,075055,064582,038758,095113,099997,090116,083923,-81446
0000000907,0000755000,074372,070834,075055,064582,038758,095113,099997,087139,096358,-64115
0000000908,0000755833,074372,070834,075055,064582,038758,095113,099997,084397,099760,-40090
0000000909,0000756667,074372,070834,075055,064582,038758,095113,099997,082155,093831,-11746
0000000910,0000757500,074372,070834,075055,064582,038758,095113,099997,080634,079141,018155
0000000911,0000758333,074372,070834,075055,064582,038758,095113,099997,079985,057106,046680
0000000912,0000759167,074372,070834,075055,064582,038758,095113,099997,080268,029909,071042
0000000913,0000760000,074372,070834,075055,064582,038758,095113,099997,081457,000201,088861
0000000914,0000760833,074372,070834,075055,064582,038758,095113,099996,083438,-29107,098365
0000000915,0000761667,074372,070834,075055,064582,038758,095113,099996,086013,-55148,098655
0000000916,0000762500,074372,070834,075055,064582,038758,095113,099996,088932,-75377,089696
0000000917,0000763333,074372,070834,075055,064582,038758,095113,099996,091908,-87790,072341
0000000918,0000764167,074372,070834,075055,064582,038758,095113,099996,094652,-91201,048320
0000000919,0000765000,074372,070834,075055,064582,038758,095113,099996,096894,-85273,019974
0000000920,0000765833,074372,070834,075055,064582,038758,095113,099996,098412,-70559,-09926
0000000921,0000766667,074372,070834,075055,064582,038758,095113,099996,099062,-48533,-38450
0000000922,0000767500,074372,070834,075055,064582,038758,095113,099996,098779,-21340,-62812
0000000923,0000768333,074372,070834,075055,064582,038758,095113,099996,097588,008366,-80608
0000000924,0000769167,074372,070834,075055,064582,038758,095113,099996,095609,037669,-90122
0000000925,0000770000,074372,070834,075055,064582,038758,095113,099996,093035,063710,-90421
0000000926,0000770833,074372,070834,075055,064582,038758,095113,099996,090116,083922,-81445
0000000927,0000771667,074372,070834,075055,064582,038758,095113,099996,087140,096350,-64109
0000000928,0000772500,074372,070834,075055,064582,038758,095113,099996,084396,099774,-40096
0000000929,0000773333,074372,070834,075055,064582,038758,095113,099996,082155,093830,-11745
0000000930,0000774167,074372,070834,075055,064582,038758,095113,099996,080635,079134,018155
0000000931,0000775000,074372,070834,075055,064582,038758,095113,099996,079984,057114,046686
0000000932,0000775833,074372,070834,075055,064582,038758,095113,099996,080269,029909,071042
0000000933,0000776667,074372,070834,075055,064582,038758,095113,099996,081458,000201,088854
0000000934,0000777500,074372,070834,075055,064582,038758,095113,099996,083437,-29112,098379
0000000935,0000778333,074372,070834,075055,064582,038758,095113,099996,086013,-55147,098654
0000000936,0000779167,074372,070834,075055,064582,038758,095113,099996,088932,-75370,089688
0000000937,0000780000,074372,070834,075055,064582,038758,095113,099996,091909,-87803,072351
0000000938,0000780833,074372,070834,075055,064582,038758,095113,099996,094652,-91200,048320
0000000939,0000781667,074372,070834,075055,064582,038758,095113,099996,096893,-85265,019972
0000000940,0000782500,074372,070834,075055,064582,038758,095113,099996,098413,-70570,-09929
0000000941,0000783333,074372,070834,075055,064582,038758,095113,099996,099062,-48533,-38449
0000000942,0000784167,074372,070834,075055,064582,038758,095113,099996,098778,-21337,-62806
0000000943,0000785000,074372,070834,075055,064582,038758,095113,099996,097589,008367,-80620
0000000944,0000785833,074372,070834,075055,064582,038758,095113,099996,095609,037669,-90121
0000000945,0000786667,074372,070834,075055,064582,038758,095113,099996,093034,063706,-90412
0000000946,0000787500,074372,070834,075055,064582,038758,095113,099996,090116,083934,-81457
0000000947,0000788333,074372,070834,075055,064582,038758,095113,099996,087140,096349,-64108
0000000948,0000789167,074372,070834,075055,064582,038758,095113,099996,084396,099765,-40092
0000000949,0000790000,074372,070834,075055,064582,038758,095113,099996,082154,093843,-11747
0000000950,0000790833,074372,070834,075055,064582,038758,095113,099996,080635,079133,018155
0000000951,0000791667,074372,070834,075055,064582,038758,095113,099996,079984,057108,046683
0000000952,0000792500,074372,070834,075055,064582,038758,095113,099996,080267,029912,071052
0000000953,0000793333,074372,070834,075055,064582,038758,095113,099996,081458,000201,088853
0000000954,0000794167,074372,070834,075055,064582,038758,095113,099996,083438,-29109,098370
0000000955,0000795000,074372,070834,075055,064582,038758,095113,099996,086012,-55156,098667
0000000956,0000795833,074372,070834,075055,064582,038758,095113,099996,088932,-75369,089687
0000000957,0000796667,074372,070834,075055,064582,038758,095113,099996,091909,-87795,072344
0000000958,0000797500,074372,070834,075055,064582,038758,095113,099996,094652,-91214,048326
0000000959,0000798333,074372,070834,075055,064582,038758,095113,099996,096893,-85263,019972
0000000960,0000799167,074372,070834,075055,064582,038758,095113,099996,098413,-70563,-09928
0000000961,0000800000,074372,070834,075055,064582,038758,095113,099996,099063,-48540,-38456
0000000962,0000800833,074372,070834,075055,064582,038758,095113,099996,098778,-21337,-62806
0000000963,0000801667,074372,070834,075055,064582,038758,095113,099996,097588,008367,-80613
0000000964,0000802500,074372,070834,075055,064582,038758,095113,099996,095610,037674,-90135
0000000965,0000803333,074372,070834,075055,064582,038758,095113,099996,093034,063705,-90411
0000000966,0000804167,074372,070834,075055,064582,038758,095113,099996,090116,083927,-81449
0000000967,0000805000,074372,070834,075055,064582,038758,095113,099996,087139,096362,-64117
0000000968,0000805833,074372,070834,075055,064582,038758,095113,099996,084396,099764,-40091
0000000969,0000806667,074372,070834,075055,064582,038758,095113,099996,082155,093834,-11745
0000000970,0000807500,074372,070834,075055,064582,038758,095113,099996,080634,079144,018157
0000000971,0000808333,074372,070834,075055,064582,038758,095113,099996,079985,057107,046682
0000000972,0000809167,074372,070834,075055,064582,038758,095113,099996,080268,029909,071046
0000000973,0000810000,074372,070834,075055,064582,038758,095113,099996,081457,000200,088865
0000000974,0000810833,074372,070834,075055,064582,038758,095113,099996,083438,-29108,098368
0000000975,0000811667,074372,070834,075055,064582,038758,095113,099996,086013,-55150,098658
0000000976,0000812500,074372,070834,075055,064582,038758,095113,099996,088932,-75380,089699
0000000977,0000813333,074372,070834,075055,064582,038758,095113,099996,091909,-87793,072343
0000000978,0000814167,074372,070834,075055,064582,038758,095113,099996,094652,-91204,048321
0000000979,0000815000,074372,070834,075055,064582,038758,095113,099996,096894,-85276,019974
0000000980,0000815833,074372,070834,075055,064582,038758,095113,099996,098413,-70561,-09928
0000000981,0000816667,074372,070834,075055,064582,038758,095113,099996,099062,-48534,-38452
0000000982,0000817500,074372,070834,075055,064582,038758,095113,099996,098779,-21340,-62815
0000000983,0000818333,074372,070834,075055,064582,038758,095113,099996,097588,008367,-80611
0000000984,0000819167,074372,070834,075055,064582,038758,095113,099996,095609,037671,-90126
0000000985,0000820000,074372,070834,075055,064582,038758,095113,099996,093035,063714,-90424
0000000986,0000820833,074372,070834,075055,064582,038758,095113,099996,090116,083926,-81447
0000000987,0000821667,074372,070834,075055,064582,038758,095113,099996,087139,096353,-64110
0000000988,0000822500,074372,070834,075055,064582,038758,095113,099996,084396,099777,-40096
0000000989,0000823333,074372,070834,075055,064582,038758,095113,099996,082155,093832,-11744
0000000990,0000824167,074372,070834,075055,064582,038758,095113,099996,080634,079136,018156
0000000991,0000825000,074372,070834,075055,064582,038758,095113,099996,079983,057114,046689
0000000992,0000825833,074372,070834,075055,064582,038758,095113,099996,080268,029909,071044
0000000993,0000826667,074372,070834,075055,064582,038758,095113,099996,081458,000200,088857
0000000994,0000827500,074372,070834,075055,064582,038758,095113,099996,083437,-29113,098381
0000000995,0000828333,074372,070834,075055,064582,038758,095113,099996,086013,-55149,098656
0000000996,0000829167,074372,070834,075055,064582,038758,095113,099996,088932,-75373,089690
0000000997,0000830000,074372,070834,075055,064582,038758,095113,099996,091909,-87806,072352
0000000998,0000830833,074372,070834,075055,064582,038758,095113,099996,094652,-91203,048320
0000000999,0000831667,074372,070834,075055,064582,038758,095113,099996,096893,-85267,019972
0000001000,0000832500,074372,070834,075055,064582,038758,095113,099996,098414,-70571,-09930
0000001001,0000833333,074372,070834,075055,064582,038758,095113,099996,099062,-48533,-38452
0000001002,0000834167,074372,070834,075055,064582,038757,095113,099996,098778,-21337,-62809
0000001003,0000835000,074372,070834,075055,064582,038757,095113,099996,097589,008368,-80623
0000001004,0000835833,074372,070834,075055,064582,038757,095113,099996,095609,037671,-90124
0000001005,0000836667,074372,070834,075055,064582,038757,095113,099996,093034,063708,-90414
0000001006,0000837500,074372,070834,075055,064582,038757,095113,099996,090116,083937,-81459
0000001007,0000838333,074372,070834,075055,064582,038757,095113,099996,087139,096352,-64108
0000001008,0000839167,074372,070834,075055,064582,038757,095113,099996,084396,099768,-40091
0000001009,0000840000,074372,070834,075055,064582,038757,095113,099996,082154,093845,-11746
0000001010,0000840833,074372,070834,075055,064582,038757,095113,099996,080635,079134,018156
0000001011,0000841667,074372,070834,075055,064582,038757,095113,099996,079984,057109,046685
0000001012,0000842500,074372,070834,075055,064582,038757,095113,099996,080267,029912,071054
0000001013,0000843333,074372,070834,075055,064582,038757,095113,099996,081458,000200,088855
0000001014,0000844167,074372,070834,075055,064582,038757,095113,099996,083437,-29110,098372
0000001015,0000845000,074372,070834,075055,064582,038757,095113,099996,086012,-55157,098669
0000001016,0000845833,074372,070834,075055,064582,038757,095113,099996,088932,-75371,089688
0000001017,0000846667,074372,070834,075055,064582,038757,095113,099996,091909,-87796,072345
0000001018,0000847500,074372,070834,075055,064582,038757,095113,099996,094653,-91216,048326
0000001019,0000848333,074372,070834,075055,064582,038757,095113,099996,096893,-85265,019971
0000001020,0000849167,074372,070834,075055,064582,038757,095113,099996,098413,-70563,-09929
0000001021,0000850000,074372,070834,075055,064582,038757,095113,099996,099063,-48540,-38458
0000001022,0000850833,074372,070834,075055,064582,038757,095113,099996,098778,-21336,-62808
0000001023,0000851667,074372,070834,075055,064582,038757,095113,099996,097588,008368,-80615
0000001024,0000852500,074372,070834,075055,064582,038757,095113,099996,095610,037676,-90137
0000001025,0000853333,074372,070834,075055,064582,038757,095113,099996,093034,063708,-90412
0000001026,0000854167,074372,070834,075055,064582,038757,095113,099996,090116,083930,-81450
0000001027,0000855000,074372,070834,075055,064582,038757,095113,099996,087139,096364,-64117
0000001028,0000855833,074372,070834,075055,064582,038757,095113,099996,084396,099766,-40090
0000001029,0000856667,074372,070834,075055,064582,038757,095113,099996,082154,093835,-11744
0000001030,0000857500,074372,070834,075055,064582,038757,095113,099996,080633,079144,018159
0000001031,0000858333,074372,070834,075055,064582,038757,095113,099996,079984,057107,046684
0000001032,0000859167,074372,070834,075055,064582,038757,095113,099996,080268,029908,071047
0000001033,0000860000,074372,070834,075055,064582,038757,095113,099996,081457,000199,088867
0000001034,0000860833,074372,070834,075055,064582,038757,095113,099996,083438,-29110,098370
0000001035,0000861667,074372,070834,075055,064582,038757,095113,099996,086013,-55152,098659
0000001036,0000862500,074372,070834,075055,064582,038757,095113,099996,088932,-75382,089700
0000001037,0000863333,074372,070834,075055,064582,038757,095113,099996,091909,-87794,072343
0000001038,0000864167,074372,070834,075055,064582,038757,095113,099996,094652,-91206,048321
0000001039,0000865000,074372,070834,075055,064582,038757,095113,099996,096894,-85277,019973
0000001040,0000865833,074372,070834,075055,064582,038757,095113,099996,098413,-70562,-09929
0000001041,0000866667,074372,070834,075055,064582,038757,095113,099996,099062,-48534,-38454
0000001042,0000867500,074372,070834,075055,064582,038757,095113,099996,098779,-21339,-62818
0000001043,0000868333,074372,070834,075055,064582,038757,095113,099996,097588,008369,-80614
0000001044,0000869167,074372,070834,075055,064582,038757,095113,099996,095609,037674,-90128
0000001045,0000870000,074372,070834,075055,064582,038757,095113,099996,093035,063716,-90425
0000001046,0000870833,074372,070834,075055,064582,038757,095113,099996,090116,083928,-81448
0000001047,0000871667,074372,070834,075055,064582,038757,095113,099996,087139,096355,-64110
0000001048,0000872500,074372,070834,075055,064582,038757,095113,099996,084395,099779,-40096
0000001049,0000873333,074372,070834,075055,064582,038757,095113,099996,082155,093833,-11743
0000001050,0000874167,074372,070834,075055,064582,038757,095113,099996,080634,079136,018158
0000001051,0000875000,074372,070834,075055,064582,038757,095113,099996,079983,057114,046690
0000001052,0000875833,074372,070834,075055,064582,038757,095113,099996,080268,029908,071046
0000001053,0000876667,074372,070834,075055,064582,038757,095113,099996,081458,000199,088858
0000001054,0000877500,074372,070834,075055,064582,038757,095113,099996,083437,-29115,098382
0000001055,0000878333,074372,070834,075055,064582,038757,095113,099996,086013,-55150,098657
0000001056,0000879167,074372,070834,075055,064582,038757,095113,099996,088932,-75374,089691
0000001057,0000880000,074372,070834,075055,064582,038757,095113,099996,091909,-87807,072352
0000001058,0000880833,074372,070834,075055,064582,038757,095113,099996,094652,-91204,048320
0000001059,0000881667,074372,070834,075055,064582,038757,095113,099996,096893,-85268,019971
0000001060,0000882500,074372,070834,075055,064582,038757,095113,099996,098414,-70571,-09931
0000001061,0000883333,074372,070834,075055,064582,038757,095113,099996,099062,-48533,-38453
0000001062,0000884167,074372,070834,075055,064582,038757,095113,099996,098778,-21336,-62811
0000001063,0000885000,074372,070834,075055,064582,038757,095113,099996,097589,008370,-80625
0000001064,0000885833,074372,070834,075055,064582,038757,095113,099996,095609,037673,-90126
0000001065,0000886667,074372,070834,075055,064582,038757,095113,099996,093034,063711,-90416
0000001066,0000887500,074372,070834,075055,064582,038757,095113,099996,090116,083939,-81459
0000001067,0000888333,074372,070834,075055,064582,038757,095113,099996,087139,096353,-64108
0000001068,0000889167,074372,070834,075055,064582,038757,095113,099996,084396,099769,-40090
0000001069,0000890000,074372,070834,075055,064582,038757,095113,099996,082154,093845,-11745
0000001070,0000890833,074372,070834,075055,064582,038757,095113,099996,080634,079134,018158
0000001071,0000891667,074372,070834,075055,064582,038757,095113,099996,079984,057108,046687
0000001072,0000892500,074372,070834,075055,064582,038757,095113,099996,080267,029910,071055
0000001073,0000893333,074372,070834,075055,064582,038757,095113,099996,081458,000198,088856
0000001074,0000894167,074372,070834,075055,064582,038757,095113,099996,083438,-29112,098373
0000001075,0000895000,074372,070834,075055,064582,038757,095113,099996,086013,-55159,098669
0000001076,0000895833,074372,070834,075055,064582,038757,095113,099996,088932,-75372,089688
0000001077,0000896667,074372,070834,075055,064582,038757,095113,099996,091909,-87797,072345
0000001078,0000897500,074372,070834,075055,064582,038757,095113,099996,094653,-91216,048325
0000001079,0000898333,074372,070834,075055,064582,038757,095113,099996,096893,-85265,019970
0000001080,0000899167,074372,070834,075055,064582,038757,095113,099996,098413,-70564,-09930
0000001081,0000900000,074372,070834,075055,064582,038757,095113,099996,099064,-48540,-38459
0000001082,0000900833,074372,070834,075055,064582,038757,095113,099996,098778,-21335,-62810
0000001083,0000901667,074372,070834,075055,064582,038757,095113,099996,097588,008370,-80617
0000001084,0000902500,074372,070834,075055,064582,038757,095113,099996,095610,037678,-90139
0000001085,0000903333,074372,070834,075055,064582,038757,095113,099996,093034,063710,-90413
0000001086,0000904167,074372,070834,075055,064582,038757,095113,099996,090116,083932,-81450
0000001087,0000905000,074372,070834,075055,064582,038757,095113,099996,087139,096366,-64117
0000001088,0000905833,074372,070834,075055,064582,038757,095113,099996,084396,099767,-40089
0000001089,0000906667,074372,070834,075055,064582,038757,095113,099996,082154,093836,-11742
0000001090,0000907500,074372,070834,075055,064582,038757,095113,099996,080633,079143,018161
0000001091,0000908333,074372,070834,075055,064582,038757,095113,099996,079984,057106,046686
0000001092,0000909167,074372,070834,075055,064582,038757,095113,099996,080268,029907,071049
0000001093,0000910000,074372,070834,075055,064582,038757,095113,099996,081457,000198,088867
0000001094,0000910833,074372,070834,075055,064582,038757,095113,099996,083438,-29111,098370
0000001095,0000911667,074372,070834,075055,064582,038757,095113,099996,086013,-55153,098659
0000001096,0000912500,074372,070834,075055,064582,038757,095113,099996,088932,-75383,089699
0000001097,0000913333,074372,070834,075055,064582,038757,095113,099996,091909,-87795,072343
0000001098,0000914167,074372,070834,075055,064582,038757,095113,099996,094652,-91206,048320
0000001099,0000915000,074372,070834,075055,064582,038757,095113,099996,096894,-85277,019972
0000001100,0000915833,074372,070834,075055,064582,038757,095113,099996,098413,-70562,-09930
0000001101,0000916667,074372,070834,075055,064582,038757,095113,099996,099063,-48534,-38456
0000001102,0000917500,074372,070834,075055,064582,038757,095113,099996,098779,-21338,-62819
0000001103,0000918333,074372,070834,075055,064582,038757,095113,099996,097588,008370,-80615
0000001104,0000919167,074372,070834,075055,064582,038757,095113,099996,095609,037675,-90129
0000001105,0000920000,074372,070834,075055,064582,038757,095113,099996,093034,063718,-90426
0000001106,0000920833,074372,070834,075055,064582,038757,095113,099996,090115,083930,-81448
0000001107,0000921667,074372,070834,075055,064582,038757,095113,099996,087139,096357,-64109
0000001108,0000922500,074372,070834,075055,064582,038757,095113,099996,084395,099779,-40094
0000001109,0000923333,074372,070834,075055,064582,038757,095113,099996,082154,093833,-11741
0000001110,0000924167,074372,070834,075055,064582,038757,095113,099996,080634,079135,018160
0000001111,0000925000,074372,070834,075055,064582,038757,095113,099996,079983,057113,046692
0000001112,0000925833,074372,070834,075055,064582,038757,095113,099996,080268,029906,071047
0000001113,0000926667,074372,070834,075055,064582,038757,095113,099996,081458,000197,088859
0000001114,0000927500,074372,070834,075055,064582,038757,095113,099996,083437,-29116,098383
0000001115,0000928333,074372,070834,075055,064582,038757,095113,099996,086013,-55151,098657
0000001116,0000929167,074372,070834,075055,064582,038757,095113,099996,088932,-75375,089690
0000001117,0000930000,074372,070834,075055,064582,038757,095113,099996,091909,-87807,072352
0000001118,0000930833,074372,070834,075055,064582,038757,095113,099996,094652,-91204,048319
0000001119,0000931667,074372,070834,075055,064582,038757,095113,099996,096893,-85268,019970
0000001120,0000932500,074372,070834,075055,064582,038757,095113,099996,098414,-70571,-09933
0000001121,0000933333,074372,070834,075055,064582,038757,095113,099996,099062,-48532,-38455
0000001122,0000934167,074372,070834,075055,064582,038757,095113,099996,098778,-21335,-62813
0000001123,0000935000,074372,070834,075055,064582,038757,095113,099996,097589,008371,-80627
0000001124,0000935833,074372,070834,075055,064582,038757,095113,099996,095609,037675,-90127
0000001125,0000936667,074372,070834,075055,064582,038757,095113,099996,093034,063713,-90416
0000001126,0000937500,074372,070834,075055,064582,038757,095113,099996,090115,083941,-81459
0000001127,0000938333,074372,070834,075055,064582,038757,095113,099996,087139,096355,-64107
0000001128,0000939167,074372,070834,075055,064582,038757,095113,099996,084396,099770,-40089
0000001129,0000940000,074372,070834,075055,064582,038757,095113,099996,082153,093845,-11743
0000001130,0000940833,074372,070834,075055,064582,038757,095113,099996,080634,079133,018160
0000001131,0000941667,074372,070834,075055,064582,038757,095113,099996,079984,057107,046688
0000001132,0000942500,074372,070834,075055,064582,038757,095113,099996,080267,029909,071056
0000001133,0000943333,074372,070834,075055,064582,038757,095113,099996,081458,000197,088857
0000001134,0000944167,074372,070834,075055,064582,038757,095113,099996,083438,-29113,098373
0000001135,0000945000,074372,070834,075055,064582,038757,095113,099996,086013,-55159,098669
0000001136,0000945833,074372,070834,075055,064582,038757,095113,099996,088932,-75373,089688
0000001137,0000946667,074372,070834,075055,064582,038757,095113,099996,091909,-87798,072344
0000001138,0000947500,074372,070834,075055,064582,038757,095113,099996,094653,-91217,048325
0000001139,0000948333,074372,070834,075055,064582,038757,095113,099996,096893,-85265,019969
0000001140,0000949167,074372,070834,075055,064582,038757,095113,099996,098413,-70563,-09932
0000001141,0000950000,074372,070834,075055,064582,038757,095113,099996,099064,-48539,-38461
0000001142,0000950833,074372,070834,075055,064582,038757,095113,099996,098778,-21334,-62811
0000001143,0000951667,074372,070834,075055,064582,038757,095113,099996,097588,008371,-80618
0000001144,0000952500,074372,070834,075055,064582,038757,095113,099996,095610,037680,-90140
0000001145,0000953333,074372,070834,075055,064582,038757,095113,099996,093034,063711,-90414
0000001146,0000954167,074372,070834,075055,064582,038757,095113,099996,090115,083933,-81450
0000001147,0000955000,074372,070834,075055,064582,038757,095113,099996,087139,096367,-64116
0000001148,0000955833,074372,070834,075055,064582,038757,095113,099996,084396,099767,-40088
0000001149,0000956667,074372,070834,075055,064582,038757,095113,099996,082154,093835,-11741
0000001150,0000957500,074372,070834,075055,064582,038757,095113,099996,080633,079143,018162
0000001151,0000958333,074372,070834,075055,064582,038757,095113,099996,079984,057105,046687
0000001152,0000959167,074372,070834,075055,064582,038757,095113,099996,080268,029906,071050
0000001153,0000960000,074372,070834,075055,064582,038757,095113,099996,081457,000196,088868
0000001154,0000960833,074372,070834,075055,064582,038757,095113,099996,083438,-29112,098370
0000001155,0000961667,074372,070834,075055,064582,038757,095113,099996,086013,-55153,098659
0000001156,0000962500,074372,070834,075055,064582,038757,095113,099996,088932,-75383,089699
0000001157,0000963333,074372,070834,075055,064582,038757,095113,099996,091909,-87795,072342
0000001158,0000964167,074372,070834,075055,064582,038757,095113,099996,094652,-91207,048320
0000001159,0000965000,074372,070834,075055,064582,038757,095113,099996,096894,-85277,019971
0000001160,0000965833,074372,070834,075055,064582,038757,095113,099996,098413,-70561,-09931
0000001161,0000966667,074372,070834,075055,064582,038757,095113,099996,099063,-48533,-38457
0000001162,0000967500,074372,070834,075055,064582,038757,095113,099996,098779,-21337,-62820
0000001163,0000968333,074372,070834,075055,064582,038757,095113,099996,097588,008372,-80616
0000001164,0000969167,074372,070834,075055,064582,038757,095113,099996,095609,037677,-90130
0000001165,0000970000,074372,070834,075055,064582,038757,095113,099996,093034,063720,-90426
0000001166,0000970833,074372,070834,075055,064582,038757,095113,099996,090115,083931,-81448
0000001167,0000971667,074372,070834,075055,064582,038757,095113,099996,087139,096358,-64109
0000001168,0000972500,074372,070834,075055,064582,038757,095113,099996,084395,099780,-40093
0000001169,0000973333,074372,070834,075055,064582,038757,095113,099996,082154,093833,-11740
0000001170,0000974167,074372,070834,075055,064582,038757,095113,099996,080634,079135,018161
0000001171,0000975000,074372,070834,075055,064582,038757,095113,099996,079983,057112,046693
0000001172,0000975833,074372,070834,075055,064582,038757,095113,099996,080268,029905,071048
0000001173,0000976667,074372,070834,075055,064582,038757,095113,099996,081458,000196,088859
0000001174,0000977500,074372,070834,075055,064582,038757,095113,099996,083437,-29117,098383
0000001175,0000978333,074372,070834,075055,064582,038757,095113,099996,086013,-55152,098657
0000001176,0000979167,074372,070834,075055,064582,038757,095113,099996,088932,-75375,089690
0000001177,0000980000,074372,070834,075055,064582,038757,095113,099996,091909,-87808,072351
0000001178,0000980833,074372,070834,075055,064582,038757,095113,099996,094652,-91204,048319
0000001179,0000981667,074372,070834,075055,064582,038757,095113,099996,096893,-85268,019969
0000001180,0000982500,074372,070834,075055,064582,038757,095113,099996,098414,-70571,-09933
0000001181,0000983333,074372,070834,075055,064582,038757,095113,099996,099062,-48532,-38456
0000001182,0000984167,074372,070834,075055,064582,038757,095113,099996,098778,-21334,-62814
0000001183,0000985000,074372,070834,075055,064582,038757,095113,099996,097589,008372,-80628
0000001184,0000985833,074372,070834,075055,064582,038757,095113,099996,095609,037676,-90128
0000001185,0000986667,074372,070834,075055,064582,038757,095113,099996,093034,063714,-90417
0000001186,0000987500,074372,070834,075055,064582,038757,095113,099996,090115,083942,-81459
0000001187,0000988333,074372,070834,075055,064582,038757,095113,099996,087139,096356,-64107
0000001188,0000989167,074372,070834,075055,064582,038757,095113,099996,084395,099770,-40088
0000001189,0000990000,074372,070834,075055,064582,038757,095113,099996,082153,093845,-11742
0000001190,0000990833,074372,070834,075055,064582,038757,095113,099996,080634,079132,018161
0000001191,0000991667,074372,070834,075055,064582,038757,095113,099996,079984,057106,046689
0000001192,0000992500,074372,070834,075055,064582,038757,095113,099996,080267,029908,071057
0000001193,0000993333,074372,070834,075055,064582,038757,095113,099996,081458,000196,088857
0000001194,0000994167,074372,070834,075055,064582,038757,095113,099996,083438,-29113,098373
0000001195,0000995000,074372,070834,075055,064582,038757,095113,099996,086013,-55160,098669
0000001196,0000995833,074372,070834,075055,064582,038757,095113,099996,088932,-75373,089688
0000001197,0000996667,074372,070834,075055,064582,038757,095113,099996,091909,-87798,072344
0000001198,0000997500,074372,070834,075055,064582,038757,095113,099996,094653,-91217,048324
0000001199,0000998333,074372,070834,075055,064582,038757,095113,099996,096893,-85265,019969
0000001200,0000999167,074372,070834,075055,064582,038757,095113,099996,098413,-70563,-09932
0000001201,0001000000,074372,070834,075055,064582,038757,095113,099996,099064,-48538,-38462
0000001202,0001000833,074372,070834,075055,064582,038757,095113,099996,098778,-21333,-62812
0000001203,0001001667,074372,070834,075055,064582,038757,095113,099996,097588,008372,-80619
0000001204,0001002500,074372,070834,075055,064582,038757,095113,099996,095610,037681,-90140
0000001205,0001003333,074372,070834,075055,064582,038757,095113,099996,093034,063713,-90414
0000001206,0001004167,074372,070834,075055,064582,038757,095113,099996,090115,083934,-81450
0000001207,0001005000,074372,070834,075055,064582,038757,095113,099996,087138,096368,-64115
0000001208,0001005833,074372,070834,075055,064582,038757,095113,099996,084396,099767,-40087
0000001209,0001006667,074372,070834,075055,064582,038757,095113,099996,082154,093835,-11739
0000001210,0001007500,074372,070834,075055,064582,038757,095113,099996,080633,079142,018163
0000001211,0001008333,074372,070834,075055,064582,038757,095113,099996,079984,057104,046688
0000001212,0001009167,074372,070834,075055,064582,038757,095113,099996,080268,029905,071050
0000001213,0001010000,074372,070834,075055,064582,038757,095113,099996,081457,000196,088868
0000001214,0001010833,074372,070834,075055,064582,038757,095113,099996,083438,-29113,098370
0000001215,0001011667,074372,070834,075055,064582,038757,095113,099996,086013,-55154,098659
0000001216,0001012500,074372,070834,075055,064582,038757,095113,099996,088932,-75383,089699
0000001217,0001013333,074372,070834,075055,064582,038757,095113,099996,091909,-87795,072342
0000001218,0001014167,074372,070834,075055,064582,038757,095113,099996,094652,-91207,048319
0000001219,0001015000,074372,070834,075055,064582,038757,095113,099996,096894,-85277,019971
0000001220,0001015833,074372,070834,075055,064582,038757,095113,099996,098413,-70561,-09932
0000001221,0001016667,074372,070834,075055,064582,038757,095113,099995,099063,-48533,-38457
0000001222,0001017500,074372,070834,075055,064582,038757,095113,099995,098779,-21336,-62821
0000001223,0001018333,074372,070834,075055,064582,038757,095113,099995,097588,008372,-80617
0000001224,0001019167,074372,070834,075055,064582,038757,095113,099995,095609,037678,-90131
0000001225,0001020000,074372,070834,075055,064582,038757,095113,099995,093034,063721,-90427
0000001226,0001020833,074372,070834,075055,064582,038757,095113,099995,090115,083932,-81448
0000001227,0001021667,074372,070834,075055,064582,038757,095113,099995,087139,096358,-64108
0000001228,0001022500,074372,070834,075055,064582,038757,095113,099995,084395,099780,-40092
0000001229,0001023333,074372,070834,075055,064582,038757,095113,099995,082154,093833,-11739
0000001230,0001024167,074372,070834,075055,064582,038757,095113,099995,080634,079134,018162
0000001231,0001025000,074372,070834,075055,064582,038757,095113,099995,079983,057111,046694
0000001232,0001025833,074372,070834,075055,064582,038757,095113,099995,080268,029904,071049
0000001233,0001026667,074372,070834,075055,064582,038757,095113,099995,081458,000196,088859
0000001234,0001027500,074372,070834,075055,064582,038757,095113,099995,083437,-29117,098383
0000001235,0001028333,074372,070834,075055,064582,038757,095113,099995,086013,-55152,098656
0000001236,0001029167,074372,070834,075055,064582,038757,095113,099995,088932,-75375,089690
0000001237,0001030000,074372,070834,075055,064582,038757,095113,099995,091909,-87808,072351
0000001238,0001030833,074372,070834,075055,064582,038757,095113,099995,094652,-91204,048318
0000001239,0001031667,074372,070834,075055,064582,038757,095113,099995,096893,-85268,019969
0000001240,0001032500,074372,070834,075055,064582,038757,095113,099995,098414,-70571,-09934
0000001241,0001033333,074372,070834,075055,064582,038757,095113,099995,099062,-48531,-38456
0000001242,0001034167,074372,070834,075055,064582,038757,095113,099995,098778,-21333,-62815
0000001243,0001035000,074372,070834,075055,064582,038757,095113,099995,097589,008373,-80629
0000001244,0001035833,074372,070834,075055,064582,038757,095113,099995,095609,037677,-90128
0000001245,0001036667,074372,070834,075055,064582,038757,095113,099995,093034,063715,-90417
0000001246,0001037500,074372,070834,075055,064582,038757,095113,099995,090115,083943,-81459
0000001247,0001038333,074372,070834,075055,064582,038757,095113,099995,087139,096356,-64106
0000001248,0001039167,074372,070834,075055,064582,038757,095113,099995,084395,099770,-40087
0000001249,0001040000,074372,070834,075055,064582,038757,095113,099995,082153,093844,-11741
0000001250,0001040833,074372,070834,075055,064582,038757,095113,099995,080634,079132,018162
0000001251,0001041667,074372,070834,075055,064582,038757,095113,099995,079984,057105,046690
0000001252,0001042500,074372,070834,075055,064582,038757,095113,099995,080267,029907,071058
0000001253,0001043333,074372,070834,075055,064582,038757,095113,099995,081458,000196,088857
0000001254,0001044167,074372,070834,075055,064582,038757,095113,099995,083438,-29114,098373
0000001255,0001045000,074372,070834,075055,064582,038757,095113,099995,086013,-55160,098669
0000001256,0001045833,074372,070834,075055,064582,038757,095113,099995,088932,-75373,089687
0000001257,0001046667,074372,070834,075055,064582,038757,095113,099995,091909,-87798,072344
0000001258,0001047500,074372,070834,075055,064582,038757,095113,099995,094653,-91216,048324
0000001259,0001048333,074372,070834,075055,064582,038757,095113,099995,096893,-85265,019968
0000001260,0001049167,074372,070834,075055,064582,038757,095113,099995,098413,-70563,-09933
0000001261,0001050000,074372,070834,075055,064582,038757,095113,099995,099064,-48538,-38462
0000001262,0001050833,074372,070834,075055,064582,038757,095113,099995,098778,-21333,-62813
0000001263,0001051667,074372,070834,075055,064582,038757,095113,099995,097588,008373,-80620
0000001264,0001052500,074372,070834,075055,064582,038757,095113,099995,095610,037682,-90141
0000001265,0001053333,074372,070834,075055,064582,038757,095113,099995,093034,063714,-90415
0000001266,0001054167,074372,070834,075055,064582,038757,095113,099995,090115,083935,-81450
0000001267,0001055000,074372,070834,075055,064582,038757,095113,099995,087138,096368,-64115
0000001268,0001055833,074372,070834,075055,064582,038757,095113,099995,084395,099768,-40086
0000001269,0001056667,074372,070834,075055,064582,038757,095113,099995,082154,093835,-11739
0000001270,0001057500,074372,070834,075055,064582,038757,095113,099995,080633,079142,018164
0000001271,0001058333,074372,070834,075055,064582,038757,095113,099995,079984,057104,046689
0000001272,0001059167,074372,070834,075055,064582,038757,095113,099995,080268,029905,071051
0000001273,0001060000,074372,070834,075055,064582,038757,095113,099995,081457,000195,088868
0000001274,0001060833,074372,070834,075055,064582,038757,095113,099995,083438,-29113,098370
0000001275,0001061667,074372,070834,075055,064582,038757,095113,099995,086013,-55154,098659
0000001276,0001062500,074372,070834,075055,064582,038757,095113,099995,088932,-75383,089699
0000001277,0001063333,074372,070834,075055,064582,038757,095113,099995,091909,-87795,072342
0000001278,0001064167,074372,070834,075055,064582,038757,095113,099995,094652,-91206,048319
0000001279,0001065000,074372,070834,075055,064582,038757,095113,099995,096894,-85277,019971
0000001280,0001065833,074372,070834,075055,064582,038757,095113,099995,098413,-70561,-09932
0000001281,0001066667,074372,070834,075055,064582,038757,095113,099995,099063,-48533,-38458
0000001282,0001067500,074372,070834,075055,064582,038757,095113,099995,098779,-21336,-62822
0000001283,0001068333,074372,070834,075055,064582,038757,095113,099995,097588,008373,-80618
0000001284,0001069167,074372,070834,075055,064582,038757,095113,099995,095609,037679,-90131
0000001285,0001070000,074372,070834,075055,064582,038757,095113,099995,093034,063722,-90427
0000001286,0001070833,074372,070834,075055,064582,038757,095113,099995,090115,083933,-81448
0000001287,0001071667,074372,070834,075055,064582,038757,095113,099995,087139,096359,-64108
0000001288,0001072500,074372,070834,075055,064582,038757,095113,099995,084395,099780,-40092
0000001289,0001073333,074372,070834,075055,064582,038757,095113,099995,082154,093833,-11738
0000001290,0001074167,074372,070834,075055,064582,038757,095113,099995,080634,079134,018163
0000001291,0001075000,074372,070834,075055,064582,038757,095113,099995,079983,057110,046694
0000001292,0001075833,074372,070834,075055,064582,038757,095113,099995,080268,029904,071049
0000001293,0001076667,074372,070834,075055,064582,038757,095113,099995,081458,000195,088859
0000001294,0001077500,074372,070834,075055,064582,038757,095113,099995,083437,-29117,098382
0000001295,0001078333,074372,070834,075055,064582,038757,095113,099995,086013,-55152,098656
0000001296,0001079167,074372,070834,075055,064582,038757,095113,099995,088932,-75375,089689
0000001297,0001080000,074372,070834,075055,064582,038757,095113,099995,091909,-87807,072351
0000001298,0001080833,074372,070834,075055,064582,038757,095113,099995,094652,-91204,048318
0000001299,0001081667,074372,070834,075055,064582,038757,095113,099995,096893,-85268,019969
0000001300,0001082500,074372,070834,075055,064582,038757,095113,099995,098414,-70571,-09934
0000001301,0001083333,074372,070834,075055,064582,038757,095113,099995,099062,-48531,-38456
0000001302,0001084167,074372,070834,075055,064582,038757,095113,099995,098778,-21333,-62815
0000001303,0001085000,074372,070834,075055,064582,038757,095113,099995,097589,008373,-80629
0000001304,0001085833,074372,070834,075055,064582,038757,095113,099995,095609,037678,-90129
0000001305,0001086667,074372,070834,075055,064582,038757,095113,099995,093034,063716,-90417
0000001306,0001087500,074372,070834,075055,064582,038757,095113,099995,090115,083944,-81459
0000001307,0001088333,074372,070834,075055,064582,038757,095113,099995,087139,096356,-64106
0000001308,0001089167,074372,070834,075055,064582,038757,095113,099995,084395,099770,-40087
0000001309,0001090000,074372,070834,075055,064582,038757,095113,099995,082153,093844,-11740
0000001310,0001090833,074372,070834,075055,064582,038757,095113,099995,080634,079132,018162
0000001311,0001091667,074372,070834,075055,064582,038757,095113,099995,079984,057105,046690
0000001312,0001092500,074372,070834,075055,064582,038757,095113,099995,080267,029907,071058
0000001313,0001093333,074372,070834,075055,064582,038757,095113,099995,081458,000196,088857
0000001314,0001094167,074372,070834,075055,064582,038757,095113,099995,083438,-29114,098372
0000001315,0001095000,074372,070834,075055,064582,038757,095113,099995,086013,-55160,098668
0000001316,0001095833,074372,070834,075055,064582,038757,095113,099995,088932,-75373,089687
0000001317,0001096667,074372,070834,075055,064582,038757,095113,099995,091909,-87798,072344
0000001318,0001097500,074372,070834,075055,064582,038757,095113,099995,094653,-91216,048324
0000001319,0001098333,074372,070834,075055,064582,038757,095113,099995,096893,-85265,019969
0000001320,0001099167,074372,070834,075055,064582,038757,095113,099995,098413,-70563,-09932
0000001321,0001100000,074372,070834,075055,064582,038757,095113,099995,099064,-48538,-38462
0000001322,0001100833,074372,070834,075055,064582,066157,090517,-17036,099998,-21636,-65639
0000001323,0001101667,074372,070834,075055,064582,047512,090830,-64848,098101,014455,-74361
0000001324,0001102500,074372,070834,075055,064582,023696,092401,-89307,096940,041906,-87804
0000001325,0001103333,074372,070834,075055,064582,005519,095500,-84780,093236,066808,-87038
0000001326,0001104167,074372,070834,075055,064582,-01115,098327,-70305,090045,079734,-86500
0000001327,0001105000,074372,070834,075055,064582,-20959,099998,-49282,086296,089096,-71131
0000001328,0001105833,074372,070834,075055,064582,-49411,099708,-32421,083858,092916,-47466
0000001329,0001106667,074372,070834,075055,064582,-75331,097919,-17537,081923,091341,-14205
0000001330,0001107500,074372,070834,075055,064582,-90680,095616,002515,080514,079668,018883
0000001331,0001108333,074372,070834,075055,064582,-92590,093709,033677,079992,057217,046863
0000001332,0001109167,074372,070834,075055,064582,-80618,091930,067200,079981,029962,071558
0000001333,0001110000,074372,070834,075055,064582,-59013,089495,089311,081378,-01182,087401
0000001334,0001110833,074372,070834,075055,064582,-41295,086541,098623,083167,-28458,099625
0000001335,0001111667,074372,070834,075055,064582,-21946,083439,093789,086247,-53681,099998
0000001336,0001112500,074372,070834,075055,064582,003588,081037,080581,089023,-71018,094725
0000001337,0001113333,074372,070834,075055,064582,033648,079859,063604,092266,-84890,075146
0000001338,0001114167,074372,070834,075055,064582,060931,080012,045146,094588,-89461,050540
0000001339,0001115000,074372,070834,075055,064582,085779,080924,019851,096912,-85913,019171
0000001340,0001115833,074372,070834,075055,064582,098929,082404,-09652,098200,-70942,-09918
0000001341,0001116667,074372,070834,075055,064582,099998,084341,-40322,099050,-49141,-39165
0000001342,0001117500,074372,070834,075055,064582,092639,086810,-66712,098696,-21313,-62585
0000001343,0001118333,074372,070834,075055,064582,080009,089762,-84416,097585,008051,-81027
0000001344,0001119167,074372,070834,075055,064582,061091,092940,-90816,095532,036972,-90791
0000001345,0001120000,074372,070834,075055,064582,036239,095764,-88349,092918,062429,-91764
0000001346,0001120833,074372,070834,075055,064582,007362,097821,-78660,090027,082675,-82766
0000001347,0001121667,074372,070834,075055,064582,-23649,098954,-62017,087096,096072,-64390
0000001348,0001122500,074372,070834,075055,064582,-52612,099181,-38777,084490,099998,-39996
0000001349,0001123333,074372,070834,075055,064582,-75077,098558,-10567,082208,094592,-10971
0000001350,0001124167,074372,070834,075055,064582,-88501,097158,019983,080739,079441,018333
0000001351,0001125000,074372,070834,075055,064582,-93947,095080,049817,079995,057506,047136
0000001352,0001125833,074372,070834,075055,064582,-90321,092375,074126,080339,029901,070910
0000001353,0001126667,074372,070834,075055,064582,-78715,089315,090749,081458,000476,089192
0000001354,0001127500,074372,070834,075055,064582,-59481,086294,099047,083511,-28937,098445
0000001355,0001128333,074372,070834,075055,064582,-34048,083661,098740,086027,-54790,099083
0000001356,0001129167,074372,070834,075055,064582,-04036,081663,089532,088961,-75428,089569
0000001357,0001130000,074372,070834,075055,064582,026269,080476,072443,091869,-88037,072162
0000001358,0001130833,074372,070834,075055,064582,053978,080169,048471,094626,-91661,047839
0000001359,0001131667,074372,070834,075055,064582,076162,080748,019752,096857,-85553,019711
0000001360,0001132500,074372,070834,075055,064582,090979,082179,-10659,098396,-70750,-10118
0000001361,0001133333,074372,070834,075055,064582,097149,084370,-39279,099056,-48602,-38513
0000001362,0001134167,074372,070834,075055,064582,094439,087116,-63257,098771,-21313,-62780
0000001363,0001135000,074372,070834,075055,064582,082939,090114,-80621,097590,008343,-80659
0000001364,0001135833,074372,070834,075055,064582,063241,093060,-89700,095595,037696,-90100
0000001365,0001136667,074372,070834,075055,064582,037363,095646,-89848,093042,063728,-90420
0000001366,0001137500,074372,070834,075055,064582,008025,097635,-80914,090116,084134,-81237
0000001367,0001138333,074372,070834,075055,064582,-21807,098845,-63627,087163,096534,-63967
0000001368,0001139167,074372,070834,075055,064582,-49248,099175,-39446,084398,099949,-39886
0000001369,0001140000,074372,070834,075055,064582,-71369,098579,-10991,082166,093887,-11716
0000001370,0001140833,074372,070834,075055,064582,-86376,097109,018990,080623,079174,018219
0000001371,0001141667,074372,070834,075055,064582,-92813,094895,047386,079985,057051,046619
0000001372,0001142500,074372,070834,075055,064582,-90025,092162,071517,080257,029884,071048
0000001373,0001143333,074372,070834,075055,064582,-78102,089184,089057,081458,000157,088818
0000001374,0001144167,074372,070834,075055,064582,-58271,086265,098433,083432,-29135,098361
0000001375,0001145000,074372,070834,075055,064582,-32455,083681,098638,086008,-55221,098600
0000001376,0001145833,074372,070834,075055,064582,-03214,081684,089614,088925,-75453,089632
0000001377,0001146667,074372,070834,075055,064582,026500,080463,072192,091905,-87844,072302
0000001378,0001147500,074372,070834,075055,064582,053768,080137,048104,094654,-91235,048304
0000001379,0001148333,074372,070834,075055,064582,075979,080743,019714,096895,-85256,019997
0000001380,0001149167,074372,070834,075055,064582,091015,082225,-10140,098419,-70545,-09914
0000001381,0001150000,074372,070834,075055,064582,097360,084440,-38507,099066,-48498,-38414
0000001382,0001150833,074372,070834,075055,064582,094414,087165,-62688,098785,-21324,-62814
0000001383,0001151667,074372,070834,075055,064582,082389,090131,-80318,097589,008393,-80596
0000001384,0001152500,074372,070834,075055,064582,062506,093050,-89687,095614,037686,-90143
0000001385,0001153333,074372,070834,075055,064582,036681,095637,-89841,093034,063744,-90402
0000001386,0001154167,074372,070834,075055,064582,007520,097639,-80764,090118,083938,-81459
0000001387,0001155000,074372,070834,075055,064582,-22169,098864,-63326,087137,096369,-64112
0000001388,0001155833,074372,070834,075055,064582,-49453,099190,-39243,084395,099763,-40117
0000001389,0001156667,074372,070834,075055,064582,-71692,098581,-10889,082151,093823,-11754
0000001390,0001157500,074372,070834,075055,064582,-86723,097099,018940,080632,079121,018138
0000001391,0001158333,074372,070834,075055,064582,-93064,094887,047350,079981,057100,046681
0000001392,0001159167,074372,070834,075055,064582,-90056,092165,071558,080267,029903,071047
0000001393,0001160000,074372,070834,075055,064582,-78020,089198,089209,081457,000198,088868
0000001394,0001160833,074372,070834,075055,064582,-58121,086277,098563,083436,-29112,098386
0000001395,0001161667,074372,070834,075055,064582,-32315,083688,098684,086013,-55153,098661
0000001396,0001162500,074372,070834,075055,064582,-03142,081682,089581,088932,-75375,089708
0000001397,0001163333,074372,070834,075055,064582,026549,080456,072121,091910,-87801,072359
0000001398,0001164167,074372,070834,075055,064582,053845,080133,048033,094653,-91198,048337
0000001399,0001165000,074372,070834,075055,064582,076107,080742,019683,096895,-85271,019979
0000001400,0001165833,074372,070834,075055,064582,091129,082225,-10156,098414,-70567,-09923
0000001401,0001166667,074372,070834,075055,064582,097438,084436,-38569,099063,-48539,-38460
0000001402,0001167500,074372,070834,075055,064582,094435,087157,-62782,098779,-21341,-62821
0000001403,0001168333,074372,070834,075055,064582,082399,090123,-80423,097589,008367,-80634
0000001404,0001169167,074372,070834,075055,064582,062504,093044,-89750,095609,037677,-90134
0000001405,0001170000,074372,070834,075055,064582,036721,095634,-89877,093034,063717,-90432
0000001406,0001170833,074372,070834,075055,064582,007558,097640,-80765,090115,083940,-81465
0000001407,0001171667,074372,070834,075055,064582,-22127,098865,-63311,087138,096358,-64116
0000001408,0001172500,074372,070834,075055,064582,-49441,099190,-39241,084395,099778,-40096
0000001409,0001173333,074372,070834,075055,064582,-71703,098581,-10896,082153,093846,-11743
0000001410,0001174167,074372,070834,075055,064582,-86725,097099,018947,080634,079138,018162
0000001411,0001175000,074372,070834,075055,064582,-93058,094889,047373,079983,057115,046695
0000001412,0001175833,074372,070834,075055,064582,-90057,092168,071594,080267,029911,071057
0000001413,0001176667,074372,070834,075055,064582,-78017,089201,089231,081458,000200,088863
0000001414,0001177500,074372,070834,075055,064582,-58136,086278,098575,083437,-29114,098382
0000001415,0001178333,074372,070834,075055,064582,-32346,083687,098692,086012,-55156,098672
0000001416,0001179167,074372,070834,075055,064582,-03173,081682,089569,088932,-75375,089693
0000001417,0001180000,074372,070834,075055,064582,026522,080456,072122,091909,-87806,072353
0000001418,0001180833,074372,070834,075055,064582,053838,080133,048042,094653,-91218,048326
0000001419,0001181667,074372,070834,075055,064582,076090,080743,019690,096893,-85272,019972
0000001420,0001182500,074372,070834,075055,064582,091118,082225,-10154,098414,-70574,-09933
0000001421,0001183333,074372,070834,075055,064582,097435,084435,-38574,099064,-48543,-38461
0000001422,0001184167,074372,070834,075055,064582,094421,087157,-62780,098779,-21338,-62816
0000001423,0001185000,074372,070834,075055,064582,082395,090123,-80420,097589,008371,-80629
0000001424,0001185833,074372,070834,075055,064582,062515,093045,-89753,095610,037680,-90142
0000001425,0001186667,074372,070834,075055,064582,036728,095635,-89862,093034,063716,-90421
0000001426,0001187500,074372,070834,075055,064582,007566,097641,-80760,090115,083943,-81460
0000001427,0001188333,074372,070834,075055,064582,-22126,098866,-63318,087138,096369,-64118
0000001428,0001189167,074372,070834,075055,064582,-49435,099189,-39241,084395,099774,-40090
0000001429,0001190000,074372,070834,075055,064582,-71699,098581,-10898,082153,093846,-11742
0000001430,0001190833,074372,070834,075055,064582,-86729,097099,018947,080633,079145,018163
0000001431,0001191667,074372,070834,075055,064582,-93046,094889,047368,079984,057109,046689
0000001432,0001192500,074372,070834,075055,064582,-90053,092167,071591,080267,029909,071056
0000001433,0001193333,074372,070834,075055,064582,-78023,089200,089233,081457,000197,088867
0000001434,0001194167,074372,070834,075055,064582,-58134,086278,098563,083437,-29112,098375
0000001435,0001195000,074372,070834,075055,064582,-32347,083687,098687,086012,-55157,098668
0000001436,0001195833,074372,070834,075055,064582,-03174,081681,089575,088932,-75382,089701
0000001437,0001196667,074372,070834,075055,064582,026522,080457,072118,091909,-87800,072348
0000001438,0001197500,074372,070834,075055,064582,053839,080133,048043,094653,-91217,048327
0000001439,0001198333,074372,070834,075055,064582,076096,080742,019693,096894,-85279,019974
0000001440,0001199167,074372,070834,075055,064582,091111,082225,-10152,098413,-70568,-09929
0000001441,0001200000,074372,070834,075055,064582,097434,084435,-38573,099064,-48541,-38459
0000001442,0001200833,074372,070834,075055,064582,094429,087157,-62785,098780,-21339,-62821
0000001443,0001201667,074372,070834,075055,064582,082390,090123,-80412,097589,008370,-80622
0000001444,0001202500,074372,070834,075055,064582,062515,093045,-89751,095610,037680,-90141
0000001445,0001203333,074372,070834,075055,064582,036730,095635,-89870,093034,063721,-90429
0000001446,0001204167,074372,070834,075055,064582,007564,097640,-80755,090115,083937,-81455
0000001447,0001205000,074372,070834,075055,064582,-22127,098866,-63317,087138,096369,-64117
0000001448,0001205833,074372,070834,075055,064582,-49440,099190,-39245,084395,099782,-40095
0000001449,0001206667,074372,070834,075055,064582,-71695,098580,-10897,082154,093839,-11741
0000001450,0001207500,074372,070834,075055,064582,-86729,097099,018947,080633,079143,018162
0000001451,0001208333,074372,070834,075055,064582,-93054,094889,047372,079983,057113,046693
0000001452,0001209167,074372,070834,075055,064582,-90047,092167,071585,080268,029908,071050
0000001453,0001210000,074372,070834,075055,064582,-78023,089200,089232,081457,000198,088866
0000001454,0001210833,074372,070834,075055,064582,-58139,086278,098570,083437,-29114,098382
0000001455,0001211667,074372,070834,075055,064582,-32344,083687,098680,086013,-55152,098662
0000001456,0001212500,074372,070834,075055,064582,-03173,081681,089575,088932,-75381,089700
0000001457,0001213333,074372,070834,075055,064582,026524,080456,072124,091909,-87807,072354
0000001458,0001214167,074372,070834,075055,064582,053834,080134,048040,094652,-91209,048324
0000001459,0001215000,074372,070834,075055,064582,076095,080742,019693,096894,-85279,019974
0000001460,0001215833,074372,070834,075055,064582,091118,082225,-10153,098414,-70574,-09930
0000001461,0001216667,074372,070834,075055,064582,097427,084435,-38569,099063,-48538,-38456
0000001462,0001217500,074372,070834,075055,064582,094429,087157,-62784,098780,-21339,-62820
0000001463,0001218333,074372,070834,075055,064582,082397,090123,-80419,097589,008370,-80629
0000001464,0001219167,074372,070834,075055,064582,062511,093045,-89745,095609,037677,-90134
0000001465,0001220000,074372,070834,075055,064582,036730,095635,-89870,093034,063720,-90428
0000001466,0001220833,074372,070834,075055,064582,007565,097641,-80762,090115,083944,-81462
0000001467,0001221667,074372,070834,075055,064582,-22125,098865,-63313,087139,096362,-64112
0000001468,0001222500,074372,070834,075055,064582,-49440,099190,-39245,084395,099781,-40094
0000001469,0001223333,074372,070834,075055,064582,-71701,098581,-10899,082153,093846,-11743
0000001470,0001224167,074372,070834,075055,064582,-86722,097099,018946,080634,079138,018161
0000001471,0001225000,074372,070834,075055,064582,-93053,094889,047371,079983,057113,046692
0000001472,0001225833,074372,070834,075055,064582,-90054,092168,071590,080267,029910,071056
0000001473,0001226667,074372,070834,075055,064582,-78017,089200,089226,081458,000199,088860
0000001474,0001227500,074372,070834,075055,064582,-58138,086278,098569,083437,-29114,098381
0000001475,0001228333,074372,070834,075055,064582,-32347,083687,098688,086012,-55157,098669
0000001476,0001229167,074372,070834,075055,064582,-03174,081682,089568,088932,-75375,089694
0000001477,0001230000,074372,070834,075055,064582,026523,080456,072124,091909,-87806,072354
0000001478,0001230833,074372,070834,075055,064582,053838,080133,048044,094653,-91217,048328
0000001479,0001231667,074372,070834,075055,064582,076089,080743,019692,096893,-85272,019974
0000001480,0001232500,074372,070834,075055,064582,091117,082225,-10153,098414,-70574,-09930
0000001481,0001233333,074372,070834,075055,064582,097435,084435,-38572,099064,-48543,-38459
0000001482,0001234167,074372,070834,075055,064582,094422,087157,-62779,098779,-21338,-62815
0000001483,0001235000,074372,070834,075055,064582,082397,090123,-80419,097589,008370,-80628
0000001484,0001235833,074372,070834,075055,064582,062516,093045,-89753,095610,037680,-90142
0000001485,0001236667,074372,070834,075055,064582,036728,095635,-89863,093034,063715,-90422
0000001486,0001237500,074372,070834,075055,064582,007565,097641,-80762,090115,083943,-81461
0000001487,0001238333,074372,070834,075055,064582,-22127,098866,-63318,087139,096369,-64118
0000001488,0001239167,074372,070834,075055,064582,-49436,099189,-39242,084395,099774,-40091
0000001489,0001240000,074372,070834,075055,064582,-71700,098581,-10899,082153,093846,-11743
0000001490,0001240833,074372,070834,075055,064582,-86729,097099,018947,080633,079144,018161
0000001491,0001241667,074372,070834,075055,064582,-93046,094889,047368,079984,057109,046689
0000001492,0001242500,074372,070834,075055,064582,-90053,092168,071590,080267,029910,071055
0000001493,0001243333,074372,070834,075055,064582,-78023,089200,089232,081457,000199,088867
0000001494,0001244167,074372,070834,075055,064582,-58134,086278,098562,083437,-29111,098374
0000001495,0001245000,074372,070834,075055,064582,-32347,083687,098687,086012,-55156,098668
0000001496,0001245833,074372,070834,075055,064582,-03175,081681,089575,088932,-75381,089701
0000001497,0001246667,074372,070834,075055,064582,026521,080457,072119,091909,-87799,072349
0000001498,0001247500,074372,070834,075055,064582,053837,080133,048044,094652,-91216,048328
0000001499,0001248333,074372,070834,075055,064582,076095,080742,019694,096894,-85280,019975
0000001500,0001249167,074372,070834,075055,064582,091110,082225,-10151,098413,-70569,-09928
0000001501,0001250000,074372,070834,075055,064582,097434,084435,-38572,099064,-48542,-38459
0000001502,0001250833,074372,070834,075055,064582,094430,087157,-62784,098780,-21340,-62820
0000001503,0001251667,074372,070834,075055,064582,082391,090123,-80412,097589,008369,-80622
0000001504,0001252500,074372,070834,075055,064582,062516,093045,-89752,095610,037679,-90141
0000001505,0001253333,074372,070834,075055,064582,036731,095635,-89871,093035,063720,-90430
0000001506,0001254167,074372,070834,075055,064582,007565,097640,-80756,090115,083937,-81455
0000001507,0001255000,074372,070834,075055,064582,-22127,098866,-63318,087139,096369,-64118
0000001508,0001255833,074372,070834,075055,064582,-49440,099190,-39246,084395,099782,-40095
0000001509,0001256667,074372,070834,075055,064582,-71694,098580,-10898,082154,093839,-11742
0000001510,0001257500,074372,070834,075055,064582,-86728,097099,018947,080633,079143,018161
0000001511,0001258333,074372,070834,075055,064582,-93054,094889,047371,079983,057114,046692
0000001512,0001259167,074372,070834,075055,064582,-90046,092167,071584,080268,029909,071050
0000001513,0001260000,074372,070834,075055,064582,-78023,089200,089231,081457,000199,088866
0000001514,0001260833,074372,070834,075055,064582,-58139,086278,098570,083437,-29113,098382
0000001515,0001261667,074372,070834,075055,064582,-32345,083688,098680,086013,-55151,098661
0000001516,0001262500,074372,070834,075055,064582,-03175,081681,089575,088932,-75380,089700
0000001517,0001263333,074372,070834,075055,064582,026522,080456,072125,091909,-87806,072355
0000001518,0001264167,074372,070834,075055,064582,053833,080134,048041,094652,-91209,048325
0000001519,0001265000,074372,070834,075055,064582,076094,080742,019694,096894,-85279,019975
0000001520,0001265833,074372,070834,075055,064582,091117,082225,-10152,098414,-70575,-09929
0000001521,0001266667,074372,070834,075055,064582,097427,084435,-38568,099063,-48539,-38455
0000001522,0001267500,074372,070834,075055,064582,094430,087157,-62783,098780,-21340,-62819
0000001523,0001268333,074372,070834,075055,064582,082398,090123,-80419,097590,008369,-80629
0000001524,0001269167,074372,070834,075055,064582,062512,093044,-89745,095609,037676,-90134
0000001525,0001270000,074372,070834,075055,064582,036731,095635,-89870,093035,063720,-90429
0000001526,0001270833,074372,070834,075055,064582,007566,097641,-80763,090116,083943,-81463
0000001527,0001271667,074372,070834,075055,064582,-22125,098865,-63313,087139,096362,-64113
0000001528,0001272500,074372,070834,075055,064582,-49440,099190,-39245,084395,099781,-40095
0000001529,0001273333,074372,070834,075055,064582,-71700,098581,-10899,082153,093847,-11744
0000001530,0001274167,074372,070834,075055,064582,-86721,097099,018946,080634,079138,018160
0000001531,0001275000,074372,070834,075055,064582,-93053,094889,047370,079983,057113,046691
0000001532,0001275833,074372,070834,075055,064582,-90054,092168,071590,080267,029911,071055
0000001533,0001276667,074372,070834,075055,064582,-78017,089200,089225,081458,000200,088859
0000001534,0001277500,074372,070834,075055,064582,-58139,086278,098569,083437,-29113,098381
0000001535,0001278333,074372,070834,075055,064582,-32348,083687,098688,086012,-55156,098669
0000001536,0001279167,074372,070834,075055,064582,-03175,081682,089568,088932,-75374,089694
0000001537,0001280000,074372,070834,075055,064582,026522,080457,072124,091909,-87806,072354
0000001538,0001280833,074372,070834,075055,064582,053837,080133,048046,094652,-91217,048329
0000001539,0001281667,074372,070834,075055,064582,076088,080743,019694,096893,-85272,019975
0000001540,0001282500,074372,070834,075055,064582,091117,082225,-10151,098414,-70575,-09929
0000001541,0001283333,074372,070834,075055,064582,097435,084435,-38571,099064,-48543,-38458
0000001542,0001284167,074372,070834,075055,064582,094423,087157,-62778,098779,-21339,-62814
0000001543,0001285000,074372,070834,075055,064582,082398,090123,-80419,097590,008369,-80628
0000001544,0001285833,074372,070834,075055,064582,062517,093045,-89753,095610,037679,-90142
0000001545,0001286667,074372,070834,075055,064582,036729,095635,-89864,093034,063715,-90422
0000001546,0001287500,074372,070834,075055,064582,007566,097641,-80762,090116,083942,-81462
0000001547,0001288333,074372,070834,075055,064582,-22127,098866,-63319,087139,096369,-64119
0000001548,0001289167,074372,070834,075055,064582,-49436,099189,-39242,084395,099774,-40092
0000001549,0001290000,074372,070834,075055,064582,-71700,098581,-10899,082153,093846,-11744
0000001550,0001290833,074372,070834,075055,064582,-86729,097099,018947,080633,079145,018161
0000001551,0001291667,074372,070834,075055,064582,-93045,094889,047367,079984,057110,046688
0000001552,0001292500,074372,070834,075055,064582,-90053,092168,071589,080267,029911,071054
0000001553,0001293333,074372,070834,075055,064582,-78024,089200,089231,081457,000200,088866
0000001554,0001294167,074372,070834,075055,064582,-58134,086278,098561,083437,-29110,098374
0000001555,0001295000,074372,070834,075055,064582,-32348,083687,098687,086012,-55155,098668
0000001556,0001295833,074372,070834,075055,064582,-03176,081681,089576,088932,-75380,089701
0000001557,0001296667,074372,070834,075055,064582,026519,080457,072120,091909,-87798,072349
0000001558,0001297500,074372,070834,075055,064582,053836,080133,048046,094652,-91216,048329
0000001559,0001298333,074372,070834,075055,064582,076094,080742,019695,096894,-85280,019977
0000001560,0001299167,074372,070834,075055,064582,091110,082225,-10150,098413,-70569,-09927
0000001561,0001300000,074372,070834,075055,064582,097434,084435,-38571,099064,-48543,-38458
0000001562,0001300833,074372,070834,075055,064582,094431,087156,-62783,098780,-21342,-62819
0000001563,0001301667,074372,070834,075055,064582,082392,090123,-80412,097589,008368,-80621
0000001564,0001302500,074372,070834,075055,064582,062517,093045,-89752,095610,037678,-90141
0000001565,0001303333,074372,070834,075055,064582,036732,095635,-89872,093035,063720,-90430
0000001566,0001304167,074372,070834,075055,064582,007565,097640,-80756,090116,083936,-81456
0000001567,0001305000,074372,070834,075055,064582,-22126,098866,-63318,087139,096368,-64118
0000001568,0001305833,074372,070834,075055,064582,-49440,099190,-39246,084395,099782,-40096
0000001569,0001306667,074372,070834,075055,064582,-71694,098580,-10898,082154,093839,-11743
0000001570,0001307500,074372,070834,075055,064582,-86728,097099,018947,080633,079144,018160
0000001571,0001308333,074372,070834,075055,064582,-93053,094889,047370,079983,057114,046691
0000001572,0001309167,074372,070834,075055,064582,-90046,092167,071583,080268,029910,071049
0000001573,0001310000,074372,070834,075055,064582,-78023,089200,089230,081457,000200,088865
0000001574,0001310833,074372,070834,075055,064582,-58140,086278,098569,083437,-29112,098381
0000001575,0001311667,074372,070834,075055,064582,-32346,083688,098680,086013,-55150,098661
0000001576,0001312500,074372,070834,075055,064582,-03176,081681,089575,088932,-75379,089700
0000001577,0001313333,074372,070834,075055,064582,026521,080456,072126,091909,-87806,072355
0000001578,0001314167,074372,070834,075055,064582,053831,080134,048043,094652,-91209,048326
0000001579,0001315000,074372,070834,075055,064582,076093,080742,019696,096894,-85279,019977
0000001580,0001315833,074372,070834,075055,064582,091117,082224,-10150,098414,-70576,-09928
0000001581,0001316667,074372,070834,075055,064582,097427,084435,-38567,099063,-48540,-38454
0000001582,0001317500,074372,070834,075055,064582,094430,087156,-62783,098780,-21342,-62819
0000001583,0001318333,074372,070834,075055,064582,082399,090123,-80419,097590,008368,-80628
0000001584,0001319167,074372,070834,075055,064582,062513,093044,-89745,095610,037676,-90134
0000001585,0001320000,074372,070834,075055,064582,036732,095635,-89871,093035,063719,-90429
0000001586,0001320833,074372,070834,075055,064582,007566,097641,-80764,090116,083943,-81463
0000001587,0001321667,074372,070834,075055,064582,-22124,098865,-63314,087139,096361,-64113
0000001588,0001322500,074372,070834,075055,064582,-49439,099190,-39246,084395,099781,-40095
0000001589,0001323333,074372,070834,075055,064582,-71700,098581,-10900,082153,093847,-11745
0000001590,0001324167,074372,070834,075055,064582,-86721,097099,018945,080634,079139,018159
0000001591,0001325000,074372,070834,075055,064582,-93052,094889,047370,079983,057114,046690
0000001592,0001325833,074372,070834,075055,064582,-90054,092168,071589,080267,029912,071054
0000001593,0001326667,074372,070834,075055,064582,-78017,089200,089224,081458,000201,088859
0000001594,0001327500,074372,070834,075055,064582,-58139,086278,098568,083437,-29112,098380
0000001595,0001328333,074372,070834,075055,064582,-32349,083687,098687,086012,-55155,098669
0000001596,0001329167,074372,070834,075055,064582,-03176,081682,089569,088932,-75373,089694
0000001597,0001330000,074372,070834,075055,064582,026520,080457,072125,091909,-87805,072355
0000001598,0001330833,074372,070834,075055,064582,053835,080133,048047,094652,-91217,048330
0000001599,0001331667,074372,070834,075055,064582,076087,080743,019695,096893,-85273,019976
0000001600,0001332500,074372,070834,075055,064582,091116,082225,-10150,098414,-70575,-09928
0000001601,0001333333,074372,070834,075055,064582,097435,084435,-38570,099064,-48544,-38457
0000001602,0001334167,074372,070834,075055,064582,094424,087157,-62778,098779,-21340,-62813
0000001603,0001335000,074372,070834,075055,064582,082399,090123,-80419,097590,008368,-80627
0000001604,0001335833,074372,070834,075055,064582,062518,093045,-89753,095610,037678,-90142
0000001605,0001336667,074372,070834,075055,064582,036730,095635,-89864,093034,063714,-90422
0000001606,0001337500,074372,070834,075055,064582,007566,097641,-80763,090116,083942,-81462
0000001607,0001338333,074372,070834,075055,064582,-22126,098866,-63320,087139,096369,-64119
0000001608,0001339167,074372,070834,075055,064582,-49435,099189,-39243,084395,099774,-40093
0000001609,0001340000,074372,070834,075055,064582,-71699,098581,-10899,082153,093846,-11745
0000001610,0001340833,074372,070834,075055,064582,-86728,097099,018946,080633,079145,018160
0000001611,0001341667,074372,070834,075055,064582,-93045,094889,047366,079984,057110,046687
0000001612,0001342500,074372,070834,075055,064582,-90053,092168,071588,080267,029912,071054
0000001613,0001343333,074372,070834,075055,064582,-78024,089200,089231,081457,000201,088866
0000001614,0001344167,074372,070834,075055,064582,-58135,086279,098561,083437,-29109,098373
0000001615,0001345000,074372,070834,075055,064582,-32349,083687,098687,086012,-55154,098668
0000001616,0001345833,074372,070834,075055,064582,-03177,081681,089576,088931,-75379,089701
0000001617,0001346667,074372,070834,075055,064582,026518,080457,072120,091908,-87798,072350
0000001618,0001347500,074372,070834,075055,064582,053834,080133,048047,094652,-91216,048330
0000001619,0001348333,074372,070834,075055,064582,076093,080742,019697,096894,-85280,019978
0000001620,0001349167,074372,070834,075055,064582,091109,082225,-10148,098413,-70570,-09926
0000001621,0001350000,074372,070834,075055,064582,097435,084435,-38570,099064,-48544,-38457
0000001622,0001350833,074405,070759,079320,064582,094596,087128,-62660,098764,-21057,-62945
0000001623,0001351667,074456,070689,081239,064583,082610,090097,-80367,097565,008635,-80652
0000001624,0001352500,074519,070631,080665,064584,062782,093022,-89792,095582,037889,-90077
0000001625,0001353333,074587,070591,077931,064584,037016,095626,-90060,093006,063923,-90345
0000001626,0001354167,074651,070574,073206,064585,007842,097633,-80956,090088,083992,-81241
0000001627,0001355000,074706,070581,067043,064586,-21873,098866,-63576,087117,096328,-63861
0000001628,0001355833,074745,070610,060253,064586,-49240,099198,-39531,084380,099650,-39816
0000001629,0001356667,074763,070660,053415,064587,-71564,098592,-11146,082148,093590,-11431
0000001630,0001357500,074759,070725,047336,064587,-86677,097120,018685,080637,078870,018400
0000001631,0001358333,074732,070798,042694,064587,-93091,094914,047163,079995,056807,046878
0000001632,0001359167,074684,070873,039953,064588,-90162,092193,071440,080288,029601,071155
0000001633,0001360000,074620,070943,039450,064588,-78205,089228,089135,081484,-00051,088850
0000001634,0001360833,074545,071000,041259,064588,-58372,086300,098582,083467,-29332,098297
0000001635,0001361667,074465,071040,045229,064589,-32598,083704,098768,086044,-55291,098483
0000001636,0001362500,074389,071058,051074,064589,-03427,081691,089733,088962,-75428,089448
0000001637,0001363333,074322,071053,058213,064589,026299,080455,072360,091934,-87781,072075
0000001638,0001364167,074272,071025,066015,064589,053663,080125,048294,094671,-91078,048009
0000001639,0001365000,074243,070977,073779,064590,075994,080726,019958,096904,-85074,019673
0000001640,0001365833,074237,070913,080731,064590,091101,082202,-09907,098414,-70314,-10193
0000001641,0001366667,074254,070840,086253,064590,097495,084410,-38383,099054,-48233,-38668
0000001642,0001367500,074294,070765,089807,064590,094577,087129,-62655,098762,-21043,-62941
0000001643,0001368333,074350,070696,091067,064590,082613,090098,-80377,097566,008643,-80662
0000001644,0001369167,074418,070639,089959,064591,062771,093023,-89788,095581,037896,-90073
0000001645,0001370000,074490,070601,086609,064591,037011,095619,-89986,093005,063854,-90271
0000001646,0001370833,074559,070584,081390,064591,007840,097633,-80956,090088,083995,-81241
0000001647,0001371667,074618,070591,074853,064591,-21883,098865,-63554,087116,096316,-63839
0000001648,0001372500,074661,070620,067653,064591,-49251,099198,-39514,084379,099643,-39799
0000001649,0001373333,074683,070669,060527,064591,-71582,098597,-11177,082146,093638,-11462
0000001650,0001374167,074682,070733,054184,064591,-86684,097120,018695,080636,078869,018409
0000001651,0001375000,074658,070806,049248,064591,-93098,094915,047162,079994,056815,046877
0000001652,0001375833,074614,070881,046231,064591,-90178,092195,071444,080286,029613,071159
0000001653,0001376667,074552,070951,045434,064591,-78206,089226,089161,081484,-00075,088876
0000001654,0001377500,074480,071008,046961,064591,-58375,086300,098585,083467,-29331,098300
0000001655,0001378333,074402,071048,050698,064591,-32609,083703,098788,086043,-55300,098503
0000001656,0001379167,074328,071066,056297,064591,-03434,081690,089742,088961,-75429,089457
0000001657,0001380000,074264,071061,063241,064591,026292,080457,072350,091933,-87763,072065
0000001658,0001380833,074216,071032,070866,064592,053659,080125,048306,094670,-91086,048021
0000001659,0001381667,074189,070984,078436,064592,075982,080727,019959,096902,-85062,019674
0000001660,0001382500,074185,070920,085223,064592,091093,082203,-09908,098414,-70306,-10193
0000001661,0001383333,074205,070847,090561,064592,097497,084409,-38372,099054,-48246,-38657
0000001662,0001384167,074246,070772,093937,064592,094565,087129,-62648,098761,-21039,-62933
0000001663,0001385000,074304,070702,095040,064592,082606,090097,-80368,097565,008640,-80653
0000001664,0001385833,074374,070645,093770,064592,062771,093023,-89787,095581,037895,-90072
0000001665,0001386667,074448,070607,090278,064592,037004,095619,-89981,093005,063856,-90266
0000001666,0001387500,074518,070590,084930,064592,007834,097633,-80948,090088,083993,-81233
0000001667,0001388333,074579,070596,078262,064592,-21889,098866,-63558,087115,096326,-63843
0000001668,0001389167,074623,070625,070945,064592,-49252,099197,-39510,084379,099640,-39795
0000001669,0001390000,074646,070674,063698,064592,-71586,098597,-11169,082146,093635,-11454
0000001670,0001390833,074647,070738,057236,064591,-86696,097121,018697,080635,078877,018412
0000001671,0001391667,074624,070811,052194,064591,-93096,094914,047163,079995,056811,046878
0000001672,0001392500,074581,070886,049062,064591,-90181,092194,071449,080286,029611,071164
0000001673,0001393333,074520,070955,048163,064591,-78217,089226,089169,081483,-00073,088884
0000001674,0001394167,074449,071012,049598,064591,-58375,086300,098583,083467,-29329,098298
0000001675,0001395000,074373,071052,053238,064591,-32612,083703,098790,086043,-55299,098505
0000001676,0001395833,074300,071070,058751,064591,-03438,081690,089751,088960,-75434,089466
0000001677,0001396667,074237,071065,065611,064591,026286,080458,072350,091933,-87757,072065
0000001678,0001397500,074189,071036,073153,064591,053655,080125,048308,094670,-91084,048023
0000001679,0001398333,074163,070987,080646,064591,075984,080726,019964,096903,-85069,019679
0000001680,0001399167,074160,070923,087353,064591,091083,082203,-09903,098413,-70301,-10188
0000001681,0001400000,074181,070850,092620,064591,097493,084409,-38370,099054,-48244,-38655
0000001682,0001400833,074223,070775,095928,064591,094570,087129,-62650,098761,-21041,-62935
0000001683,0001401667,074282,070706,096959,064591,082598,090097,-80359,097564,008640,-80644
0000001684,0001402500,074352,070649,095628,064591,062768,093023,-89785,095581,037895,-90070
0000001685,0001403333,074427,070610,092076,064591,037004,095619,-89986,093005,063860,-90271
0000001686,0001404167,074498,070593,086664,064591,007832,097632,-80941,090087,083988,-81226
0000001687,0001405000,074559,070599,079941,064591,-21892,098866,-63555,087115,096325,-63840
0000001688,0001405833,074604,070628,072566,064591,-49258,099198,-39511,084378,099648,-39796
0000001689,0001406667,074628,070677,065266,064591,-71583,098596,-11167,082146,093629,-11452
0000001690,0001407500,074629,070741,058751,064591,-86697,097121,018700,080635,078877,018415
0000001691,0001408333,074607,070814,053657,064591,-93106,094915,047168,079994,056816,046883
0000001692,0001409167,074564,070888,050482,064591,-90177,092194,071446,080287,029610,071161
0000001693,0001410000,074504,070958,049535,064591,-78219,089226,089170,081482,-00073,088885
0000001694,0001410833,074433,071015,050924,064591,-58382,086300,098592,083466,-29331,098307
0000001695,0001411667,074358,071054,054525,064591,-32612,083704,098785,086043,-55294,098499
0000001696,0001412500,074285,071072,059994,064591,-03440,081690,089752,088960,-75433,089467
0000001697,0001413333,074222,071067,066812,064591,026286,080457,072357,091933,-87764,072072
0000001698,0001414167,074176,071038,074316,064591,053649,080126,048307,094669,-91077,048022
0000001699,0001415000,074150,070989,081770,064590,075982,080726,019965,096902,-85068,019680
0000001700,0001415833,074147,070925,088442,064590,091088,082203,-09902,098413,-70308,-10187
0000001701,0001416667,074168,070852,093671,064590,097485,084409,-38365,099053,-48241,-38650
0000001702,0001417500,074211,070777,096947,064590,094568,087129,-62648,098761,-21041,-62933
0000001703,0001418333,074270,070707,097949,064590,082603,090097,-80365,097565,008641,-80650
0000001704,0001419167,074341,070650,096584,064590,062762,093023,-89776,095580,037893,-90061
0000001705,0001420000,074416,070611,093003,064590,037002,095619,-89984,093004,063860,-90269
0000001706,0001420833,074487,070594,087565,064590,007831,097633,-80947,090087,083994,-81232
0000001707,0001421667,074549,070600,080810,064590,-21891,098865,-63549,087115,096318,-63834
0000001708,0001422500,074594,070629,073408,064590,-49259,099198,-39510,084378,099648,-39795
0000001709,0001423333,074618,070678,066080,064590,-71590,098597,-11167,082145,093636,-11452
0000001710,0001424167,074620,070742,059540,064590,-86692,097120,018699,080635,078871,018414
0000001711,0001425000,074598,070815,054420,064590,-93106,094915,047169,079994,056816,046884
0000001712,0001425833,074555,070890,051219,064590,-90185,092194,071452,080286,029612,071167
0000001713,0001426667,074496,070959,050253,064590,-78214,089226,089164,081483,-00072,088879
0000001714,0001427500,074425,071016,051619,064590,-58383,086300,098592,083466,-29330,098307
0000001715,0001428333,074350,071055,055197,064590,-32616,083703,098793,086043,-55298,098508
0000001716,0001429167,074277,071073,060648,064590,-03441,081691,089746,088960,-75426,089461
0000001717,0001430000,074215,071068,067445,064590,026285,080457,072358,091933,-87763,072073
0000001718,0001430833,074169,071039,074928,064590,053652,080125,048311,094669,-91084,048026
0000001719,0001431667,074143,070990,082361,064590,075975,080727,019965,096902,-85062,019680
0000001720,0001432500,074141,070926,089014,064590,091087,082203,-09901,098413,-70307,-10186
0000001721,0001433333,074162,070853,094226,064590,097492,084409,-38368,099053,-48245,-38653
0000001722,0001434167,074204,070778,097483,064590,094560,087129,-62642,098760,-21039,-62927
0000001723,0001435000,074264,070708,098470,064589,082602,090097,-80364,097564,008641,-80649
0000001724,0001435833,074335,070651,097092,064589,062767,093023,-89784,095581,037896,-90069
0000001725,0001436667,074410,070612,093494,064589,036999,095619,-89976,093004,063856,-90261
0000001726,0001437500,074482,070595,088042,064589,007830,097633,-80945,090087,083994,-81230
0000001727,0001438333,074543,070601,081274,064589,-21893,098866,-63554,087115,096326,-63839
0000001728,0001439167,074588,070630,073856,064589,-49256,099197,-39506,084379,099641,-39791
0000001729,0001440000,074613,070679,066513,064589,-71590,098597,-11167,082145,093636,-11452
0000001730,0001440833,074615,070743,059958,064589,-86700,097121,018701,080634,078878,018416
0000001731,0001441667,074593,070816,054826,064589,-93099,094914,047166,079994,056812,046881
0000001732,0001442500,074551,070890,051612,064589,-90185,092194,071452,080286,029612,071167
0000001733,0001443333,074491,070960,050633,064589,-78221,089226,089172,081482,-00072,088887
0000001734,0001444167,074421,071017,051991,064589,-58379,086301,098585,083466,-29327,098300
0000001735,0001445000,074345,071056,055557,064589,-32617,083704,098793,086043,-55297,098508
0000001736,0001445833,074273,071074,060997,064589,-03442,081690,089754,088960,-75433,089469
0000001737,0001446667,074211,071068,067784,064589,026282,080458,072353,091932,-87756,072068
0000001738,0001447500,074165,071040,075255,064589,053651,080125,048311,094669,-91084,048026
0000001739,0001448333,074139,070991,082679,064589,075981,080726,019967,096902,-85069,019682
0000001740,0001449167,074137,070927,089319,064589,091080,082203,-09899,098412,-70301,-10184
0000001741,0001450000,074158,070854,094523,064589,097491,084409,-38367,099053,-48245,-38652
0000001742,0001450833,074201,070778,097772,064589,094568,087129,-62647,098761,-21042,-62932
0000001743,0001451667,074261,070709,098748,064589,082596,090097,-80357,097564,008640,-80642
0000001744,0001452500,074332,070652,097364,064589,062766,093023,-89783,095581,037895,-90068
0000001745,0001453333,074407,070613,093760,064589,037002,095619,-89984,093004,063861,-90269
0000001746,0001454167,074479,070595,088299,064589,007830,097632,-80939,090087,083988,-81224
0000001747,0001455000,074540,070602,081523,064589,-21894,098866,-63553,087115,096326,-63838
0000001748,0001455833,074586,070631,074098,064589,-49260,099198,-39510,084378,099649,-39795
0000001749,0001456667,074610,070679,066747,064588,-71585,098596,-11165,082146,093629,-11450
0000001750,0001457500,074612,070743,060183,064588,-86699,097121,018701,080634,078877,018416
0000001751,0001458333,074591,070816,055043,064588,-93108,094915,047170,079993,056817,046885
0000001752,0001459167,074548,070891,051825,064588,-90178,092194,071447,080286,029610,071162
0000001753,0001460000,074489,070960,050838,064588,-78221,089226,089171,081482,-00072,088886
0000001754,0001460833,074418,071017,052189,064588,-58385,086300,098593,083466,-29330,098308
0000001755,0001461667,074343,071056,055753,064588,-32615,083704,098786,086043,-55293,098501
0000001756,0001462500,074271,071074,061186,064588,-03443,081690,089753,088960,-75432,089468
0000001757,0001463333,074209,071069,067967,064588,026283,080457,072359,091933,-87764,072074
0000001758,0001464167,074163,071040,075433,064588,053647,080126,048309,094669,-91076,048024
0000001759,0001465000,074137,070991,082850,064588,075980,080726,019967,096902,-85068,019682
0000001760,0001465833,074135,070927,089485,064588,091087,082202,-09900,098413,-70308,-10185
0000001761,0001466667,074157,070854,094681,064588,097483,084409,-38364,099053,-48241,-38649
0000001762,0001467500,074199,070779,097927,064588,094567,087129,-62647,098761,-21041,-62932
0000001763,0001468333,074259,070709,098901,064588,082602,090097,-80364,097564,008640,-80649
0000001764,0001469167,074330,070652,097510,064588,062761,093023,-89775,095580,037893,-90061
0000001765,0001470000,074405,070613,093904,064588,037001,095619,-89983,093004,063860,-90268
0000001766,0001470833,074477,070596,088440,064588,007830,097633,-80946,090087,083995,-81231
0000001767,0001471667,074539,070602,081659,064588,-21892,098865,-63548,087115,096319,-63833
0000001768,0001472500,074584,070631,074229,064588,-49260,099198,-39509,084378,099648,-39794
0000001769,0001473333,074609,070680,066874,064588,-71591,098597,-11167,082145,093637,-11452
0000001770,0001474167,074611,070743,060307,064588,-86693,097120,018700,080635,078872,018415
0000001771,0001475000,074589,070816,055161,064588,-93107,094915,047170,079994,056816,046884
0000001772,0001475833,074547,070891,051937,064588,-90186,092195,071453,080286,029613,071167
0000001773,0001476667,074488,070960,050951,064588,-78215,089226,089165,081483,-00071,088880
0000001774,0001477500,074417,071017,052298,064588,-58384,086300,098592,083466,-29329,098307
0000001775,0001478333,074342,071057,055858,064588,-32618,083704,098794,086042,-55297,098509
0000001776,0001479167,074270,071074,061291,064588,-03443,081691,089747,088960,-75426,089462
0000001777,0001480000,074208,071069,068068,064588,026283,080457,072359,091933,-87763,072074
0000001778,0001480833,074162,071040,075530,064588,053650,080125,048313,094669,-91084,048028
0000001779,0001481667,074136,070991,082942,064588,075974,080727,019967,096902,-85062,019681
0000001780,0001482500,074134,070927,089575,064587,091086,082203,-09900,098413,-70307,-10185
0000001781,0001483333,074156,070854,094769,064587,097491,084409,-38367,099053,-48246,-38652
0000001782,0001484167,074198,070779,098009,064587,094560,087129,-62641,098760,-21040,-62927
0000001783,0001485000,074258,070709,098982,064587,082602,090097,-80363,097564,008640,-80648
0000001784,0001485833,074329,070652,097593,064587,062767,093023,-89783,095581,037896,-90068
0000001785,0001486667,074404,070613,093982,064587,036999,095619,-89976,093004,063856,-90261
0000001786,0001487500,074476,070596,088517,064587,007830,097633,-80945,090087,083994,-81230
0000001787,0001488333,074538,070602,081735,064587,-21894,098866,-63554,087115,096326,-63839
0000001788,0001489167,074583,070631,074302,064587,-49257,099197,-39506,084379,099641,-39791
0000001789,0001490000,074608,070680,066943,064587,-71591,098597,-11166,082145,093636,-11451
0000001790,0001490833,074610,070744,060372,064587,-86700,097121,018701,080634,078878,018416
0000001791,0001491667,074589,070816,055226,064587,-93100,094915,047166,079994,056812,046881
0000001792,0001492500,074546,070891,051999,064587,-90186,092195,071452,080286,029612,071167
0000001793,0001493333,074487,070960,051010,064587,-78222,089226,089172,081482,-00071,088887
0000001794,0001494167,074416,071017,052359,064587,-58380,086301,098585,083466,-29327,098300
0000001795,0001495000,074341,071057,055917,064587,-32618,083704,098793,086042,-55297,098508
0000001796,0001495833,074269,071074,061347,064587,-03443,081690,089754,088960,-75432,089469
0000001797,0001496667,074207,071069,068124,064587,026281,080458,072354,091932,-87756,072069
0000001798,0001497500,074161,071040,075583,064587,053650,080125,048312,094669,-91083,048027
0000001799,0001498333,074136,070991,082994,064587,075980,080726,019968,096902,-85069,019683
0000001800,0001499167,074134,070927,089623,064587,091079,082203,-09899,098412,-70302,-10184
0000001801,0001500000,074155,070854,094816,064587,097490,084409,-38367,099053,-48245,-38652
0000001802,0001500833,074198,070779,098057,064587,094568,087129,-62647,098761,-21042,-62932
0000001803,0001501667,074258,070709,099025,064587,082596,090097,-80357,097564,008640,-80642
0000001804,0001502500,074329,070652,097637,064587,062766,093023,-89783,095581,037895,-90068
0000001805,0001503333,074404,070613,094028,064587,037002,095619,-89984,093004,063861,-90269
0000001806,0001504167,074476,070596,088560,064587,007829,097632,-80939,090087,083988,-81224
0000001807,0001505000,074537,070602,081777,064587,-21894,098866,-63553,087115,096326,-63838
0000001808,0001505833,074583,070631,074342,064587,-49261,099198,-39509,084378,099649,-39795
0000001809,0001506667,074608,070680,066982,064587,-71586,098596,-11165,082146,093629,-11450
0000001810,0001507500,074610,070744,060408,064587,-86700,097121,018701,080634,078877,018416
0000001811,0001508333,074588,070816,055259,064587,-93108,094915,047170,079993,056817,046885
0000001812,0001509167,074546,070891,052035,064587,-90179,092194,071447,080286,029611,071162
0000001813,0001510000,074487,070960,051043,064587,-78221,089226,089171,081482,-00071,088886
0000001814,0001510833,074416,071017,052390,064587,-58385,086300,098593,083466,-29329,098308
0000001815,0001511667,074341,071057,055951,064587,-32615,083704,098786,086043,-55292,098501
0000001816,0001512500,074269,071074,061380,064587,-03443,081690,089754,088960,-75432,089469
0000001817,0001513333,074207,071069,068155,064586,026283,080457,072360,091933,-87764,072075
0000001818,0001514167,074161,071040,075613,064586,053646,080126,048309,094669,-91076,048024
0000001819,0001515000,074135,070991,083022,064586,075979,080726,019968,096902,-85069,019683
0000001820,0001515833,074133,070927,089651,064586,091086,082202,-09900,098413,-70308,-10185
0000001821,0001516667,074155,070854,094840,064586,097483,084409,-38363,099053,-48241,-38648
0000001822,0001517500,074197,070779,098081,064586,094567,087129,-62646,098761,-21042,-62932
0000001823,0001518333,074257,070709,099052,064586,082602,090097,-80364,097564,008640,-80649
0000001824,0001519167,074328,070652,097660,064586,062762,093023,-89776,095580,037893,-90061
0000001825,0001520000,074404,070613,094052,064586,037001,095619,-89983,093004,063861,-90268
0000001826,0001520833,074475,070596,088585,064586,007830,097633,-80946,090087,083995,-81231
0000001827,0001521667,074537,070602,081801,064586,-21892,098865,-63548,087115,096319,-63833
0000001828,0001522500,074583,070631,074365,064586,-49261,099198,-39509,084378,099648,-39794
0000001829,0001523333,074607,070680,067003,064586,-71592,098597,-11166,082145,093637,-11451
0000001830,0001524167,074609,070744,060429,064586,-86693,097120,018700,080635,078872,018415
0000001831,0001525000,074588,070816,055278,064586,-93107,094915,047170,079994,056816,046885
0000001832,0001525833,074546,070891,052051,064586,-90186,092195,071453,080286,029613,071167
0000001833,0001526667,074486,070960,051063,064586,-78215,089226,089165,081483,-00071,088880
0000001834,0001527500,074416,071017,052409,064586,-58384,086300,098592,083466,-29329,098307
0000001835,0001528333,074341,071057,055968,064586,-32618,083704,098794,086042,-55297,098509
0000001836,0001529167,074269,071074,061399,064586,-03443,081691,089747,088960,-75426,089462
0000001837,0001530000,074207,071069,068173,064586,026283,080457,072359,091932,-87763,072074
0000001838,0001530833,074161,071040,075631,064586,053650,080125,048313,094669,-91084,048028
0000001839,0001531667,074135,070991,083038,064586,075974,080727,019967,096902,-85062,019682
0000001840,0001532500,074133,070927,089665,064586,091086,082203,-09899,098413,-70307,-10185
0000001841,0001533333,074155,070854,094855,064586,097491,084409,-38367,099053,-48246,-38652
0000001842,0001534167,074197,070779,098093,064586,094560,087129,-62641,098760,-21040,-62926
0000001843,0001535000,074257,070709,099065,064586,082602,090097,-80363,097564,008640,-80648
0000001844,0001535833,074328,070652,097675,064586,062767,093023,-89783,095581,037896,-90069
0000001845,0001536667,074403,070613,094065,064586,036999,095619,-89976,093004,063856,-90261
0000001846,0001537500,074475,070596,088600,064586,007830,097633,-80945,090087,083994,-81230
0000001847,0001538333,074537,070602,081815,064586,-21894,098866,-63554,087115,096327,-63839
0000001848,0001539167,074583,070631,074378,064586,-49257,099197,-39506,084379,099641,-39791
0000001849,0001540000,074607,070680,067015,064586,-71591,098597,-11166,082145,093636,-11451
0000001850,0001540833,074609,070744,060439,064586,-86701,097121,018701,080634,078878,018416
0000001851,0001541667,074588,070816,055290,064586,-93100,094915,047166,079994,056812,046881
0000001852,0001542500,074546,070891,052061,064586,-90186,092195,071452,080286,029612,071167
0000001853,0001543333,074486,070960,051071,064586,-78222,089226,089172,081482,-00071,088887
0000001854,0001544167,074416,071017,052421,064586,-58380,086301,098585,083466,-29327,098300
0000001855,0001545000,074341,071057,055979,064586,-32618,083704,098793,086042,-55297,098508
0000001856,0001545833,074269,071074,061409,064586,-03444,081690,089754,088960,-75432,089469
0000001857,0001546667,074207,071069,068184,064586,026281,080458,072354,091932,-87756,072069
0000001858,0001547500,074161,071040,075641,064586,053650,080125,048313,094669,-91083,048027
0000001859,0001548333,074135,070991,083047,064586,075980,080726,019968,096902,-85069,019683
0000001860,0001549167,074133,070927,089672,064586,091079,082203,-09898,098412,-70302,-10183
0000001861,0001550000,074155,070854,094862,064586,097491,084409,-38366,099053,-48245,-38652
0000001862,0001550833,074197,070779,098102,064586,094568,087129,-62647,098761,-21042,-62932
0000001863,0001551667,074257,070709,099071,064586,082596,090097,-80357,097564,008640,-80642
0000001864,0001552500,074328,070652,097683,064585,062766,093023,-89783,095581,037896,-90068
0000001865,0001553333,074403,070613,094075,064585,037002,095619,-89984,093004,063861,-90269
0000001866,0001554167,074475,070596,088608,064585,007829,097632,-80939,090087,083988,-81224
0000001867,0001555000,074537,070602,081824,064585,-21894,098866,-63553,087115,096326,-63838
0000001868,0001555833,074582,070631,074386,064585,-49261,099198,-39509,084378,099649,-39794
0000001869,0001556667,074607,070680,067023,064585,-71586,098596,-11165,082146,093629,-11450
0000001870,0001557500,074609,070743,060445,064585,-86700,097121,018702,080634,078877,018416
0000001871,0001558333,074588,070816,055294,064585,-93108,094915,047170,079993,056817,046885
0000001872,0001559167,074546,070891,052068,064585,-90179,092194,071447,080286,029610,071162
0000001873,0001560000,074486,070960,051077,064585,-78221,089226,089171,081482,-00072,088886
0000001874,0001560833,074416,071017,052425,064585,-58385,086300,098593,083466,-29329,098308
0000001875,0001561667,074341,071057,055987,064585,-32615,083704,098786,086043,-55292,098501
0000001876,0001562500,074269,071074,061416,064585,-03443,081690,089754,088960,-75432,089469
0000001877,0001563333,074206,071069,068191,064585,026283,080457,072360,091932,-87764,072075
0000001878,0001564167,074161,071040,075647,064585,053646,080126,048309,094669,-91076,048024
0000001879,0001565000,074135,070991,083053,064585,075979,080726,019968,096902,-85069,019683
0000001880,0001565833,074133,070927,089678,064585,091087,082202,-09899,098413,-70308,-10184
0000001881,0001566667,074155,070854,094864,064585,097483,084409,-38363,099053,-48241,-38648
0000001882,0001567500,074197,070779,098105,064585,094567,087129,-62647,098761,-21042,-62932
0000001883,0001568333,074257,070709,099077,064585,082603,090097,-80364,097565,008640,-80649
0000001884,0001569167,074328,070652,097686,064585,062762,093023,-89776,095580,037893,-90061
0000001885,0001570000,074403,070613,094080,064585,037001,095619,-89983,093004,063861,-90268
0000001886,0001570833,074475,070596,088614,064585,007830,097633,-80946,090087,083995,-81231
0000001887,0001571667,074537,070602,081829,064585,-21893,098865,-63548,087115,096319,-63833
0000001888,0001572500,074582,070631,074391,064585,-49261,099198,-39509,084378,099648,-39794
0000001889,0001573333,074607,070680,067026,064585,-71592,098597,-11166,082145,093637,-11451
0000001890,0001574167,074609,070743,060450,064585,-86693,097120,018701,080635,078872,018415
0000001891,0001575000,074588,070816,055296,064585,-93107,094915,047170,079994,056816,046885
0000001892,0001575833,074546,070891,052069,064585,-90186,092195,071453,080286,029612,071168
0000001893,0001576667,074486,070960,051082,064585,-78215,089226,089165,081483,-00071,088880
0000001894,0001577500,074416,071017,052429,064585,-58384,086300,098592,083466,-29329,098307
0000001895,0001578333,074341,071057,055990,064585,-32618,083704,098794,086042,-55297,098509
0000001896,0001579167,074269,071074,061422,064585,-03443,081691,089747,088960,-75426,089462
0000001897,0001580000,074206,071069,068195,064585,026282,080457,072359,091932,-87763,072074
0000001898,0001580833,074161,071040,075651,064585,053650,080125,048313,094669,-91084,048028
0000001899,0001581667,074135,070991,083055,064585,075974,080727,019967,096902,-85062,019682
0000001900,0001582500,074133,070927,089680,064585,091086,082203,-09899,098413,-70308,-10185
0000001901,0001583333,074155,070854,094868,064585,097491,084409,-38367,099053,-48246,-38652
0000001902,0001584167,074197,070779,098105,064585,094560,087129,-62642,098760,-21040,-62927
0000001903,0001585000,074257,070709,099079,064585,082602,090097,-80363,097564,008640,-80649
0000001904,0001585833,074328,070652,097691,064585,062767,093023,-89784,095581,037896,-90069
0000001905,0001586667,074403,070613,094083,064585,036999,095619,-89976,093004,063856,-90261
0000001906,0001587500,074475,070596,088618,064585,007829,097633,-80945,090087,083995,-81230
0000001907,0001588333,074537,070602,081833,064585,-21895,098866,-63554,087115,096327,-63839
0000001908,0001589167,074582,070631,074395,064585,-49257,099197,-39505,084379,099641,-39790
0000001909,0001590000,074607,070679,067029,064585,-71592,098597,-11166,082145,093636,-11451
0000001910,0001590833,074609,070743,060450,064585,-86701,097121,018702,080634,078878,018417
0000001911,0001591667,074588,070816,055299,064585,-93100,094914,047167,079994,056812,046882
0000001912,0001592500,074546,070891,052070,064585,-90185,092194,071452,080286,029612,071167
0000001913,0001593333,074486,070960,051081,064585,-78222,089226,089172,081482,-00072,088887
0000001914,0001594167,074416,071017,052433,064585,-58380,086301,098585,083466,-29327,098300
0000001915,0001595000,074341,071057,055993,064585,-32617,083704,098793,086042,-55297,098508
0000001916,0001595833,074269,071074,061425,064585,-03443,081690,089754,088960,-75432,089469
0000001917,0001596667,074206,071069,068199,064585,026281,080458,072354,091932,-87756,072069
0000001918,0001597500,074161,071040,075654,064585,053650,080125,048313,094669,-91083,048027
0000001919,0001598333,074135,070991,083058,064585,075980,080726,019968,096902,-85070,019683
0000001920,0001599167,074133,070927,089680,064585,091079,082203,-09898,098412,-70302,-10183
0000001921,0001600000,074155,070854,094869,064585,097491,084409,-38367,099053,-48245,-38652
0000001922,0001600833,074197,070779,098108,064585,094568,087129,-62647,098761,-21042,-62932
0000001923,0001601667,074257,070709,099078,064585,082596,090097,-80357,097564,008640,-80642
0000001924,0001602500,074328,070652,097693,064585,062766,093023,-89783,095581,037896,-90068
0000001925,0001603333,074403,070613,094087,064585,037002,095619,-89984,093004,063862,-90269
0000001926,0001604167,074475,070596,088620,064585,007829,097632,-80939,090087,083989,-81224
0000001927,0001605000,074537,070602,081836,064585,-21895,098866,-63553,087115,096326,-63838
0000001928,0001605833,074582,070631,074397,064584,-49262,099198,-39509,084378,099649,-39794
0000001929,0001606667,074607,070679,067031,064584,-71586,098596,-11164,082146,093629,-11449
0000001930,0001607500,074609,070743,060452,064584,-86700,097121,018702,080634,078877,018417
0000001931,0001608333,074588,070816,055298,064584,-93108,094915,047170,079993,056816,046885
0000001932,0001609167,074546,070891,052072,064584,-90179,092194,071447,080286,029610,071162
0000001933,0001610000,074486,070960,051082,064584,-78221,089226,089171,081482,-00072,088886
0000001934,0001610833,074416,071017,052433,064584,-58385,086300,098593,083466,-29330,098308
0000001935,0001611667,074341,071057,055997,064584,-32615,083704,098786,086043,-55292,098501
0000001936,0001612500,074269,071074,061427,064584,-03443,081690,089753,088960,-75432,089468
0000001937,0001613333,074206,071069,068201,064584,026283,080457,072360,091933,-87764,072075
0000001938,0001614167,074161,071040,075656,064584,053646,080126,048309,094669,-91076,048024
0000001939,0001615000,074135,070991,083060,064584,075979,080726,019968,096902,-85069,019683
0000001940,0001615833,074133,070927,089682,064584,091087,082202,-09900,098413,-70308,-10185
0000001941,0001616667,074155,070854,094867,064584,097484,084409,-38363,099053,-48241,-38649
0000001942,0001617500,074197,070779,098108,064584,094567,087129,-62647,098761,-21042,-62932
0000001943,0001618333,074257,070709,099081,064584,082603,090097,-80364,097565,008640,-80649
0000001944,0001619167,074328,070652,097692,064584,062761,093023,-89776,095580,037893,-90061
0000001945,0001620000,074403,070613,094088,064584,037001,095619,-89984,093004,063861,-90269
0000001946,0001620833,074475,070596,088624,064584,007829,097633,-80946,090087,083996,-81231
0000001947,0001621667,074537,070602,081838,064584,-21893,098865,-63548,087115,096320,-63833
0000001948,0001622500,074583,070631,074399,064584,-49262,099198,-39508,084378,099649,-39793
0000001949,0001623333,074607,070679,067032,064584,-71592,098597,-11165,082145,093637,-11451
0000001950,0001624167,074609,070743,060453,064584,-86693,097120,018701,080635,078871,018416
0000001951,0001625000,074588,070816,055298,064584,-93107,094915,047170,079994,056816,046885
0000001952,0001625833,074546,070891,052070,064584,-90186,092194,071453,080286,029612,071168
0000001953,0001626667,074486,070960,051085,064584,-78215,089226,089165,081483,-00072,088880
0000001954,0001627500,074416,071017,052434,064584,-58384,086300,098592,083466,-29330,098307
0000001955,0001628333,074341,071057,055997,064584,-32618,083704,098794,086042,-55297,098509
0000001956,0001629167,074269,071074,061431,064584,-03443,081691,089747,088960,-75426,089462
0000001957,0001630000,074206,071069,068204,064584,026283,080457,072359,091933,-87763,072074
0000001958,0001630833,074161,071040,075658,064584,053650,080125,048313,094669,-91084,048028
0000001959,0001631667,074135,070991,083060,064584,075974,080727,019967,096902,-85062,019682
0000001960,0001632500,074133,070927,089683,064584,091086,082203,-09900,098413,-70308,-10185
0000001961,0001633333,074155,070854,094869,064584,097492,084409,-38367,099053,-48246,-38652
0000001962,0001634167,074197,070779,098106,064584,094560,087129,-62642,098760,-21040,-62927
0000001963,0001635000,074257,070709,099081,064584,082602,090097,-80364,097564,008641,-80649
0000001964,0001635833,074328,070652,097695,064584,062767,093023,-89784,095581,037896,-90069
0000001965,0001636667,074403,070613,094089,064584,036998,095619,-89977,093004,063857,-90262
0000001966,0001637500,074475,070596,088625,064584,007829,097633,-80945,090087,083995,-81230
0000001967,0001638333,074537,070602,081841,064584,-21895,098866,-63553,087115,096327,-63838
0000001968,0001639167,074583,070631,074401,064584,-49258,099197,-39505,084378,099642,-39790
0000001969,0001640000,074607,070679,067033,064584,-71592,098597,-11165,082145,093636,-11450
0000001970,0001640833,074609,070743,060452,064584,-86701,097121,018702,080634,078877,018417
0000001971,0001641667,074588,070816,055300,064584,-93100,094914,047167,079994,056811,046882
0000001972,0001642500,074546,070891,052070,064584,-90185,092194,071453,080286,029611,071168
0000001973,0001643333,074486,070960,051083,064584,-78221,089226,089172,081482,-00072,088887
0000001974,0001644167,074416,071017,052437,064584,-58379,086301,098585,083466,-29327,098300
0000001975,0001645000,074341,071057,055999,064584,-32617,083704,098793,086043,-55297,098508
0000001976,0001645833,074269,071074,061432,064584,-03443,081690,089754,088960,-75432,089469
0000001977,0001646667,074207,071069,068206,064584,026281,080458,072354,091932,-87756,072069
0000001978,0001647500,074161,071040,075660,064584,053650,080125,048312,094669,-91083,048027
0000001979,0001648333,074135,070991,083062,064584,075980,080726,019968,096902,-85069,019683
0000001980,0001649167,074133,070927,089682,064584,091079,082203,-09899,098412,-70302,-10184
0000001981,0001650000,074155,070854,094869,064584,097491,084409,-38367,099053,-48245,-38652
0000001982,0001650833,074197,070779,098108,064584,094568,087129,-62648,098761,-21042,-62933
0000001983,0001651667,074257,070709,099079,064584,082596,090097,-80358,097564,008641,-80643
0000001984,0001652500,074328,070652,097695,064584,062766,093023,-89783,095581,037896,-90068
0000001985,0001653333,074403,070613,094091,064584,037001,095619,-89985,093004,063862,-90270
0000001986,0001654167,074475,070596,088626,064584,007828,097632,-80939,090087,083989,-81224
0000001987,0001655000,074537,070602,081842,064584,-21895,098866,-63552,087115,096327,-63838
0000001988,0001655833,074583,070631,074402,064584,-49262,099198,-39508,084378,099650,-39793
0000001989,0001656667,074607,070679,067034,064584,-71587,098596,-11164,082146,093629,-11449
0000001990,0001657500,074609,070743,060452,064584,-86700,097121,018703,080634,078876,018418
0000001991,0001658333,074588,070816,055298,064584,-93108,094915,047171,079993,056816,046886
0000001992,0001659167,074546,070891,052072,064584,-90178,092194,071448,080286,029609,071163
0000001993,0001660000,074486,070960,051083,064584,-78220,089226,089172,081482,-00072,088886
0000001994,0001660833,074416,071017,052436,064584,-58384,086300,098593,083466,-29330,098308
0000001995,0001661667,074341,071057,056002,064584,-32614,083704,098786,086043,-55293,098501
0000001996,0001662500,074269,071074,061434,064584,-03443,081690,089753,088960,-75432,089468
0000001997,0001663333,074207,071069,068208,064584,026283,080457,072359,091933,-87764,072074
0000001998,0001664167,074161,071040,075661,064584,053646,080126,048309,094669,-91076,048024
0000001999,0001665000,074135,070991,083063,064584,075980,080726,019968,096902,-85069,019683
0000002000,0001665833,074133,070927,089683,064584,091087,082202,-09900,098413,-70308,-10185
0000002001,0001666667,074155,070854,094867,064584,097484,084409,-38364,099053,-48241,-38649
0000002002,0001667500,074197,070779,098107,064584,094567,087129,-62647,098761,-21041,-62932
0000002003,0001668333,074257,070709,099081,064584,082603,090097,-80365,097565,008641,-80650
0000002004,0001669167,074328,070652,097694,064584,062761,093023,-89776,095580,037894,-90062
0000002005,0001670000,074403,070613,094092,064584,037001,095619,-89984,093004,063862,-90269
0000002006,0001670833,074475,070596,088629,064584,007829,097633,-80946,090087,083996,-81231
0000002007,0001671667,074537,070602,081843,064584,-21894,098865,-63547,087115,096320,-63832
0000002008,0001672500,074583,070631,074403,064584,-49262,099198,-39508,084378,099649,-39793
0000002009,0001673333,074607,070679,067034,064584,-71593,098597,-11165,082145,093637,-11450
0000002010,0001674167,074609,070743,060454,064584,-86694,097120,018702,080635,078871,018417
0000002011,0001675000,074588,070816,055298,064584,-93107,094915,047171,079994,056815,046886
0000002012,0001675833,074546,070891,052070,064584,-90186,092194,071453,080286,029611,071168
0000002013,0001676667,074486,070960,051085,064584,-78214,089226,089165,081483,-00072,088880
0000002014,0001677500,074416,071017,052437,064584,-58383,086300,098592,083466,-29330,098307
0000002015,0001678333,074341,071057,056002,064584,-32617,083704,098794,086043,-55298,098509
0000002016,0001679167,074269,071074,061436,064584,-03442,081691,089747,088960,-75426,089462
0000002017,0001680000,074207,071068,068209,064584,026283,080457,072359,091933,-87763,072074
0000002018,0001680833,074161,071040,075663,064584,053651,080125,048313,094669,-91084,048027
0000002019,0001681667,074135,070991,083063,064584,075974,080727,019966,096902,-85062,019681
0000002020,0001682500,074133,070927,089683,064584,091086,082203,-09900,098413,-70307,-10185
0000002021,0001683333,074155,070854,094868,064584,097492,084409,-38368,099053,-48246,-38653
0000002022,0001684167,074197,070779,098105,064584,094561,087129,-62642,098760,-21039,-62927
0000002023,0001685000,074257,070709,099081,064584,082602,090097,-80364,097564,008641,-80649
0000002024,0001685833,074328,070652,097697,064583,062766,093023,-89784,095581,037897,-90070
0000002025,0001686667,074403,070613,094092,064583,036998,095619,-89977,093004,063858,-90262
0000002026,0001687500,074475,070596,088630,064583,007828,097633,-80945,090087,083996,-81230
0000002027,0001688333,074537,070602,081845,064583,-21896,098866,-63553,087115,096328,-63838
0000002028,0001689167,074583,070630,074405,064583,-49259,099197,-39504,084378,099642,-39789
0000002029,0001690000,074608,070679,067035,064583,-71593,098597,-11164,082145,093636,-11449
0000002030,0001690833,074609,070743,060452,064583,-86701,097121,018703,080634,078877,018418
0000002031,0001691667,074588,070816,055299,064583,-93100,094914,047168,079994,056811,046883
0000002032,0001692500,074546,070891,052069,064583,-90185,092194,071453,080286,029611,071168
0000002033,0001693333,074486,070960,051083,064583,-78221,089226,089172,081482,-00073,088887
0000002034,0001694167,074416,071017,052439,064583,-58379,086301,098585,083466,-29328,098300
0000002035,0001695000,074341,071056,056003,064583,-32617,083704,098793,086043,-55297,098508
0000002036,0001695833,074269,071074,061437,064583,-03443,081690,089754,088960,-75432,089469
0000002037,0001696667,074207,071068,068212,064583,026281,080458,072353,091932,-87756,072068
0000002038,0001697500,074161,071040,075664,064583,053650,080125,048312,094669,-91083,048027
0000002039,0001698333,074135,070991,083064,064583,075980,080726,019968,096902,-85069,019683
0000002040,0001699167,074133,070927,089682,064583,091080,082203,-09899,098412,-70302,-10184
0000002041,0001700000,074155,070854,094868,064583,097491,084409,-38367,099053,-48245,-38653
0000002042,0001700833,074197,070779,098107,064583,094568,087129,-62648,098761,-21041,-62933
0000002043,0001701667,074257,070709,099079,064583,082596,090097,-80358,097564,008641,-80643
0000002044,0001702500,074328,070652,097697,064583,062765,093023,-89784,095581,037897,-90069
0000002045,0001703333,074403,070613,094095,064583,037001,095620,-89985,093004,063863,-90270
0000002046,0001704167,074475,070596,088630,064583,007828,097632,-80939,090087,083990,-81224
0000002047,0001705000,074537,070602,081846,064583,-21896,098866,-63552,087115,096327,-63837
0000002048,0001705833,074583,070630,074405,064583,-49263,099198,-39508,084378,099650,-39793
0000002049,0001706667,074608,070679,067036,064583,-71587,098596,-11163,082146,093629,-11448
0000002050,0001707500,074609,070743,060452,064583,-86701,097121,018703,080634,078876,018418
0000002051,0001708333,074588,070816,055297,064583,-93108,094915,047172,079993,056815,046887
0000002052,0001709167,074546,070891,052071,064583,-90178,092194,071448,080286,029609,071163
0000002053,0001710000,074486,070960,051083,064583,-78220,089226,089172,081482,-00073,088887
0000002054,0001710833,074416,071017,052438,064583,-58384,086300,098593,083466,-29331,098308
0000002055,0001711667,074341,071056,056006,064583,-32614,083704,098786,086043,-55293,098501
0000002056,0001712500,074269,071074,061439,064583,-03442,081690,089753,088960,-75432,089468
0000002057,0001713333,074207,071068,068213,064583,026283,080457,072359,091933,-87764,072074
0000002058,0001714167,074161,071040,075665,064583,053647,080126,048309,094669,-91076,048023
0000002059,0001715000,074135,070991,083065,064583,075980,080726,019967,096902,-85068,019682
0000002060,0001715833,074133,070927,089683,064583,091087,082202,-09900,098413,-70308,-10185
0000002061,0001716667,074155,070854,094866,064583,097484,084409,-38364,099053,-48241,-38649
0000002062,0001717500,074197,070779,098106,064583,094567,087129,-62648,098761,-21041,-62933
0000002063,0001718333,074257,070709,099081,064583,082602,090097,-80365,097564,008642,-80650
0000002064,0001719167,074328,070652,097695,064583,062761,093023,-89777,095580,037895,-90062
0000002065,0001720000,074403,070613,094095,064583,037000,095620,-89984,093004,063863,-90269
0000002066,0001720833,074475,070595,088633,064583,007828,097633,-80946,090087,083997,-81231
0000002067,0001721667,074537,070602,081847,064583,-21895,098865,-63547,087115,096320,-63832
0000002068,0001722500,074583,070630,074406,064583,-49263,099198,-39507,084378,099649,-39792
0000002069,0001723333,074608,070679,067035,064583,-71594,098597,-11164,082145,093636,-11449
0000002070,0001724167,074609,070743,060453,064583,-86694,097120,018703,080635,078870,018417
0000002071,0001725000,074588,070816,055296,064583,-93107,094915,047172,079994,056814,046887
0000002072,0001725833,074546,070891,052068,064583,-90186,092194,071454,080286,029611,071169
0000002073,0001726667,074486,070960,051085,064583,-78214,089226,089165,081483,-00073,088880
0000002074,0001727500,074416,071017,052438,064583,-58383,086300,098592,083466,-29331,098307
0000002075,0001728333,074341,071056,056005,064583,-32617,083703,098793,086043,-55298,098508
0000002076,0001729167,074269,071074,061441,064583,-03442,081691,089747,088960,-75426,089461
0000002077,0001730000,074207,071068,068214,064583,026284,080457,072358,091933,-87763,072073
0000002078,0001730833,074161,071040,075666,064583,053651,080125,048312,094669,-91084,048027
0000002079,0001731667,074135,070991,083065,064583,075975,080727,019966,096902,-85062,019681
0000002080,0001732500,074133,070927,089683,064583,091087,082203,-09901,098413,-70307,-10186
0000002081,0001733333,074155,070854,094867,064583,097492,084409,-38368,099053,-48245,-38653
0000002082,0001734167,074197,070779,098104,064583,094561,087129,-62643,098760,-21039,-62928
0000002083,0001735000,074257,070709,099080,064583,082602,090097,-80365,097564,008642,-80650
0000002084,0001735833,074328,070652,097697,064583,062766,093023,-89785,095581,037898,-90070
0000002085,0001736667,074403,070613,094095,064583,036997,095619,-89977,093004,063858,-90262
0000002086,0001737500,074475,070595,088634,064583,007827,097633,-80945,090087,083996,-81230
0000002087,0001738333,074537,070602,081849,064583,-21897,098866,-63553,087115,096328,-63838
0000002088,0001739167,074583,070630,074407,064583,-49259,099197,-39504,084378,099642,-39789
0000002089,0001740000,074608,070679,067036,064583,-71593,098597,-11164,082145,093636,-11449
0000002090,0001740833,074609,070743,060452,064583,-86702,097121,018704,080634,078877,018419
0000002091,0001741667,074588,070816,055298,064583,-93100,094914,047169,079994,056810,046884
0000002092,0001742500,074546,070891,052068,064583,-90185,092194,071454,080286,029610,071168
0000002093,0001743333,074486,070960,051083,064583,-78220,089226,089173,081482,-00073,088888
0000002094,0001744167,074416,071017,052441,064583,-58378,086300,098585,083466,-29328,098300
0000002095,0001745000,074341,071056,056007,064583,-32616,083704,098793,086043,-55298,098507
0000002096,0001745833,074269,071074,061441,064583,-03442,081690,089754,088960,-75433,089469
0000002097,0001746667,074207,071068,068216,064583,026282,080458,072353,091932,-87756,072068
0000002098,0001747500,074161,071040,075668,064583,053651,080125,048311,094669,-91083,048026
0000002099,0001748333,074136,070991,083066,064583,075981,080726,019967,096902,-85069,019682
0000002100,0001749167,074133,070927,089682,064583,091080,082203,-09900,098412,-70302,-10185
0000002101,0001750000,074155,070854,094867,064583,097491,084409,-38368,099053,-48244,-38653
0000002102,0001750833,074197,070779,098105,064583,094568,087129,-62649,098761,-21041,-62934
0000002103,0001751667,074257,070709,099078,064583,082596,090097,-80358,097564,008642,-80644
0000002104,0001752500,074328,070652,097697,064583,062765,093023,-89784,095581,037898,-90069
0000002105,0001753333,074403,070613,094097,064583,037000,095620,-89985,093004,063863,-90270
0000002106,0001754167,074475,070595,088634,064583,007827,097632,-80939,090087,083991,-81224
0000002107,0001755000,074537,070601,081850,064583,-21897,098866,-63552,087115,096327,-63837
0000002108,0001755833,074583,070630,074408,064583,-49264,099198,-39507,084378,099650,-39792
0000002109,0001756667,074608,070679,067037,064583,-71588,098596,-11162,082145,093629,-11447
0000002110,0001757500,074609,070743,060452,064583,-86701,097121,018704,080634,078876,018419
0000002111,0001758333,074588,070816,055295,064583,-93108,094915,047172,079993,056815,046887
0000002112,0001759167,074546,070891,052069,064583,-90178,092194,071449,080286,029608,071164
0000002113,0001760000,074486,070960,051083,064583,-78219,089226,089172,081482,-00074,088887
0000002114,0001760833,074416,071017,052439,064583,-58383,086300,098593,083466,-29331,098308
0000002115,0001761667,074341,071056,056009,064583,-32613,083704,098785,086043,-55293,098500
0000002116,0001762500,074269,071074,061443,064583,-03442,081690,089753,088960,-75432,089468
0000002117,0001763333,074207,071068,068217,064583,026284,080457,072359,091933,-87764,072074
0000002118,0001764167,074161,071040,075669,064583,053647,080126,048308,094669,-91076,048023
0000002119,0001765000,074136,070991,083067,064583,075980,080726,019967,096902,-85068,019682
0000002120,0001765833,074133,070927,089683,064583,091087,082203,-09901,098413,-70308,-10186
0000002121,0001766667,074155,070854,094865,064583,097484,084409,-38365,099053,-48241,-38650
0000002122,0001767500,074197,070779,098104,064583,094567,087129,-62648,098761,-21040,-62933
0000002123,0001768333,074257,070709,099080,064583,082602,090097,-80366,097564,008642,-80651
0000002124,0001769167,074328,070652,097696,064583,062761,093023,-89777,095580,037895,-90062
0000002125,0001770000,074403,070613,094097,064583,036999,095620,-89984,093004,063863,-90269
0000002126,0001770833,074475,070595,088636,064583,007827,097633,-80946,090087,083997,-81231
0000002127,0001771667,074537,070601,081851,064583,-21895,098865,-63547,087115,096321,-63832
0000002128,0001772500,074583,070630,074409,064583,-49264,099198,-39506,084378,099649,-39792
0000002129,0001773333,074608,070679,067037,064583,-71594,098597,-11163,082145,093636,-11448
0000002130,0001774167,074610,070743,060453,064583,-86694,097120,018703,080635,078870,018418
0000002131,0001775000,074588,070816,055295,064583,-93107,094915,047172,079994,056814,046887
0000002132,0001775833,074546,070891,052067,064583,-90186,092194,071454,080286,029610,071169
0000002133,0001776667,074486,070960,051085,064583,-78213,089226,089166,081483,-00074,088881
0000002134,0001777500,074416,071017,052440,064583,-58382,086300,098592,083466,-29331,098307
0000002135,0001778333,074341,071056,056008,064583,-32616,083703,098793,086043,-55298,098508
0000002136,0001779167,074269,071074,061445,064583,-03441,081691,089746,088960,-75426,089461
0000002137,0001780000,074207,071068,068219,064583,026284,080457,072358,091933,-87763,072073
0000002138,0001780833,074161,071040,075670,064583,053651,080125,048312,094669,-91084,048027
0000002139,0001781667,074136,070991,083067,064583,075975,080727,019966,096902,-85062,019680
0000002140,0001782500,074134,070927,089683,064583,091087,082203,-09901,098413,-70307,-10186
0000002141,0001783333,074155,070854,094866,064583,097492,084409,-38369,099053,-48245,-38654
0000002142,0001784167,074198,070779,098102,064583,094561,087129,-62643,098760,-21038,-62928
0000002143,0001785000,074257,070709,099079,064583,082601,090098,-80365,097564,008642,-80650
0000002144,0001785833,074328,070652,097698,064583,062766,093023,-89785,095581,037898,-90070
0000002145,0001786667,074403,070613,094097,064583,036997,095619,-89977,093004,063859,-90262
0000002146,0001787500,074475,070595,088637,064583,007827,097633,-80945,090087,083997,-81230
0000002147,0001788333,074537,070601,081852,064583,-21898,098866,-63552,087114,096328,-63837
0000002148,0001789167,074583,070630,074410,064583,-49260,099197,-39503,084378,099642,-39788
0000002149,0001790000,074608,070679,067037,064583,-71594,098597,-11163,082145,093635,-11448
0000002150,0001790833,074610,070743,060452,064583,-86702,097121,018705,080634,078876,018420
0000002151,0001791667,074588,070816,055296,064583,-93100,094914,047169,079994,056810,046884
0000002152,0001792500,074546,070891,052067,064583,-90185,092194,071454,080286,029609,071169
0000002153,0001793333,074486,070960,051083,064583,-78220,089226,089173,081482,-00074,088888
0000002154,0001794167,074416,071017,052442,064583,-58378,086300,098585,083466,-29329,098300
0000002155,0001795000,074341,071056,056009,064583,-32615,083703,098792,086043,-55298,098507
0000002156,0001795833,074269,071074,061445,064583,-03442,081690,089753,088960,-75433,089468
0000002157,0001796667,074207,071068,068220,064583,026282,080458,072353,091932,-87756,072068
0000002158,0001797500,074161,071040,075671,064583,053651,080125,048311,094669,-91083,048026
0000002159,0001798333,074136,070991,083068,064583,075981,080726,019967,096902,-85069,019682
0000002160,0001799167,074134,070927,089682,064583,091080,082203,-09900,098412,-70301,-10185
0000002161,0001800000,074155,070854,094865,064583,097491,084409,-38368,099053,-48244,-38654
0000002162,0001800833,074198,070779,098104,064583,094568,087129,-62649,098761,-21040,-62934
0000002163,0001801667,074257,070709,099077,064583,082595,090097,-80359,097564,008642,-80644
0000002164,0001802500,074328,070652,097698,064583,062765,093023,-89784,095581,037898,-90069
0000002165,0001803333,074403,070613,094099,064583,037000,095620,-89985,093004,063864,-90270
0000002166,0001804167,074475,070595,088637,064583,007826,097632,-80938,090087,083991,-81223
0000002167,0001805000,074537,070601,081853,064583,-21898,098866,-63551,087114,096328,-63836
0000002168,0001805833,074583,070630,074411,064583,-49264,099198,-39507,084378,099650,-39792
0000002169,0001806667,074608,070679,067038,064583,-71588,098596,-11162,082145,093629,-11447
0000002170,0001807500,074610,070743,060452,064583,-86701,097121,018705,080634,078875,018420
0000002171,0001808333,074588,070816,055294,064583,-93108,094915,047173,079993,056814,046888
0000002172,0001809167,074546,070891,052068,064583,-90178,092194,071449,080286,029607,071164
0000002173,0001810000,074486,070960,051083,064583,-78219,089226,089172,081482,-00074,088887
0000002174,0001810833,074416,071017,052440,064583,-58383,086300,098593,083466,-29332,098308
0000002175,0001811667,074341,071056,056012,064583,-32613,083704,098785,086043,-55294,098500
0000002176,0001812500,074269,071074,061447,064583,-03441,081690,089752,088960,-75432,089467
0000002177,0001813333,074207,071068,068221,064583,026284,080457,072358,091933,-87764,072073
0000002178,0001814167,074161,071040,075672,064583,053647,080126,048308,094669,-91076,048023
0000002179,0001815000,074136,070991,083068,064583,075981,080726,019966,096902,-85068,019681
0000002180,0001815833,074134,070927,089683,064583,091088,082203,-09901,098413,-70307,-10186
0000002181,0001816667,074155,070854,094863,064583,097484,084409,-38365,099053,-48240,-38650
0000002182,0001817500,074198,070779,098103,064583,094567,087129,-62649,098761,-21040,-62934
0000002183,0001818333,074257,070709,099079,064583,082602,090098,-80366,097564,008643,-80651
0000002184,0001819167,074328,070652,097696,064583,062760,093023,-89777,095580,037896,-90062
0000002185,0001820000,074403,070613,094099,064583,036999,095620,-89984,093004,063864,-90269
0000002186,0001820833,074475,070595,088639,064583,007827,097633,-80945,090087,083998,-81231
0000002187,0001821667,074537,070601,081854,064583,-21896,098865,-63546,087115,096321,-63831
0000002188,0001822500,074583,070630,074411,064583,-49264,099198,-39506,084378,099649,-39791
0000002189,0001823333,074608,070679,067037,064583,-71595,098597,-11163,082145,093636,-11448
0000002190,0001824167,074610,070743,060453,064583,-86695,097120,018704,080635,078870,018419
0000002191,0001825000,074588,070816,055294,064583,-93107,094915,047173,079994,056813,046888
0000002192,0001825833,074546,070891,052066,064583,-90185,092194,071455,080286,029609,071170
0000002193,0001826667,074486,070960,051084,064583,-78213,089226,089166,081483,-00074,088881
0000002194,0001827500,074416,071017,052441,064583,-58382,086300,098592,083466,-29332,098307
0000002195,0001828333,074341,071056,056011,064583,-32616,083703,098793,086043,-55299,098508
0000002196,0001829167,074269,071074,061449,064583,-03441,081691,089746,088960,-75426,089461
0000002197,0001830000,074207,071068,068222,064583,026284,080457,072358,091933,-87763,072072
0000002198,0001830833,074161,071040,075673,064583,053652,080125,048311,094669,-91084,048026
0000002199,0001831667,074136,070991,083068,064583,075975,080727,019965,096902,-85062,019680
0000002200,0001832500,074134,070927,089683,064583,091087,082203,-09902,098413,-70307,-10187
0000002201,0001833333,074155,070854,094865,064583,097492,084409,-38369,099053,-48245,-38654
0000002202,0001834167,074198,070779,098101,064583,094561,087129,-62644,098760,-21038,-62929
0000002203,0001835000,074257,070709,099078,064583,082601,090098,-80365,097564,008643,-80651
0000002204,0001835833,074328,070652,097698,064583,062765,093023,-89785,095581,037899,-90070
0000002205,0001836667,074403,070613,094098,064583,036996,095619,-89977,093004,063859,-90262
0000002206,0001837500,074475,070595,088639,064583,007826,097633,-80945,090087,083997,-81230
0000002207,0001838333,074537,070601,081855,064583,-21898,098866,-63552,087114,096329,-63837
0000002208,0001839167,074583,070630,074412,064582,-49261,099197,-39503,084378,099642,-39788
0000002209,0001840000,074608,070679,067038,064582,-71594,098597,-11162,082145,093635,-11447
0000002210,0001840833,074610,070743,060451,064582,-86702,097121,018705,080634,078876,018420
0000002211,0001841667,074588,070816,055295,064582,-93100,094914,047170,079994,056809,046885
0000002212,0001842500,074546,070891,052065,064582,-90184,092194,071454,080286,029609,071169
0000002213,0001843333,074486,070960,051082,064582,-78220,089226,089173,081482,-00075,088888
0000002214,0001844167,074416,071017,052443,064582,-58377,086300,098585,083467,-29329,098300
0000002215,0001845000,074341,071056,056012,064582,-32615,083703,098792,086043,-55298,098507
0000002216,0001845833,074269,071074,061449,064582,-03441,081690,089753,088960,-75433,089468
0000002217,0001846667,074207,071068,068224,064582,026283,080458,072352,091933,-87756,072067
0000002218,0001847500,074161,071040,075674,064582,053651,080125,048311,094669,-91083,048026
0000002219,0001848333,074136,070991,083069,064582,075981,080726,019966,096902,-85069,019681
0000002220,0001849167,074134,070927,089682,064582,091080,082203,-09900,098412,-70301,-10186
0000002221,0001850000,074155,070854,094864,064582,097491,084409,-38369,099053,-48244,-38654
0000002222,0001850833,074198,070779,098102,064582,094568,087129,-62649,098761,-21040,-62935
0000002223,0001851667,074257,070709,099076,064582,082595,090098,-80359,097564,008643,-80644
0000002224,0001852500,074328,070652,097698,064582,062764,093023,-89785,095581,037899,-90070
0000002225,0001853333,074403,070613,094100,064582,036999,095620,-89985,093004,063865,-90270
0000002226,0001854167,074475,070595,088639,064582,007826,097632,-80938,090087,083991,-81223
0000002227,0001855000,074537,070601,081856,064582,-21898,098866,-63551,087114,096328,-63836
0000002228,0001855833,074583,070630,074413,064582,-49265,099198,-39506,084378,099650,-39791
0000002229,0001856667,074608,070679,067039,064582,-71589,098596,-11161,082145,093628,-11446
0000002230,0001857500,074610,070743,060451,064582,-86701,097121,018705,080634,078875,018420
0000002231,0001858333,074588,070816,055293,064582,-93108,094915,047173,079993,056813,046888
0000002232,0001859167,074546,070891,052067,064582,-90177,092194,071449,080286,029607,071164
0000002233,0001860000,074486,070960,051082,064582,-78219,089226,089172,081482,-00075,088887
0000002234,0001860833,074416,071017,052441,064582,-58382,086300,098593,083466,-29332,098308
0000002235,0001861667,074341,071056,056014,064582,-32612,083704,098785,086043,-55294,098500
0000002236,0001862500,074269,071074,061450,064582,-03441,081690,089752,088960,-75433,089467
0000002237,0001863333,074207,071068,068224,064582,026285,080457,072358,091933,-87764,072073
0000002238,0001864167,074161,071040,075674,064582,053648,080126,048307,094669,-91076,048022
0000002239,0001865000,074136,070991,083070,064582,075981,080726,019966,096902,-85068,019681
0000002240,0001865833,074134,070927,089683,064582,091088,082203,-09902,098413,-70307,-10187
0000002241,0001866667,074155,070854,094862,064582,097484,084409,-38366,099053,-48240,-38651
0000002242,0001867500,074198,070779,098101,064582,094567,087129,-62649,098761,-21040,-62934
0000002243,0001868333,074257,070709,099078,064582,082602,090098,-80366,097564,008643,-80651
0000002244,0001869167,074328,070652,097696,064582,062760,093023,-89778,095580,037896,-90063
0000002245,0001870000,074403,070613,094101,064582,036999,095620,-89984,093004,063864,-90269
0000002246,0001870833,074475,070595,088641,064582,007826,097633,-80945,090087,083998,-81230
0000002247,0001871667,074537,070601,081856,064582,-21897,098865,-63546,087115,096321,-63831
0000002248,0001872500,074583,070630,074413,064582,-49265,099198,-39505,084378,099649,-39791
0000002249,0001873333,074608,070679,067038,064582,-71595,098597,-11162,082145,093636,-11447
0000002250,0001874167,074610,070743,060452,064582,-86695,097120,018704,080635,078869,018419
0000002251,0001875000,074588,070816,055292,064582,-93107,094915,047173,079994,056813,046888
0000002252,0001875833,074546,070891,052064,064582,-90185,092194,071455,080286,029609,071170
0000002253,0001876667,074486,070960,051084,064582,-78213,089226,089166,081483,-00075,088881
0000002254,0001877500,074416,071017,052441,064582,-58382,086300,098592,083466,-29332,098307
0000002255,0001878333,074341,071056,056013,064582,-32615,083703,098793,086043,-55299,098508
0000002256,0001879167,074269,071074,061452,064582,-03440,081691,089746,088960,-75427,089461
0000002257,0001880000,074207,071068,068225,064582,026285,080457,072357,091933,-87763,072072
0000002258,0001880833,074161,071040,075675,064582,053652,080125,048311,094669,-91084,048026
0000002259,0001881667,074136,070991,083069,064582,075975,080727,019965,096902,-85061,019680
0000002260,0001882500,074134,070927,089683,064582,091087,082203,-09902,098413,-70306,-10187
0000002261,0001883333,074155,070853,094863,064582,097492,084409,-38369,099053,-48244,-38654
0000002262,0001884167,074198,070778,098099,064582,094561,087130,-62644,098760,-21038,-62929
0000002263,0001885000,074257,070709,099077,064582,082601,090098,-80366,097564,008643,-80651
0000002264,0001885833,074328,070652,097698,064582,062765,093023,-89785,095581,037899,-90071
0000002265,0001886667,074403,070613,094100,064582,036996,095619,-89977,093004,063860,-90262
0000002266,0001887500,074475,070595,088642,064582,007826,097633,-80945,090087,083998,-81230
0000002267,0001888333,074537,070601,081858,064582,-21899,098866,-63552,087114,096329,-63837
0000002268,0001889167,074583,070630,074414,064582,-49261,099197,-39502,084378,099642,-39787
0000002269,0001890000,074608,070679,067039,064582,-71594,098597,-11162,082145,093635,-11447
0000002270,0001890833,074610,070743,060451,064582,-86702,097121,018706,080634,078875,018421
0000002271,0001891667,074588,070816,055294,064582,-93100,094914,047170,079994,056809,046885
0000002272,0001892500,074546,070891,052064,064582,-90184,092194,071455,080286,029608,071170
0000002273,0001893333,074486,070960,051081,064582,-78219,089226,089173,081482,-00075,088888
0000002274,0001894167,074416,071017,052443,064582,-58377,086300,098585,083467,-29329,098300
0000002275,0001895000,074341,071056,056014,064582,-32615,083703,098792,086043,-55299,098507
0000002276,0001895833,074269,071074,061452,064582,-03441,081690,089753,088960,-75433,089468
0000002277,0001896667,074207,071068,068227,064582,026283,080458,072352,091933,-87756,072067
0000002278,0001897500,074161,071039,075676,064582,053652,080125,048310,094669,-91083,048025
0000002279,0001898333,074136,070991,083070,064582,075981,080726,019966,096902,-85069,019681
0000002280,0001899167,074134,070927,089682,064582,091080,082203,-09901,098412,-70301,-10186
0000002281,0001900000,074155,070853,094863,064582,097492,084409,-38369,099053,-48244,-38654
0000002282,0001900833,074198,070778,098101,064582,094568,087129,-62650,098761,-21040,-62935
0000002283,0001901667,074257,070709,099075,064582,082595,090098,-80359,097564,008643,-80644
0000002284,0001902500,074328,070652,097698,064582,062764,093023,-89785,095581,037899,-90070
0000002285,0001903333,074403,070613,094102,064582,036999,095620,-89985,093004,063865,-90270
0000002286,0001904167,074475,070595,088641,064582,007825,097632,-80938,090087,083992,-81223
0000002287,0001905000,074537,070601,081858,064582,-21899,098866,-63551,087114,096328,-63836
0000002288,0001905833,074583,070630,074414,064582,-49265,099198,-39506,084378,099650,-39791
0000002289,0001906667,074608,070679,067039,064582,-71589,098596,-11161,082145,093628,-11446
0000002290,0001907500,074610,070743,060451,064582,-86702,097121,018706,080634,078875,018421
0000002291,0001908333,074588,070816,055291,064582,-93108,094915,047174,079993,056813,046889
0000002292,0001909167,074546,070891,052065,064582,-90177,092194,071450,080287,029607,071165
0000002293,0001910000,074486,070960,051081,064582,-78219,089226,089172,081482,-00075,088887
0000002294,0001910833,074416,071017,052441,064582,-58382,086300,098593,083466,-29332,098308
0000002295,0001911667,074341,071056,056016,064582,-32612,083704,098785,086043,-55294,098500
0000002296,0001912500,074269,071074,061453,064582,-03441,081690,089752,088960,-75433,089467
0000002297,0001913333,074207,071068,068227,064582,026285,080457,072358,091933,-87764,072073
0000002298,0001914167,074161,071039,075677,064582,053648,080126,048307,094669,-91076,048022
0000002299,0001915000,074136,070991,083071,064582,075981,080726,019966,096902,-85068,019681
0000002300,0001915833,074134,070927,089683,064582,091088,082203,-09902,098413,-70307,-10187
0000002301,0001916667,074155,070853,094861,064582,097484,084409,-38366,099053,-48240,-38651
0000002302,0001917500,074198,070778,098100,064582,094567,087129,-62649,098761,-21039,-62934
0000002303,0001918333,074257,070709,099077,064582,082602,090098,-80366,097564,008643,-80652
0000002304,0001919167,074328,070652,097697,064582,062760,093023,-89778,095580,037897,-90063
0000002305,0001920000,074403,070613,094102,064582,036998,095620,-89984,093004,063865,-90269
0000002306,0001920833,074475,070595,088643,064582,007826,097633,-80945,090087,083998,-81230
0000002307,0001921667,074537,070601,081858,064582,-21897,098865,-63546,087115,096321,-63831
0000002308,0001922500,074583,070630,074415,064582,-49265,099198,-39505,084378,099649,-39790
0000002309,0001923333,074608,070679,067039,064582,-71595,098597,-11162,082145,093636,-11447
0000002310,0001924167,074610,070743,060452,064582,-86695,097120,018705,080635,078869,018420
0000002311,0001925000,074588,070816,055291,064582,-93107,094915,047174,079994,056812,046888
0000002312,0001925833,074546,070891,052063,064582,-90185,092194,071455,080286,029609,071170
0000002313,0001926667,074486,070960,051083,064582,-78213,089226,089166,081483,-00075,088881
0000002314,0001927500,074416,071017,052442,064582,-58381,086300,098592,083466,-29332,098307
0000002315,0001928333,074341,071056,056014,064582,-32615,083703,098793,086043,-55299,098508
0000002316,0001929167,074269,071074,061454,064582,-03440,081691,089746,088960,-75427,089460
0000002317,0001930000,074207,071068,068228,064582,026285,080457,072357,091933,-87763,072072
0000002318,0001930833,074161,071039,075677,064582,053652,080125,048311,094669,-91084,048026
0000002319,0001931667,074136,070991,083070,064582,075975,080727,019965,096902,-85061,019680
0000002320,0001932500,074134,070927,089683,064582,091087,082203,-09902,098413,-70306,-10187
0000002321,0001933333,074155,070853,094862,064582,097492,084409,-38369,099053,-48244,-38654
0000002322,0001934167,074198,070778,098098,064582,094561,087130,-62644,098760,-21038,-62929
0000002323,0001935000,074257,070709,099076,064582,082601,090098,-80366,097564,008643,-80651
0000002324,0001935833,074328,070652,097698,064582,062765,093023,-89786,095581,037899,-90071
0000002325,0001936667,074403,070613,094101,064582,036996,095619,-89977,093004,063860,-90262
0000002326,0001937500,074475,070595,088644,064582,007825,097633,-80945,090087,083998,-81230
0000002327,0001938333,074537,070601,081860,064582,-21899,098866,-63551,087114,096329,-63836
0000002328,0001939167,074583,070630,074416,064582,-49261,099197,-39502,084378,099642,-39787
0000002329,0001940000,074608,070679,067039,064582,-71595,098597,-11161,082145,093635,-11447
0000002330,0001940833,074610,070743,060450,064582,-86702,097121,018706,080634,078875,018421
0000002331,0001941667,074588,070816,055292,064582,-93100,094914,047170,079994,056809,046885
0000002332,0001942500,074546,070891,052063,064582,-90184,092194,071455,080286,029608,071170
0000002333,0001943333,074486,070960,051081,064582,-78219,089226,089173,081482,-00075,088888
0000002334,0001944167,074416,071017,052443,064582,-58377,086300,098585,083467,-29330,098300
0000002335,0001945000,074341,071056,056015,064582,-32615,083703,098792,086043,-55299,098507
0000002336,0001945833,074269,071074,061454,064582,-03441,081690,089753,088960,-75433,089468
0000002337,0001946667,074207,071068,068229,064582,026283,080458,072352,091933,-87756,072067
0000002338,0001947500,074161,071039,075678,064582,053652,080125,048310,094669,-91083,048025
0000002339,0001948333,074136,070991,083071,064582,075982,080726,019966,096902,-85069,019681
0000002340,0001949167,074134,070927,089681,064582,091080,082203,-09901,098412,-70301,-10186
0000002341,0001950000,074155,070853,094862,064582,097492,084409,-38369,099053,-48244,-38654
0000002342,0001950833,074198,070778,098099,064582,094568,087129,-62650,098761,-21040,-62935
0000002343,0001951667,074257,070709,099074,064582,082595,090098,-80360,097564,008643,-80645
0000002344,0001952500,074328,070652,097698,064582,062764,093023,-89785,095581,037899,-90070
0000002345,0001953333,074403,070613,094103,064582,036999,095620,-89985,093004,063865,-90270
0000002346,0001954167,074475,070595,088643,064582,007825,097632,-80938,090087,083992,-81223
0000002347,0001955000,074537,070601,081860,064582,-21899,098866,-63551,087114,096328,-63836
0000002348,0001955833,074583,070630,074416,064582,-49265,099198,-39506,084378,099650,-39791
0000002349,0001956667,074608,070679,067040,064582,-71589,098596,-11160,082145,093628,-11445
0000002350,0001957500,074610,070743,060450,064582,-86702,097121,018706,080634,078874,018421
0000002351,0001958333,074588,070816,055290,064582,-93108,094915,047174,079993,056813,046889
0000002352,0001959167,074546,070891,052064,064582,-90177,092194,071450,080287,029606,071165
0000002353,0001960000,074486,070960,051080,064582,-78218,089226,089172,081482,-00075,088887
0000002354,0001960833,074416,071017,052442,064582,-58382,086300,098593,083466,-29332,098308
0000002355,0001961667,074341,071056,056017,064582,-32612,083704,098785,086043,-55294,098500
0000002356,0001962500,074269,071074,061455,064582,-03441,081690,089752,088960,-75432,089467
0000002357,0001963333,074207,071068,068230,064582,026285,080457,072358,091933,-87764,072073
0000002358,0001964167,074161,071039,075678,064582,053648,080126,048307,094669,-91076,048022
0000002359,0001965000,074136,070991,083071,064582,075981,080726,019966,096902,-85068,019681
0000002360,0001965833,074134,070927,089682,064582,091088,082203,-09902,098413,-70307,-10187
0000002361,0001966667,074155,070853,094860,064582,097484,084409,-38366,099053,-48240,-38651
0000002362,0001967500,074198,070778,098098,064582,094567,087129,-62649,098761,-21039,-62934
0000002363,0001968333,074257,070709,099076,064582,082602,090098,-80367,097564,008643,-80652
0000002364,0001969167,074328,070652,097697,064582,062760,093023,-89778,095580,037897,-90063
0000002365,0001970000,074403,070613,094103,064582,036998,095620,-89984,093004,063865,-90269
0000002366,0001970833,074475,070595,088645,064582,007826,097633,-80945,090087,083999,-81230
0000002367,0001971667,074537,070601,081861,064582,-21897,098865,-63546,087115,096321,-63831
0000002368,0001972500,074583,070630,074417,064582,-49265,099198,-39505,084378,099649,-39790
0000002369,0001973333,074608,070679,067040,064582,-71595,098597,-11162,082145,093636,-11447
0000002370,0001974167,074610,070743,060451,064582,-86695,097120,018705,080635,078869,018420
0000002371,0001975000,074588,070816,055290,064582,-93107,094915,047174,079994,056812,046889
0000002372,0001975833,074546,070891,052062,064582,-90185,092194,071455,080286,029609,071170
0000002373,0001976667,074486,070960,051082,064582,-78212,089226,089166,081483,-00075,088881
0000002374,0001977500,074416,071017,052442,064582,-58381,086300,098592,083466,-29332,098307
0000002375,0001978333,074341,071056,056016,064582,-32615,083703,098793,086043,-55299,098508
0000002376,0001979167,074269,071074,061456,064582,-03440,081691,089745,088960,-75426,089460
0000002377,0001980000,074207,071068,068230,064582,026285,080457,072357,091933,-87763,072072
0000002378,0001980833,074161,071039,075679,064582,053652,080125,048311,094669,-91084,048026
0000002379,0001981667,074136,070991,083071,064582,075975,080727,019965,096902,-85061,019680
0000002380,0001982500,074134,070927,089682,064582,091087,082203,-09902,098413,-70306,-10187
0000002381,0001983333,074155,070853,094861,064582,097492,084409,-38369,099053,-48244,-38654
0000002382,0001984167,074198,070778,098096,064582,094561,087130,-62644,098760,-21038,-62929
0000002383,0001985000,074257,070709,099075,064582,082601,090098,-80366,097564,008643,-80651
0000002384,0001985833,074328,070652,097698,064582,062765,093023,-89786,095581,037899,-90071
0000002385,0001986667,074403,070613,094102,064582,036996,095619,-89977,093004,063860,-90262
0000002386,0001987500,074475,070595,088646,064582,007825,097633,-80945,090087,083998,-81230
0000002387,0001988333,074537,070601,081862,064582,-21899,098866,-63551,087114,096329,-63836
0000002388,0001989167,074583,070630,074417,064582,-49261,099197,-39502,084378,099642,-39787
0000002389,0001990000,074608,070679,067040,064582,-71595,098597,-11161,082145,093635,-11446
0000002390,0001990833,074610,070743,060450,064582,-86702,097121,018706,080634,078875,018421
0000002391,0001991667,074588,070816,055291,064582,-93100,094914,047170,079994,056808,046885
0000002392,0001992500,074546,070891,052061,064582,-90184,092194,071455,080286,029608,071170
0000002393,0001993333,074486,070960,051080,064582,-78219,089226,089173,081482,-00075,088888
0000002394,0001994167,074416,071017,052443,064582,-58377,086300,098585,083467,-29330,098300
0000002395,0001995000,074341,071056,056016,064582,-32615,083703,098792,086043,-55298,098507
0000002396,0001995833,074269,071074,061456,064582,-03441,081690,089753,088960,-75433,089468
0000002397,0001996667,074207,071068,068231,064582,026283,080458,072352,091933,-87756,072067
0000002398,0001997500,074161,071039,075680,064582,053651,080125,048310,094669,-91083,048025
0000002399,0001998333,074136,070991,083072,064582,075981,080726,019966,096902,-85069,019681
0000002400,0001999167,074134,070927,089681,064582,091080,082203,-09901,098412,-70301,-10186
0000002401,0002000000,074155,070853,094860,064582,097492,084409,-38369,099053,-48244,-38654
0000002402,0002000833,074198,070778,098098,064582,094568,087129,-62650,098761,-21040,-62935
0000002403,0002001667,074257,070709,099073,064582,082595,090098,-80360,097564,008643,-80645
0000002404,0002002500,074328,070652,097698,064582,062764,093023,-89785,095581,037899,-90070
0000002405,0002003333,074403,070613,094104,064582,036999,095620,-89985,093004,063865,-90270
0000002406,0002004167,074475,070595,088645,064582,007825,097632,-80938,090087,083992,-81223
0000002407,0002005000,074537,070601,081862,064582,-21899,098866,-63551,087114,096328,-63836
0000002408,0002005833,074583,070630,074418,064582,-49266,099198,-39506,084378,099650,-39791
0000002409,0002006667,074608,070679,067041,064582,-71589,098596,-11160,082145,093628,-11445
0000002410,0002007500,074610,070743,060450,064582,-86702,097121,018706,080634,078874,018421
0000002411,0002008333,074588,070816,055289,064582,-93108,094915,047174,079993,056813,046889
0000002412,0002009167,074546,070891,052063,064582,-90177,092194,071450,080287,029606,071165
0000002413,0002010000,074486,070960,051079,064582,-78218,089226,089172,081482,-00075,088887
0000002414,0002010833,074416,071017,052441,064582,-58382,086300,098593,083466,-29332,098308
0000002415,0002011667,074341,071056,056018,064582,-32612,083704,098785,086043,-55294,098500
0000002416,0002012500,074269,071074,061456,064582,-03441,081690,089752,088960,-75432,089467
0000002417,0002013333,074207,071068,068231,064582,026285,080457,072358,091933,-87764,072073
0000002418,0002014167,074161,071039,075680,064582,053647,080126,048307,094669,-91076,048022
0000002419,0002015000,074136,070991,083072,064582,075981,080726,019966,096902,-85068,019681
0000002420,0002015833,074134,070926,089682,064582,091088,082203,-09902,098413,-70307,-10187
0000002421,0002016667,074155,070853,094859,064582,097484,084409,-38366,099053,-48240,-38651
0000002422,0002017500,074198,070778,098097,064582,094568,087129,-62649,098761,-21040,-62934
0000002423,0002018333,074257,070709,099075,064582,082602,090098,-80367,097564,008643,-80652
0000002424,0002019167,074328,070652,097696,064582,062760,093023,-89778,095580,037897,-90063
0000002425,0002020000,074403,070613,094104,064582,036998,095620,-89984,093004,063865,-90269
0000002426,0002020833,074475,070595,088647,064582,007826,097633,-80945,090087,083999,-81231
0000002427,0002021667,074537,070601,081863,064582,-21897,098865,-63546,087115,096322,-63831
0000002428,0002022500,074583,070630,074418,064582,-49265,099198,-39505,084378,099649,-39790
0000002429,0002023333,074608,070679,067040,064582,-71595,098597,-11162,082145,093636,-11447
0000002430,0002024167,074610,070743,060451,064582,-86695,097120,018705,080635,078869,018420
0000002431,0002025000,074588,070816,055289,064582,-93107,094915,047174,079994,056812,046889
0000002432,0002025833,074546,070891,052060,064582,-90185,092194,071455,080286,029609,071170
0000002433,0002026667,074486,070960,051081,064582,-78212,089226,089166,081483,-00075,088881
0000002434,0002027500,074416,071017,052442,064582,-58381,086300,098592,083466,-29332,098307
0000002435,0002028333,074341,071056,056016,064582,-32615,083703,098793,086043,-55299,098508
0000002436,0002029167,074269,071074,061458,064582,-03440,081691,089745,088960,-75426,089460
0000002437,0002030000,074207,071068,068232,064582,026285,080457,072357,091933,-87763,072072
0000002438,0002030833,074161,071039,075680,064582,053652,080125,048311,094669,-91084,048026
0000002439,0002031667,074136,070991,083071,064582,075975,080727,019965,096902,-85061,019680
0000002440,0002032500,074134,070926,089682,064582,091087,082203,-09902,098413,-70307,-10187
0000002441,0002033333,074155,070853,094860,064582,097492,084409,-38369,099053,-48244,-38654
0000002442,0002034167,074198,070778,098095,064582,094561,087129,-62644,098760,-21038,-62929
0000002443,0002035000,074257,070709,099074,064582,082601,090098,-80366,097564,008643,-80651
0000002444,0002035833,074328,070652,097698,064582,062765,093023,-89786,095581,037899,-90071
0000002445,0002036667,074403,070613,094103,064582,036996,095619,-89977,093004,063860,-90262
0000002446,0002037500,074476,070595,088647,064582,007826,097633,-80945,090087,083998,-81230
0000002447,0002038333,074537,070601,081864,064582,-21899,098866,-63551,087114,096329,-63837
0000002448,0002039167,074583,070630,074419,064582,-49261,099197,-39502,084378,099642,-39787
0000002449,0002040000,074608,070679,067041,064582,-71595,098597,-11161,082145,093635,-11447
0000002450,0002040833,074610,070743,060450,064582,-86702,097121,018706,080634,078875,018421
0000002451,0002041667,074588,070816,055290,064582,-93100,094914,047170,079994,056809,046885
0000002452,0002042500,074546,070891,052060,064582,-90184,092194,071455,080286,029608,071170
0000002453,0002043333,074487,070960,051078,064582,-78219,089226,089173,081482,-00075,088888
0000002454,0002044167,074416,071017,052443,064582,-58377,086300,098585,083467,-29329,098300
0000002455,0002045000,074341,071056,056017,064582,-32615,083703,098792,086043,-55298,098507
0000002456,0002045833,074269,071074,061457,064582,-03441,081690,089753,088960,-75433,089468
0000002457,0002046667,074207,071068,068233,064582,026283,080458,072352,091933,-87756,072067
0000002458,0002047500,074161,071039,075681,064582,053651,080125,048311,094669,-91083,048026
0000002459,0002048333,074136,070991,083072,064582,075981,080726,019966,096902,-85069,019681
0000002460,0002049167,074134,070926,089680,064582,091080,082203,-09900,098412,-70301,-10185
0000002461,0002050000,074155,070853,094859,064582,097492,084409,-38369,099053,-48244,-38654
0000002462,0002050833,074198,070778,098096,064582,094568,087129,-62650,098761,-21040,-62935
0000002463,0002051667,074257,070709,099072,064582,082596,090098,-80359,097564,008643,-80645
0000002464,0002052500,074328,070652,097698,064582,062765,093023,-89785,095581,037899,-90070
0000002465,0002053333,074403,070613,094105,064582,036999,095620,-89985,093004,063865,-90270
0000002466,0002054167,074476,070595,088647,064582,007825,097632,-80938,090087,083992,-81223
0000002467,0002055000,074537,070601,081864,064582,-21899,098866,-63551,087114,096328,-63836
0000002468,0002055833,074583,070630,074419,064582,-49265,099198,-39506,084378,099650,-39791
0000002469,0002056667,074608,070679,067041,064582,-71589,098596,-11160,082145,093628,-11446
0000002470,0002057500,074610,070743,060450,064582,-86702,097121,018706,080634,078875,018421
0000002471,0002058333,074589,070816,055288,064582,-93108,094915,047174,079993,056813,046889
0000002472,0002059167,074546,070891,052061,064582,-90177,092194,071449,080287,029606,071164
0000002473,0002060000,074487,070960,051078,064582,-78218,089226,089172,081482,-00075,088887
0000002474,0002060833,074416,071017,052441,064582,-58382,086300,098593,083466,-29332,098308
0000002475,0002061667,074341,071056,056018,064582,-32612,083704,098785,086043,-55294,098500
0000002476,0002062500,074269,071074,061458,064582,-03441,081690,089752,088960,-75432,089467
0000002477,0002063333,074207,071068,068233,064582,026284,080457,072358,091933,-87764,072073
0000002478,0002064167,074161,071039,075681,064582,053647,080126,048308,094669,-91076,048022
0000002479,0002065000,074136,070991,083072,064582,075981,080726,019966,096902,-85068,019681
0000002480,0002065833,074134,070926,089681,064582,091088,082203,-09901,098413,-70307,-10186
0000002481,0002066667,074155,070853,094857,064582,097484,084409,-38365,099053,-48240,-38651
0000002482,0002067500,074198,070778,098096,064582,094568,087129,-62649,098761,-21040,-62934
0000002483,0002068333,074257,070709,099074,064582,082602,090098,-80366,097564,008643,-80652
0000002484,0002069167,074328,070652,097696,064582,062760,093023,-89778,095580,037896,-90063
0000002485,0002070000,074403,070613,094105,064582,036999,095620,-89984,093004,063864,-90269
0000002486,0002070833,074476,070595,088649,064582,007826,097633,-80946,090087,083998,-81231
0000002487,0002071667,074537,070601,081864,064582,-21897,098865,-63546,087115,096322,-63831
0000002488,0002072500,074583,070630,074420,064582,-49265,099198,-39505,084378,099649,-39790
0000002489,0002073333,074608,070679,067041,064582,-71595,098597,-11162,082145,093636,-11447
0000002490,0002074167,074610,070743,060451,064582,-86695,097120,018705,080635,078869,018420
0000002491,0002075000,074589,070816,055288,064582,-93107,094915,047173,079994,056813,046888
0000002492,0002075833,074546,070891,052059,064582,-90185,092194,071455,080286,029609,071170
0000002493,0002076667,074487,070960,051080,064582,-78212,089226,089166,081483,-00075,088881
0000002494,0002077500,074416,071017,052441,064582,-58381,086300,098592,083466,-29332,098307
0000002495,0002078333,074341,071056,056017,064582,-32615,083703,098793,086043,-55298,098507
0000002496,0002079167,074269,071074,061459,064582,-03441,081691,089746,088960,-75426,089460
0000002497,0002080000,074207,071068,068233,064582,026284,080457,072357,091933,-87763,072072
0000002498,0002080833,074161,071039,075681,064582,053651,080125,048311,094669,-91084,048026
0000002499,0002081667,074136,070991,083072,064582,075975,080727,019965,096902,-85061,019680
0000002500,0002082500,074134,070926,089681,064582,091087,082203,-09901,098413,-70307,-10186
0000002501,0002083333,074155,070853,094859,064582,097492,084409,-38369,099053,-48245,-38654
0000002502,0002084167,074198,070778,098093,064582,094561,087129,-62644,098760,-21038,-62929
0000002503,0002085000,074257,070709,099074,064582,082602,090098,-80366,097564,008643,-80651
0000002504,0002085833,074328,070652,097698,064582,062765,093023,-89786,095581,037899,-90071
0000002505,0002086667,074404,070613,094104,064582,036996,095619,-89977,093004,063860,-90262
0000002506,0002087500,074476,070595,088649,064582,007826,097633,-80945,090087,083998,-81230
0000002507,0002088333,074537,070601,081866,064582,-21899,098866,-63552,087114,096329,-63837
0000002508,0002089167,074583,070630,074420,064582,-49261,099197,-39502,084378,099642,-39787
0000002509,0002090000,074608,070679,067041,064582,-71595,098597,-11162,082145,093635,-11447
0000002510,0002090833,074610,070743,060449,064582,-86702,097121,018706,080634,078875,018421
0000002511,0002091667,074589,070816,055289,064582,-93100,094914,047170,079994,056809,046885
0000002512,0002092500,074546,070890,052058,064582,-90184,092194,071454,080286,029608,071169
0000002513,0002093333,074487,070960,051077,064582,-78219,089226,089173,081482,-00075,088888
0000002514,0002094167,074416,071017,052443,064582,-58377,086300,098585,083467,-29329,098300
0000002515,0002095000,074341,071056,056017,064582,-32615,083703,098792,086043,-55298,098507
0000002516,0002095833,074269,071074,061458,064582,-03441,081690,089753,088960,-75433,089468
0000002517,0002096667,074207,071068,068234,064582,026282,080458,072352,091932,-87756,072067
0000002518,0002097500,074161,071039,075682,064582,053651,080125,048311,094669,-91083,048026
0000002519,0002098333,074136,070991,083072,064582,075981,080726,019967,096902,-85069,019682
0000002520,0002099167,074134,070926,089680,064582,091080,082203,-09900,098412,-70301,-10185
0000002521,0002100000,074155,070853,094858,064582,097492,084409,-38368,099053,-48244,-38654
0000002522,0002100833,074198,070778,098095,064582,094569,087129,-62649,098761,-21040,-62934
0000002523,0002101667,074257,070709,099071,064582,082596,090098,-80359,097564,008642,-80644
0000002524,0002102500,074328,070652,097698,064582,062765,093023,-89785,095581,037899,-90070
0000002525,0002103333,074404,070613,094106,064582,036999,095620,-89985,093004,063865,-90270
0000002526,0002104167,074476,070595,088648,064582,007826,097632,-80939,090087,083992,-81224
0000002527,0002105000,074537,070601,081866,064582,-21899,098866,-63551,087114,096328,-63836
0000002528,0002105833,074583,070630,074421,064582,-49265,099198,-39506,084378,099650,-39791
0000002529,0002106667,074608,070679,067042,064582,-71589,098596,-11161,082145,093628,-11446
0000002530,0002107500,074610,070743,060449,064582,-86701,097121,018706,080634,078875,018421
0000002531,0002108333,074589,070816,055287,064582,-93108,094915,047173,079993,056813,046888
0000002532,0002109167,074546,070890,052060,064582,-90177,092194,071449,080287,029607,071164
0000002533,0002110000,074487,070960,051077,064582,-78218,089226,089172,081482,-00075,088887
0000002534,0002110833,074416,071017,052441,064582,-58382,086300,098593,083466,-29332,098308
0000002535,0002111667,074341,071056,056019,064582,-32613,083704,098785,086043,-55293,098500
0000002536,0002112500,074269,071074,061459,064582,-03441,081690,089752,088960,-75432,089467
0000002537,0002113333,074207,071068,068234,064582,026284,080457,072358,091933,-87763,072073
0000002538,0002114167,074161,071039,075682,064582,053647,080126,048308,094669,-91076,048023
0000002539,0002115000,074136,070990,083072,064582,075980,080726,019967,096902,-85068,019682
0000002540,0002115833,074134,070926,089681,064582,091087,082203,-09901,098413,-70308,-10186
0000002541,0002116667,074155,070853,094856,064582,097484,084409,-38365,099053,-48241,-38650
0000002542,0002117500,074198,070778,098094,064582,094568,087129,-62649,098761,-21040,-62934
0000002543,0002118333,074257,070709,099073,064582,082603,090098,-80366,097565,008643,-80651
0000002544,0002119167,074328,070652,097696,064582,062760,093023,-89778,095580,037896,-90063
0000002545,0002120000,074404,070613,094106,064582,036999,095620,-89984,093004,063864,-90270
0000002546,0002120833,074476,070595,088650,064582,007826,097633,-80946,090087,083998,-81231
0000002547,0002121667,074537,070601,081866,064582,-21897,098865,-63546,087115,096321,-63831
0000002548,0002122500,074583,070630,074421,064582,-49265,099198,-39506,084378,099649,-39791
0000002549,0002123333,074608,070679,067042,064582,-71595,098597,-11162,082145,093636,-11447
0000002550,0002124167,074610,070743,060450,064582,-86695,097120,018704,080635,078869,018419
0000002551,0002125000,074589,070816,055287,064582,-93107,094915,047173,079994,056813,046888
0000002552,0002125833,074546,070890,052057,064582,-90185,092194,071455,080286,029609,071170
0000002553,0002126667,074487,070960,051079,064582,-78213,089226,089166,081483,-00074,088880
0000002554,0002127500,074416,071017,052441,064582,-58382,086300,098592,083466,-29331,098307
0000002555,0002128333,074341,071056,056017,064582,-32616,083703,098793,086043,-55298,098507
0000002556,0002129167,074269,071074,061460,064582,-03441,081691,089746,088960,-75426,089461
0000002557,0002130000,074207,071068,068234,064582,026284,080457,072358,091933,-87763,072072
0000002558,0002130833,074161,071039,075682,064582,053651,080125,048312,094669,-91084,048027
0000002559,0002131667,074136,070990,083072,064582,075975,080727,019966,096902,-85062,019681
0000002560,0002132500,074134,070926,089681,064582,091087,082203,-09901,098413,-70307,-10186
0000002561,0002133333,074155,070853,094857,064582,097492,084409,-38368,099053,-48245,-38654
0000002562,0002134167,074198,070778,098092,064582,094561,087129,-62644,098760,-21039,-62929
0000002563,0002135000,074258,070709,099073,064582,082602,090098,-80366,097564,008643,-80651
0000002564,0002135833,074328,070652,097698,064582,062766,093023,-89786,095581,037899,-90071
0000002565,0002136667,074404,070613,094105,064582,036997,095619,-89977,093004,063860,-90263
0000002566,0002137500,074476,070595,088650,064582,007826,097633,-80945,090087,083998,-81230
0000002567,0002138333,074537,070601,081867,064582,-21898,098866,-63552,087114,096329,-63837
0000002568,0002139167,074583,070630,074422,064582,-49261,099197,-39502,084378,099642,-39788
0000002569,0002140000,074608,070679,067042,064582,-71594,098597,-11162,082145,093635,-11447
0000002570,0002140833,074610,070743,060449,064582,-86702,097121,018705,080634,078876,018420
0000002571,0002141667,074589,070816,055288,064582,-93100,094914,047170,079994,056809,046885
0000002572,0002142500,074546,070890,052057,064582,-90184,092194,071454,080286,029609,071169
0000002573,0002143333,074487,070960,051076,064582,-78219,089226,089173,081482,-00074,088887
0000002574,0002144167,074416,071017,052442,064582,-58377,086300,098585,083467,-29329,098300
0000002575,0002145000,074341,071056,056017,064582,-32615,083704,098792,086043,-55298,098507
0000002576,0002145833,074269,071074,061459,064582,-03442,081690,089753,088960,-75432,089468
0000002577,0002146667,074207,071068,068235,064582,026282,080458,072353,091932,-87756,072068
0000002578,0002147500,074161,071039,075682,064582,053650,080125,048311,094669,-91083,048026
0000002579,0002148333,074136,070990,083073,064582,075981,080726,019967,096902,-85069,019682
0000002580,0002149167,074134,070926,089679,064582,091080,082203,-09900,098412,-70302,-10185
0000002581,0002150000,074155,070853,094857,064582,097492,084409,-38368,099053,-48245,-38653
0000002582,0002150833,074198,070778,098094,064582,094569,087129,-62649,098761,-21041,-62934
0000002583,0002151667,074258,070709,099071,064582,082596,090097,-80359,097564,008642,-80644
0000002584,0002152500,074328,070652,097698,064582,062765,093023,-89785,095581,037898,-90070
0000002585,0002153333,074404,070613,094106,064582,037000,095620,-89985,093004,063864,-90270
0000002586,0002154167,074476,070595,088650,064582,007826,097632,-80939,090087,083992,-81224
0000002587,0002155000,074537,070601,081868,064582,-21898,098866,-63551,087114,096328,-63836
0000002588,0002155833,074583,070630,074422,064582,-49265,099198,-39506,084378,099650,-39791
0000002589,0002156667,074608,070679,067043,064582,-71589,098596,-11161,082145,093629,-11446
0000002590,0002157500,074610,070743,060449,064582,-86701,097121,018705,080634,078875,018420
0000002591,0002158333,074589,070816,055286,064582,-93108,094915,047173,079993,056813,046888
0000002592,0002159167,074546,070890,052058,064582,-90177,092194,071449,080287,029607,071164
0000002593,0002160000,074487,070960,051076,064582,-78219,089226,089172,081482,-00074,088887
0000002594,0002160833,074416,071017,052440,064582,-58382,086300,098593,083466,-29331,098307
0000002595,0002161667,074341,071056,056019,064582,-32613,083704,098785,086043,-55293,098500
0000002596,0002162500,074269,071074,061459,064582,-03442,081690,089752,088960,-75432,089467
0000002597,0002163333,074207,071068,068235,064582,026284,080457,072358,091933,-87763,072073
0000002598,0002164167,074161,071039,075682,064582,053646,080126,048308,094669,-91076,048023
0000002599,0002165000,074136,070990,083072,064582,075980,080726,019967,096902,-85068,019682
0000002600,0002165833,074134,070926,089680,064582,091087,082202,-09901,098413,-70308,-10186
0000002601,0002166667,074155,070853,094855,064582,097484,084409,-38365,099053,-48241,-38650
0000002602,0002167500,074198,070778,098093,064582,094568,087129,-62648,098761,-21041,-62934
0000002603,0002168333,074258,070709,099072,064582,082603,090097,-80366,097565,008642,-80651
0000002604,0002169167,074328,070652,097696,064582,062761,093023,-89778,095580,037896,-90063
0000002605,0002170000,074404,070613,094106,064582,036999,095620,-89985,093004,063864,-90270
0000002606,0002170833,074476,070595,088651,064582,007827,097633,-80946,090087,083998,-81231
0000002607,0002171667,074537,070601,081868,064582,-21896,098865,-63546,087115,096321,-63831
0000002608,0002172500,074583,070630,074422,064582,-49265,099198,-39506,084378,099649,-39791
0000002609,0002173333,074608,070679,067042,064582,-71595,098597,-11163,082145,093636,-11448
0000002610,0002174167,074610,070743,060450,064582,-86695,097120,018704,080635,078869,018419
0000002611,0002175000,074589,070816,055286,064582,-93107,094915,047173,079994,056813,046888
0000002612,0002175833,074546,070890,052056,064582,-90185,092194,071454,080286,029609,071169
0000002613,0002176667,074487,070960,051077,064582,-78213,089226,089165,081483,-00074,088880
0000002614,0002177500,074416,071017,052440,064582,-58382,086300,098592,083466,-29331,098307
0000002615,0002178333,074341,071056,056017,064582,-32616,083703,098793,086043,-55298,098507
0000002616,0002179167,074269,071074,061460,064582,-03441,081691,089746,088960,-75425,089461
0000002617,0002180000,074207,071068,068235,064582,026283,080457,072358,091933,-87762,072073
0000002618,0002180833,074161,071039,075683,064582,053651,080125,048312,094669,-91084,048027
0000002619,0002181667,074136,070990,083072,064582,075974,080727,019966,096902,-85062,019681
0000002620,0002182500,074134,070926,089680,064582,091087,082203,-09900,098413,-70307,-10185
0000002621,0002183333,074155,070853,094856,064582,097492,084409,-38368,099053,-48245,-38653
0000002622,0002184167,074198,070778,098091,064582,094561,087129,-62643,098760,-21039,-62928
0000002623,0002185000,074258,070709,099072,064582,082602,090097,-80365,097564,008642,-80651
0000002624,0002185833,074328,070652,097698,064582,062766,093023,-89786,095581,037898,-90071
0000002625,0002186667,074404,070613,094105,064582,036997,095619,-89978,093004,063859,-90263
0000002626,0002187500,074476,070595,088652,064582,007827,097633,-80945,090087,083997,-81230
0000002627,0002188333,074537,070601,081869,064582,-21898,098866,-63552,087114,096329,-63837
0000002628,0002189167,074583,070630,074423,064582,-49261,099197,-39503,084378,099642,-39788
0000002629,0002190000,074608,070679,067042,064582,-71594,098597,-11162,082145,093635,-11447
0000002630,0002190833,074610,070743,060449,064582,-86702,097121,018705,080634,078876,018420
0000002631,0002191667,074589,070816,055287,064582,-93100,094914,047169,079994,056809,046884
0000002632,0002192500,074546,070890,052056,064582,-90184,092194,071454,080286,029609,071169
0000002633,0002193333,074487,070960,051075,064582,-78219,089226,089172,081482,-00074,088887
0000002634,0002194167,074416,071017,052442,064582,-58377,086300,098585,083466,-29328,098300
0000002635,0002195000,074341,071056,056017,064582,-32616,083704,098792,086043,-55297,098507
0000002636,0002195833,074269,071074,061459,064582,-03442,081690,089753,088960,-75432,089468
0000002637,0002196667,074207,071068,068236,064582,026281,080458,072353,091932,-87755,072068
0000002638,0002197500,074161,071039,075683,064582,053650,080125,048312,094669,-91083,048027
0000002639,0002198333,074136,070990,083073,064582,075980,080726,019968,096902,-85069,019683
0000002640,0002199167,074134,070926,089679,064582,091080,082203,-09899,098412,-70302,-10184
0000002641,0002200000,074155,070853,094856,064582,097491,084409,-38368,099053,-48245,-38653
0000002642,0002200833,074198,070778,098092,064582,094569,087129,-62649,098761,-21041,-62934
0000002643,0002201667,074258,070709,099070,064582,082596,090097,-80359,097564,008642,-80644
0000002644,0002202500,074328,070652,097698,064582,062766,093023,-89785,095581,037898,-90070
0000002645,0002203333,074404,070613,094107,064582,037000,095620,-89985,093004,063864,-90271
0000002646,0002204167,074476,070595,088651,064582,007826,097632,-80939,090087,083991,-81224
0000002647,0002205000,074537,070601,081869,064582,-21898,098866,-63552,087114,096328,-63837
0000002648,0002205833,074583,070630,074423,064582,-49265,099198,-39507,084378,099650,-39792
0000002649,0002206667,074608,070679,067043,064582,-71589,098596,-11161,082145,093629,-11446
0000002650,0002207500,074610,070743,060449,064582,-86701,097121,018705,080634,078875,018420
0000002651,0002208333,074589,070816,055285,064582,-93108,094915,047173,079993,056814,046888
0000002652,0002209167,074546,070890,052057,064582,-90177,092194,071449,080287,029607,071164
0000002653,0002210000,074487,070960,051075,064582,-78219,089226,089172,081482,-00074,088886
0000002654,0002210833,074416,071017,052439,064582,-58383,086300,098592,083466,-29331,098307
0000002655,0002211667,074341,071056,056019,064582,-32613,083704,098785,086043,-55293,098500
0000002656,0002212500,074269,071074,061460,064582,-03442,081690,089752,088960,-75431,089467
0000002657,0002213333,074207,071068,068236,064582,026283,080457,072359,091933,-87763,072074
0000002658,0002214167,074161,071039,075683,064582,053646,080126,048309,094669,-91076,048024
0000002659,0002215000,074136,070990,083072,064582,075980,080726,019968,096902,-85068,019683
0000002660,0002215833,074134,070926,089680,064582,091087,082202,-09900,098413,-70308,-10185
0000002661,0002216667,074155,070853,094854,064582,097484,084409,-38364,099053,-48241,-38649
0000002662,0002217500,074198,070778,098092,064582,094568,087129,-62648,098761,-21041,-62933
0000002663,0002218333,074258,070709,099071,064582,082603,090097,-80366,097565,008642,-80651
0000002664,0002219167,074328,070652,097696,064582,062761,093023,-89778,095580,037895,-90063
0000002665,0002220000,074404,070613,094107,064582,037000,095620,-89985,093004,063864,-90270
0000002666,0002220833,074476,070595,088653,064582,007827,097633,-80946,090087,083998,-81231
0000002667,0002221667,074537,070601,081869,064582,-21896,098865,-63547,087115,096321,-63832
0000002668,0002222500,074583,070630,074423,064582,-49264,099198,-39506,084378,099649,-39791
0000002669,0002223333,074608,070679,067043,064582,-71595,098597,-11163,082145,093636,-11448
0000002670,0002224167,074610,070743,060450,064582,-86695,097120,018704,080635,078870,018419
0000002671,0002225000,074589,070816,055285,064582,-93107,094915,047172,079994,056813,046887
0000002672,0002225833,074546,070890,052055,064582,-90185,092194,071454,080286,029610,071169
0000002673,0002226667,074487,070960,051076,064582,-78213,089226,089165,081483,-00073,088880
0000002674,0002227500,074416,071017,052439,064582,-58382,086300,098592,083466,-29331,098306
0000002675,0002228333,074341,071056,056017,064582,-32616,083704,098793,086043,-55297,098507
0000002676,0002229167,074269,071074,061461,064582,-03442,081691,089746,088960,-75425,089461
0000002677,0002230000,074207,071068,068236,064582,026283,080457,072358,091933,-87762,072073
0000002678,0002230833,074161,071039,075683,064582,053650,080125,048312,094669,-91084,048027
0000002679,0002231667,074136,070990,083072,064582,075974,080727,019967,096902,-85062,019682
0000002680,0002232500,074134,070926,089679,064582,091086,082203,-09900,098413,-70308,-10185
0000002681,0002233333,074155,070853,094855,064582,097492,084409,-38368,099053,-48246,-38653
0000002682,0002234167,074198,070778,098090,064582,094561,087129,-62643,098760,-21039,-62928
0000002683,0002235000,074258,070709,099071,064582,082602,090097,-80365,097564,008642,-80650
0000002684,0002235833,074328,070652,097698,064582,062766,093023,-89786,095581,037898,-90071
0000002685,0002236667,074404,070613,094106,064582,036997,095619,-89978,093004,063859,-90263
0000002686,0002237500,074476,070595,088653,064582,007827,097633,-80945,090087,083997,-81231
0000002687,0002238333,074537,070601,081870,064582,-21898,098866,-63552,087114,096329,-63838
0000002688,0002239167,074583,070630,074424,064582,-49260,099197,-39503,084378,099642,-39788
0000002689,0002240000,074608,070679,067043,064582,-71594,098597,-11163,082145,093635,-11448
0000002690,0002240833,074610,070743,060448,064582,-86702,097121,018705,080634,078876,018420
0000002691,0002241667,074589,070816,055286,064582,-93100,094914,047169,079994,056809,046884
0000002692,0002242500,074546,070890,052055,064582,-90184,092194,071454,080286,029609,071168
0000002693,0002243333,074487,070960,051074,064582,-78220,089226,089172,081482,-00074,088887
0000002694,0002244167,074416,071017,052441,064582,-58378,086300,098584,083466,-29328,098299
0000002695,0002245000,074341,071056,056017,064582,-32616,083704,098792,086043,-55297,098507
0000002696,0002245833,074269,071074,061460,064582,-03443,081690,089753,088960,-75432,089468
0000002697,0002246667,074207,071068,068237,064582,026281,080458,072353,091932,-87755,072068
0000002698,0002247500,074161,071039,075683,064582,053650,080125,048312,094669,-91083,048027
0000002699,0002248333,074136,070990,083072,064582,075980,080726,019968,096902,-85069,019683
0000002700,0002249167,074134,070926,089678,064582,091080,082203,-09899,098412,-70302,-10184
0000002701,0002250000,074155,070853,094855,064582,097491,084409,-38367,099053,-48245,-38652
0000002702,0002250833,074198,070778,098091,064582,094569,087129,-62648,098761,-21042,-62934
0000002703,0002251667,074258,070709,099069,064582,082597,090097,-80359,097564,008641,-80644
0000002704,0002252500,074328,070652,097698,064582,062766,093023,-89785,095581,037898,-90070
0000002705,0002253333,074404,070613,094107,064582,037000,095620,-89986,093004,063864,-90271
0000002706,0002254167,074476,070595,088652,064582,007827,097632,-80939,090087,083991,-81224
0000002707,0002255000,074537,070601,081870,064582,-21898,098866,-63552,087114,096328,-63837
0000002708,0002255833,074583,070630,074424,064582,-49264,099198,-39507,084378,099650,-39792
0000002709,0002256667,074608,070679,067044,064582,-71588,098596,-11162,082145,093629,-11447
0000002710,0002257500,074610,070743,060448,064582,-86701,097121,018705,080634,078875,018420
0000002711,0002258333,074589,070816,055284,064582,-93108,094915,047173,079993,056814,046887
0000002712,0002259167,074546,070890,052056,064582,-90177,092194,071448,080287,029608,071163
0000002713,0002260000,074487,070960,051074,064582,-78219,089226,089171,081482,-00074,088886
0000002714,0002260833,074416,071017,052439,064582,-58383,086300,098592,083466,-29331,098307
0000002715,0002261667,074341,071056,056019,064582,-32614,083704,098785,086043,-55292,098500
0000002716,0002262500,074269,071074,061460,064582,-03442,081690,089752,088960,-75431,089467
0000002717,0002263333,074207,071068,068236,064582,026283,080457,072359,091933,-87763,072074
0000002718,0002264167,074161,071039,075683,064582,053646,080126,048309,094669,-91076,048024
0000002719,0002265000,074136,070990,083072,064582,075979,080726,019968,096902,-85069,019683
0000002720,0002265833,074134,070926,089679,064582,091087,082202,-09900,098413,-70308,-10185
0000002721,0002266667,074155,070853,094853,064582,097484,084409,-38364,099053,-48242,-38649
0000002722,0002267500,074198,070778,098091,064582,094568,087129,-62648,098761,-21041,-62933
0000002723,0002268333,074258,070709,099071,064582,082603,090097,-80366,097565,008641,-80651
0000002724,0002269167,074328,070652,097696,064582,062761,093023,-89778,095580,037895,-90063
0000002725,0002270000,074404,070613,094107,064582,037000,095620,-89985,093004,063863,-90270
0000002726,0002270833,074476,070595,088653,064582,007827,097633,-80946,090087,083998,-81231
0000002727,0002271667,074537,070601,081870,064582,-21896,098865,-63547,087115,096321,-63832
0000002728,0002272500,074583,070630,074424,064582,-49264,099198,-39506,084378,099649,-39792
0000002729,0002273333,074608,070679,067043,064582,-71594,098597,-11163,082145,093636,-11448
0000002730,0002274167,074610,070743,060449,064582,-86694,097120,018703,080635,078870,018418
0000002731,0002275000,074589,070816,055284,064582,-93107,094915,047172,079994,056813,046887
0000002732,0002275833,074546,070890,052054,064582,-90185,092194,071454,080286,029610,071169
0000002733,0002276667,074487,070960,051075,064582,-78213,089226,089165,081483,-00073,088880
0000002734,0002277500,074416,071017,052439,064582,-58382,086300,098591,083466,-29330,098306
0000002735,0002278333,074341,071056,056017,064582,-32617,083704,098793,086043,-55297,098507
0000002736,0002279167,074269,071074,061461,064582,-03442,081691,089746,088960,-75425,089461
0000002737,0002280000,074207,071068,068236,064582,026283,080457,072358,091933,-87762,072073
0000002738,0002280833,074161,071039,075684,064582,053650,080125,048313,094669,-91084,048028
0000002739,0002281667,074136,070990,083072,064582,075974,080727,019967,096902,-85062,019682
0000002740,0002282500,074134,070926,089679,064582,091086,082202,-09900,098413,-70308,-10185
0000002741,0002283333,074155,070853,094854,064582,097492,084409,-38367,099053,-48246,-38652
0000002742,0002284167,074198,070778,098089,064582,094561,087129,-62643,098760,-21040,-62928
0000002743,0002285000,074258,070709,099070,064582,082603,090097,-80365,097565,008641,-80650
0000002744,0002285833,074328,070652,097698,064582,062767,093023,-89786,095581,037898,-90071
0000002745,0002286667,074404,070613,094106,064582,036998,095619,-89978,093004,063859,-90263
0000002746,0002287500,074476,070595,088654,064582,007827,097633,-80946,090087,083997,-81231
0000002747,0002288333,074537,070601,081871,064582,-21897,098866,-63553,087115,096329,-63838
0000002748,0002289167,074583,070630,074425,064582,-49260,099198,-39503,084378,099642,-39788
0000002749,0002290000,074608,070679,067043,064582,-71594,098597,-11163,082145,093636,-11448
0000002750,0002290833,074610,070743,060448,064582,-86702,097121,018704,080634,078876,018419
0000002751,0002291667,074589,070816,055285,064582,-93100,094914,047169,079994,056810,046884
0000002752,0002292500,074546,070890,052053,064582,-90184,092194,071453,080286,029610,071168
0000002753,0002293333,074487,070960,051073,064582,-78220,089226,089172,081482,-00073,088887
0000002754,0002294167,074416,071017,052440,064582,-58378,086301,098584,083466,-29328,098299
0000002755,0002295000,074341,071056,056017,064582,-32616,083704,098792,086043,-55297,098507
0000002756,0002295833,074269,071074,061460,064582,-03443,081690,089753,088960,-75431,089468
0000002757,0002296667,074207,071068,068237,064582,026281,080458,072353,091932,-87755,072068
0000002758,0002297500,074161,071039,075684,064582,053649,080125,048312,094669,-91083,048027
0000002759,0002298333,074136,070990,083072,064582,075980,080726,019968,096902,-85069,019683
0000002760,0002299167,074134,070926,089677,064582,091080,082203,-09898,098412,-70302,-10183
0000002761,0002300000,074155,070853,094854,064582,097491,084409,-38367,099053,-48246,-38652
0000002762,0002300833,074198,070778,098090,064582,094569,087129,-62648,098761,-21042,-62933
0000002763,0002301667,074258,070709,099068,064582,082597,090097,-80359,097564,008641,-80644
0000002764,0002302500,074328,070652,097697,064582,062766,093023,-89785,095581,037898,-90070
0000002765,0002303333,074404,070612,094108,064582,037001,095620,-89986,093004,063864,-90271
0000002766,0002304167,074476,070595,088653,064582,007827,097632,-80939,090087,083991,-81224
0000002767,0002305000,074537,070601,081871,064582,-21897,098866,-63552,087115,096328,-63837
0000002768,0002305833,074583,070630,074425,064582,-49264,099198,-39507,084378,099650,-39792
0000002769,0002306667,074608,070679,067044,064582,-71588,098596,-11162,082145,093629,-11447
0000002770,0002307500,074610,070743,060448,064582,-86701,097121,018704,080634,078875,018419
0000002771,0002308333,074589,070816,055283,064582,-93108,094915,047172,079993,056814,046887
0000002772,0002309167,074546,070890,052055,064582,-90177,092194,071448,080287,029608,071163
0000002773,0002310000,074487,070960,051073,064582,-78219,089226,089171,081482,-00073,088886
0000002774,0002310833,074416,071017,052438,064582,-58383,086300,098592,083466,-29330,098307
0000002775,0002311667,074341,071056,056019,064582,-32614,083704,098785,086043,-55292,098500
0000002776,0002312500,074269,071074,061460,064582,-03443,081690,089752,088960,-75431,089467
0000002777,0002313333,074207,071068,068237,064582,026282,080457,072359,091932,-87763,072074
0000002778,0002314167,074161,071039,075684,064582,053645,080126,048309,094669,-91076,048024
0000002779,0002315000,074136,070990,083072,064582,075979,080726,019968,096902,-85069,019683
0000002780,0002315833,074134,070926,089678,064582,091087,082202,-09899,098413,-70309,-10184
0000002781,0002316667,074155,070853,094852,064582,097484,084409,-38364,099053,-48242,-38649
0000002782,0002317500,074198,070778,098090,064582,094568,087129,-62648,098761,-21042,-62933
0000002783,0002318333,074258,070709,099070,064582,082604,090097,-80366,097565,008641,-80651
0000002784,0002319167,074328,070652,097695,064582,062762,093023,-89778,095580,037895,-90063
0000002785,0002320000,074404,070612,094108,064582,037000,095620,-89985,093004,063863,-90270
0000002786,0002320833,074476,070595,088654,064582,007828,097633,-80947,090087,083998,-81232
0000002787,0002321667,074537,070601,081871,064582,-21895,098865,-63547,087115,096321,-63832
0000002788,0002322500,074583,070630,074425,064582,-49264,099198,-39507,084378,099649,-39792
0000002789,0002323333,074608,070679,067043,064582,-71594,098597,-11163,082145,093636,-11448
0000002790,0002324167,074610,070743,060449,064582,-86694,097120,018703,080635,078870,018418
0000002791,0002325000,074589,070816,055283,064582,-93107,094915,047172,079994,056814,046887
0000002792,0002325833,074546,070890,052052,064582,-90185,092194,071454,080286,029610,071169
0000002793,0002326667,074487,070960,051074,064582,-78213,089226,089165,081483,-00073,088880
0000002794,0002327500,074416,071017,052438,064582,-58382,086300,098591,083466,-29330,098306
0000002795,0002328333,074341,071056,056017,064582,-32617,083704,098793,086043,-55297,098507
0000002796,0002329167,074269,071074,061462,064582,-03442,081691,089746,088960,-75425,089461
0000002797,0002330000,074207,071068,068237,064582,026282,080457,072358,091932,-87762,072073
0000002798,0002330833,074161,071039,075684,064582,053650,080125,048313,094669,-91084,048028
0000002799,0002331667,074136,070990,083072,064582,075974,080727,019967,096902,-85062,019682
0000002800,0002332500,074134,070926,089678,064582,091086,082202,-09899,098413,-70308,-10184
0000002801,0002333333,074155,070853,094853,064582,097492,084409,-38367,099053,-48246,-38652
0000002802,0002334167,074198,070778,098088,064582,094561,087129,-62643,098760,-21040,-62928
0000002803,0002335000,074258,070709,099069,064582,082603,090097,-80365,097565,008641,-80650
0000002804,0002335833,074328,070652,097697,064582,062767,093023,-89786,095581,037898,-90071
0000002805,0002336667,074404,070613,094106,064582,036998,095619,-89978,093004,063859,-90263
0000002806,0002337500,074476,070595,088654,064582,007827,097633,-80946,090087,083997,-81231
0000002807,0002338333,074537,070601,081872,064582,-21897,098866,-63553,087115,096329,-63838
0000002808,0002339167,074583,070630,074425,064582,-49260,099198,-39504,084378,099642,-39789
0000002809,0002340000,074608,070679,067043,064582,-71594,098597,-11163,082145,093636,-11448
0000002810,0002340833,074610,070743,060448,064582,-86702,097121,018704,080634,078876,018419
0000002811,0002341667,074589,070816,055284,064582,-93100,094914,047169,079994,056810,046884
0000002812,0002342500,074546,070890,052052,064582,-90184,092194,071453,080286,029610,071168
0000002813,0002343333,074487,070960,051072,064582,-78220,089226,089172,081482,-00073,088887
0000002814,0002344167,074416,071017,052439,064582,-58378,086301,098584,083466,-29327,098299
0000002815,0002345000,074341,071056,056017,064582,-32616,083704,098792,086043,-55296,098507
0000002816,0002345833,074269,071074,061460,064582,-03443,081690,089753,088960,-75431,089468
0000002817,0002346667,074207,071068,068238,064582,026280,080458,072353,091932,-87755,072068
0000002818,0002347500,074161,071039,075684,064582,053649,080125,048313,094669,-91083,048027
0000002819,0002348333,074136,070990,083072,064582,075980,080726,019969,096902,-85070,019684
0000002820,0002349167,074134,070926,089677,064582,091079,082203,-09898,098412,-70303,-10183
0000002821,0002350000,074155,070853,094853,064582,097491,084409,-38367,099053,-48246,-38652
0000002822,0002350833,074198,070778,098089,064582,094569,087129,-62648,098761,-21042,-62933
0000002823,0002351667,074258,070709,099067,064582,082597,090097,-80359,097564,008641,-80644
0000002824,0002352500,074328,070652,097697,064582,062766,093023,-89785,095581,037897,-90070
0000002825,0002353333,074404,070612,094108,064582,037001,095620,-89986,093004,063864,-90271
0000002826,0002354167,074476,070595,088653,064582,007827,097632,-80939,090087,083991,-81225
0000002827,0002355000,074537,070601,081872,064582,-21897,098866,-63552,087115,096328,-63837
0000002828,0002355833,074583,070630,074426,064582,-49264,099198,-39507,084378,099650,-39792
0000002829,0002356667,074608,070679,067044,064582,-71588,098596,-11162,082145,093629,-11447
0000002830,0002357500,074610,070743,060448,064582,-86701,097121,018704,080634,078876,018419
0000002831,0002358333,074589,070816,055282,064582,-93108,094915,047172,079993,056814,046887
0000002832,0002359167,074546,070890,052054,064582,-90177,092194,071448,080287,029608,071163
0000002833,0002360000,074487,070960,051072,064582,-78219,089226,089171,081482,-00073,088886
0000002834,0002360833,074416,071017,052437,064582,-58383,086300,098592,083466,-29330,098307
0000002835,0002361667,074341,071056,056018,064582,-32614,083704,098785,086043,-55292,098500
0000002836,0002362500,074269,071074,061461,064582,-03443,081690,089752,088960,-75431,089467
0000002837,0002363333,074207,071068,068237,064582,026282,080457,072359,091932,-87763,072074
0000002838,0002364167,074161,071039,075684,064582,053645,080126,048309,094669,-91076,048024
0000002839,0002365000,074136,070990,083072,064582,075979,080726,019968,096902,-85069,019683
0000002840,0002365833,074134,070926,089678,064582,091087,082202,-09899,098413,-70309,-10184
0000002841,0002366667,074155,070853,094851,064582,097484,084409,-38364,099053,-48242,-38649
0000002842,0002367500,074198,070778,098089,064582,094568,087129,-62648,098761,-21042,-62933
0000002843,0002368333,074258,070709,099069,064582,082604,090097,-80366,097565,008641,-80651
0000002844,0002369167,074328,070652,097695,064582,062762,093023,-89778,095580,037895,-90063
0000002845,0002370000,074404,070612,094108,064582,037000,095620,-89985,093004,063863,-90270
0000002846,0002370833,074476,070595,088655,064582,007828,097633,-80947,090087,083998,-81232
0000002847,0002371667,074537,070601,081872,064582,-21895,098865,-63547,087115,096321,-63832
0000002848,0002372500,074583,070630,074426,064582,-49264,099198,-39507,084378,099649,-39792
0000002849,0002373333,074608,070679,067043,064582,-71594,098597,-11163,082145,093637,-11449
0000002850,0002374167,074610,070743,060449,064582,-86694,097120,018703,080635,078870,018418
0000002851,0002375000,074589,070816,055282,064582,-93107,094915,047172,079994,056814,046887
0000002852,0002375833,074546,070890,052051,064582,-90185,092194,071454,080286,029610,071169
0000002853,0002376667,074487,070960,051073,064582,-78213,089226,089165,081483,-00073,088880
0000002854,0002377500,074416,071017,052437,064582,-58383,086300,098591,083466,-29330,098306
0000002855,0002378333,074341,071056,056017,064582,-32617,083704,098793,086043,-55297,098507
0000002856,0002379167,074269,071074,061462,064582,-03443,081691,089746,088960,-75425,089461
0000002857,0002380000,074207,071068,068237,064582,026282,080457,072359,091932,-87762,072073
0000002858,0002380833,074161,071039,075684,064582,053649,080125,048313,094669,-91084,048028
0000002859,0002381667,074136,070990,083072,064582,075973,080727,019967,096902,-85062,019682
0000002860,0002382500,074134,070926,089678,064582,091086,082202,-09899,098413,-70308,-10184
0000002861,0002383333,074155,070853,094852,064582,097492,084409,-38367,099053,-48247,-38652
0000002862,0002384167,074198,070778,098087,064582,094562,087129,-62643,098760,-21040,-62928
0000002863,0002385000,074258,070709,099068,064582,082603,090097,-80365,097565,008641,-80650
0000002864,0002385833,074328,070652,097697,064582,062767,093023,-89786,095581,037897,-90071
0000002865,0002386667,074404,070612,094106,064582,036998,095619,-89978,093004,063859,-90263
0000002866,0002387500,074476,070595,088655,064582,007827,097633,-80946,090087,083997,-81231
0000002867,0002388333,074537,070601,081873,064582,-21897,098866,-63553,087115,096329,-63838
0000002868,0002389167,074583,070630,074426,064582,-49260,099198,-39504,084378,099642,-39789
0000002869,0002390000,074608,070679,067043,064582,-71594,098597,-11163,082145,093636,-11448
0000002870,0002390833,074610,070743,060447,064582,-86702,097121,018704,080634,078876,018419
0000002871,0002391667,074589,070816,055283,064582,-93100,094914,047169,079994,056810,046884
0000002872,0002392500,074546,070890,052051,064582,-90184,092194,071453,080286,029610,071168
0000002873,0002393333,074487,070960,051071,064582,-78220,089226,089172,081482,-00073,088887
0000002874,0002394167,074416,071017,052439,064582,-58378,086301,098584,083466,-29327,098299
0000002875,0002395000,074341,071056,056017,064582,-32616,083704,098792,086043,-55296,098507
0000002876,0002395833,074269,071074,061461,064582,-03443,081690,089753,088960,-75431,089468
0000002877,0002396667,074207,071068,068238,064582,026280,080458,072354,091932,-87755,072068
0000002878,0002397500,074161,071039,075684,064582,053649,080125,048313,094669,-91083,048028
0000002879,0002398333,074136,070990,083072,064582,075980,080726,019969,096902,-85070,019684
0000002880,0002399167,074134,070926,089676,064582,091079,082203,-09898,098412,-70303,-10183
0000002881,0002400000,074155,070853,094852,064582,097492,084409,-38367,099053,-48246,-38652
0000002882,0002400833,074198,070778,098088,064582,094569,087129,-62648,098761,-21042,-62933
0000002883,0002401667,074258,070709,099066,064582,082597,090097,-80359,097564,008641,-80644
0000002884,0002402500,074328,070652,097696,064582,062766,093023,-89785,095581,037897,-90070
0000002885,0002403333,074404,070612,094108,064582,037001,095620,-89986,093004,063864,-90271
0000002886,0002404167,074476,070595,088654,064582,007827,097632,-80940,090087,083991,-81225
0000002887,0002405000,074537,070601,081873,064582,-21897,098866,-63552,087115,096328,-63837
0000002888,0002405833,074583,070630,074426,064582,-49264,099198,-39507,084378,099650,-39792
0000002889,0002406667,074608,070679,067044,064582,-71588,098596,-11162,082145,093629,-11447
0000002890,0002407500,074610,070743,060447,064582,-86701,097121,018704,080634,078876,018419
0000002891,0002408333,074589,070816,055281,064582,-93108,094915,047172,079993,056814,046887
0000002892,0002409167,074546,070890,052052,064582,-90177,092194,071448,080287,029608,071163
0000002893,0002410000,074487,070960,051071,064582,-78219,089226,089171,081482,-00073,088886
0000002894,0002410833,074416,071017,052437,064582,-58383,086300,098592,083466,-29330,098307
0000002895,0002411667,074341,071056,056018,064582,-32614,083704,098785,086043,-55292,098500
0000002896,0002412500,074269,071074,061461,064582,-03443,081690,089752,088960,-75431,089467
0000002897,0002413333,074207,071068,068238,064582,026282,080457,072359,091932,-87763,072074
0000002898,0002414167,074161,071039,075684,064582,053645,080126,048309,094669,-91076,048024
0000002899,0002415000,074136,070990,083072,064582,075979,080726,019969,096902,-85069,019683
0000002900,0002415833,074134,070926,089677,064582,091087,082202,-09899,098413,-70309,-10184
0000002901,0002416667,074155,070853,094850,064582,097484,084409,-38363,099053,-48242,-38649
0000002902,0002417500,074198,070778,098088,064582,094568,087129,-62648,098761,-21042,-62933
0000002903,0002418333,074258,070709,099068,064582,082604,090097,-80366,097565,008641,-80651
0000002904,0002419167,074328,070652,097694,064582,062762,093023,-89778,095580,037895,-90063
0000002905,0002420000,074404,070612,094108,064582,037001,095620,-89985,093004,063863,-90270
0000002906,0002420833,074476,070595,088655,064582,007828,097633,-80947,090087,083998,-81232
0000002907,0002421667,074537,070601,081872,064582,-21895,098865,-63547,087115,096321,-63832
0000002908,0002422500,074583,070630,074426,064582,-49264,099198,-39507,084378,099650,-39792
0000002909,0002423333,074608,070678,067043,064582,-71594,098597,-11163,082145,093637,-11449
0000002910,0002424167,074610,070743,060448,064582,-86694,097120,018703,080635,078870,018418
0000002911,0002425000,074589,070816,055281,064582,-93107,094915,047172,079994,056814,046887
0000002912,0002425833,074546,070890,052050,064582,-90185,092194,071454,080286,029610,071169
0000002913,0002426667,074487,070960,051072,064582,-78213,089226,089165,081483,-00073,088880
0000002914,0002427500,074416,071017,052437,064582,-58383,086300,098591,083466,-29330,098306
0000002915,0002428333,074341,071056,056017,064582,-32617,083704,098793,086043,-55297,098507
0000002916,0002429167,074269,071074,061462,064582,-03443,081691,089746,088960,-75425,089461
0000002917,0002430000,074207,071068,068238,064582,026282,080457,072359,091932,-87762,072073
0000002918,0002430833,074161,071039,075685,064582,053649,080125,048313,094669,-91084,048028
0000002919,0002431667,074136,070990,083072,064582,075973,080727,019967,096902,-85062,019682
0000002920,0002432500,074134,070926,089677,064582,091086,082202,-09899,098413,-70308,-10184
0000002921,0002433333,074155,070853,094852,064582,097492,084409,-38367,099053,-48247,-38652
0000002922,0002434167,074198,070778,098086,064582,094562,087129,-62643,098760,-21040,-62928
0000002923,0002435000,074258,070709,099068,064582,082603,090097,-80365,097565,008641,-80650
0000002924,0002435833,074328,070652,097696,064582,062767,093023,-89786,095581,037897,-90071
0000002925,0002436667,074404,070612,094106,064582,036998,095619,-89978,093004,063859,-90263
0000002926,0002437500,074476,070595,088655,064582,007827,097633,-80946,090087,083997,-81231
0000002927,0002438333,074537,070601,081873,064582,-21897,098866,-63553,087115,096329,-63838
0000002928,0002439167,074583,070630,074426,064582,-49260,099198,-39504,084378,099642,-39789
0000002929,0002440000,074608,070678,067043,064582,-71594,098597,-11163,082145,093636,-11448
0000002930,0002440833,074610,070743,060447,064582,-86702,097121,018704,080634,078876,018419
0000002931,0002441667,074589,070816,055282,064582,-93100,094914,047169,079994,056810,046884
0000002932,0002442500,074546,070890,052050,064582,-90184,092194,071453,080286,029610,071168
0000002933,0002443333,074487,070960,051070,064582,-78220,089226,089172,081482,-00073,088887
0000002934,0002444167,074416,071017,052438,064582,-58378,086301,098584,083466,-29327,098299
0000002935,0002445000,074341,071056,056017,064582,-32616,083704,098792,086043,-55296,098507
0000002936,0002445833,074269,071074,061461,064582,-03443,081690,089753,088960,-75431,089468
0000002937,0002446667,074207,071068,068239,064582,026280,080458,072354,091932,-87755,072068
0000002938,0002447500,074161,071039,075685,064582,053649,080125,048313,094669,-91083,048028
0000002939,0002448333,074136,070990,083072,064582,075980,080726,019969,096902,-85070,019684
0000002940,0002449167,074134,070926,089676,064582,091079,082203,-09898,098412,-70303,-10183
0000002941,0002450000,074155,070853,094851,064582,097492,084409,-38367,099053,-48246,-38652
0000002942,0002450833,074198,070778,098087,064582,094569,087129,-62648,098761,-21042,-62933
0000002943,0002451667,074258,070709,099065,064582,082597,090097,-80359,097564,008641,-80644
0000002944,0002452500,074328,070652,097696,064582,062766,093023,-89785,095581,037897,-90070
0000002945,0002453333,074404,070612,094108,064582,037001,095620,-89986,093004,063864,-90271
0000002946,0002454167,074476,070595,088654,064582,007827,097632,-80940,090087,083991,-81225
0000002947,0002455000,074538,070601,081873,064582,-21897,098866,-63552,087115,096328,-63837
0000002948,0002455833,074583,070630,074426,064582,-49264,099198,-39507,084378,099650,-39792
0000002949,0002456667,074608,070678,067044,064582,-71588,098596,-11162,082145,093629,-11447
0000002950,0002457500,074610,070743,060447,064582,-86701,097121,018704,080634,078876,018419
0000002951,0002458333,074589,070816,055280,064582,-93108,094915,047172,079993,056814,046887
0000002952,0002459167,074546,070890,052051,064582,-90177,092194,071448,080287,029608,071163
0000002953,0002460000,074487,070960,051070,064582,-78219,089226,089171,081482,-00073,088886
0000002954,0002460833,074416,071017,052436,064582,-58383,086300,098592,083466,-29330,098307
0000002955,0002461667,074341,071056,056018,064582,-32614,083704,098785,086043,-55292,098500
0000002956,0002462500,074269,071074,061461,064582,-03443,081690,089752,088960,-75431,089467
0000002957,0002463333,074207,071068,068238,064582,026282,080457,072359,091932,-87763,072074
0000002958,0002464167,074161,071039,075685,064582,053645,080126,048309,094669,-91076,048024
0000002959,0002465000,074136,070990,083072,064582,075979,080726,019969,096902,-85069,019683
0000002960,0002465833,074134,070926,089677,064582,091087,082202,-09899,098413,-70309,-10184
0000002961,0002466667,074155,070853,094849,064582,097484,084409,-38364,099053,-48242,-38649
0000002962,0002467500,074198,070778,098087,064582,094568,087129,-62648,098761,-21042,-62933
0000002963,0002468333,074258,070709,099067,064582,082604,090097,-80366,097565,008641,-80651
0000002964,0002469167,074328,070652,097694,064582,062762,093023,-89778,095580,037895,-90063
0000002965,0002470000,074404,070612,094108,064582,037000,095620,-89985,093004,063863,-90270
0000002966,0002470833,074476,070595,088655,064582,007828,097633,-80947,090087,083998,-81232
0000002967,0002471667,074537,070601,081873,064582,-21895,098865,-63547,087115,096322,-63832
0000002968,0002472500,074583,070630,074426,064582,-49264,099198,-39507,084378,099650,-39792
0000002969,0002473333,074608,070678,067043,064582,-71594,098597,-11163,082145,093637,-11448
0000002970,0002474167,074610,070743,060448,064582,-86695,097120,018703,080635,078870,018418
0000002971,0002475000,074589,070816,055280,064582,-93107,094915,047172,079994,056814,046887
0000002972,0002475833,074546,070890,052049,064582,-90185,092194,071454,080286,029610,071169
0000002973,0002476667,074487,070960,051071,064582,-78213,089226,089165,081483,-00073,088880
0000002974,0002477500,074416,071017,052436,064582,-58382,086300,098591,083466,-29330,098306
0000002975,0002478333,074341,071056,056017,064582,-32617,083704,098792,086043,-55297,098507
0000002976,0002479167,074269,071074,061462,064582,-03443,081691,089746,088960,-75425,089461
0000002977,0002480000,074207,071068,068238,064582,026282,080457,072359,091932,-87762,072073
0000002978,0002480833,074161,071039,075685,064582,053649,080125,048313,094669,-91084,048028
0000002979,0002481667,074136,070990,083072,064582,075974,080727,019967,096902,-85062,019682
0000002980,0002482500,074134,070926,089677,064582,091086,082202,-09899,098413,-70308,-10184
0000002981,0002483333,074155,070853,094851,064582,097492,084409,-38367,099053,-48247,-38652
0000002982,0002484167,074198,070778,098085,064582,094562,087129,-62643,098760,-21040,-62928
0000002983,0002485000,074258,070709,099067,064582,082603,090097,-80365,097565,008641,-80650
0000002984,0002485833,074328,070652,097696,064582,062767,093023,-89786,095581,037898,-90071
0000002985,0002486667,074404,070612,094106,064582,036998,095619,-89978,093004,063859,-90263
0000002986,0002487500,074476,070595,088655,064582,007827,097633,-80946,090087,083997,-81231
0000002987,0002488333,074538,070601,081873,064582,-21897,098866,-63553,087115,096329,-63838
0000002988,0002489167,074583,070630,074426,064582,-49260,099198,-39504,084378,099642,-39789
0000002989,0002490000,074608,070678,067043,064582,-71594,098597,-11163,082145,093636,-11448
0000002990,0002490833,074610,070743,060446,064582,-86702,097121,018704,080634,078876,018419
0000002991,0002491667,074589,070816,055281,064582,-93100,094914,047169,079994,056810,046884
0000002992,0002492500,074546,070890,052049,064582,-90184,092194,071453,080286,029610,071168
0000002993,0002493333,074487,070960,051069,064582,-78220,089226,089172,081482,-00073,088887
0000002994,0002494167,074416,071017,052438,064582,-58378,086301,098584,083466,-29328,098299
0000002995,0002495000,074341,071056,056017,064582,-32616,083704,098792,086043,-55297,098507
0000002996,0002495833,074269,071074,061461,064582,-03443,081690,089753,088960,-75431,089468
0000002997,0002496667,074207,071068,068239,064582,026280,080458,072353,091932,-87755,072068
0000002998,0002497500,074161,071039,075685,064582,053649,080125,048313,094669,-91083,048027
0000002999,0002498333,074136,070990,083073,064582,075980,080726,019969,096902,-85070,019684
0000003000,0002499167,074134,070926,089676,064582,091079,082203,-09898,098412,-70303,-10183
0000003001,0002500000,074155,070853,094850,064582,097492,084409,-38367,099053,-48246,-38652
